GO_ID	term	topGO_pvalue	topGO_significant	Wilcoxon_pvalue	Wilcoxon_significant	n_methods_included	n_methods_significant	median_pvalue
GO:0042742	defense response to bacterium	4.413669360795004e-14	True	0.0	True	2	2	2.206834680397502e-14
GO:0050830	defense response to Gram-positive bacterium	2.073132799733863e-11	True	1.83120185681673e-13	True	2	2	1.0457224091510151e-11
GO:0050832	defense response to fungus	1.97902887960095e-07	True	1.42948887231385e-07	True	2	2	1.7042588759574e-07
GO:0050729	positive regulation of inflammatory response	9.63674778918622e-10	True	5.05043401269437e-07	True	2	2	2.530035380241778e-07
GO:0002221	pattern recognition receptor signaling pathway	6.498996184228676e-09	True	9.39042613254213e-07	True	2	2	4.7277080471922083e-07
GO:0019731	antibacterial humoral response	2.282528013773894e-06	True	3.7731797686959e-07	True	2	2	1.329922995321742e-06
GO:0002227	innate immune response in mucosa	1.916523214953604e-06	True	1.6094876467315e-06	True	2	2	1.763005430842552e-06
GO:0071222	cellular response to lipopolysaccharide	6.277697527784129e-06	True	8.28388078999973e-10	True	2	2	3.1392629579315647e-06
GO:0061844	antimicrobial humoral immune response mediated by antimicrobial peptide	2.3267028454894083e-08	True	9.79258469323053e-06	True	2	2	4.9079258608427125e-06
GO:0050829	defense response to Gram-negative bacterium	1.887807207858292e-05	True	5.19982376674213e-05	True	2	2	3.543815487300211e-05
GO:0045071	negative regulation of viral genome replication	8.443968165498346e-07	True	0.0002926682764661	True	2	2	0.00014675633664132493
GO:0032731	positive regulation of interleukin-1 beta production	0.00034776740882831194	True	2.47391163787059e-07	True	2	2	0.0001740073999960495
GO:0031640	killing of cells of another organism	1.1480937061302518e-10	True	0.0005665415950356	True	2	2	0.0002832708549224853
GO:0070269	pyroptotic inflammatory response	1.936541243662084e-08	True	0.0009200858421576	True	2	2	0.0004600526037850183
GO:1903556	negative regulation of tumor necrosis factor superfamily cytokine production	0.0002941432086282405	True	0.000948173513725	True	2	2	0.0006211583611766202
GO:0006953	acute-phase response	8.541069568890241e-05	True	0.0014158045511698	True	2	2	0.0007506076234293513
GO:0032760	positive regulation of tumor necrosis factor production	0.0016782256176143	True	5.1988692715911295e-11	True	2	2	0.0008391128348014963
GO:0032691	negative regulation of interleukin-1 beta production	0.0009466627048760144	True	0.0009200858421576	True	2	2	0.0009333742735168071
GO:0034341	response to type II interferon	0.0029200977405089	True	1.35225130183328e-08	True	2	2	0.001460055631510959
GO:0016045	detection of bacterium	0.0015891132911072	True	0.00260621280918	True	2	2	0.0020976630501436
GO:0045824	negative regulation of innate immune response	0.0054352091785297	True	0.0002460773396876	True	2	2	0.00284064325910865
GO:0032729	positive regulation of type II interferon production	0.0070445729639732	True	8.30127398928979e-05	True	2	2	0.003563792851933049
GO:0042832	defense response to protozoan	0.00010027310695690512	True	0.0072489737083176	True	2	2	0.003674623407637252
GO:0071346	cellular response to type II interferon	0.0006191860936575697	True	0.0072489737083176	True	2	2	0.003934079900987585
GO:0048525	negative regulation of viral process	0.0054499383266737	True	0.0042470378399098	True	2	2	0.00484848808329175
GO:0031342	negative regulation of cell killing	0.0008696538116961933	True	0.0090210345922816	True	2	2	0.004945344201988896
GO:0002767	immune response-inhibiting cell surface receptor signaling pathway	0.0097532349402663	True	0.0007190573319197	True	2	2	0.005236146136093
GO:0046456	icosanoid biosynthetic process	9.49280034772464e-05	True	0.0113626034084103	True	2	2	0.0057287657059437724
GO:0045671	negative regulation of osteoclast differentiation	0.0053136565303438	True	0.0065569337918627	True	2	2	0.00593529516110325
GO:0006958	complement activation, classical pathway	1.019253749456264e-05	True	0.0121584394877455	True	2	2	0.006084316012620031
GO:0002283	neutrophil activation involved in immune response	0.0015891132911072	True	0.0105967191864805	True	2	2	0.0060929162387938504
GO:0045916	negative regulation of complement activation	0.0012645610991072	True	0.0109392297245765	True	2	2	0.00610189541184185
GO:0035456	response to interferon-beta	2.737341847476858e-06	True	0.0147754099041341	True	2	2	0.007389073622990789
GO:0071639	positive regulation of monocyte chemotactic protein-1 production	0.0005512436381571543	True	0.0180994917981476	True	2	2	0.009325367718152377
GO:0002281	macrophage activation involved in immune response	0.0023834980189812	True	0.0169596981145943	True	2	2	0.00967159806678775
GO:0060337	type I interferon-mediated signaling pathway	4.463046549532149e-05	True	0.0197505334344404	True	2	2	0.009897581949967862
GO:0050853	B cell receptor signaling pathway	0.00017146865333076723	True	0.0225137860483617	True	2	2	0.011342627350846235
GO:0071347	cellular response to interleukin-1	0.0061750990300752	True	0.0224146463540711	True	2	2	0.014294872692073149
GO:0043368	positive T cell selection	0.00016592633211473786	True	0.0382696910477542	True	2	2	0.019217808689934467
GO:0032682	negative regulation of chemokine production	0.0046124775073073	True	0.0364376831347761	True	2	2	0.020525080321041698
GO:0043374	CD8-positive, alpha-beta T cell differentiation	0.0077860665741805	True	0.0365264945510465	True	2	2	0.0221562805626135
GO:0045087	innate immune response	2.7990163205158063e-14	True	0.0	False	2	1	1.3995081602579032e-14
GO:0006955	immune response	6.684380955113724e-07	True	0.0001802767296251	False	2	1	9.047258386030568e-05
GO:0050852	T cell receptor signaling pathway	6.295517538076233e-07	True	0.0022413618714983	False	2	1	0.001120995711626054
GO:0051607	defense response to virus	7.142105017217893e-09	True	0.002301175180226	False	2	1	0.0011505911611655085
GO:0071345	cellular response to cytokine stimulus	0.0097977456364051	True	6.62580174943801e-07	False	2	1	0.004899204108290022
GO:0043123	positive regulation of canonical NF-kappaB signal transduction	0.0099394791759959	True	0.0015822438920804	False	2	1	0.00576086153403815
GO:0072524	pyridine-containing compound metabolic process	0.0119281811619423	False	0.0001515900518655	True	2	1	0.0060398856069039
GO:0030183	B cell differentiation	0.0104900197938203	False	0.0028959065511901	True	2	1	0.006692963172505199
GO:0032757	positive regulation of interleukin-8 production	0.0146646527067538	False	1.17155891553026e-06	True	2	1	0.007332912132834665
GO:0030168	platelet activation	0.0017820551384342	True	0.0202190708457221	False	2	1	0.011000562992078149
GO:0030217	T cell differentiation	0.0048608876855774	True	0.0180994917981476	False	2	1	0.0114801897418625
GO:0034145	positive regulation of toll-like receptor 4 signaling pathway	0.0233963399264325	False	0.0015196473708996	True	2	1	0.012457993648666048
GO:0140367	antibacterial innate immune response	0.0233963399264325	False	0.0016013697133353	True	2	1	0.012498854819883899
GO:0001774	microglial cell activation	0.0253989804555306	False	0.0003143866437271	True	2	1	0.01285668354962885
GO:0045063	T-helper 1 cell differentiation	0.0219346036588267	False	0.0069618227081246	True	2	1	0.01444821318347565
GO:0002762	negative regulation of myeloid leukocyte differentiation	0.0198413324322128	False	0.0101790894433085	True	2	1	0.01501021093776065
GO:0042117	monocyte activation	0.0146270426036104	False	0.0168931614609962	True	2	1	0.0157601020323033
GO:0002523	leukocyte migration involved in inflammatory response	0.0233963399264325	False	0.0092977846542528	True	2	1	0.016347062290342648
GO:0002251	organ or tissue specific immune response	0.0331509996375339	False	0.0001945383465408	True	2	1	0.01667276899203735
GO:0035019	somatic stem cell population maintenance	0.0202810218356717	False	0.0131834836801288	True	2	1	0.01673225275790025
GO:0002718	regulation of cytokine production involved in immune response	0.0335718191022322	False	0.0019920742569555	True	2	1	0.01778194667959385
GO:0002544	chronic inflammatory response	0.0121036462715154	False	0.0284730862673344	True	2	1	0.0202883662694249
GO:0033209	tumor necrosis factor-mediated signaling pathway	0.00014745354916060642	True	0.0492119565556531	False	2	1	0.024679705052406853
GO:0002922	positive regulation of humoral immune response	0.0121036462715154	False	0.0452541585636975	True	2	1	0.02867890241760645
GO:0042100	B cell proliferation	0.0286815519630206	False	0.0287779732755966	True	2	1	0.0287297626193086
GO:0045766	positive regulation of angiogenesis	0.006626060872237	True	0.0521221869663204	False	2	1	0.0293741239192787
GO:0120162	positive regulation of cold-induced thermogenesis	0.0489824130433395	False	0.0127407452386014	True	2	1	0.03086157914097045
GO:0032661	regulation of interleukin-18 production	0.0146270426036104	False	0.0489174440810133	True	2	1	0.03177224334231185
GO:0051642	centrosome localization	0.0499234367176614	False	0.0143014828788647	True	2	1	0.03211245979826305
GO:0002752	cell surface pattern recognition receptor signaling pathway	0.0661973070038314	False	6.98934712203569e-05	True	2	1	0.03313360023752588
GO:0072376	protein activation cascade	0.0505619837145395	False	0.0166230234822417	True	2	1	0.0335925035983906
GO:0006959	humoral immune response	0.0672255032504936	False	4.81200417268464e-06	True	2	1	0.03361515762733314
GO:0006720	isoprenoid metabolic process	0.0671253638663906	False	0.0007023451275827	True	2	1	0.03391385449698665
GO:0010543	regulation of platelet activation	0.0666795841510575	False	0.00260621280918	True	2	1	0.03464289848011875
GO:0030194	positive regulation of blood coagulation	0.0499234367176614	False	0.0209388456267477	True	2	1	0.03543114117220455
GO:1900015	regulation of cytokine production involved in inflammatory response	0.0664361911504884	False	0.0080913310645564	True	2	1	0.0372637611075224
GO:0010804	negative regulation of tumor necrosis factor-mediated signaling pathway	0.0456748862236311	False	0.0316642257484674	True	2	1	0.03866955598604925
GO:0032922	circadian regulation of gene expression	0.0747371191420712	False	0.0060010798061605	True	2	1	0.040369099474115856
GO:0038094	Fc-gamma receptor signaling pathway	9.93517734844517e-06	True	0.0808061832001639	False	2	1	0.040408059188756174
GO:0032689	negative regulation of type II interferon production	0.0016444748852514	True	0.0793980844713358	False	2	1	0.040521279678293595
GO:0032692	negative regulation of interleukin-1 production	0.0818554839556845	False	3.62470841091897e-05	True	2	1	0.040945865519896846
GO:0071356	cellular response to tumor necrosis factor	0.0035225308265017	True	0.0835474424534518	False	2	1	0.04353498663997675
GO:0002446	neutrophil mediated immunity	0.0883410718048366	False	0.0026989106495485	True	2	1	0.045519991227192545
GO:0046629	gamma-delta T cell activation	1.0285633171390148e-05	True	0.0947171540907191	False	2	1	0.04736371986194524
GO:0045582	positive regulation of T cell differentiation	0.004639628798282	True	0.0911449611545048	False	2	1	0.0478922949763934
GO:0032680	regulation of tumor necrosis factor production	0.0965592888917095	False	1.2771459103952599e-12	True	2	1	0.048279644446493325
GO:0030316	osteoclast differentiation	0.0058478369715544	True	0.0918571538159013	False	2	1	0.04885249539372785
GO:0032693	negative regulation of interleukin-10 production	0.0028577834146773	True	0.102920008516273	False	2	1	0.05288889596547515
GO:0009617	response to bacterium	0.1072216602440498	False	0.0	True	2	1	0.0536108301220249
GO:0030212	hyaluronan metabolic process	0.0682219204486137	False	0.0407946870029207	True	2	1	0.0545083037257672
GO:0002526	acute inflammatory response	0.1105688878954279	False	1.95887735216615e-05	True	2	1	0.055294238334474784
GO:0030449	regulation of complement activation	0.0977322759977503	False	0.0135785721045992	True	2	1	0.055655424051174754
GO:0045862	positive regulation of proteolysis	0.0867137425373951	False	0.0316291060124733	True	2	1	0.0591714242749342
GO:0046597	host-mediated suppression of symbiont invasion	0.00338617083232	True	0.117856966630334	False	2	1	0.060621568731327
GO:0140895	cell surface toll-like receptor signaling pathway	0.1284952414721258	False	0.0003769678980437	True	2	1	0.06443610468508475
GO:0045663	positive regulation of myoblast differentiation	0.1099567687627195	False	0.0296605472110096	True	2	1	0.06980865798686454
GO:0022406	membrane docking	0.0097269571254945	True	0.131585167022668	False	2	1	0.07065606207408126
GO:0019432	triglyceride biosynthetic process	0.1099567687627195	False	0.0324597460026177	True	2	1	0.0712082573826686
GO:1901739	regulation of myoblast fusion	0.143908303221554	False	6.62580174943801e-07	True	2	1	0.07195448290086448
GO:0071826	protein-RNA complex organization	0.1450769208197103	False	5.86512308255579e-08	True	2	1	0.07253848973547056
GO:2001238	positive regulation of extrinsic apoptotic signaling pathway	0.1386434535669579	False	0.0066935423934724	True	2	1	0.07266849798021514
GO:0030890	positive regulation of B cell proliferation	0.00144448675257	True	0.14723643688481	False	2	1	0.07434046181869
GO:0002385	mucosal immune response	0.1557076996804158	False	0.0003258855571211	True	2	1	0.07801679261876845
GO:2001185	regulation of CD8-positive, alpha-beta T cell activation	0.0039705025701128	True	0.161079077476944	False	2	1	0.0825247900235284
GO:0072593	reactive oxygen species metabolic process	0.1721009284307415	False	7.66520290564126e-08	True	2	1	0.08605050254138528
GO:1902459	positive regulation of stem cell population maintenance	0.1748676275458594	False	0.0020965667036299	True	2	1	0.08848209712474465
GO:1905664	regulation of calcium ion import across plasma membrane	0.1738099976535393	False	0.004538245462587	True	2	1	0.08917412155806315
GO:0050855	regulation of B cell receptor signaling pathway	0.1581571698801482	False	0.0261762497577383	True	2	1	0.09216670981894325
GO:0019370	leukotriene biosynthetic process	0.1738099976535393	False	0.0112783989085825	True	2	1	0.0925441982810609
GO:1903027	regulation of opsonization	0.1593388199217275	False	0.0287779732755966	True	2	1	0.09405839659866205
GO:0010572	positive regulation of platelet activation	0.1880331417591714	False	0.0014254419916935	True	2	1	0.09472929187543246
GO:0052548	regulation of endopeptidase activity	0.1593388199217275	False	0.0316642257484674	True	2	1	0.09550152283509744
GO:1901740	negative regulation of myoblast fusion	0.1935009425651337	False	1.5598834870883e-09	True	2	1	0.0967504720625086
GO:0090200	positive regulation of release of cytochrome c from mitochondria	0.006899211852975	True	0.191155242932777	False	2	1	0.099027227392876
GO:0034154	toll-like receptor 7 signaling pathway	0.1738099976535393	False	0.0274642793480617	True	2	1	0.1006371385008005
GO:0035458	cellular response to interferon-beta	0.006899211852975	True	0.200832266327276	False	2	1	0.1038657390901255
GO:0046642	negative regulation of alpha-beta T cell proliferation	0.1880331417591714	False	0.0233919758028702	True	2	1	0.1057125587810208
GO:0160165	CD8-positive, alpha-beta T cell homeostasis	0.2157521885599528	False	0.0002119448551126	True	2	1	0.1079820667075327
GO:0072574	hepatocyte proliferation	0.1880331417591714	False	0.0284730862673344	True	2	1	0.10825311401325291
GO:0032703	negative regulation of interleukin-2 production	0.0060754677984664	True	0.215356085625191	False	2	1	0.11071577671182871
GO:0071354	cellular response to interleukin-6	0.1875029312079075	False	0.0388658088677235	True	2	1	0.11318437003781551
GO:0014902	myotube differentiation	0.2279427012464082	False	4.14170126172714e-05	True	2	1	0.11399205912951274
GO:0015732	prostaglandin transport	0.1880331417591714	False	0.0408844459189288	True	2	1	0.11445879383905011
GO:0002701	negative regulation of production of molecular mediator of immune response	0.004198671852443	True	0.228812428393112	False	2	1	0.1165055501227775
GO:0061760	antifungal innate immune response	0.2292563424009257	False	0.0118624570303323	True	2	1	0.12055939971562901
GO:0030033	microvillus assembly	0.2020124850861296	False	0.040724280715856	True	2	1	0.1213683829009928
GO:0009159	deoxyribonucleoside monophosphate catabolic process	0.2020124850861296	False	0.0456469073495087	True	2	1	0.12382969621781914
GO:0043691	reverse cholesterol transport	0.2020124850861296	False	0.0461967727039672	True	2	1	0.12410462889504839
GO:0002230	positive regulation of defense response to virus by host	0.0001445638901406965	True	0.249101107654834	False	2	1	0.12462283577248735
GO:0051044	positive regulation of membrane protein ectodomain proteolysis	0.2020124850861296	False	0.0490855063660969	True	2	1	0.12554899572611325
GO:0050766	positive regulation of phagocytosis	0.2505578131256704	False	0.0022619068096181	True	2	1	0.12640985996764423
GO:0043300	regulation of leukocyte degranulation	0.2549353456286344	False	0.0002740077651852	True	2	1	0.1276046766969098
GO:0031295	T cell costimulation	4.2243854503842287e-05	True	0.263201574494883	False	2	1	0.13162190917469344
GO:0070106	interleukin-27-mediated signaling pathway	1.6508769721111405e-05	True	0.264110406639393	False	2	1	0.13206345770455705
GO:0042730	fibrinolysis	0.2555740156963897	False	0.0142325580779119	True	2	1	0.1349032868871508
GO:0034377	plasma lipoprotein particle assembly	0.242528967320306	False	0.033597036984969	True	2	1	0.1380630021526375
GO:0002726	positive regulation of T cell cytokine production	0.0077860665741805	True	0.272576707947461	False	2	1	0.14018138726082077
GO:0002181	cytoplasmic translation	0.281299867517209	False	9.02547045367476e-14	True	2	1	0.14064993375864962
GO:0045590	negative regulation of regulatory T cell differentiation	0.2809968575851538	False	0.0005513211402073	True	2	1	0.14077408936268054
GO:0097242	amyloid-beta clearance	0.2801990802515177	False	0.0015548230019622	True	2	1	0.14087695162673994
GO:0043029	T cell homeostasis	0.2801990802515177	False	0.0021188228391164	True	2	1	0.14115895154531705
GO:0043153	entrainment of circadian clock by photoperiod	0.2809968575851538	False	0.0076523074517258	True	2	1	0.1443245825184398
GO:0002532	production of molecular mediator involved in inflammatory response	0.2900090033389773	False	2.10065299960088e-05	True	2	1	0.14501500493448663
GO:0090280	positive regulation of calcium ion import	0.2555740156963897	False	0.0394822883169963	True	2	1	0.147528152006693
GO:0000028	ribosomal small subunit assembly	0.2933822244989184	False	0.0032763437941907	True	2	1	0.14832928414655452
GO:0002755	MyD88-dependent toll-like receptor signaling pathway	0.2933822244989184	False	0.0043507436012886	True	2	1	0.1488664840501035
GO:0002224	toll-like receptor signaling pathway	0.2911217971409338	False	0.0079618825487455	True	2	1	0.14954183984483965
GO:0006027	glycosaminoglycan catabolic process	0.2933822244989184	False	0.0105855905655093	True	2	1	0.15198390753221383
GO:0032496	response to lipopolysaccharide	0.3058898252937716	False	8.036912997333441e-09	True	2	1	0.15294491666534232
GO:0032930	positive regulation of superoxide anion generation	0.268395372730777	False	0.0378963203922453	True	2	1	0.15314584656151115
GO:0042058	regulation of epidermal growth factor receptor signaling pathway	0.0002599978754698456	True	0.317777544521944	False	2	1	0.15901877119870692
GO:0043302	positive regulation of leukocyte degranulation	0.2933822244989184	False	0.0329866585988932	True	2	1	0.1631844415489058
GO:0032212	positive regulation of telomere maintenance via telomerase	0.3292782091016961	False	0.000133564175361	True	2	1	0.16470588663852853
GO:0098869	cellular oxidant detoxification	0.3333664236661577	False	0.0009792846785545	True	2	1	0.1671728541723561
GO:0042274	ribosomal small subunit biogenesis	0.3413598237850307	False	4.463708509327011e-09	True	2	1	0.1706799141243696
GO:0034142	toll-like receptor 4 signaling pathway	0.3389630795402707	False	0.0064473765346089	True	2	1	0.17270522803743982
GO:0031663	lipopolysaccharide-mediated signaling pathway	0.3502774042921562	False	0.0015461804693553	True	2	1	0.17591179238075574
GO:0032755	positive regulation of interleukin-6 production	0.3646356638149624	False	5.0603358695e-05	True	2	1	0.1823431335868287
GO:0045953	negative regulation of natural killer cell mediated cytotoxicity	0.3292782091016961	False	0.0398649820598824	True	2	1	0.18457159558078923
GO:2000819	regulation of nucleotide-excision repair	0.385114851703767	False	0.0003312253689931	True	2	1	0.19272303853638006
GO:0062208	positive regulation of pattern recognition receptor signaling pathway	0.3900015519235508	False	0.0015555013142077	True	2	1	0.19577852661887923
GO:2000379	positive regulation of reactive oxygen species metabolic process	0.3937084826588665	False	6.74899229625033e-06	True	2	1	0.19685761582558137
GO:0032728	positive regulation of interferon-beta production	0.0057199815677321	True	0.388095404174522	False	2	1	0.19690769287112705
GO:0030574	collagen catabolic process	0.3957139152715863	False	0.0114472598381228	True	2	1	0.20358058755485453
GO:0097028	dendritic cell differentiation	0.385114851703767	False	0.0232735361506882	True	2	1	0.20419419392722762
GO:0030520	estrogen receptor signaling pathway	0.0045830713311186	True	0.421283909706098	False	2	1	0.21293349051860833
GO:1900016	negative regulation of cytokine production involved in inflammatory response	0.385114851703767	False	0.0490855063660969	True	2	1	0.21710017903493195
GO:0050995	negative regulation of lipid catabolic process	0.0046124775073073	True	0.433671740379299	False	2	1	0.21914210894330316
GO:0010575	positive regulation of vascular endothelial growth factor production	0.00040540336908781726	True	0.439757244197692	False	2	1	0.22008132378338993
GO:0140448	signaling receptor ligand precursor processing	0.3957139152715863	False	0.0450064003278023	True	2	1	0.22036015779969428
GO:0070316	regulation of G0 to G1 transition	0.4163694107166976	False	0.0323855382133886	True	2	1	0.22437747446504308
GO:0016052	carbohydrate catabolic process	0.453858596799959	False	0.0002696097916223	True	2	1	0.22706410329579066
GO:0071357	cellular response to type I interferon	0.4545757124907886	False	2.77603892467172e-07	True	2	1	0.22728799504734054
GO:0022617	extracellular matrix disassembly	0.4254808240419681	False	0.0340930606950253	True	2	1	0.2297869423684967
GO:0043277	apoptotic cell clearance	0.4363218582811805	False	0.0371680800275168	True	2	1	0.23674496915434864
GO:2000781	positive regulation of double-strand break repair	0.482920108336456	False	5.42246128469092e-05	True	2	1	0.24148716647465146
GO:0070527	platelet aggregation	0.4451655163405398	False	0.0406594420769597	True	2	1	0.24291247920874975
GO:0031638	zymogen activation	0.49219519708449	False	0.0011887407911596	True	2	1	0.2466919689378248
GO:0001914	regulation of T cell mediated cytotoxicity	0.446041916994831	False	0.0492611910187534	True	2	1	0.24765155400679217
GO:0032722	positive regulation of chemokine production	0.513603990157393	False	5.90233327226792e-06	True	2	1	0.2568049462453326
GO:0050860	negative regulation of T cell receptor signaling pathway	9.48352479417738e-07	True	0.51928290498704	False	2	1	0.2596419266697597
GO:0045861	negative regulation of proteolysis	0.5180279838813997	False	0.0044965676630816	True	2	1	0.26126227577224065
GO:0032509	endosome transport via multivesicular body sorting pathway	0.5180279838813997	False	0.0121978266269142	True	2	1	0.2651129052541569
GO:0046007	negative regulation of activated T cell proliferation	0.0012645610991072	True	0.529070065820168	False	2	1	0.2651673134596376
GO:2000779	regulation of double-strand break repair	0.5339148128999796	False	5.19982376674213e-05	True	2	1	0.2669834055688235
GO:0032206	positive regulation of telomere maintenance	0.5336467763101533	False	0.0032262528467551	True	2	1	0.26843651457845424
GO:0033344	cholesterol efflux	0.49219519708449	False	0.0460874867540946	True	2	1	0.2691413419192923
GO:0061756	leukocyte adhesion to vascular endothelial cell	0.0028128237898002	True	0.541911515792849	False	2	1	0.2723621697913246
GO:0060339	negative regulation of type I interferon-mediated signaling pathway	0.0039705025701128	True	0.543972407628155	False	2	1	0.2739714550991339
GO:0003073	regulation of systemic arterial blood pressure	0.5345186512015745	False	0.0203670207344242	True	2	1	0.27744283596799935
GO:0006909	phagocytosis	0.5585904039190018	False	1.17884253029436e-06	True	2	1	0.27929579138076605
GO:0098883	synapse pruning	0.0015891132911072	True	0.565200106683223	False	2	1	0.2833946099871651
GO:0032720	negative regulation of tumor necrosis factor production	0.5658335327837629	False	0.0033376722489071	True	2	1	0.284585602516335
GO:0045577	regulation of B cell differentiation	0.006899211852975	True	0.575510226114845	False	2	1	0.29120471898391004
GO:0042981	regulation of apoptotic process	0.0093665060632014	True	0.573984602658751	False	2	1	0.2916755543609762
GO:0061028	establishment of endothelial barrier	0.0077197606360837	True	0.580519869442641	False	2	1	0.29411981503936235
GO:0051452	intracellular pH reduction	0.5950503485256633	False	0.0084832396556474	True	2	1	0.3017667940906553
GO:0045648	positive regulation of erythrocyte differentiation	0.00144448675257	True	0.633797248947656	False	2	1	0.317620867850113
GO:0007155	cell adhesion	0.0022510361413166	True	0.642428061320722	False	2	1	0.32233954873101933
GO:0030490	maturation of SSU-rRNA	0.6988984519288188	False	9.92079562563275e-05	True	2	1	0.34949882994253756
GO:0002250	adaptive immune response	6.675180445080294e-06	True	0.70393558175671	False	2	1	0.35197112846857753
GO:0019915	lipid storage	0.6827257696371731	False	0.0225137860483617	True	2	1	0.35261977784276743
GO:0050790	regulation of catalytic activity	0.0058225363026695	True	0.709522265713256	False	2	1	0.35767240100796277
GO:0031334	positive regulation of protein-containing complex assembly	0.0068694880559541	True	0.7149805297298	False	2	1	0.36092500889287704
GO:0015986	proton motive force-driven ATP synthesis	0.7240491647910892	False	1.56056017111658e-06	True	2	1	0.3620253626756301
GO:0046426	negative regulation of receptor signaling pathway via JAK-STAT	0.0077860665741805	True	0.754350498096588	False	2	1	0.38106828233538426
GO:0001676	long-chain fatty acid metabolic process	0.7557843068165706	False	0.0137294703705695	True	2	1	0.38475688859357005
GO:0045580	regulation of T cell differentiation	0.0073390948458704	True	0.775829270866064	False	2	1	0.3915841828559672
GO:0046631	alpha-beta T cell activation	1.2625411959888748e-10	True	0.791629629651722	False	2	1	0.39581481488898806
GO:0045061	thymic T cell selection	0.0006912288045359447	True	0.792822618899336	False	2	1	0.396756923851936
GO:0043484	regulation of RNA splicing	0.8017542254796435	False	3.6514619521882e-10	True	2	1	0.40087711292239486
GO:0070486	leukocyte aggregation	0.000748362777087993	True	0.810095975575887	False	2	1	0.4054221691764875
GO:0140374	antiviral innate immune response	0.0012701829551011	True	0.855228436764389	False	2	1	0.428249309859745
GO:0002637	regulation of immunoglobulin production	0.0028395044437668	True	0.896669945879333	False	2	1	0.4497547251615499
GO:0051236	establishment of RNA localization	0.930756965673239	False	2.40947502419053e-05	True	2	1	0.4653905302117404
GO:0007166	cell surface receptor signaling pathway	0.0052808048471603	True	0.929747062118174	False	2	1	0.4675139334826672
GO:0006364	rRNA processing	0.9420516287436858	False	7.89660433690002e-13	True	2	1	0.47102581437223773
GO:0022618	protein-RNA complex assembly	0.9513256412034397	False	1.24026258485079e-08	True	2	1	0.47566282680303273
GO:2001244	positive regulation of intrinsic apoptotic signaling pathway	0.0013512882471282	True	0.970917385601462	False	2	1	0.4861343369242951
GO:0016525	negative regulation of angiogenesis	0.0022210306328054	True	0.982032450658941	False	2	1	0.4921267406458732
GO:0042102	positive regulation of T cell proliferation	0.0013678461308294	True	0.994276438556309	False	2	1	0.4978221423435692
GO:0006397	mRNA processing	0.9997291584516568	False	2.07653411305314e-16	True	2	1	0.4998645792258285
GO:0006396	RNA processing	1.0	False	8.014455410739381e-31	True	2	1	0.5
GO:0016070	RNA metabolic process	1.0	False	1.84777406742092e-79	True	2	1	0.5
GO:0016071	mRNA metabolic process	1.0	False	4.6459266291112e-18	True	2	1	0.5
GO:0022613	ribonucleoprotein complex biogenesis	1.0	False	3.2203404745055904e-23	True	2	1	0.5
GO:0032774	RNA biosynthetic process	1.0	False	1.20641001438338e-74	True	2	1	0.5
GO:0042254	ribosome biogenesis	1.0	False	1.99317242020011e-17	True	2	1	0.5
GO:0141187	nucleic acid biosynthetic process	1.0	False	1.96043436395893e-75	True	2	1	0.5
GO:0008380	RNA splicing	1.0	False	7.49231893719637e-14	True	2	1	0.5000000000000374
GO:0071706	tumor necrosis factor superfamily cytokine production	1.0	False	1.65532371237671e-13	True	2	1	0.5000000000000827
GO:1903555	regulation of tumor necrosis factor superfamily cytokine production	1.0	False	1.65532371237671e-13	True	2	1	0.5000000000000827
GO:0016072	rRNA metabolic process	1.0	False	2.15585973970839e-13	True	2	1	0.5000000000001078
GO:0032640	tumor necrosis factor production	1.0	False	1.2771459103952599e-12	True	2	1	0.5000000000006386
GO:1903557	positive regulation of tumor necrosis factor superfamily cytokine production	1.0	False	1.3835747362615299e-11	True	2	1	0.5000000000069179
GO:0000377	RNA splicing, via transesterification reactions with bulged adenosine as nucleophile	1.0	False	1.49589358333161e-10	True	2	1	0.5000000000747947
GO:0000398	mRNA splicing, via spliceosome	1.0	False	1.49589358333161e-10	True	2	1	0.5000000000747947
GO:0000375	RNA splicing, via transesterification reactions	1.0	False	3.4094911253213004e-10	True	2	1	0.5000000001704745
GO:0071219	cellular response to molecule of bacterial origin	1.0	False	4.58851280459572e-10	True	2	1	0.5000000002294256
GO:0000380	alternative mRNA splicing, via spliceosome	1.0	False	7.7734099186103e-10	True	2	1	0.5000000003886705
GO:1903311	regulation of mRNA metabolic process	1.0	False	8.65332046510562e-10	True	2	1	0.500000000432666
GO:0032612	interleukin-1 production	1.0	False	1.22357204518177e-09	True	2	1	0.5000000006117861
GO:0032652	regulation of interleukin-1 production	1.0	False	1.22357204518177e-09	True	2	1	0.5000000006117861
GO:0071216	cellular response to biotic stimulus	1.0	False	1.3791255939723802e-09	True	2	1	0.5000000006895629
GO:0034242	negative regulation of syncytium formation by plasma membrane fusion	1.0	False	2.34901338627304e-09	True	2	1	0.5000000011745067
GO:0032611	interleukin-1 beta production	1.0	False	2.77948170678219e-09	True	2	1	0.5000000013897409
GO:0032651	regulation of interleukin-1 beta production	1.0	False	2.77948170678219e-09	True	2	1	0.5000000013897409
GO:0009620	response to fungus	1.0	False	9.59604165106329e-09	True	2	1	0.5000000047980209
GO:0000381	regulation of alternative mRNA splicing, via spliceosome	1.0	False	9.854474659674011e-09	True	2	1	0.5000000049272373
GO:0002237	response to molecule of bacterial origin	1.0	False	1.09103006629141e-08	True	2	1	0.5000000054551503
GO:0009060	aerobic respiration	1.0	False	3.25744924819968e-08	True	2	1	0.5000000162872462
GO:0006119	oxidative phosphorylation	1.0	False	4.45887012124086e-08	True	2	1	0.5000000222943506
GO:0048024	regulation of mRNA splicing, via spliceosome	1.0	False	1.42948887231385e-07	True	2	1	0.5000000714744436
GO:0042773	ATP synthesis coupled electron transport	1.0	False	1.62856486824126e-07	True	2	1	0.5000000814282434
GO:0042775	mitochondrial ATP synthesis coupled electron transport	1.0	False	1.62856486824126e-07	True	2	1	0.5000000814282434
GO:0006403	RNA localization	1.0	False	1.7941228655938e-07	True	2	1	0.5000000897061433
GO:0045333	cellular respiration	1.0	False	2.12871063785715e-07	True	2	1	0.5000001064355319
GO:0050684	regulation of mRNA processing	1.0	False	2.1401920996345e-07	True	2	1	0.500000107009605
GO:0034340	response to type I interferon	1.0	False	3.64996374901949e-07	True	2	1	0.5000001824981875
GO:0022900	electron transport chain	1.0	False	4.37714247908643e-07	True	2	1	0.500000218857124
GO:0019646	aerobic electron transport chain	1.0	False	9.57874218943898e-07	True	2	1	0.5000004789371095
GO:2000377	regulation of reactive oxygen species metabolic process	1.0	False	9.57874218943898e-07	True	2	1	0.5000004789371095
GO:0022904	respiratory electron transport chain	1.0	False	1.06024100342096e-06	True	2	1	0.5000005301205017
GO:0019730	antimicrobial humoral response	1.0	False	1.11604259979175e-06	True	2	1	0.5000005580213
GO:0009144	purine nucleoside triphosphate metabolic process	1.0	False	1.34143611325249e-06	True	2	1	0.5000006707180567
GO:0032732	positive regulation of interleukin-1 production	1.0	False	1.66806578046537e-06	True	2	1	0.5000008340328902
GO:0046034	ATP metabolic process	1.0	False	1.96598786354382e-06	True	2	1	0.5000009829939318
GO:0009205	purine ribonucleoside triphosphate metabolic process	1.0	False	2.44459959620469e-06	True	2	1	0.5000012222997982
GO:0007520	myoblast fusion	1.0	False	2.54079258898522e-06	True	2	1	0.5000012703962945
GO:0009145	purine nucleoside triphosphate biosynthetic process	1.0	False	2.98350208886318e-06	True	2	1	0.5000014917510445
GO:0009206	purine ribonucleoside triphosphate biosynthetic process	1.0	False	2.98350208886318e-06	True	2	1	0.5000014917510445
GO:0032637	interleukin-8 production	1.0	False	3.69754649487741e-06	True	2	1	0.5000018487732475
GO:0032677	regulation of interleukin-8 production	1.0	False	3.69754649487741e-06	True	2	1	0.5000018487732475
GO:0007040	lysosome organization	1.0	False	4.84695003897848e-06	True	2	1	0.5000024234750194
GO:0080171	lytic vacuole organization	1.0	False	4.84695003897848e-06	True	2	1	0.5000024234750194
GO:0006754	ATP biosynthetic process	1.0	False	5.57179985424401e-06	True	2	1	0.5000027858999271
GO:1901136	carbohydrate derivative catabolic process	1.0	False	5.92707434863997e-06	True	2	1	0.5000029635371743
GO:0002274	myeloid leukocyte activation	1.0	False	6.72620262395106e-06	True	2	1	0.500003363101312
GO:0019827	stem cell population maintenance	1.0	False	1.03060788782395e-05	True	2	1	0.5000051530394392
GO:0042776	proton motive force-driven mitochondrial ATP synthesis	1.0	False	1.16892068143496e-05	True	2	1	0.5000058446034071
GO:0009201	ribonucleoside triphosphate biosynthetic process	1.0	False	1.31425206334152e-05	True	2	1	0.5000065712603167
GO:0032602	chemokine production	1.0	False	1.32359220106996e-05	True	2	1	0.5000066179610053
GO:0032642	regulation of chemokine production	1.0	False	1.32359220106996e-05	True	2	1	0.5000066179610053
GO:0060142	regulation of syncytium formation by plasma membrane fusion	1.0	False	1.64101516281741e-05	True	2	1	0.5000082050758141
GO:0001906	cell killing	1.0	False	1.6447306689029e-05	True	2	1	0.5000082236533445
GO:0009142	nucleoside triphosphate biosynthetic process	1.0	False	1.66689024533932e-05	True	2	1	0.5000083344512267
GO:0050777	negative regulation of immune response	1.0	False	1.79303639534408e-05	True	2	1	0.5000089651819767
GO:0009595	detection of biotic stimulus	1.0	False	1.88326196552868e-05	True	2	1	0.5000094163098276
GO:0032609	type II interferon production	1.0	False	1.99226075449542e-05	True	2	1	0.5000099613037725
GO:0032649	regulation of type II interferon production	1.0	False	1.99226075449542e-05	True	2	1	0.5000099613037725
GO:0007596	blood coagulation	1.0	False	2.40947502419053e-05	True	2	1	0.500012047375121
GO:0098727	maintenance of cell number	1.0	False	2.43661375874414e-05	True	2	1	0.5000121830687937
GO:0006164	purine nucleotide biosynthetic process	1.0	False	2.4745875352548e-05	True	2	1	0.5000123729376763
GO:0050817	coagulation	1.0	False	2.68331357031497e-05	True	2	1	0.5000134165678516
GO:1902600	proton transmembrane transport	1.0	False	4.28435132158669e-05	True	2	1	0.5000214217566079
GO:0061157	mRNA destabilization	1.0	False	4.9145458153711e-05	True	2	1	0.5000245727290769
GO:0000723	telomere maintenance	1.0	False	4.99257818085204e-05	True	2	1	0.5000249628909043
GO:0050779	RNA destabilization	1.0	False	5.42246128469092e-05	True	2	1	0.5000271123064235
GO:0042273	ribosomal large subunit biogenesis	1.0	False	5.46062198160438e-05	True	2	1	0.5000273031099081
GO:0043487	regulation of RNA stability	1.0	False	6.01342607358799e-05	True	2	1	0.5000300671303679
GO:2000036	regulation of stem cell population maintenance	1.0	False	6.01523604598781e-05	True	2	1	0.50003007618023
GO:0061900	glial cell activation	1.0	False	6.80739798996013e-05	True	2	1	0.5000340369899497
GO:0043488	regulation of mRNA stability	1.0	False	7.30088233207595e-05	True	2	1	0.5000365044116604
GO:0032635	interleukin-6 production	1.0	False	7.95897061741048e-05	True	2	1	0.500039794853087
GO:0032675	regulation of interleukin-6 production	1.0	False	7.95897061741048e-05	True	2	1	0.500039794853087
GO:0032204	regulation of telomere maintenance	1.0	False	7.99101579667987e-05	True	2	1	0.5000399550789834
GO:0007004	telomere maintenance via telomerase	1.0	False	8.24190765470708e-05	True	2	1	0.5000412095382736
GO:0000768	syncytium formation by plasma membrane fusion	1.0	False	8.30127398928979e-05	True	2	1	0.5000415063699465
GO:0140253	cell-cell fusion	1.0	False	8.30127398928979e-05	True	2	1	0.5000415063699465
GO:0006120	mitochondrial electron transport, NADH to ubiquinone	1.0	False	8.40283979244119e-05	True	2	1	0.5000420141989622
GO:0050657	nucleic acid transport	1.0	False	8.92689539141979e-05	True	2	1	0.5000446344769571
GO:0050658	RNA transport	1.0	False	8.92689539141979e-05	True	2	1	0.5000446344769571
GO:0007599	hemostasis	1.0	False	0.0001033647189418	True	2	1	0.500051682359471
GO:1903313	positive regulation of mRNA metabolic process	1.0	False	0.0001202321013216	True	2	1	0.5000601160506608
GO:0000470	maturation of LSU-rRNA	1.0	False	0.000123581562917	True	2	1	0.5000617907814585
GO:0030162	regulation of proteolysis	1.0	False	0.0001299207299719	True	2	1	0.5000649603649859
GO:0006360	transcription by RNA polymerase I	1.0	False	0.0001329470429388	True	2	1	0.5000664735214694
GO:0045943	positive regulation of transcription by RNA polymerase I	1.0	False	0.0001393170163484	True	2	1	0.5000696585081742
GO:1904358	positive regulation of telomere maintenance via telomere lengthening	1.0	False	0.0001433080415935	True	2	1	0.5000716540207968
GO:0006949	syncytium formation	1.0	False	0.0001523432960832	True	2	1	0.5000761716480416
GO:0009152	purine ribonucleotide biosynthetic process	1.0	False	0.0001580347852964	True	2	1	0.5000790173926482
GO:0042445	hormone metabolic process	1.0	False	0.0001662077672146	True	2	1	0.5000831038836073
GO:0061014	positive regulation of mRNA catabolic process	1.0	False	0.0001849956139684	True	2	1	0.5000924978069842
GO:0045589	regulation of regulatory T cell differentiation	1.0	False	0.000190557029455	True	2	1	0.5000952785147275
GO:0006278	RNA-templated DNA biosynthetic process	1.0	False	0.0002239696695691	True	2	1	0.5001119848347846
GO:0030193	regulation of blood coagulation	1.0	False	0.0002374824697119	True	2	1	0.500118741234856
GO:0051028	mRNA transport	1.0	False	0.0002374824697119	True	2	1	0.500118741234856
GO:0010499	proteasomal ubiquitin-independent protein catabolic process	1.0	False	0.0002530031501634	True	2	1	0.5001265015750817
GO:0000479	endonucleolytic cleavage of tricistronic rRNA transcript (SSU-rRNA, 5.8S rRNA, LSU-rRNA)	1.0	False	0.0002610463618165	True	2	1	0.5001305231809082
GO:0006356	regulation of transcription by RNA polymerase I	1.0	False	0.0002641855006606	True	2	1	0.5001320927503303
GO:0035751	regulation of lysosomal lumen pH	1.0	False	0.0002641855006606	True	2	1	0.5001320927503303
GO:0006801	superoxide metabolic process	1.0	False	0.0002713528222161	True	2	1	0.500135676411108
GO:0042116	macrophage activation	1.0	False	0.0002740077651852	True	2	1	0.5001370038825926
GO:0002765	immune response-inhibiting signal transduction	1.0	False	0.0002926682764661	True	2	1	0.5001463341382331
GO:0061644	protein localization to CENP-A containing chromatin	1.0	False	0.0003143712516902	True	2	1	0.5001571856258451
GO:0002269	leukocyte activation involved in inflammatory response	1.0	False	0.0003143866437271	True	2	1	0.5001571933218636
GO:0140719	constitutive heterochromatin formation	1.0	False	0.0003231172960694	True	2	1	0.5001615586480347
GO:0050764	regulation of phagocytosis	1.0	False	0.0003394683766752	True	2	1	0.5001697341883375
GO:0098581	detection of external biotic stimulus	1.0	False	0.0003559421636007	True	2	1	0.5001779710818004
GO:0006376	mRNA splice site recognition	1.0	False	0.0003584690750191	True	2	1	0.5001792345375096
GO:0050818	regulation of coagulation	1.0	False	0.0003658894674089	True	2	1	0.5001829447337045
GO:0006956	complement activation	1.0	False	0.0003769678980437	True	2	1	0.5001884839490218
GO:0007032	endosome organization	1.0	False	0.0004149823999761	True	2	1	0.5002074911999881
GO:0045739	positive regulation of DNA repair	1.0	False	0.0004395327186844	True	2	1	0.5002197663593422
GO:0046496	nicotinamide nucleotide metabolic process	1.0	False	0.0004417046394288	True	2	1	0.5002208523197144
GO:0098543	detection of other organism	1.0	False	0.0004861632993243	True	2	1	0.5002430816496621
GO:0006405	RNA export from nucleus	1.0	False	0.0005104156827067	True	2	1	0.5002552078413534
GO:0042255	ribosome assembly	1.0	False	0.0005664573700788	True	2	1	0.5002832286850394
GO:0141061	disruption of cell in another organism	1.0	False	0.0005665415950356	True	2	1	0.5002832707975178
GO:0097006	regulation of plasma lipoprotein particle levels	1.0	False	0.0005748515817712	True	2	1	0.5002874257908856
GO:1902106	negative regulation of leukocyte differentiation	1.0	False	0.0006237746124135	True	2	1	0.5003118873062068
GO:1900046	regulation of hemostasis	1.0	False	0.0006267352724692	True	2	1	0.5003133676362346
GO:0032210	regulation of telomere maintenance via telomerase	1.0	False	0.0006929580418481	True	2	1	0.500346479020924
GO:0007042	lysosomal lumen acidification	1.0	False	0.0007073893912914	True	2	1	0.5003536946956457
GO:0010833	telomere maintenance via telomere lengthening	1.0	False	0.0007561992100992	True	2	1	0.5003780996050496
GO:0001510	RNA methylation	1.0	False	0.0008159329872689	True	2	1	0.5004079664936345
GO:0006289	nucleotide-excision repair	1.0	False	0.0008273943088099	True	2	1	0.500413697154405
GO:0140894	endolysosomal toll-like receptor signaling pathway	1.0	False	0.0008341511929268	True	2	1	0.5004170755964634
GO:0006906	vesicle fusion	1.0	False	0.0008635127850796	True	2	1	0.5004317563925398
GO:1904356	regulation of telomere maintenance via telomere lengthening	1.0	False	0.0008840905827325	True	2	1	0.5004420452913663
GO:0000245	spliceosomal complex assembly	1.0	False	0.0008932621482845	True	2	1	0.5004466310741422
GO:1903707	negative regulation of hemopoiesis	1.0	False	0.0009200858421576	True	2	1	0.5004600429210788
GO:0150076	neuroinflammatory response	1.0	False	0.0009830664572229	True	2	1	0.5004915332286114
GO:0046470	phosphatidylcholine metabolic process	1.0	False	0.0011887407911596	True	2	1	0.5005943703955797
GO:0000463	maturation of LSU-rRNA from tricistronic rRNA transcript (SSU-rRNA, 5.8S rRNA, LSU-rRNA)	1.0	False	0.0011993934227523	True	2	1	0.5005996967113762
GO:0042752	regulation of circadian rhythm	1.0	False	0.0013290418613776	True	2	1	0.5006645209306888
GO:0052547	regulation of peptidase activity	1.0	False	0.0015033105904999	True	2	1	0.5007516552952499
GO:0000466	maturation of 5.8S rRNA from tricistronic rRNA transcript (SSU-rRNA, 5.8S rRNA, LSU-rRNA)	1.0	False	0.0016046424021203	True	2	1	0.5008023212010602
GO:0000154	rRNA modification	1.0	False	0.0016111127595596	True	2	1	0.5008055563797797
GO:0043414	macromolecule methylation	1.0	False	0.0016277447664574	True	2	1	0.5008138723832287
GO:2000278	regulation of DNA biosynthetic process	1.0	False	0.0016279664797048	True	2	1	0.5008139832398524
GO:0000959	mitochondrial RNA metabolic process	1.0	False	0.0017737488674919	True	2	1	0.5008868744337459
GO:0002832	negative regulation of response to biotic stimulus	1.0	False	0.0019717737639861	True	2	1	0.5009858868819931
GO:0002367	cytokine production involved in immune response	1.0	False	0.0019920742569555	True	2	1	0.5009960371284777
GO:0036037	CD8-positive, alpha-beta T cell activation	1.0	False	0.0021256473762384	True	2	1	0.5010628236881192
GO:0006999	nuclear pore organization	1.0	False	0.0022092963690894	True	2	1	0.5011046481845447
GO:2000573	positive regulation of DNA biosynthetic process	1.0	False	0.0022919395152094	True	2	1	0.5011459697576047
GO:0090174	organelle membrane fusion	1.0	False	0.002301175180226	True	2	1	0.501150587590113
GO:0090322	regulation of superoxide metabolic process	1.0	False	0.0024650711481886	True	2	1	0.5012325355740943
GO:0007035	vacuolar acidification	1.0	False	0.0024849505384361	True	2	1	0.5012424752692181
GO:1903312	negative regulation of mRNA metabolic process	1.0	False	0.0025007557504458	True	2	1	0.5012503778752229
GO:0034063	stress granule assembly	1.0	False	0.00260621280918	True	2	1	0.50130310640459
GO:1901796	regulation of signal transduction by p53 class mediator	1.0	False	0.0027755328042949	True	2	1	0.5013877664021474
GO:0045911	positive regulation of DNA recombination	1.0	False	0.0028689459202458	True	2	1	0.5014344729601229
GO:0031167	rRNA methylation	1.0	False	0.0029005454099902	True	2	1	0.5014502727049951
GO:0030301	cholesterol transport	1.0	False	0.0029912078948601	True	2	1	0.5014956039474301
GO:0045197	establishment or maintenance of epithelial cell apical/basal polarity	1.0	False	0.0029912078948601	True	2	1	0.5014956039474301
GO:0000462	maturation of SSU-rRNA from tricistronic rRNA transcript (SSU-rRNA, 5.8S rRNA, LSU-rRNA)	1.0	False	0.0030412523617011	True	2	1	0.5015206261808506
GO:1900152	negative regulation of nuclear-transcribed mRNA catabolic process, deadenylation-dependent decay	1.0	False	0.0031003793284117	True	2	1	0.5015501896642058
GO:0000460	maturation of 5.8S rRNA	1.0	False	0.0031821811168177	True	2	1	0.5015910905584089
GO:0045638	negative regulation of myeloid cell differentiation	1.0	False	0.0032314547772895	True	2	1	0.5016157273886448
GO:0033119	negative regulation of RNA splicing	1.0	False	0.0032763437941907	True	2	1	0.5016381718970954
GO:0009648	photoperiodism	1.0	False	0.0033994883084603	True	2	1	0.5016997441542301
GO:0045806	negative regulation of endocytosis	1.0	False	0.003442568563915	True	2	1	0.5017212842819575
GO:0033962	P-body assembly	1.0	False	0.0034880116408665	True	2	1	0.5017440058204332
GO:0141060	disruption of anatomical structure in another organism	1.0	False	0.0035413810353686	True	2	1	0.5017706905176843
GO:0120254	olefinic compound metabolic process	1.0	False	0.003874182988952	True	2	1	0.501937091494476
GO:0006359	regulation of transcription by RNA polymerase III	1.0	False	0.0039338644217776	True	2	1	0.5019669322108888
GO:0002183	cytoplasmic translational initiation	1.0	False	0.0042470378399098	True	2	1	0.5021235189199549
GO:1900151	regulation of nuclear-transcribed mRNA catabolic process, deadenylation-dependent decay	1.0	False	0.0042845779639778	True	2	1	0.5021422889819889
GO:0097530	granulocyte migration	1.0	False	0.0043252887268296	True	2	1	0.5021626443634148
GO:0019377	glycolipid catabolic process	1.0	False	0.00483046273402	True	2	1	0.50241523136701
GO:0010818	T cell chemotaxis	0.0053136565303438	True	0.999527718187262	False	2	1	0.502420687358803
GO:0071827	plasma lipoprotein particle organization	1.0	False	0.0049307813058883	True	2	1	0.5024653906529442
GO:0042119	neutrophil activation	1.0	False	0.0050714496865297	True	2	1	0.5025357248432648
GO:0042659	regulation of cell fate specification	1.0	False	0.0050714496865297	True	2	1	0.5025357248432648
GO:0033143	regulation of intracellular steroid hormone receptor signaling pathway	1.0	False	0.0054397701590692	True	2	1	0.5027198850795346
GO:0090208	positive regulation of triglyceride metabolic process	1.0	False	0.0054769626059442	True	2	1	0.502738481302972
GO:0001732	formation of cytoplasmic translation initiation complex	1.0	False	0.0056263872619797	True	2	1	0.5028131936309899
GO:0071985	multivesicular body sorting pathway	1.0	False	0.0056310005611014	True	2	1	0.5028155002805507
GO:0002220	innate immune response activating cell surface receptor signaling pathway	1.0	False	0.0057683980789965	True	2	1	0.5028841990394982
GO:1905168	positive regulation of double-strand break repair via homologous recombination	1.0	False	0.0057683980789965	True	2	1	0.5028841990394982
GO:0002698	negative regulation of immune effector process	1.0	False	0.0058831760602843	True	2	1	0.5029415880301421
GO:0000288	nuclear-transcribed mRNA catabolic process, deadenylation-dependent decay	1.0	False	0.0060246876982432	True	2	1	0.5030123438491216
GO:0035088	establishment or maintenance of apical/basal cell polarity	1.0	False	0.0061181378325536	True	2	1	0.5030590689162768
GO:0061245	establishment or maintenance of bipolar cell polarity	1.0	False	0.0061181378325536	True	2	1	0.5030590689162768
GO:0090279	regulation of calcium ion import	1.0	False	0.0062424873254275	True	2	1	0.5031212436627137
GO:0007588	excretion	1.0	False	0.006261855218476	True	2	1	0.503130927609238
GO:0002886	regulation of myeloid leukocyte mediated immunity	1.0	False	0.006543374870226	True	2	1	0.503271687435113
GO:0042554	superoxide anion generation	1.0	False	0.006543374870226	True	2	1	0.503271687435113
GO:0140888	interferon-mediated signaling pathway	1.0	False	0.0067066024294741	True	2	1	0.5033533012147371
GO:0006641	triglyceride metabolic process	1.0	False	0.0067165700241146	True	2	1	0.5033582850120573
GO:0050854	regulation of antigen receptor-mediated signaling pathway	1.0	False	0.0069251430306002	True	2	1	0.5034625715153
GO:0036230	granulocyte activation	1.0	False	0.0069618227081246	True	2	1	0.5034809113540623
GO:0001562	response to protozoan	1.0	False	0.0072489737083176	True	2	1	0.5036244868541588
GO:0015918	sterol transport	1.0	False	0.0072559828013723	True	2	1	0.5036279914006861
GO:0034162	toll-like receptor 9 signaling pathway	1.0	False	0.0073061733170895	True	2	1	0.5036530866585448
GO:0002275	myeloid cell activation involved in immune response	1.0	False	0.0074314759581782	True	2	1	0.5037157379790891
GO:0042417	dopamine metabolic process	1.0	False	0.0074608142495766	True	2	1	0.5037304071247883
GO:0042088	T-helper 1 type immune response	1.0	False	0.0075342683741927	True	2	1	0.5037671341870964
GO:0072525	pyridine-containing compound biosynthetic process	1.0	False	0.0076523074517258	True	2	1	0.5038261537258629
GO:0030521	androgen receptor signaling pathway	1.0	False	0.0077356919066483	True	2	1	0.5038678459533241
GO:0002534	cytokine production involved in inflammatory response	1.0	False	0.0080913310645564	True	2	1	0.5040456655322783
GO:0090207	regulation of triglyceride metabolic process	1.0	False	0.0080913310645564	True	2	1	0.5040456655322783
GO:0010867	positive regulation of triglyceride biosynthetic process	1.0	False	0.0084516979423487	True	2	1	0.5042258489711744
GO:0016188	synaptic vesicle maturation	1.0	False	0.0084822289471337	True	2	1	0.5042411144735669
GO:0045945	positive regulation of transcription by RNA polymerase III	1.0	False	0.008505121984208	True	2	1	0.504252560992104
GO:0045066	regulatory T cell differentiation	1.0	False	0.0088204771589132	True	2	1	0.5044102385794565
GO:1901658	glycosyl compound catabolic process	1.0	False	0.0090310438323867	True	2	1	0.5045155219161933
GO:0016556	mRNA modification	1.0	False	0.0090456477199168	True	2	1	0.5045228238599584
GO:0009435	NAD+ biosynthetic process	1.0	False	0.0092433812012954	True	2	1	0.5046216906006477
GO:0006749	glutathione metabolic process	1.0	False	0.0092977846542528	True	2	1	0.5046488923271264
GO:0016101	diterpenoid metabolic process	1.0	False	0.0096130397160275	True	2	1	0.5048065198580137
GO:0046514	ceramide catabolic process	1.0	False	0.0111684933600746	True	2	1	0.5055842466800373
GO:0050686	negative regulation of mRNA processing	1.0	False	0.0119456738820302	True	2	1	0.5059728369410151
GO:0006721	terpenoid metabolic process	1.0	False	0.0119779809471553	True	2	1	0.5059889904735777
GO:0042073	intraciliary transport	1.0	False	0.0120189193009695	True	2	1	0.5060094596504847
GO:0046479	glycosphingolipid catabolic process	1.0	False	0.012139958537354	True	2	1	0.506069979268677
GO:0032239	regulation of nucleobase-containing compound transport	1.0	False	0.0121584394877455	True	2	1	0.5060792197438727
GO:0045292	mRNA cis splicing, via spliceosome	1.0	False	0.0121584394877455	True	2	1	0.5060792197438727
GO:0000963	mitochondrial RNA processing	1.0	False	0.0121669240539853	True	2	1	0.5060834620269926
GO:0045921	positive regulation of exocytosis	1.0	False	0.0126866078360767	True	2	1	0.5063433039180384
GO:0036257	multivesicular body organization	1.0	False	0.0129837746194127	True	2	1	0.5064918873097064
GO:0034308	primary alcohol metabolic process	1.0	False	0.0135785721045992	True	2	1	0.5067892860522996
GO:0050819	negative regulation of coagulation	1.0	False	0.0136382856305564	True	2	1	0.5068191428152782
GO:0046460	neutral lipid biosynthetic process	1.0	False	0.0139816662849032	True	2	1	0.5069908331424516
GO:0046463	acylglycerol biosynthetic process	1.0	False	0.0139816662849032	True	2	1	0.5069908331424516
GO:0061842	microtubule organizing center localization	1.0	False	0.0143014828788647	True	2	1	0.5071507414394324
GO:0090077	foam cell differentiation	1.0	False	0.0147754099041341	True	2	1	0.5073877049520671
GO:0010742	macrophage derived foam cell differentiation	1.0	False	0.015513568624113	True	2	1	0.5077567843120565
GO:0010743	regulation of macrophage derived foam cell differentiation	1.0	False	0.015527603354744	True	2	1	0.507763801677372
GO:0071677	positive regulation of mononuclear cell migration	1.0	False	0.0157446065079567	True	2	1	0.5078723032539784
GO:0045005	DNA-templated DNA replication maintenance of fidelity	1.0	False	0.0159303128308231	True	2	1	0.5079651564154115
GO:2000767	positive regulation of cytoplasmic translation	1.0	False	0.0159413755977444	True	2	1	0.5079706877988722
GO:0048512	circadian behavior	1.0	False	0.0164191473018779	True	2	1	0.508209573650939
GO:0030195	negative regulation of blood coagulation	1.0	False	0.0164647910995549	True	2	1	0.5082323955497774
GO:1900047	negative regulation of hemostasis	1.0	False	0.0164647910995549	True	2	1	0.5082323955497774
GO:0006012	galactose metabolic process	1.0	False	0.0166144572583323	True	2	1	0.5083072286291661
GO:0019359	nicotinamide nucleotide biosynthetic process	1.0	False	0.0168625826595498	True	2	1	0.5084312913297749
GO:0019363	pyridine nucleotide biosynthetic process	1.0	False	0.0168625826595498	True	2	1	0.5084312913297749
GO:0170062	nutrient storage	1.0	False	0.0170239702545609	True	2	1	0.5085119851272805
GO:0070475	rRNA base methylation	1.0	False	0.0171055281291525	True	2	1	0.5085527640645763
GO:0048025	negative regulation of mRNA splicing, via spliceosome	1.0	False	0.0173638052349139	True	2	1	0.5086819026174569
GO:0010569	regulation of double-strand break repair via homologous recombination	1.0	False	0.0175793360030998	True	2	1	0.5087896680015499
GO:0051036	regulation of endosome size	1.0	False	0.0178477351670902	True	2	1	0.5089238675835451
GO:1905523	positive regulation of macrophage migration	1.0	False	0.0181351759858845	True	2	1	0.5090675879929423
GO:1905517	macrophage migration	1.0	False	0.0184570756842869	True	2	1	0.5092285378421435
GO:0002921	negative regulation of humoral immune response	1.0	False	0.0188397128687247	True	2	1	0.5094198564343624
GO:1905906	regulation of amyloid fibril formation	1.0	False	0.019030767104507	True	2	1	0.5095153835522535
GO:0046831	regulation of RNA export from nucleus	1.0	False	0.0196539873406826	True	2	1	0.5098269936703413
GO:0043922	host-mediated suppression of viral transcription	1.0	False	0.0197505334344404	True	2	1	0.5098752667172202
GO:0050857	positive regulation of antigen receptor-mediated signaling pathway	1.0	False	0.020226790415207	True	2	1	0.5101133952076035
GO:0006584	catecholamine metabolic process	1.0	False	0.0205990427889963	True	2	1	0.5102995213944982
GO:0009712	catechol-containing compound metabolic process	1.0	False	0.0205990427889963	True	2	1	0.5102995213944982
GO:1900048	positive regulation of hemostasis	1.0	False	0.0209388456267477	True	2	1	0.5104694228133738
GO:2001198	regulation of dendritic cell differentiation	1.0	False	0.0209388456267477	True	2	1	0.5104694228133738
GO:0036258	multivesicular body assembly	1.0	False	0.0216541172809581	True	2	1	0.5108270586404791
GO:0006739	NADP+ metabolic process	1.0	False	0.0218154750068181	True	2	1	0.510907737503409
GO:0140588	chromatin looping	1.0	False	0.0218154750068181	True	2	1	0.510907737503409
GO:0002920	regulation of humoral immune response	1.0	False	0.0218548584424512	True	2	1	0.5109274292212256
GO:0060765	regulation of androgen receptor signaling pathway	1.0	False	0.0221053631768729	True	2	1	0.5110526815884364
GO:0061339	establishment or maintenance of monopolar cell polarity	1.0	False	0.0224086663341052	True	2	1	0.5112043331670526
GO:0045995	regulation of embryonic development	1.0	False	0.0224393793112266	True	2	1	0.5112196896556133
GO:0033120	positive regulation of RNA splicing	1.0	False	0.0229847773728268	True	2	1	0.5114923886864134
GO:0034694	response to prostaglandin	1.0	False	0.0233139259217308	True	2	1	0.5116569629608654
GO:0075522	IRES-dependent viral translational initiation	1.0	False	0.0236364717597424	True	2	1	0.5118182358798712
GO:0042987	amyloid precursor protein catabolic process	1.0	False	0.0241289729215362	True	2	1	0.5120644864607681
GO:0006691	leukotriene metabolic process	1.0	False	0.0243678910515156	True	2	1	0.5121839455257577
GO:0006809	nitric oxide biosynthetic process	1.0	False	0.0243691733779611	True	2	1	0.5121845866889806
GO:0022616	DNA strand elongation	1.0	False	0.0247350761909587	True	2	1	0.5123675380954793
GO:0010457	centriole-centriole cohesion	1.0	False	0.0248440659229797	True	2	1	0.5124220329614898
GO:0042402	biogenic amine catabolic process	1.0	False	0.0251241255858154	True	2	1	0.5125620627929077
GO:0001913	T cell mediated cytotoxicity	1.0	False	0.0252524848368759	True	2	1	0.5126262424184379
GO:0071825	protein-lipid complex organization	1.0	False	0.0259521840213416	True	2	1	0.5129760920106708
GO:0009074	aromatic amino acid family catabolic process	1.0	False	0.0263590470491688	True	2	1	0.5131795235245844
GO:0006825	copper ion transport	1.0	False	0.0266202979113003	True	2	1	0.5133101489556502
GO:0000054	ribosomal subunit export from nucleus	1.0	False	0.0266528359631555	True	2	1	0.5133264179815777
GO:0033750	ribosome localization	1.0	False	0.0266528359631555	True	2	1	0.5133264179815777
GO:0048246	macrophage chemotaxis	1.0	False	0.0283047161858603	True	2	1	0.5141523580929301
GO:0009308	amine metabolic process	1.0	False	0.0283164653410668	True	2	1	0.5141582326705334
GO:0031297	replication fork processing	1.0	False	0.0283164653410668	True	2	1	0.5141582326705334
GO:2000765	regulation of cytoplasmic translation	1.0	False	0.0283164653410668	True	2	1	0.5141582326705334
GO:0034389	lipid droplet organization	1.0	False	0.0286873972026084	True	2	1	0.5143436986013042
GO:2000736	regulation of stem cell differentiation	1.0	False	0.0286873972026084	True	2	1	0.5143436986013042
GO:0034367	protein-containing complex remodeling	1.0	False	0.0295165500532558	True	2	1	0.5147582750266279
GO:0097401	synaptic vesicle lumen acidification	1.0	False	0.0297860613430693	True	2	1	0.5148930306715347
GO:0051043	regulation of membrane protein ectodomain proteolysis	1.0	False	0.029952657249125	True	2	1	0.5149763286245626
GO:0001523	retinoid metabolic process	1.0	False	0.0300144481086594	True	2	1	0.5150072240543297
GO:0036297	interstrand cross-link repair	1.0	False	0.0300144481086594	True	2	1	0.5150072240543297
GO:0007020	microtubule nucleation	1.0	False	0.0301523477799783	True	2	1	0.5150761738899892
GO:1902882	regulation of response to oxidative stress	1.0	False	0.0302130699740999	True	2	1	0.51510653498705
GO:0030214	hyaluronan catabolic process	1.0	False	0.0304585322856544	True	2	1	0.5152292661428272
GO:0048662	negative regulation of smooth muscle cell proliferation	1.0	False	0.0313109339287005	True	2	1	0.5156554669643503
GO:0045730	respiratory burst	1.0	False	0.0320213275350078	True	2	1	0.5160106637675039
GO:1903307	positive regulation of regulated secretory pathway	1.0	False	0.0320213275350078	True	2	1	0.5160106637675039
GO:0006026	aminoglycan catabolic process	1.0	False	0.0320793798598611	True	2	1	0.5160396899299305
GO:0006346	DNA methylation-dependent constitutive heterochromatin formation	1.0	False	0.0322702123694428	True	2	1	0.5161351061847214
GO:0006383	transcription by RNA polymerase III	1.0	False	0.0324597460026177	True	2	1	0.5162298730013088
GO:0006271	DNA strand elongation involved in DNA replication	1.0	False	0.0326512529660447	True	2	1	0.5163256264830224
GO:0006518	peptide metabolic process	1.0	False	0.0326705500120577	True	2	1	0.5163352750060288
GO:0036151	phosphatidylcholine acyl-chain remodeling	1.0	False	0.0328832703609715	True	2	1	0.5164416351804858
GO:0010866	regulation of triglyceride biosynthetic process	1.0	False	0.0340486467690617	True	2	1	0.5170243233845309
GO:0033619	membrane protein proteolysis	1.0	False	0.0340486467690617	True	2	1	0.5170243233845309
GO:1900407	regulation of cellular response to oxidative stress	1.0	False	0.034077783931824	True	2	1	0.517038891965912
GO:0007622	rhythmic behavior	1.0	False	0.0344337149026124	True	2	1	0.5172168574513062
GO:0043921	host-mediated perturbation of viral transcription	1.0	False	0.0344660841582301	True	2	1	0.517233042079115
GO:0018958	phenol-containing compound metabolic process	1.0	False	0.0346661944683972	True	2	1	0.5173330972341986
GO:0019076	viral release from host cell	1.0	False	0.0358222808105134	True	2	1	0.5179111404052567
GO:0035891	exit from host cell	1.0	False	0.0358222808105134	True	2	1	0.5179111404052567
GO:0006576	biogenic amine metabolic process	1.0	False	0.0364059742125006	True	2	1	0.5182029871062503
GO:0010453	regulation of cell fate commitment	1.0	False	0.0367110979944211	True	2	1	0.5183555489972106
GO:0034134	toll-like receptor 2 signaling pathway	1.0	False	0.0373870226195602	True	2	1	0.5186935113097801
GO:0032928	regulation of superoxide anion generation	1.0	False	0.0378963203922453	True	2	1	0.5189481601961227
GO:2000402	negative regulation of lymphocyte migration	1.0	False	0.0387974158316018	True	2	1	0.5193987079158009
GO:0050820	positive regulation of coagulation	1.0	False	0.0388857004753408	True	2	1	0.5194428502376705
GO:0002716	negative regulation of natural killer cell mediated immunity	1.0	False	0.0398649820598824	True	2	1	0.5199324910299412
GO:0060412	ventricular septum morphogenesis	1.0	False	0.0400302167562945	True	2	1	0.5200151083781472
GO:0034085	establishment of sister chromatid cohesion	1.0	False	0.040416467381944	True	2	1	0.520208233690972
GO:0006509	membrane protein ectodomain proteolysis	1.0	False	0.0406594420769597	True	2	1	0.5203297210384799
GO:0055070	copper ion homeostasis	1.0	False	0.0415546912464925	True	2	1	0.5207773456232463
GO:0060760	positive regulation of response to cytokine stimulus	1.0	False	0.0415546912464925	True	2	1	0.5207773456232463
GO:0045023	G0 to G1 transition	1.0	False	0.0422914910220782	True	2	1	0.5211457455110391
GO:0007062	sister chromatid cohesion	1.0	False	0.0428177586784123	True	2	1	0.5214088793392061
GO:0006687	glycosphingolipid metabolic process	1.0	False	0.0429049973110858	True	2	1	0.5214524986555429
GO:0034695	response to prostaglandin E	1.0	False	0.0429049973110858	True	2	1	0.5214524986555429
GO:0006450	regulation of translational fidelity	1.0	False	0.0430785247239338	True	2	1	0.5215392623619669
GO:0051292	nuclear pore complex assembly	1.0	False	0.0435170410428117	True	2	1	0.5217585205214058
GO:0003081	regulation of systemic arterial blood pressure by renin-angiotensin	1.0	False	0.0437228496924335	True	2	1	0.5218614248462168
GO:0048002	antigen processing and presentation of peptide antigen	1.0	False	0.0440037898308611	True	2	1	0.5220018949154306
GO:0003281	ventricular septum development	1.0	False	0.0444177855856256	True	2	1	0.5222088927928128
GO:0061763	multivesicular body-lysosome fusion	1.0	False	0.0444177855856256	True	2	1	0.5222088927928128
GO:0090382	phagosome maturation	1.0	False	0.0447577280025561	True	2	1	0.5223788640012781
GO:0010324	membrane invagination	1.0	False	0.0448237307513155	True	2	1	0.5224118653756578
GO:0071715	icosanoid transport	1.0	False	0.0450064003278023	True	2	1	0.5225032001639012
GO:0090646	mitochondrial tRNA processing	1.0	False	0.0450485562880057	True	2	1	0.5225242781440028
GO:0097494	regulation of vesicle size	1.0	False	0.0455244307508167	True	2	1	0.5227622153754083
GO:0006995	cellular response to nitrogen starvation	1.0	False	0.0457533903404418	True	2	1	0.522876695170221
GO:0043562	cellular response to nitrogen levels	1.0	False	0.0457533903404418	True	2	1	0.522876695170221
GO:0140112	extracellular vesicle biogenesis	1.0	False	0.0461939210848388	True	2	1	0.5230969605424194
GO:0042403	thyroid hormone metabolic process	1.0	False	0.0461967727039672	True	2	1	0.5230983863519836
GO:0001991	regulation of systemic arterial blood pressure by circulatory renin-angiotensin	1.0	False	0.0464256872558214	True	2	1	0.5232128436279107
GO:0002369	T cell cytokine production	1.0	False	0.0468275448471463	True	2	1	0.5234137724235731
GO:0002724	regulation of T cell cytokine production	1.0	False	0.0468275448471463	True	2	1	0.5234137724235731
GO:0008299	isoprenoid biosynthetic process	1.0	False	0.0476675407814418	True	2	1	0.5238337703907209
GO:0009649	entrainment of circadian clock	1.0	False	0.0478821203796304	True	2	1	0.5239410601898152
GO:0045324	late endosome to vacuole transport	1.0	False	0.0480975231567049	True	2	1	0.5240487615783525
GO:0032621	interleukin-18 production	1.0	False	0.0489174440810133	True	2	1	0.5244587220405067
GO:0034368	protein-lipid complex remodeling	1.0	False	0.0490855063660969	True	2	1	0.5245427531830484
GO:0034369	plasma lipoprotein particle remodeling	1.0	False	0.0490855063660969	True	2	1	0.5245427531830484
GO:0051252	regulation of RNA metabolic process	0.0111694131496211	False	1.63435993014478e-56	False	2	0	0.00558470657481055
GO:0006952	defense response	0.0114451285151623	False	0.0	False	2	0	0.00572256425758115
GO:0006954	inflammatory response	0.0262626398049215	False	4.13497193474746e-13	False	2	0	0.013131319902667497
GO:0006869	lipid transport	0.0280495050122547	False	0.0004763283783402	False	2	0	0.01426291669529745
GO:0017157	regulation of exocytosis	0.0173866555090303	False	0.0134184408182884	False	2	0	0.015402548163659352
GO:0034220	monoatomic ion transmembrane transport	0.0285879648937369	False	0.0025878535775991	False	2	0	0.015587909235668
GO:0006508	proteolysis	0.0321885856495177	False	0.0019635766100218	False	2	0	0.01707608112976975
GO:0034097	response to cytokine	0.0355864003865446	False	1.32809419174201e-10	False	2	0	0.017793200259677008
GO:0008015	blood circulation	0.0176450424508704	False	0.0241297439386078	False	2	0	0.0208873931947391
GO:0032787	monocarboxylic acid metabolic process	0.0420022511380715	False	0.0001835055258353	False	2	0	0.0210928783319534
GO:0001819	positive regulation of cytokine production	0.042282414263803	False	3.11424684379028e-08	False	2	0	0.021141222703135717
GO:0009615	response to virus	0.0417753860390489	False	0.0009797425568775	False	2	0	0.0213775642979632
GO:0007229	integrin-mediated signaling pathway	0.0335231093110465	False	0.0215605926706817	False	2	0	0.027541850990864102
GO:0050900	leukocyte migration	0.0214035431173871	False	0.0372072366816419	False	2	0	0.0293053898995145
GO:0006898	receptor-mediated endocytosis	0.0608025225823104	False	0.0085968926153351	False	2	0	0.03469970759882275
GO:0002819	regulation of adaptive immune response	0.0495886905900166	False	0.0211205026216731	False	2	0	0.03535459660584485
GO:0019221	cytokine-mediated signaling pathway	0.0735927045491533	False	0.0003584690750191	False	2	0	0.0369755868120862
GO:0043525	positive regulation of neuron apoptotic process	0.0105807665666055	False	0.0641695770609011	False	2	0	0.0373751718137533
GO:0045893	positive regulation of DNA-templated transcription	0.0758513032055045	False	1.23147677349092e-07	False	2	0	0.03792571317659092
GO:0009611	response to wounding	0.0774538846367773	False	5.59428927599827e-06	False	2	0	0.03872973946302665
GO:0002456	T cell mediated immunity	0.032602050666776	False	0.0489174440810133	False	2	0	0.04075974737389465
GO:0002260	lymphocyte homeostasis	0.0298170369100143	False	0.0604828969211006	False	2	0	0.04514996691555745
GO:1903900	regulation of viral life cycle	0.0649341296270725	False	0.0311346889708157	False	2	0	0.0480344092989441
GO:0072665	protein localization to vacuole	0.0202861020162215	False	0.0783403298515584	False	2	0	0.049313215933889945
GO:0001776	leukocyte homeostasis	0.0117035105732699	False	0.0930262871546577	False	2	0	0.0523648988639638
GO:0002687	positive regulation of leukocyte migration	0.0830525900283366	False	0.0247807339368754	False	2	0	0.053916661982606
GO:0030100	regulation of endocytosis	0.1087706870236532	False	0.0013873522643323	False	2	0	0.05507901964399275
GO:0002699	positive regulation of immune effector process	0.0810994062346331	False	0.0336395477644805	False	2	0	0.0573694769995568
GO:0071260	cellular response to mechanical stimulus	0.0268056405028985	False	0.0929677031081423	False	2	0	0.0598866718055204
GO:0090201	negative regulation of release of cytochrome c from mitochondria	0.0338081933029691	False	0.088104846649764	False	2	0	0.060956519976366544
GO:0031647	regulation of protein stability	0.113686526633282	False	0.0100901217424674	False	2	0	0.0618883241878747
GO:0001961	positive regulation of cytokine-mediated signaling pathway	0.024904730822811	False	0.0993994884528847	False	2	0	0.06215210963784785
GO:0045620	negative regulation of lymphocyte differentiation	0.0502472256533591	False	0.0784615291583194	False	2	0	0.06435437740583926
GO:0050765	negative regulation of phagocytosis	0.0338081933029691	False	0.0988384905678586	False	2	0	0.06632334193541385
GO:0002675	positive regulation of acute inflammatory response	0.0266940347863229	False	0.106493489376336	False	2	0	0.06659376208132944
GO:1904645	response to amyloid-beta	0.0501986567439786	False	0.0858879246988159	False	2	0	0.06804329072139725
GO:0002455	humoral immune response mediated by circulating immunoglobulin	0.0811728883763912	False	0.0579119439668402	False	2	0	0.06954241617161569
GO:0006935	chemotaxis	0.13728512206362	False	0.0024849505384361	False	2	0	0.06988503630102805
GO:0019364	pyridine nucleotide catabolic process	0.0665589769709388	False	0.0760776653742088	False	2	0	0.0713183211725738
GO:0002573	myeloid leukocyte differentiation	0.1389868600175124	False	0.006543374870226	False	2	0	0.0727651174438692
GO:0046164	alcohol catabolic process	0.0682219204486137	False	0.081169703666227	False	2	0	0.07469581205742035
GO:0006796	phosphate-containing compound metabolic process	0.1221357701349819	False	0.0289225791560597	False	2	0	0.07552917464552081
GO:0046545	development of primary female sexual characteristics	0.0171735512180359	False	0.137092545692875	False	2	0	0.07713304845545545
GO:0030595	leukocyte chemotaxis	0.1414907161961819	False	0.015513568624113	False	2	0	0.07850214241014744
GO:1904646	cellular response to amyloid-beta	0.0219346036588267	False	0.135310153074271	False	2	0	0.07862237836654884
GO:0002376	immune system process	0.1403117673146628	False	0.0219495704631684	False	2	0	0.0811306688889156
GO:0019637	organophosphate metabolic process	0.162368009921391	False	1.44449891481028e-05	False	2	0	0.08119122745526955
GO:1901224	positive regulation of non-canonical NF-kappaB signal transduction	0.0519101744029203	False	0.112718137601507	False	2	0	0.08231415600221365
GO:0030888	regulation of B cell proliferation	0.0116696890603069	False	0.157798892724208	False	2	0	0.08473429089225745
GO:0002327	immature B cell differentiation	0.0202810218356717	False	0.150425205643696	False	2	0	0.08535311373968385
GO:0045786	negative regulation of cell cycle	0.1602010935294633	False	0.0108474892676852	False	2	0	0.08552429139857425
GO:0007097	nuclear migration	0.0588233785387814	False	0.112858965531891	False	2	0	0.0858411720353362
GO:0043903	regulation of biological process involved in symbiotic interaction	0.114089113624105	False	0.0596347700675372	False	2	0	0.0868619418458211
GO:0017145	stem cell division	0.0456748862236311	False	0.129884202299773	False	2	0	0.08777954426170204
GO:0060761	negative regulation of response to cytokine stimulus	0.0653668800962783	False	0.117856966630334	False	2	0	0.09161192336330615
GO:0009887	animal organ morphogenesis	0.1092369511133772	False	0.0754195201515778	False	2	0	0.0923282356324775
GO:0001960	negative regulation of cytokine-mediated signaling pathway	0.080448132385747	False	0.105771162442933	False	2	0	0.09310964741434
GO:0006914	autophagy	0.1930072271410578	False	7.03886099548296e-05	False	2	0	0.09653880787550632
GO:0042692	muscle cell differentiation	0.1575841927559399	False	0.0365820172920696	False	2	0	0.09708310502400475
GO:0046835	carbohydrate phosphorylation	0.0588233785387814	False	0.137513952369986	False	2	0	0.0981686654543837
GO:0045591	positive regulation of regulatory T cell differentiation	0.0415686453519987	False	0.155304244675536	False	2	0	0.09843644501376735
GO:0045581	negative regulation of T cell differentiation	0.1137753438629378	False	0.0911848875546127	False	2	0	0.10248011570877524
GO:0001909	leukocyte mediated cytotoxicity	0.1870681647651737	False	0.0185381580492801	False	2	0	0.10280316140722691
GO:0000077	DNA damage checkpoint signaling	0.1616262607348274	False	0.0456891812466487	False	2	0	0.10365772099073804
GO:0030593	neutrophil chemotaxis	0.0232245942435774	False	0.184457749174335	False	2	0	0.1038411717089562
GO:0141087	positive regulation of inflammasome-mediated signaling pathway	0.0171605684910794	False	0.192228201993537	False	2	0	0.1046943852423082
GO:0060070	canonical Wnt signaling pathway	0.162958103987718	False	0.0490855063660969	False	2	0	0.10602180517690746
GO:1905907	negative regulation of amyloid fibril formation	0.1593388199217275	False	0.0630090768385537	False	2	0	0.1111739483801406
GO:0071466	cellular response to xenobiotic stimulus	0.0925060017326709	False	0.130663413288581	False	2	0	0.11158470751062595
GO:0035455	response to interferon-alpha	0.0120196173745131	False	0.215356085625191	False	2	0	0.11368785149985206
GO:0002862	negative regulation of inflammatory response to antigenic stimulus	0.0634631341719269	False	0.166674740943386	False	2	0	0.11506893755765644
GO:0042531	positive regulation of tyrosine phosphorylation of STAT protein	0.0634631341719269	False	0.170992702136285	False	2	0	0.11722791815410595
GO:0045892	negative regulation of DNA-templated transcription	0.2360712090212721	False	1.5602780670104501e-21	False	2	0	0.11803560451063605
GO:0045089	positive regulation of innate immune response	0.2366995034478075	False	2.24884965140201e-05	False	2	0	0.11836099597216075
GO:1904996	positive regulation of leukocyte adhesion to vascular endothelial cell	0.0456748862236311	False	0.191155242932777	False	2	0	0.11841506457820405
GO:1903036	positive regulation of response to wounding	0.0826821173322009	False	0.157798892724208	False	2	0	0.12024050502820445
GO:0006096	glycolytic process	0.1873313764942241	False	0.0566937168492936	False	2	0	0.12201254667175884
GO:0002286	T cell activation involved in immune response	0.1564411173986031	False	0.0903547030238854	False	2	0	0.12339791021124426
GO:0007267	cell-cell signaling	0.0524181560539005	False	0.195612261216093	False	2	0	0.12401520863499674
GO:0010954	positive regulation of protein processing	0.0415686453519987	False	0.2098144925702	False	2	0	0.12569156896109934
GO:0001525	angiogenesis	0.1179057928213222	False	0.133821404200877	False	2	0	0.1258635985110996
GO:0042157	lipoprotein metabolic process	0.0977280532123522	False	0.155304244675536	False	2	0	0.12651614894394408
GO:0045429	positive regulation of nitric oxide biosynthetic process	0.0144842068012581	False	0.239453488584895	False	2	0	0.12696884769307656
GO:0050868	negative regulation of T cell activation	0.2120222124720751	False	0.0464256872558214	False	2	0	0.12922394986394825
GO:0042113	B cell activation	0.2583283184364253	False	0.0006395791636388	False	2	0	0.12948394880003206
GO:0043542	endothelial cell migration	0.0860769456650634	False	0.177649631679652	False	2	0	0.1318632886723577
GO:0043116	negative regulation of vascular permeability	0.0173554124915849	False	0.246692874983344	False	2	0	0.13202414373746446
GO:1990173	protein localization to nucleoplasm	0.2157521885599528	False	0.0516544322950198	False	2	0	0.1337033104274863
GO:0071559	response to transforming growth factor beta	0.0668889047391952	False	0.201366283905816	False	2	0	0.1341275943225056
GO:0034165	positive regulation of toll-like receptor 9 signaling pathway	0.1593388199217275	False	0.112107791771861	False	2	0	0.13572330584679426
GO:0097501	stress response to metal ion	0.1593388199217275	False	0.112187747592222	False	2	0	0.13576328375697475
GO:0006195	purine nucleotide catabolic process	0.1289732560042535	False	0.143241631003028	False	2	0	0.13610744350364073
GO:1903428	positive regulation of reactive oxygen species biosynthetic process	0.2020124850861296	False	0.0735530595903141	False	2	0	0.13778277233822184
GO:0007193	adenylate cyclase-inhibiting G protein-coupled receptor signaling pathway	0.0165413232609662	False	0.262074055758645	False	2	0	0.1393076895098056
GO:0072378	blood coagulation, fibrin clot formation	0.2292563424009257	False	0.0525851490078368	False	2	0	0.14092074570438126
GO:0032725	positive regulation of granulocyte macrophage colony-stimulating factor production	0.1593388199217275	False	0.123378092189509	False	2	0	0.14135845605561825
GO:0097398	cellular response to interleukin-17	0.0415686453519987	False	0.24255288473958	False	2	0	0.14206076504578935
GO:0033632	regulation of cell-cell adhesion mediated by integrin	0.1738099976535393	False	0.111606824035095	False	2	0	0.14270841084431715
GO:2001214	positive regulation of vasculogenesis	0.0121036462715154	False	0.275410899118142	False	2	0	0.14375727269482869
GO:0050821	protein stabilization	0.281299867517209	False	0.0076480145929269	False	2	0	0.14447394105506794
GO:0016192	vesicle-mediated transport	0.2889916107136128	False	5.51819029159153e-06	False	2	0	0.1444985644519522
GO:0006878	intracellular copper ion homeostasis	0.2020124850861296	False	0.0872415043475851	False	2	0	0.14462699471685736
GO:0006213	pyrimidine nucleoside metabolic process	0.1880331417591714	False	0.102920008516273	False	2	0	0.14547657513772222
GO:0072539	T-helper 17 cell differentiation	0.0777073549174161	False	0.215356085625191	False	2	0	0.14653172027130357
GO:0061687	detoxification of inorganic compound	0.2020124850861296	False	0.0929677031081423	False	2	0	0.14749009409713595
GO:0002673	regulation of acute inflammatory response	0.2142804303831923	False	0.0807433614012822	False	2	0	0.14751189589223726
GO:0031665	negative regulation of lipopolysaccharide-mediated signaling pathway	0.0202810218356717	False	0.276236963939913	False	2	0	0.14825899288779235
GO:0001659	temperature homeostasis	0.2915414674156849	False	0.0067633361136038	False	2	0	0.14915240176464434
GO:1903532	positive regulation of secretion by cell	0.2811930381138925	False	0.0172626648431335	False	2	0	0.149227851478513
GO:0002753	cytoplasmic pattern recognition receptor signaling pathway	0.2983611474301469	False	0.0002374824697119	False	2	0	0.1492993149499294
GO:0002684	positive regulation of immune system process	0.0615969400742486	False	0.238269904530011	False	2	0	0.1499334223021298
GO:0032103	positive regulation of response to external stimulus	0.3000240193707817	False	8.40456192074574e-08	False	2	0	0.15001205170820045
GO:0140105	interleukin-10-mediated signaling pathway	0.1738099976535393	False	0.12800429201035	False	2	0	0.15090714483194465
GO:0030575	nuclear body organization	0.0233963399264325	False	0.280616078805702	False	2	0	0.15200620936606724
GO:0031333	negative regulation of protein-containing complex assembly	0.0218882219173283	False	0.284045312308727	False	2	0	0.15296676711302765
GO:0006071	glycerol metabolic process	0.2157521885599528	False	0.0911006061555648	False	2	0	0.1534263973577588
GO:0035743	CD4-positive, alpha-beta T cell cytokine production	0.0233963399264325	False	0.283481533908825	False	2	0	0.15343893691762875
GO:0006911	phagocytosis, engulfment	0.156552911321929	False	0.150648526846076	False	2	0	0.1536007190840025
GO:1904353	regulation of telomere capping	0.2157521885599528	False	0.091851200127906	False	2	0	0.1538016943439294
GO:0070555	response to interleukin-1	0.2892658555131098	False	0.0186674091935854	False	2	0	0.1539666323533476
GO:0001910	regulation of leukocyte mediated cytotoxicity	0.1594156575394516	False	0.149721492850616	False	2	0	0.1545685751950338
GO:0002438	acute inflammatory response to antigenic stimulus	0.1140318703198404	False	0.196127489069124	False	2	0	0.1550796796944822
GO:0006629	lipid metabolic process	0.3145302715325803	False	5.42246128469092e-05	False	2	0	0.1572922480727136
GO:0090385	phagosome-lysosome fusion	0.1880331417591714	False	0.127047998177803	False	2	0	0.1575405699684872
GO:0002474	antigen processing and presentation of peptide antigen via MHC class I	0.2014205665190169	False	0.114136265294659	False	2	0	0.15777841590683794
GO:0002691	regulation of cellular extravasation	0.2285813454407901	False	0.0898822118353824	False	2	0	0.15923177863808624
GO:1901292	nucleoside phosphate catabolic process	0.252941184048419	False	0.0684241908939903	False	2	0	0.16068268747120462
GO:1904262	negative regulation of TORC1 signaling	0.1872594648145189	False	0.134743128437335	False	2	0	0.16100129662592694
GO:0019885	antigen processing and presentation of endogenous peptide antigen via MHC class I	0.2292563424009257	False	0.0938899854720238	False	2	0	0.16157316393647475
GO:0016064	immunoglobulin mediated immune response	0.3020596909146408	False	0.0235075147536696	False	2	0	0.1627836028341552
GO:1903265	positive regulation of tumor necrosis factor-mediated signaling pathway	0.0301669686102288	False	0.295838083716258	False	2	0	0.1630025261632434
GO:0050778	positive regulation of immune response	0.2959513810225171	False	0.0312686371622461	False	2	0	0.1636100090923816
GO:0042573	retinoic acid metabolic process	0.2020124850861296	False	0.126498376807827	False	2	0	0.1642554309469783
GO:0006516	glycoprotein catabolic process	0.2549019078267465	False	0.0764244751832018	False	2	0	0.16566319150497416
GO:0008203	cholesterol metabolic process	0.0911937790518014	False	0.244286836260583	False	2	0	0.1677403076561922
GO:0048143	astrocyte activation	0.268395372730777	False	0.0682847903448318	False	2	0	0.16834008153780441
GO:0016540	protein autoprocessing	0.0301669686102288	False	0.307967922517078	False	2	0	0.16906744556365338
GO:0034114	regulation of heterotypic cell-cell adhesion	0.0266940347863229	False	0.31244870732572	False	2	0	0.16957137105602144
GO:0030154	cell differentiation	0.3344033638626665	False	0.0050800519442156	False	2	0	0.16974170790344106
GO:0048010	vascular endothelial growth factor receptor signaling pathway	0.267835203647829	False	0.0721219661846836	False	2	0	0.16997858491625628
GO:0050862	positive regulation of T cell receptor signaling pathway	0.2555740156963897	False	0.0899606562171266	False	2	0	0.17276733595675814
GO:0032352	positive regulation of hormone metabolic process	0.2020124850861296	False	0.148012345282778	False	2	0	0.17501241518445382
GO:0035666	TRIF-dependent toll-like receptor signaling pathway	0.1738099976535393	False	0.176279374791681	False	2	0	0.17504468622261016
GO:0048771	tissue remodeling	0.144244414364533	False	0.207211729347918	False	2	0	0.17572807185622552
GO:0010803	regulation of tumor necrosis factor-mediated signaling pathway	0.2774315198987557	False	0.0754195201515778	False	2	0	0.17642552002516676
GO:1900221	regulation of amyloid-beta clearance	0.2157521885599528	False	0.137513952369986	False	2	0	0.1766330704649694
GO:0044793	host-mediated suppression of viral proces	0.2292563424009257	False	0.125043655343006	False	2	0	0.17714999887196586
GO:0002888	positive regulation of myeloid leukocyte mediated immunity	0.268395372730777	False	0.0865247073407526	False	2	0	0.17746004003576482
GO:0051457	maintenance of protein location in nucleus	0.0456748862236311	False	0.310322904461873	False	2	0	0.17799889534275204
GO:1900034	regulation of cellular response to heat	0.242528967320306	False	0.113539385250879	False	2	0	0.17803417628559248
GO:0060334	regulation of type II interferon-mediated signaling pathway	0.0173554124915849	False	0.340597838145904	False	2	0	0.17897662531874445
GO:0071493	cellular response to UV-B	0.1738099976535393	False	0.187116403308654	False	2	0	0.18046320048109665
GO:0042744	hydrogen peroxide catabolic process	0.0456748862236311	False	0.318381781011863	False	2	0	0.18202833361774703
GO:0070371	ERK1 and ERK2 cascade	0.1981805391567078	False	0.172902192531201	False	2	0	0.18554136584395442
GO:0150078	positive regulation of neuroinflammatory response	0.2157521885599528	False	0.157798892724208	False	2	0	0.1867755406420804
GO:0032205	negative regulation of telomere maintenance	0.1443286082403621	False	0.231677069284745	False	2	0	0.18800283876255353
GO:0032435	negative regulation of proteasomal ubiquitin-dependent protein catabolic process	0.1269754777607246	False	0.249262442252893	False	2	0	0.1881189600068088
GO:0032727	positive regulation of interferon-alpha production	0.0588233785387814	False	0.318381781011863	False	2	0	0.1886025797753222
GO:0039530	MDA-5 signaling pathway	0.0121036462715154	False	0.365966158065319	False	2	0	0.1890349021684172
GO:0034505	tooth mineralization	0.0266940347863229	False	0.352805473030913	False	2	0	0.18974975390861792
GO:0002029	desensitization of G protein-coupled receptor signaling pathway	0.1738099976535393	False	0.206754740782777	False	2	0	0.19028236921815816
GO:0072523	purine-containing compound catabolic process	0.2662609834134809	False	0.115526720563631	False	2	0	0.19089385198855596
GO:0031623	receptor internalization	0.1215079607173318	False	0.260360654151129	False	2	0	0.1909343074342304
GO:0010759	positive regulation of macrophage chemotaxis	0.242528967320306	False	0.139655242924509	False	2	0	0.19109210512240749
GO:0002291	T cell activation via T cell receptor contact with antigen bound to MHC molecule on antigen presenting cell	0.1738099976535393	False	0.208947611632625	False	2	0	0.19137880464308216
GO:0071360	cellular response to exogenous dsRNA	0.0233963399264325	False	0.361052033524839	False	2	0	0.19222418672563574
GO:0050691	regulation of defense response to virus by host	0.1419550412932576	False	0.242659247210919	False	2	0	0.19230714425208828
GO:0050728	negative regulation of inflammatory response	0.2901439604666906	False	0.0990869810091648	False	2	0	0.1946154707379277
GO:0019882	antigen processing and presentation	0.3622314407733069	False	0.0286873972026084	False	2	0	0.19545941898795763
GO:0036462	TRAIL-activated apoptotic signaling pathway	0.1593388199217275	False	0.231897559265872	False	2	0	0.19561818959379973
GO:0010826	negative regulation of centrosome duplication	0.1738099976535393	False	0.217733704757039	False	2	0	0.19577185120528914
GO:0048227	plasma membrane to endosome transport	0.1593388199217275	False	0.237036935898299	False	2	0	0.19818787791001324
GO:2000737	negative regulation of stem cell differentiation	0.0301669686102288	False	0.368694125792477	False	2	0	0.1994305472013529
GO:0140056	organelle localization by membrane tethering	0.2424629600350779	False	0.157374129239232	False	2	0	0.19991854463715494
GO:0034138	toll-like receptor 3 signaling pathway	0.3292782091016961	False	0.0716810461132247	False	2	0	0.2004796276074604
GO:0035655	interleukin-18-mediated signaling pathway	0.0121036462715154	False	0.389456025575388	False	2	0	0.2007798359234517
GO:0090407	organophosphate biosynthetic process	0.4026196948237188	False	0.0007679317447877	False	2	0	0.20169381328425323
GO:0062197	cellular response to chemical stress	0.1866590066267007	False	0.216841379752498	False	2	0	0.20175019318959936
GO:0006897	endocytosis	0.4037096747150889	False	2.32896340708117e-05	False	2	0	0.20186648217457986
GO:1900182	positive regulation of protein localization to nucleus	0.3769912031319754	False	0.0281583721517088	False	2	0	0.2025747876418421
GO:0030032	lamellipodium assembly	0.2187054892310539	False	0.188728939087218	False	2	0	0.20371721415913596
GO:0042509	regulation of tyrosine phosphorylation of STAT protein	0.0666010128567797	False	0.341529499164624	False	2	0	0.20406525601070186
GO:0002444	myeloid leukocyte mediated immunity	0.3944510863459435	False	0.0140051647559752	False	2	0	0.20422812555095934
GO:0010744	positive regulation of macrophage derived foam cell differentiation	0.2020124850861296	False	0.206948904456031	False	2	0	0.2044806947710803
GO:0051156	glucose 6-phosphate metabolic process	0.3292782091016961	False	0.0821965615056238	False	2	0	0.20573738530365993
GO:2001044	regulation of integrin-mediated signaling pathway	0.268395372730777	False	0.144068860201963	False	2	0	0.20623211646637002
GO:0071294	cellular response to zinc ion	0.1880331417591714	False	0.224654022811746	False	2	0	0.2063435822854587
GO:0006337	nucleosome disassembly	0.242528967320306	False	0.176489921781024	False	2	0	0.209509444550665
GO:0045765	regulation of angiogenesis	0.2697352665594206	False	0.149721492850616	False	2	0	0.2097283797050183
GO:0001937	negative regulation of endothelial cell proliferation	0.0989807052420204	False	0.320606153241838	False	2	0	0.2097934292419292
GO:2000561	regulation of CD4-positive, alpha-beta T cell proliferation	0.1880331417591714	False	0.231677069284745	False	2	0	0.20985510552195819
GO:0042770	signal transduction in response to DNA damage	0.2002539395106021	False	0.219462993157714	False	2	0	0.20985846633415806
GO:0045599	negative regulation of fat cell differentiation	0.1269754777607246	False	0.292745834367928	False	2	0	0.2098606560643263
GO:0071280	cellular response to copper ion	0.2157521885599528	False	0.204256250091516	False	2	0	0.21000421932573438
GO:0060333	type II interferon-mediated signaling pathway	0.2005811285235887	False	0.219462993157714	False	2	0	0.21002206084065134
GO:0009312	oligosaccharide biosynthetic process	0.2809968575851538	False	0.144251232725219	False	2	0	0.2126240451551864
GO:0061180	mammary gland epithelium development	0.3055551638879807	False	0.120594563761563	False	2	0	0.21307486382477187
GO:0140962	multicellular organismal-level chemical homeostasis	0.3400995327017125	False	0.0868875544654987	False	2	0	0.21349354358360562
GO:0038066	p38MAPK cascade	0.2270429697309832	False	0.201433582067654	False	2	0	0.2142382758993186
GO:0006837	serotonin transport	0.2157521885599528	False	0.213612282943905	False	2	0	0.2146822357519289
GO:0032715	negative regulation of interleukin-6 production	0.1212341823714237	False	0.308397331609581	False	2	0	0.21481575699050234
GO:0045055	regulated exocytosis	0.3390482208519345	False	0.0932987897521746	False	2	0	0.21617350530205454
GO:1902570	protein localization to nucleolus	0.3175193034250475	False	0.116897999017663	False	2	0	0.21720865122135527
GO:1900017	positive regulation of cytokine production involved in inflammatory response	0.0588233785387814	False	0.375731972929201	False	2	0	0.2172776757339912
GO:0098703	calcium ion import across plasma membrane	0.2675742248318035	False	0.167115049761997	False	2	0	0.21734463729690023
GO:0002524	hypersensitivity	0.2157521885599528	False	0.219462993157714	False	2	0	0.2176075908588334
GO:0010829	negative regulation of D-glucose transmembrane transport	0.2157521885599528	False	0.219462993157714	False	2	0	0.2176075908588334
GO:0006000	fructose metabolic process	0.1880331417591714	False	0.248132398511144	False	2	0	0.2180827701351577
GO:0035809	regulation of urine volume	0.1593388199217275	False	0.278548736026406	False	2	0	0.21894377797406675
GO:1901798	positive regulation of signal transduction by p53 class mediator	0.3047226975611404	False	0.133739769161892	False	2	0	0.2192312333615162
GO:0043299	leukocyte degranulation	0.3938706946410689	False	0.0450064003278023	False	2	0	0.2194385474844356
GO:0030224	monocyte differentiation	0.2150967001585587	False	0.223800018798105	False	2	0	0.21944835947833186
GO:0036005	response to macrophage colony-stimulating factor	0.2292563424009257	False	0.211312309663728	False	2	0	0.22028432603232684
GO:0046073	dTMP metabolic process	0.1593388199217275	False	0.283481533908825	False	2	0	0.22141017691527626
GO:0002830	positive regulation of type 2 immune response	0.1880331417591714	False	0.255334427938685	False	2	0	0.2216837848489282
GO:0006706	steroid catabolic process	0.2157521885599528	False	0.227863760418024	False	2	0	0.2218079744889884
GO:0008207	C21-steroid hormone metabolic process	0.1140400444220541	False	0.330416158040821	False	2	0	0.22222810123143755
GO:0098586	cellular response to virus	0.0519101744029203	False	0.392675865737169	False	2	0	0.22229302007004464
GO:0033081	regulation of T cell differentiation in thymus	0.2020124850861296	False	0.243733202305586	False	2	0	0.2228728436958578
GO:0031669	cellular response to nutrient levels	0.2947803423708997	False	0.151422988335757	False	2	0	0.22310166535332832
GO:0060143	positive regulation of syncytium formation by plasma membrane fusion	0.1880331417591714	False	0.260085612016404	False	2	0	0.2240593768877877
GO:0032479	regulation of type I interferon production	0.1275278602385716	False	0.321246391960251	False	2	0	0.2243871260994113
GO:0006925	inflammatory cell apoptotic process	0.0985496399918519	False	0.353684040699982	False	2	0	0.22611684034591695
GO:0023061	signal release	0.3277237566144321	False	0.124840096366697	False	2	0	0.22628192649056456
GO:0070372	regulation of ERK1 and ERK2 cascade	0.2766718990517122	False	0.176687582894183	False	2	0	0.22667974097294757
GO:1900153	positive regulation of nuclear-transcribed mRNA catabolic process, deadenylation-dependent decay	0.2020124850861296	False	0.253536576188965	False	2	0	0.22777453063754732
GO:0070374	positive regulation of ERK1 and ERK2 cascade	0.1620647161225561	False	0.294851134665514	False	2	0	0.22845792539403503
GO:0001541	ovarian follicle development	0.3292782091016961	False	0.130572377125887	False	2	0	0.22992529311379156
GO:0007010	cytoskeleton organization	0.2930389799809212	False	0.168764388214511	False	2	0	0.2309016840977161
GO:0010043	response to zinc ion	0.0299732359315523	False	0.434119685466721	False	2	0	0.23204646069913665
GO:0048385	regulation of retinoic acid receptor signaling pathway	0.1738099976535393	False	0.290399078237788	False	2	0	0.23210453794566366
GO:0051604	protein maturation	0.3037724344890272	False	0.162461641051421	False	2	0	0.23311703777022408
GO:0002696	positive regulation of leukocyte activation	0.3454716032019962	False	0.122650569245394	False	2	0	0.2340610862236951
GO:0046599	regulation of centriole replication	0.3408353862725555	False	0.127900628564872	False	2	0	0.23436800741871375
GO:0033032	regulation of myeloid cell apoptotic process	0.0301669686102288	False	0.43886803203936	False	2	0	0.2345175003247944
GO:2001240	negative regulation of extrinsic apoptotic signaling pathway in absence of ligand	0.0499234367176614	False	0.420089181522852	False	2	0	0.23500630912025672
GO:0016114	terpenoid biosynthetic process	0.2933822244989184	False	0.178715927189722	False	2	0	0.2360490758443202
GO:1903306	negative regulation of regulated secretory pathway	0.2555740156963897	False	0.21858908300564	False	2	0	0.23708154935101486
GO:0030501	positive regulation of bone mineralization	0.0936165621622352	False	0.380816262284996	False	2	0	0.23721641222361559
GO:0006302	double-strand break repair	0.4764888512796669	False	1.4870499380818e-06	False	2	0	0.23824516916480248
GO:0051099	positive regulation of binding	0.0373980094215112	False	0.441031317512911	False	2	0	0.2392146634672111
GO:1902476	chloride transmembrane transport	0.2889211484821834	False	0.192228201993537	False	2	0	0.2405746752378602
GO:0090330	regulation of platelet aggregation	0.3292782091016961	False	0.157798892724208	False	2	0	0.24353855091295204
GO:0006805	xenobiotic metabolic process	0.3004394428537785	False	0.187042059470963	False	2	0	0.24374075116237076
GO:0042180	ketone metabolic process	0.4635369155813953	False	0.0254790214946895	False	2	0	0.2445079685380424
GO:0050892	intestinal absorption	0.3633582794728563	False	0.127047998177803	False	2	0	0.24520313882532965
GO:0034113	heterotypic cell-cell adhesion	0.1141035942164942	False	0.376329273649592	False	2	0	0.2452164339330431
GO:0006957	complement activation, alternative pathway	0.1738099976535393	False	0.318381781011863	False	2	0	0.24609588933270116
GO:2000193	positive regulation of fatty acid transport	0.0339846279244211	False	0.458992625806771	False	2	0	0.24648862686559606
GO:0010467	gene expression	0.4930907002548572	False	2.93395764438874e-47	False	2	0	0.2465453501274286
GO:0007041	lysosomal transport	0.3952430947634112	False	0.0978478512712039	False	2	0	0.24654547301730756
GO:0036295	cellular response to increased oxygen levels	0.1880331417591714	False	0.305523152105138	False	2	0	0.2467781469321547
GO:0032743	positive regulation of interleukin-2 production	0.1386434535669579	False	0.355214979589765	False	2	0	0.24692921657836145
GO:0048762	mesenchymal cell differentiation	0.0338996758221292	False	0.460121039641257	False	2	0	0.2470103577316931
GO:0000289	nuclear-transcribed mRNA poly(A) tail shortening	0.4363218582811805	False	0.0593323585409201	False	2	0	0.2478271084110503
GO:0045445	myoblast differentiation	0.3161592264525796	False	0.181747049411324	False	2	0	0.24895313793195178
GO:0045930	negative regulation of mitotic cell cycle	0.2675404363972987	False	0.235005636090919	False	2	0	0.25127303624410885
GO:0030953	astral microtubule organization	0.0233963399264325	False	0.479793332417212	False	2	0	0.25159483617182227
GO:0045724	positive regulation of cilium assembly	0.3633582794728563	False	0.143822615412939	False	2	0	0.25359044744289766
GO:0042475	odontogenesis of dentin-containing tooth	0.3521942806818869	False	0.15515219314353	False	2	0	0.25367323691270843
GO:0003407	neural retina development	0.3957139152715863	False	0.112081989261114	False	2	0	0.25389795226635015
GO:1902042	negative regulation of extrinsic apoptotic signaling pathway via death domain receptors	0.0456748862236311	False	0.462234592889436	False	2	0	0.2539547395565336
GO:0002827	positive regulation of T-helper 1 type immune response	0.2292563424009257	False	0.278740781805331	False	2	0	0.2539985621031284
GO:0044314	protein K27-linked ubiquitination	0.2157521885599528	False	0.292745834367928	False	2	0	0.2542490114639404
GO:0043065	positive regulation of apoptotic process	0.2048582942567678	False	0.304269165292296	False	2	0	0.2545637297745319
GO:0016032	viral process	0.1655763559869393	False	0.343915255241045	False	2	0	0.2547458056139921
GO:0035771	interleukin-4-mediated signaling pathway	0.1880331417591714	False	0.323359332795139	False	2	0	0.2556962372771552
GO:0009820	alkaloid metabolic process	0.1880331417591714	False	0.324750805579238	False	2	0	0.25639197366920474
GO:0010165	response to X-ray	0.0376109461118002	False	0.47715260496238	False	2	0	0.2573817755370901
GO:0042572	retinol metabolic process	0.4061310653788047	False	0.108758088599356	False	2	0	0.25744457698908035
GO:0072672	neutrophil extravasation	0.1880331417591714	False	0.329674639561892	False	2	0	0.2588538906605317
GO:0001778	plasma membrane repair	0.3521942806818869	False	0.166674740943386	False	2	0	0.25943451081263647
GO:0150104	transport across blood-brain barrier	0.3521886655236208	False	0.166882389750654	False	2	0	0.2595355276371374
GO:0050922	negative regulation of chemotaxis	0.2014342579407275	False	0.318381781011863	False	2	0	0.25990801947629527
GO:0034103	regulation of tissue remodeling	0.2552031615463204	False	0.265489642120689	False	2	0	0.26034640183350466
GO:0071276	cellular response to cadmium ion	0.2020124850861296	False	0.318984970438072	False	2	0	0.2604987277621008
GO:0060173	limb development	0.2930804430578634	False	0.230976757430861	False	2	0	0.2620286002443622
GO:0150077	regulation of neuroinflammatory response	0.2418213299096346	False	0.283606251068043	False	2	0	0.2627137904888388
GO:1901836	regulation of transcription of nucleolar large rRNA by RNA polymerase I	0.2292563424009257	False	0.29661783635797	False	2	0	0.2629370893794479
GO:0034111	negative regulation of homotypic cell-cell adhesion	0.1593388199217275	False	0.367547732434039	False	2	0	0.2634432761778832
GO:0061384	heart trabecula morphogenesis	0.268395372730777	False	0.260085612016404	False	2	0	0.2642404923735905
GO:0002756	MyD88-independent toll-like receptor signaling pathway	0.0828234463458447	False	0.44854536971273	False	2	0	0.26568440802928733
GO:0072330	monocarboxylic acid biosynthetic process	0.5084577324794964	False	0.0252176161640418	False	2	0	0.26683767432176914
GO:0046598	positive regulation of viral entry into host cell	0.1738099976535393	False	0.360578342454581	False	2	0	0.26719417005406015
GO:0019216	regulation of lipid metabolic process	0.3922558598561146	False	0.144225442383081	False	2	0	0.26824065111959783
GO:0032388	positive regulation of intracellular transport	0.510448687374866	False	0.0261762497577383	False	2	0	0.2683124685663022
GO:1990090	cellular response to nerve growth factor stimulus	0.1269754777607246	False	0.412207304349445	False	2	0	0.2695913910550848
GO:0042551	neuron maturation	0.0831589450327553	False	0.456639397395768	False	2	0	0.26989917121426166
GO:0055074	calcium ion homeostasis	0.0202738580511455	False	0.525245868630662	False	2	0	0.27275986334090374
GO:1903077	negative regulation of protein localization to plasma membrane	0.3175193034250475	False	0.232731119540366	False	2	0	0.27512521148270674
GO:0070373	negative regulation of ERK1 and ERK2 cascade	0.0600128521951477	False	0.490360669547413	False	2	0	0.27518676087128036
GO:0000018	regulation of DNA recombination	0.542742819805816	False	0.0095187695287512	False	2	0	0.2761307946672836
GO:2000059	negative regulation of ubiquitin-dependent protein catabolic process	0.2412394464548234	False	0.312004374179003	False	2	0	0.2766219103169132
GO:0051701	biological process involved in interaction with host	0.3824134702038871	False	0.172098367424038	False	2	0	0.27725591881396255
GO:1900745	positive regulation of p38MAPK cascade	0.0456748862236311	False	0.50973527602786	False	2	0	0.27770508112574555
GO:0015914	phospholipid transport	0.1734696371413945	False	0.382872941146234	False	2	0	0.2781712891438142
GO:0002720	positive regulation of cytokine production involved in immune response	0.4882350596152567	False	0.0686262042364168	False	2	0	0.2784306319258367
GO:0002548	monocyte chemotaxis	0.4742121164333632	False	0.0856242857679876	False	2	0	0.2799182011006754
GO:0090398	cellular senescence	0.1507630660665889	False	0.409954640212596	False	2	0	0.2803588531395924
GO:0071404	cellular response to low-density lipoprotein particle stimulus	0.3743307121798023	False	0.186667567575278	False	2	0	0.28049913987754016
GO:0001649	osteoblast differentiation	0.1174636891302614	False	0.445489962903905	False	2	0	0.28147682601708324
GO:0050920	regulation of chemotaxis	0.2143225407436846	False	0.350487560180504	False	2	0	0.2824050504620943
GO:0050859	negative regulation of B cell receptor signaling pathway	0.0121036462715154	False	0.552913561026912	False	2	0	0.2825086036492137
GO:0002693	positive regulation of cellular extravasation	0.2157521885599528	False	0.350553824308313	False	2	0	0.2831530064341329
GO:0006997	nucleus organization	0.5628785587876659	False	0.0058062851414889	False	2	0	0.28434242196457743
GO:0018198	peptidyl-cysteine modification	0.2809968575851538	False	0.288705546193424	False	2	0	0.2848512018892889
GO:0010629	negative regulation of gene expression	0.5694180395377488	False	0.0007252582514883	False	2	0	0.28507164889461856
GO:0072088	nephron epithelium morphogenesis	0.3633582794728563	False	0.206895631270458	False	2	0	0.28512695537165716
GO:1901678	iron coordination entity transport	0.0146270426036104	False	0.555938505908344	False	2	0	0.2852827742559772
GO:0030326	embryonic limb morphogenesis	0.4061310653788047	False	0.167115049761997	False	2	0	0.28662305757040085
GO:0010468	regulation of gene expression	0.574271433430545	False	8.18321085391369e-37	False	2	0	0.2871357167152725
GO:0061158	3'-UTR-mediated mRNA destabilization	0.3175193034250475	False	0.25727324448362	False	2	0	0.28739627395433376
GO:0006979	response to oxidative stress	0.5744366843970201	False	0.0008635127850796	False	2	0	0.28765009859104984
GO:0044828	host-mediated suppression of viral genome replication	0.1738099976535393	False	0.401753313826495	False	2	0	0.28778165574001713
GO:0032695	negative regulation of interleukin-12 production	0.2157521885599528	False	0.361166617455288	False	2	0	0.2884594030076204
GO:0006658	phosphatidylserine metabolic process	0.268395372730777	False	0.310750368155903	False	2	0	0.28957287044334
GO:0010594	regulation of endothelial cell migration	0.0296907869616943	False	0.549623955234045	False	2	0	0.2896573710978696
GO:0035315	hair cell differentiation	0.2809968575851538	False	0.301277514726327	False	2	0	0.2911371861557404
GO:0042632	cholesterol homeostasis	0.3521886655236208	False	0.230934447072974	False	2	0	0.2915615562982974
GO:1902275	regulation of chromatin organization	0.4163694107166976	False	0.167115049761997	False	2	0	0.2917422302393473
GO:0050867	positive regulation of cell activation	0.1355007137156763	False	0.449070282448775	False	2	0	0.29228549808222565
GO:0022604	regulation of cell morphogenesis	0.3704651546221709	False	0.214381872384099	False	2	0	0.29242351350313495
GO:0006094	gluconeogenesis	0.3846331944516392	False	0.201433582067654	False	2	0	0.2930333882596466
GO:0061982	meiosis I cell cycle process	0.1594938682727751	False	0.428186814259968	False	2	0	0.29384034126637154
GO:0019674	NAD+ metabolic process	0.4649842173144969	False	0.123344375448522	False	2	0	0.2941642963815094
GO:0051259	protein complex oligomerization	0.0215110526398833	False	0.566841172312696	False	2	0	0.29417611247628966
GO:1902175	regulation of oxidative stress-induced intrinsic apoptotic signaling pathway	0.0829383692211487	False	0.505942468302339	False	2	0	0.29444041876174387
GO:0015850	organic hydroxy compound transport	0.5846876964101116	False	0.0044686691993374	False	2	0	0.29457818280472453
GO:0090090	negative regulation of canonical Wnt signaling pathway	0.2379508405673085	False	0.364102912523225	False	2	0	0.3010268765452668
GO:0045124	regulation of bone resorption	0.4163694107166976	False	0.19056426669347	False	2	0	0.3034668387050838
GO:0015833	peptide transport	0.2679322234967003	False	0.340008684607513	False	2	0	0.30397045405210665
GO:0045830	positive regulation of isotype switching	0.268395372730777	False	0.340597838145904	False	2	0	0.3044966054383405
GO:0002430	complement receptor mediated signaling pathway	0.0233963399264325	False	0.585705113285982	False	2	0	0.30455072660620724
GO:0030500	regulation of bone mineralization	0.0581460731862976	False	0.551952071331322	False	2	0	0.3050490722588098
GO:0000132	establishment of mitotic spindle orientation	0.3521942806818869	False	0.260085612016404	False	2	0	0.30613994634914543
GO:0032228	regulation of synaptic transmission, GABAergic	0.2933822244989184	False	0.318984970438072	False	2	0	0.3061835974684952
GO:0002313	mature B cell differentiation involved in immune response	0.0543082336095808	False	0.558794867207044	False	2	0	0.3065515504083124
GO:0030857	negative regulation of epithelial cell differentiation	0.0499234367176614	False	0.564847325466941	False	2	0	0.30738538109230124
GO:0033280	response to vitamin D	0.3521942806818869	False	0.263435552222869	False	2	0	0.30781491645237796
GO:0001556	oocyte maturation	0.2292563424009257	False	0.388666373405823	False	2	0	0.30896135790337437
GO:0042178	xenobiotic catabolic process	0.268395372730777	False	0.350211025183343	False	2	0	0.30930319895706004
GO:0001780	neutrophil homeostasis	0.1880331417591714	False	0.431553786841792	False	2	0	0.3097934643004817
GO:0043687	post-translational protein modification	0.5706476950786293	False	0.0501984336175978	False	2	0	0.31042306434811356
GO:0070050	neuron cellular homeostasis	0.4832815397540771	False	0.137923572723851	False	2	0	0.31060255623896404
GO:0035886	vascular associated smooth muscle cell differentiation	0.268395372730777	False	0.354435838290785	False	2	0	0.311415605510781
GO:0010608	post-transcriptional regulation of gene expression	0.6266338981606576	False	1.27233232373203e-07	False	2	0	0.313317012696945
GO:0055008	cardiac muscle tissue morphogenesis	0.385114851703767	False	0.24226490698669	False	2	0	0.3136898793452285
GO:0009223	pyrimidine deoxyribonucleotide catabolic process	0.2555740156963897	False	0.374174506067232	False	2	0	0.31487426088181086
GO:0042593	glucose homeostasis	0.2247443919535213	False	0.405313937266994	False	2	0	0.31502916461025765
GO:1901264	carbohydrate derivative transport	0.592636015898667	False	0.0386641004910554	False	2	0	0.3156500581948612
GO:0045665	negative regulation of neuron differentiation	0.3175193034250475	False	0.314437625473817	False	2	0	0.31597846444943223
GO:0072678	T cell migration	0.1360637826763353	False	0.49760975918951	False	2	0	0.3168367709329226
GO:0043171	peptide catabolic process	0.2292563424009257	False	0.405313937266994	False	2	0	0.31728513983395984
GO:0008209	androgen metabolic process	0.2157521885599528	False	0.419704971773021	False	2	0	0.3177285801664869
GO:0002715	regulation of natural killer cell mediated immunity	0.0830171844791566	False	0.553738112470436	False	2	0	0.3183776484747963
GO:0043388	positive regulation of DNA binding	0.2555740156963897	False	0.38164063947478	False	2	0	0.31860732758558485
GO:0044273	sulfur compound catabolic process	0.385114851703767	False	0.253002735673927	False	2	0	0.31905879368884704
GO:0045727	positive regulation of translation	0.6101847690484519	False	0.0280042864422357	False	2	0	0.3190945277453438
GO:0071480	cellular response to gamma radiation	0.2809968575851538	False	0.357676668436564	False	2	0	0.3193367630108589
GO:0007095	mitotic G2 DNA damage checkpoint signaling	0.1099567687627195	False	0.529750035375263	False	2	0	0.31985340206899127
GO:0009636	response to toxic substance	0.6275268405562937	False	0.0122217904408737	False	2	0	0.3198743154985837
GO:0031146	SCF-dependent proteasomal ubiquitin-dependent protein catabolic process	0.3646356638149624	False	0.275885283676261	False	2	0	0.3202604737456117
GO:0042130	negative regulation of T cell proliferation	0.3921912492759938	False	0.248728886259073	False	2	0	0.3204600677675334
GO:1902041	regulation of extrinsic apoptotic signaling pathway via death domain receptors	0.1436344635643462	False	0.498057260891136	False	2	0	0.3208458622277411
GO:0009416	response to light stimulus	0.5799054026063912	False	0.0657632252835457	False	2	0	0.3228343139449685
GO:1901889	negative regulation of cell junction assembly	0.4061310653788047	False	0.241478607027196	False	2	0	0.3238048362030004
GO:0030852	regulation of granulocyte differentiation	0.0146270426036104	False	0.633351640807845	False	2	0	0.3239893417057277
GO:1904862	inhibitory synapse assembly	0.2157521885599528	False	0.434119685466721	False	2	0	0.3249359370133369
GO:0019218	regulation of steroid metabolic process	0.2157069046656325	False	0.436031736280166	False	2	0	0.32586932047289924
GO:1900227	positive regulation of NLRP3 inflammasome complex assembly	0.3743307121798023	False	0.279854531413136	False	2	0	0.32709262179646914
GO:0046885	regulation of hormone biosynthetic process	0.242528967320306	False	0.416225090191826	False	2	0	0.329377028756066
GO:0006418	tRNA aminoacylation for protein translation	0.5345186512015745	False	0.129123769068027	False	2	0	0.33182121013480076
GO:0032211	negative regulation of telomere maintenance via telomerase	0.3175193034250475	False	0.346986578413599	False	2	0	0.3322529409193232
GO:0006974	DNA damage response	0.6661820458248823	False	2.39815109973783e-07	False	2	0	0.33309114281999613
GO:0071560	cellular response to transforming growth factor beta stimulus	0.4553349144043318	False	0.211290831667297	False	2	0	0.3333128730358144
GO:0060325	face morphogenesis	0.2292563424009257	False	0.4390073494622	False	2	0	0.33413184593156287
GO:0001942	hair follicle development	0.2417573522552317	False	0.4266441757581	False	2	0	0.3342007640066659
GO:0002890	negative regulation of immunoglobulin mediated immune response	0.1593388199217275	False	0.510579570299616	False	2	0	0.33495919511067174
GO:0048477	oogenesis	0.2420134647127956	False	0.429609930854085	False	2	0	0.33581169778344033
GO:0016485	protein processing	0.6716868162924885	False	0.0017945476228835	False	2	0	0.33674068195768597
GO:0150063	visual system development	0.0675346020650106	False	0.606681000773466	False	2	0	0.3371078014192383
GO:0060428	lung epithelium development	0.1593388199217275	False	0.516263763955475	False	2	0	0.33780129193860126
GO:0043517	positive regulation of DNA damage response, signal transduction by p53 class mediator	0.2292563424009257	False	0.447108047004377	False	2	0	0.3381821947026514
GO:2000659	regulation of interleukin-1-mediated signaling pathway	0.1738099976535393	False	0.505325210374068	False	2	0	0.33956760401380365
GO:0038096	Fc-gamma receptor signaling pathway involved in phagocytosis	0.3292782091016961	False	0.349980828648163	False	2	0	0.33962951887492954
GO:2000341	regulation of chemokine (C-X-C motif) ligand 2 production	0.0233963399264325	False	0.656423259408111	False	2	0	0.33990979966727175
GO:0055017	cardiac muscle tissue growth	0.5263447643003082	False	0.156135911555071	False	2	0	0.3412403379276896
GO:0008637	apoptotic mitochondrial changes	0.4769735495733879	False	0.207211729347918	False	2	0	0.34209263946065294
GO:0043149	stress fiber assembly	0.2408471928865672	False	0.4443730673871	False	2	0	0.3426101301368336
GO:0071479	cellular response to ionizing radiation	0.1438795737130851	False	0.541911515792849	False	2	0	0.3428955447529671
GO:0051493	regulation of cytoskeleton organization	0.2038577437498017	False	0.482929841864258	False	2	0	0.34339379280702986
GO:0010460	positive regulation of heart rate	0.2292563424009257	False	0.461650046332247	False	2	0	0.34545319436658634
GO:0048278	vesicle docking	0.6089160995547745	False	0.0821965615056238	False	2	0	0.3455563305301992
GO:0032530	regulation of microvillus organization	0.2292563424009257	False	0.461869719748184	False	2	0	0.3455630310745549
GO:1903715	regulation of aerobic respiration	0.3633582794728563	False	0.32800115116667	False	2	0	0.34567971531976316
GO:0045723	positive regulation of fatty acid biosynthetic process	0.2555740156963897	False	0.435932388212998	False	2	0	0.34575320195469383
GO:0007584	response to nutrient	0.4911362575383793	False	0.200832266327276	False	2	0	0.34598426193282766
GO:0051781	positive regulation of cell division	0.0202209351593049	False	0.67232203308871	False	2	0	0.34627148412400743
GO:0010506	regulation of autophagy	0.5408975953890843	False	0.157798892724208	False	2	0	0.34934824405664616
GO:1902742	apoptotic process involved in development	0.2157521885599528	False	0.482969439602503	False	2	0	0.3493608140812279
GO:0006110	regulation of glycolytic process	0.5263447643003082	False	0.17252571580053	False	2	0	0.3494352400504191
GO:0036035	osteoclast development	0.1738099976535393	False	0.526196596048799	False	2	0	0.35000329685116915
GO:0000027	ribosomal large subunit assembly	0.3633582794728563	False	0.341529499164624	False	2	0	0.35244388931874016
GO:0098974	postsynaptic actin cytoskeleton organization	0.1738099976535393	False	0.531325834801231	False	2	0	0.35256791622738515
GO:0097190	apoptotic signaling pathway	0.4676003421413766	False	0.238011331965127	False	2	0	0.3528058370532518
GO:0051017	actin filament bundle assembly	0.4706917709990428	False	0.235240413988172	False	2	0	0.3529660924936074
GO:0090148	membrane fission	0.5345186512015745	False	0.172098785816332	False	2	0	0.35330871850895323
GO:0046427	positive regulation of receptor signaling pathway via JAK-STAT	0.4264320070836515	False	0.281149031507033	False	2	0	0.3537905192953422
GO:0046718	symbiont entry into host cell	0.2274059868969166	False	0.482152020737245	False	2	0	0.35477900381708083
GO:0006790	sulfur compound metabolic process	0.6891629858713106	False	0.0214463262537335	False	2	0	0.3553046560625221
GO:1901797	negative regulation of signal transduction by p53 class mediator	0.4742121164333632	False	0.237036935898299	False	2	0	0.35562452616583107
GO:0050732	negative regulation of peptidyl-tyrosine phosphorylation	0.0543082336095808	False	0.657154054460799	False	2	0	0.3557311440351899
GO:0045056	transcytosis	0.2292563424009257	False	0.482681856294317	False	2	0	0.35596909934762133
GO:0010544	negative regulation of platelet activation	0.2157521885599528	False	0.497752217125963	False	2	0	0.3567522028429579
GO:1903670	regulation of sprouting angiogenesis	0.115559920730704	False	0.598143843211458	False	2	0	0.356851881971081
GO:0032674	regulation of interleukin-5 production	0.2020124850861296	False	0.511704200203397	False	2	0	0.3568583426447633
GO:0015721	bile acid and bile salt transport	0.268395372730777	False	0.445895562814301	False	2	0	0.35714546777253897
GO:0140029	exocytic process	0.5868170886446176	False	0.127900628564872	False	2	0	0.3573588586047448
GO:2000108	positive regulation of leukocyte apoptotic process	0.1588259636398536	False	0.55892848777033	False	2	0	0.3588772257050918
GO:0030855	epithelial cell differentiation	0.1893623449031861	False	0.531325834801231	False	2	0	0.36034408985220856
GO:0140467	integrated stress response signaling	0.5950503485256633	False	0.127837264229253	False	2	0	0.36144380637745815
GO:0051497	negative regulation of stress fiber assembly	0.3175193034250475	False	0.407003656628238	False	2	0	0.36226148002664277
GO:0019725	cellular homeostasis	0.6636572906239822	False	0.0614682369120012	False	2	0	0.3625627637679917
GO:0006468	protein phosphorylation	0.0732416156989386	False	0.65197970358697	False	2	0	0.3626106596429543
GO:0033003	regulation of mast cell activation	0.242528967320306	False	0.482751527241679	False	2	0	0.36264024728099253
GO:0010628	positive regulation of gene expression	0.2704102958123494	False	0.455259556057688	False	2	0	0.36283492593501865
GO:0042753	positive regulation of circadian rhythm	0.1738099976535393	False	0.552913561026912	False	2	0	0.3633617793402257
GO:0070102	interleukin-6-mediated signaling pathway	0.2555740156963897	False	0.472083564613797	False	2	0	0.3638287901550934
GO:0048681	negative regulation of axon regeneration	0.1880331417591714	False	0.539707385354774	False	2	0	0.3638702635569727
GO:0031670	cellular response to nutrient	0.4742121164333632	False	0.256985688724982	False	2	0	0.3655989025791726
GO:0035850	epithelial cell differentiation involved in kidney development	0.0883410718048366	False	0.644060700433343	False	2	0	0.3662008861190898
GO:0150146	cell junction disassembly	0.0818495054525019	False	0.65197970358697	False	2	0	0.36691460451973595
GO:0006633	fatty acid biosynthetic process	0.6813547394292934	False	0.0525851490078368	False	2	0	0.3669699442185651
GO:0070198	protein localization to chromosome, telomeric region	0.2292563424009257	False	0.50973527602786	False	2	0	0.36949580921439285
GO:0000122	negative regulation of transcription by RNA polymerase II	0.7399816040793744	False	2.98013224436661e-12	False	2	0	0.3699908020411773
GO:0071695	anatomical structure maturation	0.2524561281556189	False	0.489779702847986	False	2	0	0.37111791550180245
GO:2000515	negative regulation of CD4-positive, alpha-beta T cell activation	0.1442167610732553	False	0.598143843211458	False	2	0	0.37118030214235664
GO:0036337	Fas signaling pathway	0.1593388199217275	False	0.583234736632122	False	2	0	0.37128677827692474
GO:0006882	intracellular zinc ion homeostasis	0.0499234367176614	False	0.693688486705461	False	2	0	0.3718059617115612
GO:1901137	carbohydrate derivative biosynthetic process	0.6206314215572488	False	0.123344375448522	False	2	0	0.3719878985028854
GO:1901993	regulation of meiotic cell cycle phase transition	0.1593388199217275	False	0.585302212677614	False	2	0	0.3723205162996707
GO:0072697	protein localization to cell cortex	0.1593388199217275	False	0.585705113285982	False	2	0	0.3725219666038547
GO:0039535	regulation of RIG-I signaling pathway	0.0415686453519987	False	0.70393558175671	False	2	0	0.37275211355435434
GO:0030239	myofibril assembly	0.49219519708449	False	0.254749238758272	False	2	0	0.37347221792138097
GO:0061042	vascular wound healing	0.2292563424009257	False	0.519213363554648	False	2	0	0.37423485297778686
GO:0051896	regulation of phosphatidylinositol 3-kinase/protein kinase B signal transduction	0.2151272651752678	False	0.535309450110432	False	2	0	0.3752183576428499
GO:0051240	positive regulation of multicellular organismal process	0.7219588661958647	False	0.0320213275350078	False	2	0	0.3769900968654362
GO:0031503	protein-containing complex localization	0.1499348315692328	False	0.604369960888511	False	2	0	0.3771523962288719
GO:0019226	transmission of nerve impulse	0.385114851703767	False	0.371577947464677	False	2	0	0.378346399584222
GO:0043367	CD4-positive, alpha-beta T cell differentiation	0.01679714220567	False	0.740201719635164	False	2	0	0.378499430920417
GO:0046329	negative regulation of JNK cascade	0.4264320070836515	False	0.330632405742745	False	2	0	0.37853220641319824
GO:0008104	intracellular protein localization	0.1523980023631381	False	0.606629757416245	False	2	0	0.37951387988969154
GO:0006575	modified amino acid metabolic process	0.7598282082767891	False	0.0025878535775991	False	2	0	0.3812080309271941
GO:0006325	chromatin organization	0.7625249931605738	False	2.5582985632132598e-18	False	2	0	0.3812624965802869
GO:0030335	positive regulation of cell migration	0.0616164078068828	False	0.701412458393555	False	2	0	0.38151443310021893
GO:0010893	positive regulation of steroid biosynthetic process	0.3175193034250475	False	0.44600240753378	False	2	0	0.38176085547941374
GO:0031629	synaptic vesicle fusion to presynaptic active zone membrane	0.268395372730777	False	0.495673013051692	False	2	0	0.3820341928912345
GO:0035338	long-chain fatty-acyl-CoA biosynthetic process	0.2555740156963897	False	0.508573622841105	False	2	0	0.38207381926874734
GO:0051260	protein homooligomerization	0.5888516743407997	False	0.180573270320595	False	2	0	0.38471247233069733
GO:0006081	aldehyde metabolic process	0.6477404428208373	False	0.123378092189509	False	2	0	0.38555926750517316
GO:0019538	protein metabolic process	0.2132734791846918	False	0.558247765897646	False	2	0	0.38576062254116894
GO:0042398	modified amino acid biosynthetic process	0.4649842173144969	False	0.306863894812518	False	2	0	0.38592405606350744
GO:0043524	negative regulation of neuron apoptotic process	0.032020032637643	False	0.740014200538828	False	2	0	0.3860171165882355
GO:0032733	positive regulation of interleukin-10 production	0.0172574337552331	False	0.755708085619145	False	2	0	0.3864827596871891
GO:0002838	negative regulation of immune response to tumor cell	0.0146270426036104	False	0.758404066302082	False	2	0	0.3865155544528462
GO:0034121	regulation of toll-like receptor signaling pathway	0.1099567687627195	False	0.664523762582358	False	2	0	0.3872402656725388
GO:0002062	chondrocyte differentiation	0.6156706733977799	False	0.15983098901235	False	2	0	0.3877508312050649
GO:0007009	plasma membrane organization	0.5222506899723866	False	0.253477533972987	False	2	0	0.3878641119726868
GO:0048705	skeletal system morphogenesis	0.4641900216794974	False	0.31169282439919	False	2	0	0.3879414230393437
GO:0032753	positive regulation of interleukin-4 production	0.2933822244989184	False	0.483383696181443	False	2	0	0.3883829603401807
GO:0090160	Golgi to lysosome transport	0.1880331417591714	False	0.589941916801518	False	2	0	0.3889875292803447
GO:2000352	negative regulation of endothelial cell apoptotic process	0.2809968575851538	False	0.500600344155424	False	2	0	0.3907986008702889
GO:0055085	transmembrane transport	0.7821686450628277	False	1.51430731042802e-05	False	2	0	0.39109189406796596
GO:0045717	negative regulation of fatty acid biosynthetic process	0.2157521885599528	False	0.566841172312696	False	2	0	0.39129668043632443
GO:0007420	brain development	0.5227076693189995	False	0.260085612016404	False	2	0	0.39139664066770175
GO:0003376	sphingosine-1-phosphate receptor signaling pathway	0.0233963399264325	False	0.762205618854625	False	2	0	0.39280097939052877
GO:0002115	store-operated calcium entry	0.2555740156963897	False	0.530906799373185	False	2	0	0.39324040753478734
GO:1904707	positive regulation of vascular associated smooth muscle cell proliferation	0.4163694107166976	False	0.372279421290007	False	2	0	0.39432441600335233
GO:1900027	regulation of ruffle assembly	0.3408353862725555	False	0.448408386461364	False	2	0	0.3946218863669597
GO:0007159	leukocyte cell-cell adhesion	0.0261782126098604	False	0.763205852984463	False	2	0	0.3946920327971617
GO:0045595	regulation of cell differentiation	0.3635123111892734	False	0.427881976068408	False	2	0	0.3956971436288407
GO:0032305	positive regulation of icosanoid secretion	0.1593388199217275	False	0.633797248947656	False	2	0	0.39656803443469174
GO:0010718	positive regulation of epithelial to mesenchymal transition	0.0396903598560853	False	0.755708085619145	False	2	0	0.39769922273761515
GO:0055001	muscle cell development	0.1883296218011525	False	0.608002778398676	False	2	0	0.39816620009991427
GO:0031069	hair follicle morphogenesis	0.1593388199217275	False	0.637663089333911	False	2	0	0.39850095462781926
GO:1900744	regulation of p38MAPK cascade	0.1582676566109564	False	0.640320547807416	False	2	0	0.3992941022091862
GO:0099558	maintenance of synapse structure	0.3175193034250475	False	0.482751527241679	False	2	0	0.4001354153333633
GO:0008360	regulation of cell shape	0.5471286357899648	False	0.254515480784143	False	2	0	0.4008220582870539
GO:0030041	actin filament polymerization	0.3630456731720607	False	0.4390073494622	False	2	0	0.40102651131713035
GO:0045601	regulation of endothelial cell differentiation	0.201447951215151	False	0.601742291904141	False	2	0	0.401595121559646
GO:0051965	positive regulation of synapse assembly	0.446041916994831	False	0.361052033524839	False	2	0	0.40354697525983496
GO:0048872	homeostasis of number of cells	0.3296552050110004	False	0.47979881371075	False	2	0	0.4047270093608752
GO:0001773	myeloid dendritic cell activation	0.0173554124915849	False	0.795274797678957	False	2	0	0.40631510508527097
GO:0002423	natural killer cell mediated immune response to tumor cell	0.1593388199217275	False	0.653885927593817	False	2	0	0.40661237375777226
GO:0018105	peptidyl-serine phosphorylation	0.6477404428208373	False	0.167115049761997	False	2	0	0.40742774629141715
GO:0050709	negative regulation of protein secretion	0.0352665014873878	False	0.779834164765832	False	2	0	0.40755033312660993
GO:0019755	one-carbon compound transport	0.242528967320306	False	0.57362720902418	False	2	0	0.408078088172243
GO:0046632	alpha-beta T cell differentiation	0.0491602607826995	False	0.769943232048703	False	2	0	0.40955174641570125
GO:0006826	iron ion transport	0.2917102230393191	False	0.527853807515128	False	2	0	0.4097820152772236
GO:1903749	positive regulation of protein localization to mitochondrion	0.4363218582811805	False	0.384624137120454	False	2	0	0.41047299770081724
GO:1903829	positive regulation of protein localization	0.5545148598344658	False	0.268291363600222	False	2	0	0.4114031117173439
GO:0010522	regulation of calcium ion transport into cytosol	0.1593388199217275	False	0.663631102416614	False	2	0	0.41148496116917077
GO:0045649	regulation of macrophage differentiation	0.2555740156963897	False	0.568187561386913	False	2	0	0.41188078854165133
GO:0015867	ATP transport	0.0456748862236311	False	0.779955112282208	False	2	0	0.4128149992529196
GO:0071888	macrophage apoptotic process	0.1738099976535393	False	0.65197970358697	False	2	0	0.41289485062025466
GO:0002664	regulation of T cell tolerance induction	0.1738099976535393	False	0.652737723421144	False	2	0	0.41327386053734166
GO:0089718	amino acid import across plasma membrane	0.4555950856602255	False	0.375018361130647	False	2	0	0.4153067233954363
GO:0070936	protein K48-linked ubiquitination	0.5103527783834692	False	0.320906340868276	False	2	0	0.41562955962587256
GO:0090266	regulation of mitotic cell cycle spindle assembly checkpoint	0.4061310653788047	False	0.4266441757581	False	2	0	0.41638762056845235
GO:0007399	nervous system development	0.8217985523369453	False	0.0118521865895222	False	2	0	0.4168253694632338
GO:0051703	biological process involved in intraspecies interaction between organisms	0.3292782091016961	False	0.506142279041261	False	2	0	0.4177102440714785
GO:0085020	protein K6-linked ubiquitination	0.242528967320306	False	0.593485051590911	False	2	0	0.41800700945560854
GO:0043412	macromolecule modification	0.8340754313381038	False	0.0019635766100218	False	2	0	0.4180195039740628
GO:0051132	NK T cell activation	0.0543082336095808	False	0.782175266396609	False	2	0	0.4182417500030949
GO:0010640	regulation of platelet-derived growth factor receptor signaling pathway	0.2809968575851538	False	0.555726451762903	False	2	0	0.4183616546740284
GO:2000785	regulation of autophagosome assembly	0.3400576803982933	False	0.4968010586105	False	2	0	0.4184293695043967
GO:0090083	regulation of inclusion body assembly	0.2555740156963897	False	0.582842331341283	False	2	0	0.4192081735188364
GO:0034504	protein localization to nucleus	0.8217697138251072	False	0.0186674091935854	False	2	0	0.42021856150934633
GO:0007259	cell surface receptor signaling pathway via JAK-STAT	0.4227230570198881	False	0.418935951649804	False	2	0	0.42082950433484606
GO:0051321	meiotic cell cycle	0.2435413938094456	False	0.598202206462029	False	2	0	0.42087180013573733
GO:0048679	regulation of axon regeneration	0.082829486982568	False	0.759263530627883	False	2	0	0.4210465088052255
GO:0072273	metanephric nephron morphogenesis	0.1738099976535393	False	0.668290297540659	False	2	0	0.4210501475970992
GO:0008347	glial cell migration	0.1583561569063654	False	0.684310477368472	False	2	0	0.4213333171374187
GO:1902004	positive regulation of amyloid-beta formation	0.2809968575851538	False	0.56330364686645	False	2	0	0.4221502522258019
GO:0008284	positive regulation of cell population proliferation	0.0836080090873829	False	0.763447799105032	False	2	0	0.42352790409620744
GO:0050869	negative regulation of B cell activation	0.1588259636398536	False	0.688623731564189	False	2	0	0.4237248476020213
GO:0006895	Golgi to endosome transport	0.2809968575851538	False	0.566841172312696	False	2	0	0.4239190149489249
GO:0140013	meiotic nuclear division	0.4836459739105976	False	0.36473073441417	False	2	0	0.42418835416238376
GO:0061136	regulation of proteasomal protein catabolic process	0.5090766033751709	False	0.339614023347828	False	2	0	0.42434531336149944
GO:0030522	intracellular receptor signaling pathway	0.2206187128912424	False	0.628152451183333	False	2	0	0.4243855820372877
GO:0030198	extracellular matrix organization	0.5196622112836111	False	0.329674639561892	False	2	0	0.42466842542275157
GO:0006303	double-strand break repair via nonhomologous end joining	0.6988984519288188	False	0.15267570309993	False	2	0	0.4257870775143744
GO:0017148	negative regulation of translation	0.808061220444589	False	0.0437228496924335	False	2	0	0.4258920350685112
GO:0006281	DNA repair	0.8554129319685296	False	1.09105431182687e-06	False	2	0	0.4277070115114207
GO:0036092	phosphatidylinositol-3-phosphate biosynthetic process	0.3175193034250475	False	0.538231504023856	False	2	0	0.42787540372445176
GO:0030182	neuron differentiation	0.7792602983150129	False	0.0784719640904488	False	2	0	0.4288661312027308
GO:0001501	skeletal system development	0.1554836379617456	False	0.702934263895162	False	2	0	0.4292089509284538
GO:0033147	negative regulation of intracellular estrogen receptor signaling pathway	0.1880331417591714	False	0.671894387836252	False	2	0	0.4299637647977117
GO:0045944	positive regulation of transcription by RNA polymerase II	0.8593341721633341	False	0.00260621280918	False	2	0	0.43097019248625706
GO:0006024	glycosaminoglycan biosynthetic process	0.3633582794728563	False	0.498686348921949	False	2	0	0.43102231419740267
GO:0090276	regulation of peptide hormone secretion	0.1143751017811508	False	0.750923462583047	False	2	0	0.4326492821820989
GO:0033077	T cell differentiation in thymus	0.0195497525130103	False	0.846213242458251	False	2	0	0.43288149748563065
GO:0050731	positive regulation of peptidyl-tyrosine phosphorylation	0.2667855476481986	False	0.599211954096603	False	2	0	0.4329987508724008
GO:0002021	response to dietary excess	0.1880331417591714	False	0.678020837832215	False	2	0	0.4330269897956932
GO:0090091	positive regulation of extracellular matrix disassembly	0.1738099976535393	False	0.693362923719127	False	2	0	0.43358646068633316
GO:0043124	negative regulation of canonical NF-kappaB signal transduction	0.0128215692512601	False	0.858531554874757	False	2	0	0.43567656206300853
GO:0071364	cellular response to epidermal growth factor stimulus	0.1505335515393392	False	0.721175747355933	False	2	0	0.43585464944763613
GO:0032465	regulation of cytokinesis	0.5339457969322849	False	0.339112531139349	False	2	0	0.436529164035817
GO:0051346	negative regulation of hydrolase activity	0.3743307121798023	False	0.500600344155424	False	2	0	0.43746552816761314
GO:0030282	bone mineralization	0.2265444219287886	False	0.65018115991954	False	2	0	0.4383627909241643
GO:0032735	positive regulation of interleukin-12 production	0.4061310653788047	False	0.472083564613797	False	2	0	0.43910731499630085
GO:0008283	cell population proliferation	0.6483627296460474	False	0.230126404687751	False	2	0	0.4392445671668992
GO:0048260	positive regulation of receptor-mediated endocytosis	0.49219519708449	False	0.387234392688063	False	2	0	0.4397147948862765
GO:0045655	regulation of monocyte differentiation	0.2020124850861296	False	0.67743684235342	False	2	0	0.4397246637197748
GO:0051341	regulation of oxidoreductase activity	0.1738099976535393	False	0.706392014056158	False	2	0	0.4401010058548487
GO:0030200	heparan sulfate proteoglycan catabolic process	0.1593388199217275	False	0.721175747355933	False	2	0	0.44025728363883027
GO:0097194	execution phase of apoptosis	0.6598092986207658	False	0.220785574891855	False	2	0	0.4402974367563104
GO:0007163	establishment or maintenance of cell polarity	0.6103244840945099	False	0.271884356010952	False	2	0	0.441104420052731
GO:0042771	intrinsic apoptotic signaling pathway in response to DNA damage by p53 class mediator	0.4832815397540771	False	0.399468762134404	False	2	0	0.44137515094424057
GO:0095500	acetylcholine receptor signaling pathway	0.3633582794728563	False	0.521787962783154	False	2	0	0.4425731211280052
GO:0032469	endoplasmic reticulum calcium ion homeostasis	0.3055551638879807	False	0.581458801546352	False	2	0	0.4435069827171664
GO:1903078	positive regulation of protein localization to plasma membrane	0.5806952239502567	False	0.306699011887787	False	2	0	0.4436971179190219
GO:0070542	response to fatty acid	0.2288104652863908	False	0.659380910569896	False	2	0	0.4440956879281434
GO:1901526	positive regulation of mitophagy	0.3175193034250475	False	0.57258846012864	False	2	0	0.44505388177684374
GO:1903975	regulation of glial cell migration	0.1880331417591714	False	0.702934263895162	False	2	0	0.4454837028271667
GO:0050714	positive regulation of protein secretion	0.5424414619779094	False	0.349267226217897	False	2	0	0.44585434409790325
GO:0044539	long-chain fatty acid import into cell	0.242528967320306	False	0.649621704693314	False	2	0	0.44607533600681004
GO:0010971	positive regulation of G2/M transition of mitotic cell cycle	0.0543082336095808	False	0.839130483480693	False	2	0	0.4467193585451369
GO:0050849	negative regulation of calcium-mediated signaling	0.2555740156963897	False	0.638297566425366	False	2	0	0.44693579106087783
GO:0051668	localization within membrane	0.0307003340713263	False	0.86515019912314	False	2	0	0.44792526659723314
GO:1903321	negative regulation of protein modification by small protein conjugation or removal	0.129161268592998	False	0.769378034217829	False	2	0	0.44926965140541353
GO:0001932	regulation of protein phosphorylation	0.1718665422680846	False	0.726862325683373	False	2	0	0.4493644339757288
GO:0032897	negative regulation of viral transcription	0.0266940347863229	False	0.872187417868199	False	2	0	0.44944072632726095
GO:0098659	inorganic cation import across plasma membrane	0.4033728301269607	False	0.495673013051692	False	2	0	0.44952292158932633
GO:0030512	negative regulation of transforming growth factor beta receptor signaling pathway	0.3584230555924513	False	0.540851560074493	False	2	0	0.4496373078334721
GO:0044790	suppression of viral release by host	0.0301669686102288	False	0.869407628777458	False	2	0	0.44978729869384343
GO:0006816	calcium ion transport	0.3027623833541822	False	0.597036216328202	False	2	0	0.44989929984119215
GO:0006487	protein N-linked glycosylation	0.3831320765675206	False	0.519712445059659	False	2	0	0.45142226081358977
GO:0008333	endosome to lysosome transport	0.6714664117964606	False	0.232484353617031	False	2	0	0.4519753827067458
GO:0042542	response to hydrogen peroxide	0.0408834533932103	False	0.86309946069435	False	2	0	0.45199145704378013
GO:0016266	protein O-linked glycosylation via N-acetyl-galactosamine	0.0883410718048366	False	0.815669827437669	False	2	0	0.45200544962125283
GO:0070585	protein localization to mitochondrion	0.3826989823225233	False	0.521549574318013	False	2	0	0.45212427832026814
GO:0071456	cellular response to hypoxia	0.3125800527451753	False	0.593613532465866	False	2	0	0.45309679260552066
GO:0030071	regulation of mitotic metaphase/anaphase transition	0.4993576712713669	False	0.408150042115023	False	2	0	0.4537538566931949
GO:0030163	protein catabolic process	0.7600285582009475	False	0.149089684697337	False	2	0	0.45455912144914223
GO:0019886	antigen processing and presentation of exogenous peptide antigen via MHC class II	0.3521942806818869	False	0.56130090424979	False	2	0	0.4567475924658384
GO:1902894	negative regulation of miRNA transcription	0.3175193034250475	False	0.597136331353449	False	2	0	0.45732781738924827
GO:0046887	positive regulation of hormone secretion	0.3176971109939295	False	0.597136331353449	False	2	0	0.45741672117368926
GO:0007204	positive regulation of cytosolic calcium ion concentration	0.7751501172383529	False	0.13989270700593	False	2	0	0.4575214121221415
GO:0051216	cartilage development	0.45551753685983	False	0.460922109961767	False	2	0	0.4582198234107985
GO:0120255	olefinic compound biosynthetic process	0.2809968575851538	False	0.635748451946483	False	2	0	0.4583726547658184
GO:0008037	cell recognition	0.120117543927091	False	0.797205218027898	False	2	0	0.4586613809774945
GO:0090183	regulation of kidney development	0.2809968575851538	False	0.636502369159251	False	2	0	0.4587496133722024
GO:0033631	cell-cell adhesion mediated by integrin	0.0265178600205435	False	0.891037286515413	False	2	0	0.45877757326797824
GO:0051726	regulation of cell cycle	0.9178957692659389	False	4.57432717880571e-05	False	2	0	0.45897075626886347
GO:0032328	alanine transport	0.2020124850861296	False	0.716670891182722	False	2	0	0.4593416881344258
GO:0010508	positive regulation of autophagy	0.0972179879314462	False	0.822030866662433	False	2	0	0.4596244272969396
GO:0035630	bone mineralization involved in bone maturation	0.0121036462715154	False	0.907724866926685	False	2	0	0.4599142565991002
GO:0019082	viral protein processing	0.0158364875053474	False	0.904343387031964	False	2	0	0.4600899372686557
GO:0031346	positive regulation of cell projection organization	0.4077567605597892	False	0.512650445030913	False	2	0	0.4602036027953511
GO:0043536	positive regulation of blood vessel endothelial cell migration	0.5806952239502567	False	0.340737287207415	False	2	0	0.4607162555788359
GO:0030317	flagellated sperm motility	0.8926535195666662	False	0.0297860613430693	False	2	0	0.4612197904548677
GO:0017121	plasma membrane phospholipid scrambling	0.3408353862725555	False	0.582436729312721	False	2	0	0.4616360577926382
GO:0006006	glucose metabolic process	0.3606955903194596	False	0.563510962727326	False	2	0	0.4621032765233928
GO:0030902	hindbrain development	0.2291320008604498	False	0.695146793741805	False	2	0	0.4621393973011274
GO:0009746	response to hexose	0.0673243710687677	False	0.857069342772121	False	2	0	0.4621968569204443
GO:1902115	regulation of organelle assembly	0.5620962280507227	False	0.363652148078103	False	2	0	0.46287418806441283
GO:0006338	chromatin remodeling	0.9277128837381444	False	8.849463803722811e-14	False	2	0	0.46385644186911645
GO:0002407	dendritic cell chemotaxis	0.3055551638879807	False	0.622682832162362	False	2	0	0.4641189980251713
GO:0010810	regulation of cell-substrate adhesion	0.0504179929441689	False	0.87793667126061	False	2	0	0.4641773321023895
GO:0001504	neurotransmitter uptake	0.4163694107166976	False	0.512650445030913	False	2	0	0.4645099278738053
GO:1902455	negative regulation of stem cell population maintenance	0.2933822244989184	False	0.636502369159251	False	2	0	0.46494229682908467
GO:0015816	glycine transport	0.1738099976535393	False	0.75644374745955	False	2	0	0.46512687255654467
GO:2000243	positive regulation of reproductive process	0.3623037606097242	False	0.568057948224233	False	2	0	0.46518085441697854
GO:0060986	endocrine hormone secretion	0.1044289233411396	False	0.826740851455523	False	2	0	0.4655848873983313
GO:0031281	positive regulation of cyclase activity	0.2292563424009257	False	0.70224226450413	False	2	0	0.46574930345252785
GO:0007422	peripheral nervous system development	0.5263447643003082	False	0.405313937266994	False	2	0	0.46582935078365106
GO:0006054	N-acetylneuraminate metabolic process	0.2020124850861296	False	0.730316659902115	False	2	0	0.4661645724941223
GO:0006968	cellular defense response	0.0374447551053199	False	0.895532009575039	False	2	0	0.4664883823401794
GO:1905515	non-motile cilium assembly	0.5180279838813997	False	0.417712212370124	False	2	0	0.46787009812576186
GO:0018108	peptidyl-tyrosine phosphorylation	0.4322177178237966	False	0.507454143939084	False	2	0	0.46983593088144027
GO:0048589	developmental growth	0.4570518081676888	False	0.482751527241679	False	2	0	0.4699016677046839
GO:0048666	neuron development	0.586177458787348	False	0.353684040699982	False	2	0	0.469930749743665
GO:0022612	gland morphogenesis	0.2809968575851538	False	0.65909415930726	False	2	0	0.4700455084462069
GO:2000641	regulation of early endosome to late endosome transport	0.2809968575851538	False	0.65909415930726	False	2	0	0.4700455084462069
GO:0032467	positive regulation of cytokinesis	0.4742121164333632	False	0.465898149471782	False	2	0	0.4700551329525726
GO:0098696	regulation of neurotransmitter receptor localization to postsynaptic specialization membrane	0.2555740156963897	False	0.685527387708266	False	2	0	0.4705507017023279
GO:0045576	mast cell activation	0.4910898270663404	False	0.450509735401667	False	2	0	0.4707997812340037
GO:0007131	reciprocal meiotic recombination	0.509565823117882	False	0.433671740379299	False	2	0	0.4716187817485905
GO:0032367	intracellular cholesterol transport	0.446041916994831	False	0.497752217125963	False	2	0	0.471897067060397
GO:1903911	positive regulation of receptor clustering	0.1593388199217275	False	0.784792204708507	False	2	0	0.47206551231511723
GO:0030097	hemopoiesis	0.2689188267230863	False	0.675701797830533	False	2	0	0.47231031227680964
GO:0071300	cellular response to retinoic acid	0.509565823117882	False	0.436031736280166	False	2	0	0.472798779699024
GO:0021762	substantia nigra development	0.4832815397540771	False	0.463242957596965	False	2	0	0.473262248675521
GO:0032456	endocytic recycling	0.8153323001180062	False	0.131608565032235	False	2	0	0.47347043257512056
GO:0090085	regulation of protein deubiquitination	0.0146270426036104	False	0.932782922616286	False	2	0	0.4737049826099482
GO:2000045	regulation of G1/S transition of mitotic cell cycle	0.6938161045466968	False	0.256594464496649	False	2	0	0.47520528452167293
GO:0000423	mitophagy	0.5578471795559473	False	0.392661403012531	False	2	0	0.4752542912842391
GO:0042472	inner ear morphogenesis	0.4163694107166976	False	0.534613714274894	False	2	0	0.4754915624957958
GO:0035335	peptidyl-tyrosine dephosphorylation	0.2555740156963897	False	0.695612498954075	False	2	0	0.47559325732523233
GO:0051241	negative regulation of multicellular organismal process	0.9484044744022492	False	0.0029789552296142	False	2	0	0.4756917148159317
GO:0060349	bone morphogenesis	0.3743307121798023	False	0.577780562753294	False	2	0	0.47605563746654816
GO:2000378	negative regulation of reactive oxygen species metabolic process	0.3957139152715863	False	0.558627299488621	False	2	0	0.47717060738010364
GO:2000147	positive regulation of cell motility	0.1820838988766848	False	0.773228717459657	False	2	0	0.47765630816817095
GO:0000724	double-strand break repair via homologous recombination	0.9561510998180008	False	0.0006702680166877	False	2	0	0.47841068391734426
GO:0016567	protein ubiquitination	0.918690050785154	False	0.0415546912464925	False	2	0	0.4801223710158232
GO:0035855	megakaryocyte development	0.1880331417591714	False	0.773228717459657	False	2	0	0.4806309296094142
GO:0007517	muscle organ development	0.9110516864817888	False	0.0515853187716188	False	2	0	0.4813185026267038
GO:0098655	monoatomic cation transmembrane transport	0.9582136430590568	False	0.0046544480652276	False	2	0	0.4814340455621422
GO:0001954	positive regulation of cell-matrix adhesion	0.1748676275458594	False	0.788821997849893	False	2	0	0.4818448126978762
GO:0038093	Fc receptor signaling pathway	0.0658655113606864	False	0.898101552152619	False	2	0	0.4819835317566527
GO:0050996	positive regulation of lipid catabolic process	0.268395372730777	False	0.696351415785005	False	2	0	0.48237339425789105
GO:0031507	heterochromatin formation	0.9561510998180008	False	0.0089446774744856	False	2	0	0.4825478886462432
GO:1901991	negative regulation of mitotic cell cycle phase transition	0.5489212348727357	False	0.41888590365451	False	2	0	0.4839035692636229
GO:0070536	protein K63-linked deubiquitination	0.385114851703767	False	0.585705113285982	False	2	0	0.4854099824948745
GO:0032259	methylation	0.9707515010359138	False	0.0001849956139684	False	2	0	0.4854682483249411
GO:1902074	response to salt	0.2933822244989184	False	0.677875184842522	False	2	0	0.48562870467072017
GO:0007417	central nervous system development	0.8332194170448426	False	0.138702468932176	False	2	0	0.4859609429885093
GO:1903729	regulation of plasma membrane organization	0.0301669686102288	False	0.942033061399829	False	2	0	0.4861000150050289
GO:0071398	cellular response to fatty acid	0.3957139152715863	False	0.576881028971748	False	2	0	0.48629747212166713
GO:0032868	response to insulin	0.0131733227332438	False	0.960568489553096	False	2	0	0.4868709061431699
GO:0006357	regulation of transcription by RNA polymerase II	0.9756559178863348	False	1.4665310999381e-35	False	2	0	0.4878279589431674
GO:0001938	positive regulation of endothelial cell proliferation	0.6714664117964606	False	0.304267643568682	False	2	0	0.4878670276825713
GO:0061621	canonical glycolysis	0.268395372730777	False	0.708174106648948	False	2	0	0.4882847396898625
GO:0001678	intracellular glucose homeostasis	0.2560605609600085	False	0.720941620362857	False	2	0	0.48850109066143277
GO:0019941	modification-dependent protein catabolic process	0.1612855236717365	False	0.81671387214455	False	2	0	0.4889996979081433
GO:0010595	positive regulation of endothelial cell migration	0.0352107900346573	False	0.943003459600512	False	2	0	0.48910712481758467
GO:0070228	regulation of lymphocyte apoptotic process	0.1875801262386534	False	0.79117823344201	False	2	0	0.4893791798403317
GO:0016050	vesicle organization	0.97940537044779	False	6.12750283197549e-08	False	2	0	0.4897027158614091
GO:0000902	cell morphogenesis	0.6465038700146479	False	0.334959386640615	False	2	0	0.49073162832763145
GO:0002710	negative regulation of T cell mediated immunity	0.0335877359930621	False	0.948117071832906	False	2	0	0.49085240391298407
GO:0003091	renal water homeostasis	0.3055551638879807	False	0.67743684235342	False	2	0	0.4914960031207004
GO:0030514	negative regulation of BMP signaling pathway	0.4555950856602255	False	0.527853807515128	False	2	0	0.4917244465876768
GO:0097320	plasma membrane tubulation	0.268395372730777	False	0.716351635405869	False	2	0	0.49237350406832303
GO:0015871	choline transport	0.1593388199217275	False	0.826740851455523	False	2	0	0.49303983568862525
GO:0033688	regulation of osteoblast proliferation	0.0338081933029691	False	0.953746254516035	False	2	0	0.49377722390950207
GO:0032835	glomerulus development	0.5263447643003082	False	0.461650046332247	False	2	0	0.49399740531627756
GO:0030225	macrophage differentiation	0.328438288504963	False	0.659765441345389	False	2	0	0.49410186492517594
GO:0051289	protein homotetramerization	0.2250531947124901	False	0.763684359494783	False	2	0	0.4943687771036365
GO:0032656	regulation of interleukin-13 production	0.2809968575851538	False	0.708174106648948	False	2	0	0.4945854821170509
GO:1902430	negative regulation of amyloid-beta formation	0.2555740156963897	False	0.73377594560931	False	2	0	0.49467498065284987
GO:0051496	positive regulation of stress fiber assembly	0.1505335515393392	False	0.839130483480693	False	2	0	0.4948320175100161
GO:0045840	positive regulation of mitotic nuclear division	0.4649842173144969	False	0.524701467163377	False	2	0	0.49484284223893693
GO:0140694	membraneless organelle assembly	0.979993998151896	False	0.0106136241940275	False	2	0	0.49530381117296174
GO:0051547	regulation of keratinocyte migration	0.1738099976535393	False	0.817353505949374	False	2	0	0.49558175180145664
GO:0035988	chondrocyte proliferation	0.1593388199217275	False	0.831904277673322	False	2	0	0.49562154879752474
GO:0042267	natural killer cell mediated cytotoxicity	0.3172186210677373	False	0.674273158470008	False	2	0	0.4957458897688727
GO:0043434	response to peptide hormone	0.1482313401513781	False	0.84348179251066	False	2	0	0.49585656633101904
GO:0072540	T-helper 17 cell lineage commitment	0.3175193034250475	False	0.674344229642834	False	2	0	0.4959317665339408
GO:0060560	developmental growth involved in morphogenesis	0.3183974635665921	False	0.674156921592493	False	2	0	0.4962771925795425
GO:0030202	heparin proteoglycan metabolic process	0.2020124850861296	False	0.793647236483117	False	2	0	0.49782986078462327
GO:0030889	negative regulation of B cell proliferation	0.1880331417591714	False	0.80903042301996	False	2	0	0.4985317823895657
GO:0046677	response to antibiotic	0.0682219204486137	False	0.931389045793826	False	2	0	0.49980548312121986
GO:0006139	nucleobase-containing compound metabolic process	1.0	False	6.998591828792311e-61	False	2	0	0.5
GO:0006351	DNA-templated transcription	1.0	False	2.93395764438874e-47	False	2	0	0.5
GO:0006355	regulation of DNA-templated transcription	1.0	False	1.7645399265272201e-47	False	2	0	0.5
GO:0006366	transcription by RNA polymerase II	1.0	False	3.97382017100299e-34	False	2	0	0.5
GO:0009058	biosynthetic process	1.0	False	3.8825158706133494e-30	False	2	0	0.5
GO:0009059	macromolecule biosynthetic process	1.0	False	6.094150370937511e-47	False	2	0	0.5
GO:0009605	response to external stimulus	1.0	False	0.0	False	2	0	0.5
GO:0009607	response to biotic stimulus	1.0	False	0.0	False	2	0	0.5
GO:0009889	regulation of biosynthetic process	1.0	False	1.21621044957844e-33	False	2	0	0.5
GO:0010556	regulation of macromolecule biosynthetic process	1.0	False	4.68979614590477e-38	False	2	0	0.5
GO:0010558	negative regulation of macromolecule biosynthetic process	1.0	False	1.40264609455953e-17	False	2	0	0.5
GO:0019219	regulation of nucleobase-containing compound metabolic process	1.0	False	5.4989946717699e-59	False	2	0	0.5
GO:0019222	regulation of metabolic process	1.0	False	3.81747789124913e-24	False	2	0	0.5
GO:0034654	nucleobase-containing compound biosynthetic process	1.0	False	2.19622783518848e-62	False	2	0	0.5
GO:0043170	macromolecule metabolic process	1.0	False	2.03916901635768e-37	False	2	0	0.5
GO:0043207	response to external biotic stimulus	1.0	False	0.0	False	2	0	0.5
GO:0044238	primary metabolic process	1.0	False	4.44090642905017e-26	False	2	0	0.5
GO:0044419	biological process involved in interspecies interaction between organisms	1.0	False	0.0	False	2	0	0.5
GO:0045934	negative regulation of nucleobase-containing compound metabolic process	1.0	False	1.19225314093763e-24	False	2	0	0.5
GO:0050789	regulation of biological process	1.0	False	1.4017746230373e-20	False	2	0	0.5
GO:0050794	regulation of cellular process	1.0	False	6.44854321386024e-24	False	2	0	0.5
GO:0051253	negative regulation of RNA metabolic process	1.0	False	3.3719662110980004e-25	False	2	0	0.5
GO:0051707	response to other organism	1.0	False	0.0	False	2	0	0.5
GO:0060255	regulation of macromolecule metabolic process	1.0	False	7.98024732140381e-33	False	2	0	0.5
GO:0065007	biological regulation	1.0	False	1.4514814479299e-18	False	2	0	0.5
GO:0080090	regulation of primary metabolic process	1.0	False	1.2333713089114299e-36	False	2	0	0.5
GO:0090304	nucleic acid metabolic process	1.0	False	2.29599016529172e-81	False	2	0	0.5
GO:0098542	defense response to other organism	1.0	False	0.0	False	2	0	0.5
GO:0140546	defense response to symbiont	1.0	False	0.0	False	2	0	0.5
GO:1902679	negative regulation of RNA biosynthetic process	1.0	False	3.2186551779362e-21	False	2	0	0.5
GO:2001141	regulation of RNA biosynthetic process	1.0	False	2.27450857735019e-47	False	2	0	0.5
GO:0008150	biological_process	1.0	False	1.21666273774105e-16	False	2	0	0.5000000000000001
GO:0009890	negative regulation of biosynthetic process	1.0	False	4.39786574095255e-16	False	2	0	0.5000000000000002
GO:0010605	negative regulation of macromolecule metabolic process	1.0	False	1.2930995374691801e-15	False	2	0	0.5000000000000007
GO:0008152	metabolic process	1.0	False	6.9620524015250606e-15	False	2	0	0.5000000000000034
GO:0009987	cellular process	1.0	False	9.681052352780461e-15	False	2	0	0.5000000000000049
GO:0009892	negative regulation of metabolic process	1.0	False	1.98110294280954e-12	False	2	0	0.5000000000009905
GO:0048523	negative regulation of cellular process	1.0	False	2.08638144549266e-12	False	2	0	0.5000000000010432
GO:0031347	regulation of defense response	1.0	False	1.79754733620497e-10	False	2	0	0.5000000000898773
GO:0051254	positive regulation of RNA metabolic process	1.0	False	1.97507145285286e-10	False	2	0	0.5000000000987536
GO:1901652	response to peptide	1.0	False	3.5400064986150703e-10	False	2	0	0.5000000001770003
GO:0071840	cellular component organization or biogenesis	1.0	False	7.871930568020801e-10	False	2	0	0.5000000003935965
GO:0032101	regulation of response to external stimulus	1.0	False	8.31365642994797e-10	False	2	0	0.5000000004156828
GO:0048519	negative regulation of biological process	1.0	False	1.14313565859392e-09	False	2	0	0.5000000005715678
GO:0006412	translation	1.0	False	1.1552334418530301e-09	False	2	0	0.5000000005776167
GO:0160307	protein biosynthetic process	1.0	False	1.1552334418530301e-09	False	2	0	0.5000000005776167
GO:0044281	small molecule metabolic process	1.0	False	2.77948170678219e-09	False	2	0	0.5000000013897409
GO:0001816	cytokine production	1.0	False	2.9462257541042704e-09	False	2	0	0.5000000014731129
GO:0051052	regulation of DNA metabolic process	1.0	False	3.3617905296006404e-09	False	2	0	0.5000000016808953
GO:0001817	regulation of cytokine production	1.0	False	3.4628027112404404e-09	False	2	0	0.5000000017314014
GO:0031349	positive regulation of defense response	1.0	False	3.04988857481461e-08	False	2	0	0.5000000152494428
GO:0006259	DNA metabolic process	1.0	False	5.23951386908992e-08	False	2	0	0.5000000261975693
GO:0007049	cell cycle	1.0	False	6.11510349136753e-08	False	2	0	0.5000000305755175
GO:0045088	regulation of innate immune response	1.0	False	7.30880208051139e-08	False	2	0	0.5000000365440104
GO:0002831	regulation of response to biotic stimulus	1.0	False	8.43151800723597e-08	False	2	0	0.5000000421575901
GO:1902680	positive regulation of RNA biosynthetic process	1.0	False	1.0517304527225e-07	False	2	0	0.5000000525865226
GO:0006091	generation of precursor metabolites and energy	1.0	False	1.17740124092957e-07	False	2	0	0.500000058870062
GO:0006810	transport	1.0	False	6.09448510667602e-07	False	2	0	0.5000003047242554
GO:0051234	establishment of localization	1.0	False	1.09105431182687e-06	False	2	0	0.5000005455271559
GO:0015980	energy derivation by oxidation of organic compounds	1.0	False	1.17585201729033e-06	False	2	0	0.5000005879260087
GO:0050727	regulation of inflammatory response	1.0	False	1.37895457328341e-06	False	2	0	0.5000006894772866
GO:0006163	purine nucleotide metabolic process	1.0	False	1.50057975790976e-06	False	2	0	0.500000750289879
GO:0072521	purine-containing compound metabolic process	1.0	False	1.50057975790976e-06	False	2	0	0.500000750289879
GO:0030949	positive regulation of vascular endothelial growth factor receptor signaling pathway	0.1593388199217275	False	0.840662828855524	False	2	0	0.5000008243886258
GO:0006417	regulation of translation	1.0	False	1.76477632575758e-06	False	2	0	0.5000008823881629
GO:0022402	cell cycle process	1.0	False	2.36841559239182e-06	False	2	0	0.5000011842077962
GO:0016043	cellular component organization	1.0	False	2.98350208886318e-06	False	2	0	0.5000014917510445
GO:0044085	cellular component biogenesis	1.0	False	3.58539987414783e-06	False	2	0	0.500001792699937
GO:0051054	positive regulation of DNA metabolic process	1.0	False	4.81200417268464e-06	False	2	0	0.5000024060020863
GO:0055086	nucleobase-containing small molecule metabolic process	1.0	False	5.46750129824125e-06	False	2	0	0.5000027337506491
GO:0009117	nucleotide metabolic process	1.0	False	6.37094711616289e-06	False	2	0	0.500003185473558
GO:0009141	nucleoside triphosphate metabolic process	1.0	False	6.63737359548654e-06	False	2	0	0.5000033186867977
GO:0002758	innate immune response-activating signaling pathway	1.0	False	7.43657440898638e-06	False	2	0	0.5000037182872045
GO:1901135	carbohydrate derivative metabolic process	1.0	False	7.43657440898638e-06	False	2	0	0.5000037182872045
GO:0002252	immune effector process	1.0	False	8.60579041088137e-06	False	2	0	0.5000043028952055
GO:0002833	positive regulation of response to biotic stimulus	1.0	False	1.05352812030168e-05	False	2	0	0.5000052676406015
GO:0006753	nucleoside phosphate metabolic process	1.0	False	1.26308304153329e-05	False	2	0	0.5000063154152077
GO:0007033	vacuole organization	1.0	False	1.96441376740963e-05	False	2	0	0.500009822068837
GO:0006310	DNA recombination	1.0	False	2.46403610910633e-05	False	2	0	0.5000123201805455
GO:0033044	regulation of chromosome organization	1.0	False	3.20996232546943e-05	False	2	0	0.5000160498116274
GO:0050878	regulation of body fluid levels	1.0	False	3.48621628133666e-05	False	2	0	0.5000174310814067
GO:0042221	response to chemical	1.0	False	4.46712416953036e-05	False	2	0	0.5000223356208476
GO:0006401	RNA catabolic process	1.0	False	4.50064250504403e-05	False	2	0	0.5000225032125252
GO:0050776	regulation of immune response	1.0	False	4.57432717880571e-05	False	2	0	0.500022871635894
GO:0009150	purine ribonucleotide metabolic process	1.0	False	4.77108039472932e-05	False	2	0	0.5000238554019737
GO:0002697	regulation of immune effector process	1.0	False	5.18895565705813e-05	False	2	0	0.5000259447782853
GO:0010604	positive regulation of macromolecule metabolic process	1.0	False	5.26754546029955e-05	False	2	0	0.5000263377273015
GO:0042060	wound healing	1.0	False	5.41902623303855e-05	False	2	0	0.5000270951311652
GO:0098657	import into cell	1.0	False	5.41902623303855e-05	False	2	0	0.5000270951311652
GO:0072522	purine-containing compound biosynthetic process	1.0	False	5.69776551125983e-05	False	2	0	0.5000284888275563
GO:0044283	small molecule biosynthetic process	1.0	False	6.55345058121607e-05	False	2	0	0.5000327672529061
GO:0006082	organic acid metabolic process	1.0	False	6.59078813519084e-05	False	2	0	0.5000329539406759
GO:0043436	oxoacid metabolic process	1.0	False	6.67341708769307e-05	False	2	0	0.5000333670854384
GO:0061919	process utilizing autophagic mechanism	1.0	False	7.03886099548296e-05	False	2	0	0.5000351943049774
GO:0051276	chromosome organization	1.0	False	8.97383474006965e-05	False	2	0	0.5000448691737004
GO:0042592	homeostatic process	1.0	False	9.07885610560631e-05	False	2	0	0.5000453942805281
GO:0040029	epigenetic regulation of gene expression	1.0	False	9.55393769490751e-05	False	2	0	0.5000477696884745
GO:0030098	lymphocyte differentiation	1.0	False	9.72903513880248e-05	False	2	0	0.500048645175694
GO:0006282	regulation of DNA repair	1.0	False	0.000109131878698	False	2	0	0.500054565939349
GO:0009165	nucleotide biosynthetic process	1.0	False	0.0001110958771592	False	2	0	0.5000555479385796
GO:0009259	ribonucleotide metabolic process	1.0	False	0.0001208517614485	False	2	0	0.5000604258807243
GO:0006402	mRNA catabolic process	1.0	False	0.0001216419455624	False	2	0	0.5000608209727812
GO:0019693	ribose phosphate metabolic process	1.0	False	0.0001307189086424	False	2	0	0.5000653594543212
GO:0009056	catabolic process	1.0	False	0.0001423019121913	False	2	0	0.5000711509560957
GO:0006950	response to stress	1.0	False	0.0001543418019545	False	2	0	0.5000771709009773
GO:0002460	adaptive immune response based on somatic recombination of immune receptors built from immunoglobulin superfamily domains	1.0	False	0.0001673324347461	False	2	0	0.5000836662173731
GO:1901293	nucleoside phosphate biosynthetic process	1.0	False	0.000178522947394	False	2	0	0.500089261473697
GO:0019752	carboxylic acid metabolic process	1.0	False	0.0001802767296251	False	2	0	0.5000901383648125
GO:0051247	positive regulation of protein metabolic process	0.3779175950576517	False	0.62227753523514	False	2	0	0.5000975651463958
GO:0000725	recombinational repair	1.0	False	0.0002119448551126	False	2	0	0.5001059724275563
GO:0050851	antigen receptor-mediated signaling pathway	1.0	False	0.0002120302801715	False	2	0	0.5001060151400858
GO:0141188	nucleic acid catabolic process	1.0	False	0.000216369858903	False	2	0	0.5001081849294515
GO:0002218	activation of innate immune response	1.0	False	0.0002168357526509	False	2	0	0.5001084178763254
GO:0009893	positive regulation of metabolic process	1.0	False	0.0002374824697119	False	2	0	0.500118741234856
GO:0010876	lipid localization	1.0	False	0.0002374824697119	False	2	0	0.500118741234856
GO:0010557	positive regulation of macromolecule biosynthetic process	1.0	False	0.000237693429378	False	2	0	0.500118846714689
GO:0046903	secretion	1.0	False	0.0002485419054966	False	2	0	0.5001242709527483
GO:0061061	muscle structure development	1.0	False	0.0002926682764661	False	2	0	0.5001463341382331
GO:0046649	lymphocyte activation	1.0	False	0.0003011196854768	False	2	0	0.5001505598427384
GO:0140352	export from cell	1.0	False	0.0003013124664218	False	2	0	0.5001506562332109
GO:0061013	regulation of mRNA catabolic process	1.0	False	0.0003032608290368	False	2	0	0.5001516304145184
GO:0002443	leukocyte mediated immunity	1.0	False	0.0003559421636007	False	2	0	0.5001779710818004
GO:0032940	secretion by cell	1.0	False	0.0003584690750191	False	2	0	0.5001792345375096
GO:0009451	RNA modification	1.0	False	0.0003619453544128	False	2	0	0.5001809726772064
GO:0060627	regulation of vesicle-mediated transport	1.0	False	0.0003769678980437	False	2	0	0.5001884839490218
GO:0032102	negative regulation of response to external stimulus	1.0	False	0.0003813386195361	False	2	0	0.5001906693097681
GO:0006811	monoatomic ion transport	1.0	False	0.000426890030737	False	2	0	0.5002134450153685
GO:0061025	membrane fusion	1.0	False	0.0005211630190438	False	2	0	0.5002605815095219
GO:0048511	rhythmic process	1.0	False	0.0005267274041176	False	2	0	0.5002633637020588
GO:0009891	positive regulation of biosynthetic process	1.0	False	0.0005455535401708	False	2	0	0.5002727767700854
GO:0007623	circadian rhythm	1.0	False	0.0005649542244099	False	2	0	0.500282477112205
GO:0006913	nucleocytoplasmic transport	1.0	False	0.0006630974104468	False	2	0	0.5003315487052235
GO:0051169	nuclear transport	1.0	False	0.0006630974104468	False	2	0	0.5003315487052235
GO:0097529	myeloid leukocyte migration	1.0	False	0.0009657231087558	False	2	0	0.5004828615543779
GO:0009260	ribonucleotide biosynthetic process	1.0	False	0.0011535588281668	False	2	0	0.5005767794140834
GO:0051168	nuclear export	1.0	False	0.0012606611191462	False	2	0	0.5006303305595731
GO:0031348	negative regulation of defense response	1.0	False	0.0013652636024717	False	2	0	0.5006826318012358
GO:0006260	DNA replication	1.0	False	0.0013781460836458	False	2	0	0.5006890730418229
GO:0005975	carbohydrate metabolic process	1.0	False	0.0013873522643323	False	2	0	0.5006936761321662
GO:0048522	positive regulation of cellular process	1.0	False	0.0014757856070778	False	2	0	0.5007378928035389
GO:0061024	membrane organization	1.0	False	0.0015179768458016	False	2	0	0.5007589884229008
GO:0050807	regulation of synapse organization	0.5771694657447861	False	0.424415657906809	False	2	0	0.5007925618257976
GO:1901700	response to oxygen-containing compound	1.0	False	0.0016085389561256	False	2	0	0.5008042694780628
GO:0046390	ribose phosphate biosynthetic process	1.0	False	0.0016439451986952	False	2	0	0.5008219725993476
GO:0032781	positive regulation of ATP-dependent activity	0.242528967320306	False	0.759263530627883	False	2	0	0.5008962489740945
GO:0048518	positive regulation of biological process	1.0	False	0.0018341897664399	False	2	0	0.50091709488322
GO:1905820	positive regulation of chromosome separation	0.3957139152715863	False	0.606436079258033	False	2	0	0.5010749972648096
GO:0001974	blood vessel remodeling	0.2809968575851538	False	0.721175747355933	False	2	0	0.5010863024705434
GO:0042330	taxis	1.0	False	0.0024849505384361	False	2	0	0.5012424752692181
GO:0006812	monoatomic cation transport	1.0	False	0.0025696577469692	False	2	0	0.5012848288734846
GO:0051046	regulation of secretion	1.0	False	0.0025878535775991	False	2	0	0.5012939267887996
GO:0002682	regulation of immune system process	1.0	False	0.00260621280918	False	2	0	0.50130310640459
GO:0006399	tRNA metabolic process	1.0	False	0.00260621280918	False	2	0	0.50130310640459
GO:0006066	alcohol metabolic process	1.0	False	0.003012768970583	False	2	0	0.5015063844852915
GO:0120161	regulation of cold-induced thermogenesis	1.0	False	0.003094258745414	False	2	0	0.501547129372707
GO:0050890	cognition	0.4476485478192581	False	0.555532258830825	False	2	0	0.5015904033250416
GO:0050866	negative regulation of cell activation	1.0	False	0.003196877145926	False	2	0	0.501598438572963
GO:0106106	cold-induced thermogenesis	1.0	False	0.0033376722489071	False	2	0	0.5016688361244536
GO:0048878	chemical homeostasis	1.0	False	0.0033950687938254	False	2	0	0.5016975343969127
GO:0031667	response to nutrient levels	1.0	False	0.0033958041701514	False	2	0	0.5016979020850757
GO:0031047	regulatory ncRNA-mediated gene silencing	1.0	False	0.003430938494726	False	2	0	0.501715469247363
GO:1903530	regulation of secretion by cell	1.0	False	0.0035413810353686	False	2	0	0.5017706905176843
GO:0016236	macroautophagy	1.0	False	0.0038544719931979	False	2	0	0.5019272359965989
GO:0008610	lipid biosynthetic process	1.0	False	0.003874182988952	False	2	0	0.501937091494476
GO:0010564	regulation of cell cycle process	1.0	False	0.003874182988952	False	2	0	0.501937091494476
GO:0003013	circulatory system process	1.0	False	0.0041060800653801	False	2	0	0.50205304003269
GO:0080134	regulation of response to stress	1.0	False	0.0042091659195769	False	2	0	0.5021045829597884
GO:0045814	negative regulation of gene expression, epigenetic	1.0	False	0.0042433178359268	False	2	0	0.5021216589179635
GO:0048284	organelle fusion	1.0	False	0.0042623897906288	False	2	0	0.5021311948953144
GO:0035020	regulation of Rac protein signal transduction	0.4363218582811805	False	0.568057948224233	False	2	0	0.5021899032527067
GO:0051051	negative regulation of transport	1.0	False	0.0044479147221455	False	2	0	0.5022239573610727
GO:0098754	detoxification	1.0	False	0.0045166354786286	False	2	0	0.5022583177393143
GO:0048863	stem cell differentiation	1.0	False	0.0045543239242346	False	2	0	0.5022771619621172
GO:0048869	cellular developmental process	1.0	False	0.0046242969462679	False	2	0	0.502312148473134
GO:0072331	signal transduction by p53 class mediator	1.0	False	0.0050689468340735	False	2	0	0.5025344734170367
GO:0010817	regulation of hormone levels	1.0	False	0.0051373494542132	False	2	0	0.5025686747271066
GO:0016042	lipid catabolic process	1.0	False	0.0053275356634572	False	2	0	0.5026637678317286
GO:0071897	DNA biosynthetic process	1.0	False	0.0053619246071358	False	2	0	0.5026809623035678
GO:0015931	nucleobase-containing compound transport	1.0	False	0.0054719959917623	False	2	0	0.5027359979958812
GO:1901701	cellular response to oxygen-containing compound	1.0	False	0.0056753096212666	False	2	0	0.5028376548106332
GO:0000956	nuclear-transcribed mRNA catabolic process	1.0	False	0.0057389994073301	False	2	0	0.502869499703665
GO:0040012	regulation of locomotion	0.032568507164548	False	0.973255996905589	False	2	0	0.5029122520350685
GO:0002683	negative regulation of immune system process	1.0	False	0.0058831760602843	False	2	0	0.5029415880301421
GO:0006275	regulation of DNA replication	1.0	False	0.0060663568115077	False	2	0	0.5030331784057539
GO:0039529	RIG-I signaling pathway	0.0981907692065917	False	0.908058097551111	False	2	0	0.5031244333788514
GO:0002695	negative regulation of leukocyte activation	1.0	False	0.006544349702421	False	2	0	0.5032721748512105
GO:0032200	telomere organization	1.0	False	0.0065482446642397	False	2	0	0.5032741223321199
GO:0046394	carboxylic acid biosynthetic process	1.0	False	0.0071732486200137	False	2	0	0.5035866243100069
GO:0050680	negative regulation of epithelial cell proliferation	0.1609749691389101	False	0.846213242458251	False	2	0	0.5035941057985805
GO:0045807	positive regulation of endocytosis	1.0	False	0.0073290226952689	False	2	0	0.5036645113476345
GO:0006631	fatty acid metabolic process	1.0	False	0.0074314759581782	False	2	0	0.5037157379790891
GO:0030518	nuclear receptor-mediated steroid hormone signaling pathway	1.0	False	0.0074314759581782	False	2	0	0.5037157379790891
GO:0043401	steroid hormone receptor signaling pathway	1.0	False	0.0074314759581782	False	2	0	0.5037157379790891
GO:0051179	localization	1.0	False	0.0076061360667189	False	2	0	0.5038030680333595
GO:0015718	monocarboxylic acid transport	1.0	False	0.0076187038751586	False	2	0	0.5038093519375793
GO:0016053	organic acid biosynthetic process	1.0	False	0.0076187038751586	False	2	0	0.5038093519375793
GO:1990845	adaptive thermogenesis	1.0	False	0.0077356919066483	False	2	0	0.5038678459533241
GO:0006413	translational initiation	1.0	False	0.0078850268635184	False	2	0	0.5039425134317592
GO:0016055	Wnt signaling pathway	1.0	False	0.0082645711865784	False	2	0	0.5041322855932892
GO:0141193	nuclear receptor-mediated signaling pathway	1.0	False	0.0083386908500163	False	2	0	0.5041693454250081
GO:0001818	negative regulation of cytokine production	1.0	False	0.0084822289471337	False	2	0	0.5042411144735669
GO:0070887	cellular response to chemical stimulus	1.0	False	0.008505121984208	False	2	0	0.504252560992104
GO:2001252	positive regulation of chromosome organization	1.0	False	0.0087622086023352	False	2	0	0.5043811043011676
GO:0045669	positive regulation of osteoblast differentiation	0.1327798490353072	False	0.877033001246686	False	2	0	0.5049064251409966
GO:0051056	regulation of small GTPase mediated signal transduction	1.0	False	0.0098311793187241	False	2	0	0.504915589659362
GO:0033108	mitochondrial respiratory chain complex assembly	1.0	False	0.0099070090571154	False	2	0	0.5049535045285577
GO:0007094	mitotic spindle assembly checkpoint signaling	0.3402460954823223	False	0.669778199420709	False	2	0	0.5050121474515157
GO:0002449	lymphocyte mediated immunity	1.0	False	0.0100811135679838	False	2	0	0.5050405567839918
GO:1990748	cellular detoxification	1.0	False	0.0105407825596243	False	2	0	0.5052703912798121
GO:0030099	myeloid cell differentiation	1.0	False	0.0112026052026252	False	2	0	0.5056013026013126
GO:0007157	heterophilic cell-cell adhesion	0.0144842068012581	False	0.996945127392329	False	2	0	0.5057146670967936
GO:0002703	regulation of leukocyte mediated immunity	1.0	False	0.0116099529220281	False	2	0	0.5058049764610141
GO:0006638	neutral lipid metabolic process	1.0	False	0.0123119693956284	False	2	0	0.5061559846978142
GO:0006639	acylglycerol metabolic process	1.0	False	0.0123119693956284	False	2	0	0.5061559846978142
GO:0051546	keratinocyte migration	0.0339871718783617	False	0.978953630511603	False	2	0	0.5064704011949823
GO:0060326	cell chemotaxis	1.0	False	0.0131834836801288	False	2	0	0.5065917418400644
GO:0032543	mitochondrial translation	1.0	False	0.0134126311552574	False	2	0	0.5067063155776287
GO:0044282	small molecule catabolic process	1.0	False	0.0134126311552574	False	2	0	0.5067063155776287
GO:0007249	canonical NF-kappaB signal transduction	1.0	False	0.0140355156199107	False	2	0	0.5070177578099554
GO:0032502	developmental process	1.0	False	0.0141536923245588	False	2	0	0.5070768461622794
GO:0050793	regulation of developmental process	1.0	False	0.0149684082208942	False	2	0	0.5074842041104471
GO:0097191	extrinsic apoptotic signaling pathway	1.0	False	0.0151957691292363	False	2	0	0.5075978845646182
GO:0043122	regulation of canonical NF-kappaB signal transduction	1.0	False	0.0152931229640125	False	2	0	0.5076465614820063
GO:0140353	lipid export from cell	0.3743307121798023	False	0.641164075261047	False	2	0	0.5077473937204247
GO:0010039	response to iron ion	0.3633582794728563	False	0.652411029896214	False	2	0	0.5078846546845351
GO:0022607	cellular component assembly	1.0	False	0.0159303128308231	False	2	0	0.5079651564154115
GO:0071383	cellular response to steroid hormone stimulus	1.0	False	0.016427604475979	False	2	0	0.5082138022379895
GO:0030641	regulation of cellular pH	1.0	False	0.0164647910995549	False	2	0	0.5082323955497774
GO:0045332	phospholipid translocation	0.3401204626482029	False	0.676572142264391	False	2	0	0.508346302456297
GO:0035457	cellular response to interferon-alpha	0.1593388199217275	False	0.857618504588695	False	2	0	0.5084786622552113
GO:0006885	regulation of pH	1.0	False	0.016985316547707	False	2	0	0.5084926582738535
GO:0046638	positive regulation of alpha-beta T cell differentiation	0.1386434535669579	False	0.878476733081801	False	2	0	0.5085600933243795
GO:0010256	endomembrane system organization	1.0	False	0.0172076229507767	False	2	0	0.5086038114753884
GO:0097237	cellular response to toxic substance	1.0	False	0.0174806491353187	False	2	0	0.5087403245676594
GO:0071499	cellular response to laminar fluid shear stress	0.129265431028301	False	0.888359605580097	False	2	0	0.5088125183041989
GO:0030030	cell projection organization	1.0	False	0.0185381580492801	False	2	0	0.50926907902464
GO:0051453	regulation of intracellular pH	1.0	False	0.0185381580492801	False	2	0	0.50926907902464
GO:0070828	heterochromatin organization	1.0	False	0.0186381863595218	False	2	0	0.5093190931797609
GO:0046434	organophosphate catabolic process	1.0	False	0.0207218066831417	False	2	0	0.5103609033415708
GO:0048568	embryonic organ development	1.0	False	0.0209248081560843	False	2	0	0.5104624040780421
GO:0009790	embryo development	1.0	False	0.0210792416430068	False	2	0	0.5105396208215034
GO:0009895	negative regulation of catabolic process	0.2899223267239073	False	0.731420095818993	False	2	0	0.5106712112714502
GO:0010721	negative regulation of cell development	1.0	False	0.021524850924926	False	2	0	0.510762425462463
GO:0006261	DNA-templated DNA replication	1.0	False	0.0218154750068181	False	2	0	0.510907737503409
GO:0006400	tRNA modification	1.0	False	0.0218154750068181	False	2	0	0.510907737503409
GO:1903305	regulation of regulated secretory pathway	1.0	False	0.0222297154270542	False	2	0	0.511114857713527
GO:0061684	chaperone-mediated autophagy	0.0266940347863229	False	0.995563361567147	False	2	0	0.5111286981767349
GO:2001236	regulation of extrinsic apoptotic signaling pathway	1.0	False	0.022413000435337	False	2	0	0.5112065002176684
GO:0051047	positive regulation of secretion	1.0	False	0.0232023241888425	False	2	0	0.5116011620944213
GO:0009755	hormone-mediated signaling pathway	1.0	False	0.0232735361506882	False	2	0	0.5116367680753441
GO:2000209	regulation of anoikis	0.3055551638879807	False	0.71776405856135	False	2	0	0.5116596112246653
GO:0141086	negative regulation of inflammasome-mediated signaling pathway	0.242528967320306	False	0.782175266396609	False	2	0	0.5123521168584575
GO:0035194	regulatory ncRNA-mediated post-transcriptional gene silencing	1.0	False	0.0247060436464394	False	2	0	0.5123530218232197
GO:0038095	Fc-epsilon receptor signaling pathway	0.3521942806818869	False	0.672651555830115	False	2	0	0.512422918256001
GO:0000226	microtubule cytoskeleton organization	1.0	False	0.0252729004367686	False	2	0	0.5126364502183843
GO:0019724	B cell mediated immunity	1.0	False	0.0252729004367686	False	2	0	0.5126364502183843
GO:0002822	regulation of adaptive immune response based on somatic recombination of immune receptors built from immunoglobulin superfamily domains	1.0	False	0.0253362007043875	False	2	0	0.5126681003521938
GO:0050805	negative regulation of synaptic transmission	0.446041916994831	False	0.579462676928635	False	2	0	0.512752296961733
GO:0002840	regulation of T cell mediated immune response to tumor cell	0.268395372730777	False	0.757484502168569	False	2	0	0.512939937449673
GO:0051155	positive regulation of striated muscle cell differentiation	0.268395372730777	False	0.758003807421794	False	2	0	0.5131995900762855
GO:0002709	regulation of T cell mediated immunity	1.0	False	0.026836741729921	False	2	0	0.5134183708649604
GO:0031123	RNA 3'-end processing	1.0	False	0.027514078870222	False	2	0	0.513757039435111
GO:0007160	cell-matrix adhesion	0.6639085656632515	False	0.363652148078103	False	2	0	0.5137803568706772
GO:0051250	negative regulation of lymphocyte activation	1.0	False	0.0279372344508293	False	2	0	0.5139686172254146
GO:0048661	positive regulation of smooth muscle cell proliferation	0.4257725504654722	False	0.60239670936487	False	2	0	0.5140846299151711
GO:0048856	anatomical structure development	1.0	False	0.0283164653410668	False	2	0	0.5141582326705334
GO:0120031	plasma membrane bounded cell projection assembly	1.0	False	0.0283164653410668	False	2	0	0.5141582326705334
GO:1903531	negative regulation of secretion by cell	1.0	False	0.0286671240374641	False	2	0	0.514333562018732
GO:0006690	icosanoid metabolic process	1.0	False	0.0287779732755966	False	2	0	0.5143889866377983
GO:0006793	phosphorus metabolic process	1.0	False	0.0289225791560597	False	2	0	0.5144612895780298
GO:0120036	plasma membrane bounded cell projection organization	1.0	False	0.0293297561807285	False	2	0	0.5146648780903642
GO:0060759	regulation of response to cytokine stimulus	1.0	False	0.0295094955427381	False	2	0	0.5147547477713691
GO:0051048	negative regulation of secretion	1.0	False	0.0295165500532558	False	2	0	0.5147582750266279
GO:0007034	vacuolar transport	1.0	False	0.0297860613430693	False	2	0	0.5148930306715347
GO:0097722	sperm motility	1.0	False	0.0297860613430693	False	2	0	0.5148930306715347
GO:1902369	negative regulation of RNA catabolic process	1.0	False	0.0302130699740999	False	2	0	0.51510653498705
GO:0097700	vascular endothelial cell response to laminar fluid shear stress	0.268395372730777	False	0.761860231290534	False	2	0	0.5151278020106556
GO:0046330	positive regulation of JNK cascade	0.1673273377479715	False	0.863214686868306	False	2	0	0.5152710123081388
GO:0032784	regulation of DNA-templated transcription elongation	1.0	False	0.0312787360691466	False	2	0	0.5156393680345733
GO:0033993	response to lipid	1.0	False	0.0313664939215366	False	2	0	0.5156832469607683
GO:1990266	neutrophil migration	1.0	False	0.0315121548722403	False	2	0	0.5157560774361202
GO:0042110	T cell activation	1.0	False	0.0316291060124733	False	2	0	0.5158145530062367
GO:0034067	protein localization to Golgi apparatus	0.3292782091016961	False	0.70236019264585	False	2	0	0.5158192008737731
GO:0050801	monoatomic ion homeostasis	1.0	False	0.031774540968356	False	2	0	0.515887270484178
GO:0061041	regulation of wound healing	1.0	False	0.0325635749057798	False	2	0	0.5162817874528899
GO:1903034	regulation of response to wounding	1.0	False	0.0336301287795688	False	2	0	0.5168150643897844
GO:0046488	phosphatidylinositol metabolic process	1.0	False	0.0338389254495665	False	2	0	0.5169194627247833
GO:0006887	exocytosis	1.0	False	0.0340911276667045	False	2	0	0.5170455638333522
GO:0008217	regulation of blood pressure	1.0	False	0.0340911276667045	False	2	0	0.5170455638333522
GO:0016441	post-transcriptional gene silencing	1.0	False	0.0343995070758244	False	2	0	0.5171997535379123
GO:0071621	granulocyte chemotaxis	1.0	False	0.0346661944683972	False	2	0	0.5173330972341986
GO:0032801	receptor catabolic process	0.385114851703767	False	0.649621704693314	False	2	0	0.5173682781985405
GO:0051130	positive regulation of cellular component organization	0.318452325889788	False	0.716351635405869	False	2	0	0.5174019806478285
GO:0051301	cell division	1.0	False	0.0348836983954345	False	2	0	0.5174418491977173
GO:0010464	regulation of mesenchymal cell proliferation	0.1593388199217275	False	0.8755630896597	False	2	0	0.5174509547907138
GO:0022010	central nervous system myelination	0.1738099976535393	False	0.861266322414252	False	2	0	0.5175381600338956
GO:0046827	positive regulation of protein export from nucleus	0.2555740156963897	False	0.780530721560565	False	2	0	0.5180523686284774
GO:0055080	monoatomic cation homeostasis	1.0	False	0.0363942953063842	False	2	0	0.5181971476531921
GO:0034599	cellular response to oxidative stress	0.7691292585784062	False	0.267486794329405	False	2	0	0.5183080264539056
GO:0006672	ceramide metabolic process	1.0	False	0.0380103387944787	False	2	0	0.5190051693972394
GO:0048513	animal organ development	1.0	False	0.0380103387944787	False	2	0	0.5190051693972394
GO:0120034	positive regulation of plasma membrane bounded cell projection assembly	1.0	False	0.0380103387944787	False	2	0	0.5190051693972394
GO:0014009	glial cell proliferation	0.1293021888498438	False	0.909172264977863	False	2	0	0.5192372269138534
GO:0030031	cell projection assembly	1.0	False	0.0386641004910554	False	2	0	0.5193320502455276
GO:0070647	protein modification by small protein conjugation or removal	1.0	False	0.0388468189314197	False	2	0	0.5194234094657099
GO:0051788	response to misfolded protein	0.2809968575851538	False	0.758404066302082	False	2	0	0.5197004619436179
GO:1901142	insulin metabolic process	0.1593388199217275	False	0.880423956347541	False	2	0	0.5198813881346342
GO:0048821	erythrocyte development	0.4264320070836515	False	0.61344097045686	False	2	0	0.5199364887702558
GO:0010498	proteasomal protein catabolic process	0.1604407930100497	False	0.879580220532374	False	2	0	0.5200105067712119
GO:0006937	regulation of muscle contraction	0.8528846901843836	False	0.187315087277336	False	2	0	0.5200998887308598
GO:0006354	DNA-templated transcription elongation	1.0	False	0.0404511754457925	False	2	0	0.5202255877228963
GO:0030838	positive regulation of actin filament polymerization	0.4649842173144969	False	0.575510226114845	False	2	0	0.520247221714671
GO:0048871	multicellular organismal-level homeostasis	1.0	False	0.0415155716109288	False	2	0	0.5207577858054644
GO:0042127	regulation of cell population proliferation	0.6625602934265793	False	0.379046684051099	False	2	0	0.5208034887388391
GO:0072111	cell proliferation involved in kidney development	0.1738099976535393	False	0.869105185910226	False	2	0	0.5214575917818827
GO:2001235	positive regulation of apoptotic signaling pathway	1.0	False	0.0429299447027205	False	2	0	0.5214649723513602
GO:0016925	protein sumoylation	0.6415471069913457	False	0.401787370788277	False	2	0	0.5216672388898114
GO:0035987	endodermal cell differentiation	0.4363218582811805	False	0.607065454125366	False	2	0	0.5216936562032732
GO:0051446	positive regulation of meiotic cell cycle	0.1593388199217275	False	0.884556322851683	False	2	0	0.5219475713867052
GO:0045664	regulation of neuron differentiation	1.0	False	0.0440037898308611	False	2	0	0.5220018949154306
GO:0007029	endoplasmic reticulum organization	0.7682468441277837	False	0.275958106339743	False	2	0	0.5221024752337633
GO:0046627	negative regulation of insulin receptor signaling pathway	0.4363218582811805	False	0.607993579600556	False	2	0	0.5221577189408683
GO:0034612	response to tumor necrosis factor	1.0	False	0.0446113999917116	False	2	0	0.5223056999958557
GO:0009966	regulation of signal transduction	0.5546044114146025	False	0.490052190057405	False	2	0	0.5223283007360038
GO:0006090	pyruvate metabolic process	1.0	False	0.0448237307513155	False	2	0	0.5224118653756578
GO:1904263	positive regulation of TORC1 signaling	0.6089160995547745	False	0.435932388212998	False	2	0	0.5224242438838863
GO:0043371	negative regulation of CD4-positive, alpha-beta T cell differentiation	0.2809968575851538	False	0.763913964312099	False	2	0	0.5224554109486264
GO:0008202	steroid metabolic process	1.0	False	0.0450485562880057	False	2	0	0.5225242781440028
GO:0051209	release of sequestered calcium ion into cytosol	0.4134300164179387	False	0.632023400508839	False	2	0	0.5227267084633889
GO:0008033	tRNA processing	1.0	False	0.0461939210848388	False	2	0	0.5230969605424194
GO:0036211	protein modification process	1.0	False	0.0465975891743274	False	2	0	0.5232987945871637
GO:0071692	protein localization to extracellular region	1.0	False	0.0465975891743274	False	2	0	0.5232987945871637
GO:0007275	multicellular organism development	1.0	False	0.0475145557357077	False	2	0	0.5237572778678539
GO:0006446	regulation of translational initiation	1.0	False	0.047823368904516	False	2	0	0.523911684452258
GO:0035592	establishment of protein localization to extracellular region	1.0	False	0.0480922191386345	False	2	0	0.5240461095693173
GO:1903131	mononuclear cell differentiation	1.0	False	0.0481683841945071	False	2	0	0.5240841920972535
GO:0015908	fatty acid transport	1.0	False	0.0490855063660969	False	2	0	0.5245427531830484
GO:0090022	regulation of neutrophil chemotaxis	0.0986280717845321	False	0.950551820809822	False	2	0	0.524589946297177
GO:0051128	regulation of cellular component organization	1.0	False	0.0493245830030784	False	2	0	0.5246622915015392
GO:2001057	reactive nitrogen species metabolic process	1.0	False	0.0493245830030784	False	2	0	0.5246622915015392
GO:0009653	anatomical structure morphogenesis	1.0	False	0.0497375593528223	False	2	0	0.5248687796764111
GO:0009191	ribonucleoside diphosphate catabolic process	1.0	False	0.0500883464284542	False	2	0	0.5250441732142271
GO:0002700	regulation of production of molecular mediator of immune response	1.0	False	0.0503953789163818	False	2	0	0.5251976894581909
GO:0061162	establishment of monopolar cell polarity	1.0	False	0.0503953789163818	False	2	0	0.5251976894581909
GO:0010830	regulation of myotube differentiation	0.3175193034250475	False	0.732901499849235	False	2	0	0.5252104016371413
GO:0090596	sensory organ morphogenesis	1.0	False	0.0513372772995463	False	2	0	0.5256686386497732
GO:0015711	organic anion transport	1.0	False	0.0515853187716188	False	2	0	0.5257926593858094
GO:0080135	regulation of cellular response to stress	1.0	False	0.0520394513489403	False	2	0	0.5260197256744702
GO:0035089	establishment of apical/basal cell polarity	1.0	False	0.0520703320084228	False	2	0	0.5260351660042114
GO:0010755	regulation of plasminogen activation	1.0	False	0.0522644276971318	False	2	0	0.5261322138485659
GO:0046032	ADP catabolic process	1.0	False	0.0522730299204587	False	2	0	0.5261365149602294
GO:0007283	spermatogenesis	0.711732769108461	False	0.340656747284551	False	2	0	0.526194758196506
GO:0045446	endothelial cell differentiation	0.2889688711447018	False	0.763506715981143	False	2	0	0.5262377935629223
GO:0009137	purine nucleoside diphosphate catabolic process	1.0	False	0.0525851490078368	False	2	0	0.5262925745039184
GO:0009181	purine ribonucleoside diphosphate catabolic process	1.0	False	0.0525851490078368	False	2	0	0.5262925745039184
GO:0046890	regulation of lipid biosynthetic process	1.0	False	0.0525851490078368	False	2	0	0.5262925745039184
GO:0001959	regulation of cytokine-mediated signaling pathway	1.0	False	0.053188153595906	False	2	0	0.526594076797953
GO:0046165	alcohol biosynthetic process	1.0	False	0.0536711138211323	False	2	0	0.5268355569105662
GO:0061952	midbody abscission	1.0	False	0.0539492709777992	False	2	0	0.5269746354888996
GO:0070613	regulation of protein processing	1.0	False	0.0545953934428575	False	2	0	0.5272976967214288
GO:0031664	regulation of lipopolysaccharide-mediated signaling pathway	1.0	False	0.0551647905685227	False	2	0	0.5275823952842613
GO:0035196	miRNA processing	1.0	False	0.0551647905685227	False	2	0	0.5275823952842613
GO:0070301	cellular response to hydrogen peroxide	0.0657237006706328	False	0.989570403026854	False	2	0	0.5276470518487434
GO:0009072	aromatic amino acid metabolic process	1.0	False	0.0555326968342206	False	2	0	0.5277663484171103
GO:0060252	positive regulation of glial cell proliferation	0.2020124850861296	False	0.853621208251078	False	2	0	0.5278168466686038
GO:0046928	regulation of neurotransmitter secretion	0.6477404428208373	False	0.408267943659462	False	2	0	0.5280041932401497
GO:0141156	cAMP/PKA signal transduction	0.5504474807082268	False	0.505621199825086	False	2	0	0.5280343402666564
GO:0009306	protein secretion	1.0	False	0.0561595145954706	False	2	0	0.5280797572977353
GO:0072006	nephron development	1.0	False	0.0563973139284341	False	2	0	0.5281986569642171
GO:0048699	generation of neurons	1.0	False	0.0570113724866613	False	2	0	0.5285056862433306
GO:0070661	leukocyte proliferation	0.07868784930938	False	0.97848120612002	False	2	0	0.5285845277147
GO:0043304	regulation of mast cell degranulation	1.0	False	0.0575397245281924	False	2	0	0.5287698622640962
GO:0032490	detection of molecule of bacterial origin	1.0	False	0.0580006073917611	False	2	0	0.5290003036958806
GO:0070534	protein K63-linked ubiquitination	0.3459336323544042	False	0.712284918109543	False	2	0	0.5291092752319736
GO:2001243	negative regulation of intrinsic apoptotic signaling pathway	0.4443845792365249	False	0.614084069985868	False	2	0	0.5292343246111965
GO:0048146	positive regulation of fibroblast proliferation	0.4264320070836515	False	0.63207322522855	False	2	0	0.5292526161561008
GO:0010745	negative regulation of macrophage derived foam cell differentiation	1.0	False	0.0587792339780914	False	2	0	0.5293896169890457
GO:0060245	detection of cell density	1.0	False	0.0589210314533305	False	2	0	0.5294605157266652
GO:1904872	regulation of telomerase RNA localization to Cajal body	1.0	False	0.0589748314246277	False	2	0	0.5294874157123138
GO:0034502	protein localization to chromosome	1.0	False	0.0593179576238527	False	2	0	0.5296589788119264
GO:0060294	cilium movement involved in cell motility	1.0	False	0.0593179576238527	False	2	0	0.5296589788119264
GO:0045428	regulation of nitric oxide biosynthetic process	1.0	False	0.0593323585409201	False	2	0	0.52966617927046
GO:0006879	intracellular iron ion homeostasis	0.6936008863018237	False	0.365871345340341	False	2	0	0.5297361158210824
GO:0050792	regulation of viral process	1.0	False	0.0595412260350131	False	2	0	0.5297706130175065
GO:0001911	negative regulation of leukocyte mediated cytotoxicity	1.0	False	0.0610322765700876	False	2	0	0.5305161382850438
GO:0044782	cilium organization	1.0	False	0.0610322765700876	False	2	0	0.5305161382850438
GO:0050870	positive regulation of T cell activation	1.0	False	0.0610948176891205	False	2	0	0.5305474088445602
GO:0080164	regulation of nitric oxide metabolic process	1.0	False	0.0612724203635112	False	2	0	0.5306362101817556
GO:0031053	primary miRNA processing	1.0	False	0.0613605080196792	False	2	0	0.5306802540098396
GO:0061333	renal tubule morphogenesis	1.0	False	0.0613716785971223	False	2	0	0.5306858392985612
GO:0006915	apoptotic process	0.1265309212962907	False	0.934957174186835	False	2	0	0.5307440477415628
GO:0009261	ribonucleotide catabolic process	1.0	False	0.0623313930220247	False	2	0	0.5311656965110123
GO:1902117	positive regulation of organelle assembly	1.0	False	0.0623957160391576	False	2	0	0.5311978580195788
GO:0031341	regulation of cell killing	1.0	False	0.0624555284654598	False	2	0	0.5312277642327299
GO:0046209	nitric oxide metabolic process	1.0	False	0.0624883255804845	False	2	0	0.5312441627902422
GO:2001233	regulation of apoptotic signaling pathway	1.0	False	0.0625401973617894	False	2	0	0.5312700986808947
GO:0106074	aminoacyl-tRNA metabolism involved in translational fidelity	1.0	False	0.0625486460140026	False	2	0	0.5312743230070013
GO:0042053	regulation of dopamine metabolic process	1.0	False	0.0627136147848742	False	2	0	0.5313568073924371
GO:0042069	regulation of catecholamine metabolic process	1.0	False	0.0627136147848742	False	2	0	0.5313568073924371
GO:0097212	lysosomal membrane organization	1.0	False	0.0627281599969198	False	2	0	0.5313640799984599
GO:0006686	sphingomyelin biosynthetic process	1.0	False	0.0628178505576832	False	2	0	0.5314089252788416
GO:0006700	C21-steroid hormone biosynthetic process	0.2292563424009257	False	0.834065793267941	False	2	0	0.5316610678344333
GO:0001503	ossification	0.0995174915948919	False	0.964165942491136	False	2	0	0.531841717043014
GO:0006836	neurotransmitter transport	1.0	False	0.0637550791706574	False	2	0	0.5318775395853287
GO:0090199	regulation of release of cytochrome c from mitochondria	1.0	False	0.0637550791706574	False	2	0	0.5318775395853287
GO:0035195	miRNA-mediated post-transcriptional gene silencing	1.0	False	0.0645252198042323	False	2	0	0.5322626099021162
GO:0060037	pharyngeal system development	1.0	False	0.0647875851687449	False	2	0	0.5323937925843725
GO:0050901	leukocyte tethering or rolling	0.3292782091016961	False	0.735719940038175	False	2	0	0.5324990745699355
GO:0090316	positive regulation of intracellular protein transport	1.0	False	0.0654714278281948	False	2	0	0.5327357139140974
GO:0042982	amyloid precursor protein metabolic process	1.0	False	0.0657705590104282	False	2	0	0.5328852795052141
GO:0009166	nucleotide catabolic process	1.0	False	0.0657963531133963	False	2	0	0.5328981765566981
GO:0031570	DNA integrity checkpoint signaling	1.0	False	0.0665578209388118	False	2	0	0.5332789104694059
GO:0046173	polyol biosynthetic process	1.0	False	0.0665954369026283	False	2	0	0.5332977184513141
GO:0031639	plasminogen activation	1.0	False	0.0666529030453279	False	2	0	0.5333264515226639
GO:0006873	intracellular monoatomic ion homeostasis	1.0	False	0.0666832204661167	False	2	0	0.5333416102330584
GO:0032511	late endosome to vacuole transport via multivesicular body sorting pathway	1.0	False	0.0668014698557524	False	2	0	0.5334007349278762
GO:0046660	female sex differentiation	1.0	False	0.0668014698557524	False	2	0	0.5334007349278762
GO:0097734	extracellular exosome biogenesis	1.0	False	0.066889945321686	False	2	0	0.533444972660843
GO:0060993	kidney morphogenesis	1.0	False	0.0669481329031364	False	2	0	0.5334740664515683
GO:0048710	regulation of astrocyte differentiation	1.0	False	0.0675793379902349	False	2	0	0.5337896689951175
GO:0019233	sensory perception of pain	1.0	False	0.067724681538462	False	2	0	0.533862340769231
GO:1904018	positive regulation of vasculature development	1.0	False	0.067724681538462	False	2	0	0.533862340769231
GO:0006284	base-excision repair	1.0	False	0.0682287822270666	False	2	0	0.5341143911135333
GO:0043489	RNA stabilization	1.0	False	0.0682287822270666	False	2	0	0.5341143911135333
GO:0099111	microtubule-based transport	1.0	False	0.0682287822270666	False	2	0	0.5341143911135333
GO:0150105	protein localization to cell-cell junction	1.0	False	0.0684241908939903	False	2	0	0.5342120954469951
GO:0071496	cellular response to external stimulus	1.0	False	0.0684448132373947	False	2	0	0.5342224066186974
GO:0006661	phosphatidylinositol biosynthetic process	1.0	False	0.0685007445190649	False	2	0	0.5342503722595324
GO:0009310	amine catabolic process	1.0	False	0.0685007445190649	False	2	0	0.5342503722595324
GO:0051251	positive regulation of lymphocyte activation	1.0	False	0.0686262042364168	False	2	0	0.5343131021182084
GO:0022407	regulation of cell-cell adhesion	0.1640394883543037	False	0.904627161867693	False	2	0	0.5343333251109983
GO:0008589	regulation of smoothened signaling pathway	0.6598092986207658	False	0.408913549700505	False	2	0	0.5343614241606354
GO:0034109	homotypic cell-cell adhesion	1.0	False	0.0690199059399185	False	2	0	0.5345099529699593
GO:0016197	endosomal transport	1.0	False	0.0692386298474319	False	2	0	0.534619314923716
GO:0045779	negative regulation of bone resorption	1.0	False	0.0694946600413665	False	2	0	0.5347473300206832
GO:0009311	oligosaccharide metabolic process	1.0	False	0.0698182077562949	False	2	0	0.5349091038781475
GO:0070498	interleukin-1-mediated signaling pathway	1.0	False	0.0698182077562949	False	2	0	0.5349091038781475
GO:0045672	positive regulation of osteoclast differentiation	0.2809968575851538	False	0.789073206439507	False	2	0	0.5350350320123304
GO:0048311	mitochondrion distribution	1.0	False	0.0700854856297416	False	2	0	0.5350427428148707
GO:1903038	negative regulation of leukocyte cell-cell adhesion	1.0	False	0.0700854856297416	False	2	0	0.5350427428148707
GO:0006140	regulation of nucleotide metabolic process	1.0	False	0.0701481202239519	False	2	0	0.535074060111976
GO:1900542	regulation of purine nucleotide metabolic process	1.0	False	0.0701481202239519	False	2	0	0.535074060111976
GO:0046031	ADP metabolic process	1.0	False	0.0701618283504724	False	2	0	0.5350809141752362
GO:1990182	exosomal secretion	1.0	False	0.070336955489835	False	2	0	0.5351684777449175
GO:0033559	unsaturated fatty acid metabolic process	1.0	False	0.0704324674879164	False	2	0	0.5352162337439582
GO:0043393	regulation of protein binding	0.1733274770064	False	0.897209184666831	False	2	0	0.5352683308366155
GO:0044344	cellular response to fibroblast growth factor stimulus	0.6288333353985944	False	0.441923540101282	False	2	0	0.5353784377499382
GO:0018146	keratan sulfate proteoglycan biosynthetic process	0.2020124850861296	False	0.868778866926546	False	2	0	0.5353956760063379
GO:0043470	regulation of carbohydrate catabolic process	1.0	False	0.0713950540271442	False	2	0	0.5356975270135721
GO:0034655	nucleobase-containing compound catabolic process	1.0	False	0.0717617637136271	False	2	0	0.5358808818568136
GO:0042093	T-helper cell differentiation	0.2891729830990589	False	0.782651373546849	False	2	0	0.5359121783229539
GO:0009134	nucleoside diphosphate catabolic process	1.0	False	0.0730867781695831	False	2	0	0.5365433890847916
GO:0045661	regulation of myoblast differentiation	1.0	False	0.0730867781695831	False	2	0	0.5365433890847916
GO:1901987	regulation of cell cycle phase transition	1.0	False	0.0730867781695831	False	2	0	0.5365433890847916
GO:0090670	RNA localization to Cajal body	1.0	False	0.0731167759546489	False	2	0	0.5365583879773245
GO:0090671	telomerase RNA localization to Cajal body	1.0	False	0.0731167759546489	False	2	0	0.5365583879773245
GO:0090672	telomerase RNA localization	1.0	False	0.0731167759546489	False	2	0	0.5365583879773245
GO:0090685	RNA localization to nucleus	1.0	False	0.0731167759546489	False	2	0	0.5365583879773245
GO:0030167	proteoglycan catabolic process	1.0	False	0.0733100859840539	False	2	0	0.5366550429920269
GO:0032446	protein modification by small protein conjugation	1.0	False	0.0733100859840539	False	2	0	0.5366550429920269
GO:0007059	chromosome segregation	1.0	False	0.0735530595903141	False	2	0	0.536776529795157
GO:0000278	mitotic cell cycle	1.0	False	0.0739258723229046	False	2	0	0.5369629361614523
GO:0046503	glycerolipid catabolic process	1.0	False	0.0751809920980784	False	2	0	0.5375904960490392
GO:0022008	neurogenesis	1.0	False	0.0752487269118058	False	2	0	0.5376243634559029
GO:0032535	regulation of cellular component size	0.3969814887230324	False	0.678715084283873	False	2	0	0.5378482865034526
GO:0071396	cellular response to lipid	1.0	False	0.0758681753943549	False	2	0	0.5379340876971774
GO:0022408	negative regulation of cell-cell adhesion	1.0	False	0.0758992924264195	False	2	0	0.5379496462132097
GO:0090023	positive regulation of neutrophil chemotaxis	0.3175193034250475	False	0.758404066302082	False	2	0	0.5379616848635648
GO:0034332	adherens junction organization	1.0	False	0.0759603659808337	False	2	0	0.5379801829904168
GO:0009190	cyclic nucleotide biosynthetic process	1.0	False	0.0764357799417658	False	2	0	0.5382178899708829
GO:0007498	mesoderm development	0.1935009425651337	False	0.88347310342105	False	2	0	0.5384870229930918
GO:0001934	positive regulation of protein phosphorylation	0.1975996497257494	False	0.879580220532374	False	2	0	0.5385899351290617
GO:1901857	positive regulation of cellular respiration	0.2157521885599528	False	0.861469794972707	False	2	0	0.5386109917663299
GO:0006406	mRNA export from nucleus	1.0	False	0.0775561861083804	False	2	0	0.5387780930541902
GO:0034453	microtubule anchoring	1.0	False	0.0775561861083804	False	2	0	0.5387780930541902
GO:0051146	striated muscle cell differentiation	1.0	False	0.0775561861083804	False	2	0	0.5387780930541902
GO:0090026	positive regulation of monocyte chemotaxis	1.0	False	0.0775561861083804	False	2	0	0.5387780930541902
GO:0000272	polysaccharide catabolic process	1.0	False	0.0775964065049256	False	2	0	0.5387982032524627
GO:0009264	deoxyribonucleotide catabolic process	1.0	False	0.0775964065049256	False	2	0	0.5387982032524627
GO:0046386	deoxyribose phosphate catabolic process	1.0	False	0.0775964065049256	False	2	0	0.5387982032524627
GO:0051302	regulation of cell division	1.0	False	0.0777899689653014	False	2	0	0.5388949844826507
GO:0002704	negative regulation of leukocyte mediated immunity	1.0	False	0.0778187740617505	False	2	0	0.5389093870308752
GO:0006188	IMP biosynthetic process	1.0	False	0.0778187740617505	False	2	0	0.5389093870308752
GO:0048388	endosomal lumen acidification	1.0	False	0.0778187740617505	False	2	0	0.5389093870308752
GO:1905146	lysosomal protein catabolic process	1.0	False	0.0778187740617505	False	2	0	0.5389093870308752
GO:1903140	regulation of establishment of endothelial barrier	0.2555740156963897	False	0.822342271242943	False	2	0	0.5389581434696664
GO:0007000	nucleolus organization	1.0	False	0.0779176154685419	False	2	0	0.538958807734271
GO:1903409	reactive oxygen species biosynthetic process	1.0	False	0.0782604658509921	False	2	0	0.539130232925496
GO:0001990	regulation of systemic arterial blood pressure by hormone	1.0	False	0.0784851990665733	False	2	0	0.5392425995332867
GO:0016051	carbohydrate biosynthetic process	1.0	False	0.0792657781009289	False	2	0	0.5396328890504645
GO:0022602	ovulation cycle process	0.2809968575851538	False	0.798919323134688	False	2	0	0.5399580903599209
GO:0043506	regulation of JUN kinase activity	1.0	False	0.0799779985040608	False	2	0	0.5399889992520304
GO:0033144	negative regulation of intracellular steroid hormone receptor signaling pathway	1.0	False	0.0805075717427147	False	2	0	0.5402537858713573
GO:0032623	interleukin-2 production	1.0	False	0.0806733247015018	False	2	0	0.540336662350751
GO:0032663	regulation of interleukin-2 production	1.0	False	0.0806733247015018	False	2	0	0.540336662350751
GO:0002009	morphogenesis of an epithelium	1.0	False	0.0807433614012822	False	2	0	0.5403716807006411
GO:0006656	phosphatidylcholine biosynthetic process	1.0	False	0.0813305117787222	False	2	0	0.5406652558893611
GO:0051647	nucleus localization	1.0	False	0.0813305117787222	False	2	0	0.5406652558893611
GO:0032091	negative regulation of protein binding	0.268395372730777	False	0.813170551666675	False	2	0	0.540782962198726
GO:0090025	regulation of monocyte chemotaxis	1.0	False	0.0816789301670088	False	2	0	0.5408394650835044
GO:0015849	organic acid transport	1.0	False	0.081923408734362	False	2	0	0.540961704367181
GO:0046942	carboxylic acid transport	1.0	False	0.081923408734362	False	2	0	0.540961704367181
GO:0046634	regulation of alpha-beta T cell activation	1.0	False	0.0821965615056238	False	2	0	0.5410982807528119
GO:0045165	cell fate commitment	1.0	False	0.0822134524526526	False	2	0	0.5411067262263263
GO:0044770	cell cycle phase transition	1.0	False	0.0829675332511355	False	2	0	0.5414837666255677
GO:0019058	viral life cycle	1.0	False	0.0833881538937178	False	2	0	0.5416940769468589
GO:0001708	cell fate specification	1.0	False	0.0837284477595103	False	2	0	0.5418642238797552
GO:0007224	smoothened signaling pathway	1.0	False	0.0839135230636084	False	2	0	0.5419567615318042
GO:0007411	axon guidance	0.6369606152829093	False	0.447108047004377	False	2	0	0.5420343311436431
GO:0002725	negative regulation of T cell cytokine production	0.1738099976535393	False	0.910615228961797	False	2	0	0.5422126133076681
GO:1905332	positive regulation of morphogenesis of an epithelium	0.3521942806818869	False	0.732901499849235	False	2	0	0.5425478902655609
GO:1901223	negative regulation of non-canonical NF-kappaB signal transduction	0.3743307121798023	False	0.710869964967367	False	2	0	0.5426003385735847
GO:0006541	glutamine metabolic process	1.0	False	0.0854581966516334	False	2	0	0.5427290983258167
GO:0009116	nucleoside metabolic process	1.0	False	0.0856242857679876	False	2	0	0.5428121428839938
GO:1902373	negative regulation of mRNA catabolic process	1.0	False	0.0857895075594353	False	2	0	0.5428947537797176
GO:0007266	Rho protein signal transduction	0.8579440510025387	False	0.227863760418024	False	2	0	0.5429039057102814
GO:0043038	amino acid activation	1.0	False	0.0860431049792023	False	2	0	0.5430215524896012
GO:0043039	tRNA aminoacylation	1.0	False	0.0860431049792023	False	2	0	0.5430215524896012
GO:0002483	antigen processing and presentation of endogenous peptide antigen	1.0	False	0.0860969056190153	False	2	0	0.5430484528095076
GO:0048731	system development	1.0	False	0.0864441073582167	False	2	0	0.5432220536791084
GO:0009176	pyrimidine deoxyribonucleoside monophosphate metabolic process	1.0	False	0.0865247073407526	False	2	0	0.5432623536703763
GO:0071816	tail-anchored membrane protein insertion into ER membrane	1.0	False	0.0865247073407526	False	2	0	0.5432623536703763
GO:0048729	tissue morphogenesis	1.0	False	0.0868875544654987	False	2	0	0.5434437772327494
GO:0072584	caveolin-mediated endocytosis	1.0	False	0.0868875544654987	False	2	0	0.5434437772327494
GO:1903405	protein localization to nuclear body	1.0	False	0.0868875544654987	False	2	0	0.5434437772327494
GO:1904867	protein localization to Cajal body	1.0	False	0.0868875544654987	False	2	0	0.5434437772327494
GO:0006888	endoplasmic reticulum to Golgi vesicle-mediated transport	1.0	False	0.0872415043475851	False	2	0	0.5436207521737926
GO:0045217	cell-cell junction maintenance	0.268395372730777	False	0.818959500392895	False	2	0	0.543677436561836
GO:0010634	positive regulation of epithelial cell migration	0.4649842173144969	False	0.622682832162362	False	2	0	0.5438335247384294
GO:0033043	regulation of organelle organization	1.0	False	0.087814402159401	False	2	0	0.5439072010797005
GO:0043408	regulation of MAPK cascade	0.3667790014511342	False	0.721175747355933	False	2	0	0.5439773744035337
GO:1900025	negative regulation of substrate adhesion-dependent cell spreading	0.1880331417591714	False	0.900000655365753	False	2	0	0.5440168985624623
GO:0015693	magnesium ion transport	1.0	False	0.088104846649764	False	2	0	0.544052423324882
GO:0042176	regulation of protein catabolic process	1.0	False	0.088104846649764	False	2	0	0.544052423324882
GO:1903830	magnesium ion transmembrane transport	1.0	False	0.088104846649764	False	2	0	0.544052423324882
GO:0035023	regulation of Rho protein signal transduction	1.0	False	0.0891509099251855	False	2	0	0.5445754549625927
GO:0000425	pexophagy	0.242528967320306	False	0.846645993226327	False	2	0	0.5445874802733165
GO:0007200	phospholipase C-activating G protein-coupled receptor signaling pathway	0.1758021116049453	False	0.91374564931598	False	2	0	0.5447738804604627
GO:0001539	cilium or flagellum-dependent cell motility	1.0	False	0.0898822118353824	False	2	0	0.5449411059176912
GO:0060285	cilium-dependent cell motility	1.0	False	0.0898822118353824	False	2	0	0.5449411059176912
GO:0010638	positive regulation of organelle organization	1.0	False	0.0899485735004033	False	2	0	0.5449742867502017
GO:0031124	mRNA 3'-end processing	1.0	False	0.0899606562171266	False	2	0	0.5449803281085633
GO:1903509	liposaccharide metabolic process	1.0	False	0.0899606562171266	False	2	0	0.5449803281085633
GO:0030488	tRNA methylation	1.0	False	0.0899890580759002	False	2	0	0.5449945290379501
GO:0071353	cellular response to interleukin-4	0.1441456756215747	False	0.946427070921322	False	2	0	0.5452863732714484
GO:0060340	positive regulation of type I interferon-mediated signaling pathway	1.0	False	0.0910470395596166	False	2	0	0.5455235197798083
GO:0043627	response to estrogen	1.0	False	0.0911449611545048	False	2	0	0.5455724805772524
GO:0021801	cerebral cortex radial glia-guided migration	0.2555740156963897	False	0.836158453697485	False	2	0	0.5458662346969374
GO:0003044	regulation of systemic arterial blood pressure mediated by a chemical signal	1.0	False	0.091851200127906	False	2	0	0.545925600063953
GO:0070741	response to interleukin-6	1.0	False	0.0918571538159013	False	2	0	0.5459285769079506
GO:1903047	mitotic cell cycle process	1.0	False	0.0918571538159013	False	2	0	0.5459285769079506
GO:1902774	late endosome to lysosome transport	1.0	False	0.0921953204578739	False	2	0	0.5460976602289369
GO:0045653	negative regulation of megakaryocyte differentiation	1.0	False	0.0922968349270463	False	2	0	0.5461484174635232
GO:0071402	cellular response to lipoprotein particle stimulus	1.0	False	0.0922968349270463	False	2	0	0.5461484174635232
GO:0030003	intracellular monoatomic cation homeostasis	1.0	False	0.0924569718681165	False	2	0	0.5462284859340583
GO:0009125	nucleoside monophosphate catabolic process	1.0	False	0.0928347694036097	False	2	0	0.5464173847018049
GO:0033540	fatty acid beta-oxidation using acyl-CoA oxidase	1.0	False	0.0929677031081423	False	2	0	0.5464838515540712
GO:0097576	vacuole fusion	1.0	False	0.0930262871546577	False	2	0	0.5465131435773288
GO:1905477	positive regulation of protein localization to membrane	1.0	False	0.0930262871546577	False	2	0	0.5465131435773288
GO:0002577	regulation of antigen processing and presentation	1.0	False	0.0931405187068078	False	2	0	0.5465702593534039
GO:0043409	negative regulation of MAPK cascade	0.1729301148933087	False	0.9206135740122	False	2	0	0.5467718444527544
GO:0044872	lipoprotein localization	1.0	False	0.093731127772545	False	2	0	0.5468655638862725
GO:0032418	lysosome localization	1.0	False	0.0938171710053212	False	2	0	0.5469085855026606
GO:0051469	vesicle fusion with vacuole	1.0	False	0.0948365333116292	False	2	0	0.5474182666558146
GO:0061448	connective tissue development	1.0	False	0.0948365333116292	False	2	0	0.5474182666558146
GO:1900119	positive regulation of execution phase of apoptosis	1.0	False	0.096215763733922	False	2	0	0.548107881866961
GO:0045666	positive regulation of neuron differentiation	1.0	False	0.0964376952377291	False	2	0	0.5482188476188645
GO:0007039	protein catabolic process in the vacuole	1.0	False	0.0971161214694086	False	2	0	0.5485580607347043
GO:0033194	response to hydroperoxide	1.0	False	0.0981028443515242	False	2	0	0.5490514221757621
GO:0006002	fructose 6-phosphate metabolic process	0.1880331417591714	False	0.910615228961797	False	2	0	0.5493241853604842
GO:0006910	phagocytosis, recognition	1.0	False	0.0988384905678586	False	2	0	0.5494192452839293
GO:0032785	negative regulation of DNA-templated transcription, elongation	1.0	False	0.0988384905678586	False	2	0	0.5494192452839293
GO:0046365	monosaccharide catabolic process	1.0	False	0.0988384905678586	False	2	0	0.5494192452839293
GO:0062207	regulation of pattern recognition receptor signaling pathway	1.0	False	0.0988384905678586	False	2	0	0.5494192452839293
GO:0090162	establishment of epithelial cell polarity	1.0	False	0.0988384905678586	False	2	0	0.5494192452839293
GO:0046824	positive regulation of nucleocytoplasmic transport	1.0	False	0.0989844627218659	False	2	0	0.549492231360933
GO:0051900	regulation of mitochondrial depolarization	0.2020124850861296	False	0.897209184666831	False	2	0	0.5496108348764803
GO:1990849	vacuolar localization	1.0	False	0.0994022627109646	False	2	0	0.5497011313554823
GO:0051152	positive regulation of smooth muscle cell differentiation	0.1880331417591714	False	0.911515193692113	False	2	0	0.5497741677256422
GO:0007162	negative regulation of cell adhesion	1.0	False	0.0999712461811631	False	2	0	0.5499856230905815
GO:0007189	adenylate cyclase-activating G protein-coupled receptor signaling pathway	0.2610176507991861	False	0.839130483480693	False	2	0	0.5500740671399396
GO:0003279	cardiac septum development	1.0	False	0.100591894578037	False	2	0	0.5502959472890185
GO:0045637	regulation of myeloid cell differentiation	1.0	False	0.100863892786871	False	2	0	0.5504319463934355
GO:0015671	oxygen transport	0.1738099976535393	False	0.927177432187286	False	2	0	0.5504937149204127
GO:0019068	virion assembly	1.0	False	0.101441271010903	False	2	0	0.5507206355054515
GO:0044773	mitotic DNA damage checkpoint signaling	1.0	False	0.10163694924313	False	2	0	0.550818474621565
GO:0008228	opsonization	1.0	False	0.102125721274132	False	2	0	0.551062860637066
GO:0030705	cytoskeleton-dependent intracellular transport	1.0	False	0.102141004535557	False	2	0	0.5510705022677785
GO:0072332	intrinsic apoptotic signaling pathway by p53 class mediator	1.0	False	0.102287415442221	False	2	0	0.5511437077211105
GO:0035556	intracellular signal transduction	0.4300822453281427	False	0.67232203308871	False	2	0	0.5512021392084263
GO:1905037	autophagosome organization	1.0	False	0.102779854012356	False	2	0	0.551389927006178
GO:0046640	regulation of alpha-beta T cell proliferation	1.0	False	0.102920008516273	False	2	0	0.5514600042581365
GO:0002685	regulation of leukocyte migration	1.0	False	0.102956678161885	False	2	0	0.5514783390809425
GO:1905954	positive regulation of lipid localization	1.0	False	0.102956678161885	False	2	0	0.5514783390809425
GO:0060231	mesenchymal to epithelial transition	0.1593388199217275	False	0.944500122305207	False	2	0	0.5519194711134672
GO:0045787	positive regulation of cell cycle	0.4045614165691569	False	0.699463148384704	False	2	0	0.5520122824769305
GO:0002764	immune response-regulating signaling pathway	1.0	False	0.104448324756577	False	2	0	0.5522241623782885
GO:0090594	inflammatory response to wounding	1.0	False	0.104512269482177	False	2	0	0.5522561347410885
GO:0048562	embryonic organ morphogenesis	1.0	False	0.104668909778885	False	2	0	0.5523344548894425
GO:0071495	cellular response to endogenous stimulus	1.0	False	0.105620146612575	False	2	0	0.5528100733062875
GO:1903317	regulation of protein maturation	1.0	False	0.106116614873605	False	2	0	0.5530583074368025
GO:0043030	regulation of macrophage activation	1.0	False	0.106213618077101	False	2	0	0.5531068090385505
GO:0044087	regulation of cellular component biogenesis	1.0	False	0.10675108512982	False	2	0	0.55337554256491
GO:0030101	natural killer cell activation	0.6988984519288188	False	0.407939111499826	False	2	0	0.5534187817143223
GO:0007186	G protein-coupled receptor signaling pathway	0.6734525878313515	False	0.433397018742544	False	2	0	0.5534248032869478
GO:0051170	import into nucleus	1.0	False	0.107084346816208	False	2	0	0.553542173408104
GO:0034312	diol biosynthetic process	1.0	False	0.10849862266811	False	2	0	0.554249311334055
GO:0044089	positive regulation of cellular component biogenesis	1.0	False	0.108597421693904	False	2	0	0.554298710846952
GO:0010799	regulation of peptidyl-threonine phosphorylation	1.0	False	0.108976719812134	False	2	0	0.554488359906067
GO:0042634	regulation of hair cycle	0.2157521885599528	False	0.894201987471657	False	2	0	0.5549770880158049
GO:0000045	autophagosome assembly	1.0	False	0.110469915734929	False	2	0	0.5552349578674645
GO:0006098	pentose-phosphate shunt	1.0	False	0.110469915734929	False	2	0	0.5552349578674645
GO:0072526	pyridine-containing compound catabolic process	1.0	False	0.110897294818181	False	2	0	0.5554486474090905
GO:0009251	glucan catabolic process	1.0	False	0.110963758371222	False	2	0	0.555481879185611
GO:0072078	nephron tubule morphogenesis	1.0	False	0.110963758371222	False	2	0	0.555481879185611
GO:0045732	positive regulation of protein catabolic process	0.6701401136645934	False	0.441031317512911	False	2	0	0.5555857155887522
GO:0032042	mitochondrial DNA metabolic process	1.0	False	0.112081989261114	False	2	0	0.556040994630557
GO:0045453	bone resorption	1.0	False	0.112081989261114	False	2	0	0.556040994630557
GO:0006740	NADPH regeneration	1.0	False	0.112107791771861	False	2	0	0.5560538958859305
GO:0005996	monosaccharide metabolic process	1.0	False	0.112914413971404	False	2	0	0.556457206985702
GO:0048598	embryonic morphogenesis	1.0	False	0.112914413971404	False	2	0	0.556457206985702
GO:0045670	regulation of osteoclast differentiation	1.0	False	0.112991743729881	False	2	0	0.5564958718649405
GO:0002052	positive regulation of neuroblast proliferation	0.1593388199217275	False	0.953746254516035	False	2	0	0.5565425372188813
GO:0043086	negative regulation of catalytic activity	0.4258168501745102	False	0.687394848257998	False	2	0	0.5566058492162541
GO:0045444	fat cell differentiation	0.6647592731616302	False	0.449000376602534	False	2	0	0.5568798248820821
GO:0010633	negative regulation of epithelial cell migration	0.2020124850861296	False	0.911948809112348	False	2	0	0.5569806470992388
GO:1905063	regulation of vascular associated smooth muscle cell differentiation	1.0	False	0.114136265294659	False	2	0	0.5570681326473295
GO:0009158	ribonucleoside monophosphate catabolic process	1.0	False	0.11415760394672	False	2	0	0.55707880197336
GO:0034104	negative regulation of tissue remodeling	1.0	False	0.11415760394672	False	2	0	0.55707880197336
GO:1901568	fatty acid derivative metabolic process	1.0	False	0.114166025745206	False	2	0	0.557083012872603
GO:0010310	regulation of hydrogen peroxide metabolic process	0.2020124850861296	False	0.912842332162059	False	2	0	0.5574274086240943
GO:0035589	G protein-coupled purinergic nucleotide receptor signaling pathway	0.1880331417591714	False	0.926840841056761	False	2	0	0.5574369914079662
GO:0034330	cell junction organization	1.0	False	0.115316736734268	False	2	0	0.557658368367134
GO:0007423	sensory organ development	1.0	False	0.115915852748207	False	2	0	0.5579579263741035
GO:0045742	positive regulation of epidermal growth factor receptor signaling pathway	0.3633582794728563	False	0.752675947599852	False	2	0	0.5580171135363542
GO:0097352	autophagosome maturation	1.0	False	0.116127584846274	False	2	0	0.558063792423137
GO:0050856	regulation of T cell receptor signaling pathway	1.0	False	0.116129657804362	False	2	0	0.558064828902181
GO:0060544	regulation of necroptotic process	0.385114851703767	False	0.731151322006698	False	2	0	0.5581330868552326
GO:0060271	cilium assembly	0.9817644946340192	False	0.134951581114499	False	2	0	0.5583580378742591
GO:0046633	alpha-beta T cell proliferation	1.0	False	0.117647249455871	False	2	0	0.5588236247279355
GO:0010874	regulation of cholesterol efflux	1.0	False	0.117856966630334	False	2	0	0.558928483315167
GO:0044774	mitotic DNA integrity checkpoint signaling	1.0	False	0.117856966630334	False	2	0	0.558928483315167
GO:0045048	protein insertion into ER membrane	1.0	False	0.117856966630334	False	2	0	0.558928483315167
GO:1902966	positive regulation of protein localization to early endosome	0.1593388199217275	False	0.9587543933643	False	2	0	0.5590466066430138
GO:0000387	spliceosomal snRNP assembly	1.0	False	0.118122952735391	False	2	0	0.5590614763676955
GO:1900181	negative regulation of protein localization to nucleus	0.3957139152715863	False	0.722720568459686	False	2	0	0.5592172418656361
GO:0006664	glycolipid metabolic process	1.0	False	0.119150070736874	False	2	0	0.559575035368437
GO:0031573	mitotic intra-S DNA damage checkpoint signaling	1.0	False	0.119699566411816	False	2	0	0.559849783205908
GO:0006607	NLS-bearing protein import into nucleus	1.0	False	0.119740194683012	False	2	0	0.5598700973415061
GO:0002437	inflammatory response to antigenic stimulus	1.0	False	0.119911643602721	False	2	0	0.5599558218013605
GO:0031023	microtubule organizing center organization	1.0	False	0.120250479920616	False	2	0	0.560125239960308
GO:0090399	replicative senescence	0.2020124850861296	False	0.918984154247809	False	2	0	0.5604983196669693
GO:0002312	B cell activation involved in immune response	1.0	False	0.121073133880989	False	2	0	0.5605365669404945
GO:0060368	regulation of Fc receptor mediated stimulatory signaling pathway	0.1593388199217275	False	0.962021547355527	False	2	0	0.5606801836386273
GO:0009120	deoxyribonucleoside metabolic process	1.0	False	0.12216960687623	False	2	0	0.561084803438115
GO:0009135	purine nucleoside diphosphate metabolic process	1.0	False	0.122650569245394	False	2	0	0.561325284622697
GO:0009179	purine ribonucleoside diphosphate metabolic process	1.0	False	0.122650569245394	False	2	0	0.561325284622697
GO:0009314	response to radiation	1.0	False	0.122650569245394	False	2	0	0.561325284622697
GO:0007098	centrosome cycle	1.0	False	0.123344375448522	False	2	0	0.561672187724261
GO:0001836	release of cytochrome c from mitochondria	1.0	False	0.123378092189509	False	2	0	0.5616890460947545
GO:0051592	response to calcium ion	1.0	False	0.123378092189509	False	2	0	0.5616890460947545
GO:0120032	regulation of plasma membrane bounded cell projection assembly	1.0	False	0.123378092189509	False	2	0	0.5616890460947545
GO:0170043	non-proteinogenic amino acid biosynthetic process	0.1738099976535393	False	0.950551820809822	False	2	0	0.5621809092316806
GO:0046851	negative regulation of bone remodeling	1.0	False	0.1243764145282	False	2	0	0.5621882072641
GO:0070234	positive regulation of T cell apoptotic process	0.1593388199217275	False	0.965397937722663	False	2	0	0.5623683788221953
GO:0007507	heart development	1.0	False	0.125161907725794	False	2	0	0.562580953862897
GO:0006941	striated muscle contraction	0.7910703785238591	False	0.334217943156971	False	2	0	0.562644160840415
GO:0009988	cell-cell recognition	0.3743307121798023	False	0.751028786072329	False	2	0	0.5626797491260657
GO:0002711	positive regulation of T cell mediated immunity	1.0	False	0.126587966718111	False	2	0	0.5632939833590556
GO:0046475	glycerophospholipid catabolic process	1.0	False	0.126699825502947	False	2	0	0.5633499127514735
GO:0045050	protein insertion into ER membrane by stop-transfer membrane-anchor sequence	1.0	False	0.126922786137051	False	2	0	0.5634613930685255
GO:0090435	protein localization to nuclear envelope	0.1738099976535393	False	0.953746254516035	False	2	0	0.5637781260847872
GO:0002064	epithelial cell development	1.0	False	0.127837264229253	False	2	0	0.5639186321146266
GO:0032986	protein-DNA complex disassembly	1.0	False	0.127900628564872	False	2	0	0.563950314282436
GO:0043248	proteasome assembly	1.0	False	0.127900628564872	False	2	0	0.563950314282436
GO:1903578	regulation of ATP metabolic process	1.0	False	0.127984297925996	False	2	0	0.563992148962998
GO:0010970	transport along microtubule	1.0	False	0.128942536037639	False	2	0	0.5644712680188195
GO:0046636	negative regulation of alpha-beta T cell activation	1.0	False	0.128942536037639	False	2	0	0.5644712680188195
GO:0001916	positive regulation of T cell mediated cytotoxicity	1.0	False	0.129123769068027	False	2	0	0.5645618845340135
GO:0019320	hexose catabolic process	1.0	False	0.129693650748845	False	2	0	0.5648468253744225
GO:1902001	fatty acid transmembrane transport	0.2555740156963897	False	0.874189249131431	False	2	0	0.5648816324139103
GO:0007099	centriole replication	1.0	False	0.129884202299773	False	2	0	0.5649421011498865
GO:0007263	nitric oxide mediated signal transduction	1.0	False	0.129884202299773	False	2	0	0.5649421011498865
GO:0060491	regulation of cell projection assembly	1.0	False	0.12997790449218	False	2	0	0.56498895224609
GO:0051239	regulation of multicellular organismal process	1.0	False	0.130062907428631	False	2	0	0.5650314537143155
GO:0045920	negative regulation of exocytosis	1.0	False	0.130076014220125	False	2	0	0.5650380071100625
GO:0000491	small nucleolar ribonucleoprotein complex assembly	1.0	False	0.130178967019008	False	2	0	0.5650894835095039
GO:0035249	synaptic transmission, glutamatergic	1.0	False	0.130178967019008	False	2	0	0.5650894835095039
GO:0046462	monoacylglycerol metabolic process	1.0	False	0.130178967019008	False	2	0	0.5650894835095039
GO:1902633	1-phosphatidyl-1D-myo-inositol 4,5-bisphosphate metabolic process	1.0	False	0.130178967019008	False	2	0	0.5650894835095039
GO:0060341	regulation of cellular localization	0.6480849913529948	False	0.482152020737245	False	2	0	0.5651185060451199
GO:0051650	establishment of vesicle localization	0.9545811948537284	False	0.176109387277403	False	2	0	0.5653452910655656
GO:0051049	regulation of transport	1.0	False	0.130999075910356	False	2	0	0.565499537955178
GO:0040014	regulation of multicellular organism growth	0.2555740156963897	False	0.8755630896597	False	2	0	0.5655685526780448
GO:0045019	negative regulation of nitric oxide biosynthetic process	1.0	False	0.131248695409176	False	2	0	0.565624347704588
GO:0060135	maternal process involved in female pregnancy	0.268395372730777	False	0.86309946069435	False	2	0	0.5657474167125635
GO:0043162	ubiquitin-dependent protein catabolic process via the multivesicular body sorting pathway	1.0	False	0.131585167022668	False	2	0	0.565792583511334
GO:0007413	axonal fasciculation	1.0	False	0.132156712639283	False	2	0	0.5660783563196415
GO:0106030	neuron projection fasciculation	1.0	False	0.132156712639283	False	2	0	0.5660783563196415
GO:0033554	cellular response to stress	1.0	False	0.132388643870982	False	2	0	0.566194321935491
GO:0031648	protein destabilization	0.5658335327837629	False	0.566792629781571	False	2	0	0.5663130812826669
GO:0030155	regulation of cell adhesion	0.2760249417783589	False	0.857069342772121	False	2	0	0.56654714227524
GO:0048667	cell morphogenesis involved in neuron differentiation	1.0	False	0.133138782206275	False	2	0	0.5665693911031375
GO:0015697	quaternary ammonium group transport	1.0	False	0.13335666807478	False	2	0	0.56667833403739
GO:1900864	mitochondrial RNA modification	1.0	False	0.13335666807478	False	2	0	0.56667833403739
GO:0032945	negative regulation of mononuclear cell proliferation	1.0	False	0.133397430482893	False	2	0	0.5666987152414464
GO:0050672	negative regulation of lymphocyte proliferation	1.0	False	0.133397430482893	False	2	0	0.5666987152414464
GO:0007586	digestion	1.0	False	0.133739769161892	False	2	0	0.566869884580946
GO:0046596	regulation of viral entry into host cell	1.0	False	0.13436593106083	False	2	0	0.567182965530415
GO:0007260	tyrosine phosphorylation of STAT protein	1.0	False	0.134505077446868	False	2	0	0.567252538723434
GO:0030111	regulation of Wnt signaling pathway	1.0	False	0.135310153074271	False	2	0	0.5676550765371355
GO:0016073	snRNA metabolic process	1.0	False	0.135467221982256	False	2	0	0.567733610991128
GO:0006264	mitochondrial DNA replication	1.0	False	0.135566098689807	False	2	0	0.5677830493449035
GO:0043328	protein transport to vacuole involved in ubiquitin-dependent protein catabolic process via the multivesicular body sorting pathway	1.0	False	0.135997123396712	False	2	0	0.567998561698356
GO:0070942	neutrophil mediated cytotoxicity	1.0	False	0.136404818639006	False	2	0	0.568202409319503
GO:0002689	negative regulation of leukocyte chemotaxis	0.242528967320306	False	0.894201987471657	False	2	0	0.5683654773959815
GO:0061154	endothelial tube morphogenesis	0.2157521885599528	False	0.922036193965778	False	2	0	0.5688941912628653
GO:1904889	regulation of excitatory synapse assembly	0.2157521885599528	False	0.922415236215329	False	2	0	0.5690837123876409
GO:0007264	small GTPase-mediated signal transduction	1.0	False	0.138432844615797	False	2	0	0.5692164223078985
GO:0060382	regulation of DNA strand elongation	1.0	False	0.138432844615797	False	2	0	0.5692164223078985
GO:0010906	regulation of glucose metabolic process	0.4644454430042153	False	0.674344229642834	False	2	0	0.5693948363235246
GO:0007416	synapse assembly	0.5013267086473743	False	0.637487128266847	False	2	0	0.5694069184571107
GO:1903039	positive regulation of leukocyte cell-cell adhesion	1.0	False	0.140021871744956	False	2	0	0.570010935872478
GO:1903894	regulation of IRE1-mediated unfolded protein response	1.0	False	0.140021871744956	False	2	0	0.570010935872478
GO:1902533	positive regulation of intracellular signal transduction	0.7932377779461547	False	0.346986578413599	False	2	0	0.5701121781798768
GO:0019883	antigen processing and presentation of endogenous antigen	1.0	False	0.140442655103904	False	2	0	0.570221327551952
GO:0006996	organelle organization	1.0	False	0.140463658074698	False	2	0	0.570231829037349
GO:0072538	T-helper 17 type immune response	1.0	False	0.143432708726344	False	2	0	0.571716354363172
GO:0038179	neurotrophin signaling pathway	0.2933822244989184	False	0.850245254813004	False	2	0	0.5718137396559612
GO:0051898	negative regulation of phosphatidylinositol 3-kinase/protein kinase B signal transduction	0.1935009425651337	False	0.950424458913497	False	2	0	0.5719627007393153
GO:0031293	membrane protein intracellular domain proteolysis	1.0	False	0.143984394681902	False	2	0	0.571992197340951
GO:0070664	negative regulation of leukocyte proliferation	1.0	False	0.143984394681902	False	2	0	0.571992197340951
GO:0070972	protein localization to endoplasmic reticulum	1.0	False	0.144225442383081	False	2	0	0.5721127211915404
GO:0016125	sterol metabolic process	1.0	False	0.144251232725219	False	2	0	0.5721256163626095
GO:0019953	sexual reproduction	1.0	False	0.144251232725219	False	2	0	0.5721256163626095
GO:0032905	transforming growth factor beta1 production	1.0	False	0.144251232725219	False	2	0	0.5721256163626095
GO:0040001	establishment of mitotic spindle localization	1.0	False	0.144251232725219	False	2	0	0.5721256163626095
GO:0046755	viral budding	1.0	False	0.144251232725219	False	2	0	0.5721256163626095
GO:0030330	DNA damage response, signal transduction by p53 class mediator	0.4453901523526349	False	0.698915506308487	False	2	0	0.5721528293305609
GO:0046785	microtubule polymerization	1.0	False	0.144454659428118	False	2	0	0.572227329714059
GO:0030851	granulocyte differentiation	1.0	False	0.144517979636609	False	2	0	0.5722589898183045
GO:0045069	regulation of viral genome replication	1.0	False	0.144517979636609	False	2	0	0.5722589898183045
GO:1902806	regulation of cell cycle G1/S phase transition	1.0	False	0.144620154263815	False	2	0	0.5723100771319075
GO:0033363	secretory granule organization	1.0	False	0.145263333913948	False	2	0	0.572631666956974
GO:0070914	UV-damage excision repair	1.0	False	0.145263471229764	False	2	0	0.572631735614882
GO:0051093	negative regulation of developmental process	1.0	False	0.147072848509014	False	2	0	0.573536424254507
GO:0002027	regulation of heart rate	1.0	False	0.147206066942665	False	2	0	0.5736030334713325
GO:0050808	synapse organization	1.0	False	0.147206066942665	False	2	0	0.5736030334713325
GO:1904869	regulation of protein localization to Cajal body	1.0	False	0.147206066942665	False	2	0	0.5736030334713325
GO:1904871	positive regulation of protein localization to Cajal body	1.0	False	0.147206066942665	False	2	0	0.5736030334713325
GO:0016233	telomere capping	1.0	False	0.147648133639037	False	2	0	0.5738240668195185
GO:0001516	prostaglandin biosynthetic process	0.3292782091016961	False	0.818424744596161	False	2	0	0.5738514768489286
GO:0002253	activation of immune response	1.0	False	0.147807989541557	False	2	0	0.5739039947707785
GO:0072234	metanephric nephron tubule development	0.1738099976535393	False	0.974014197353916	False	2	0	0.5739120975037276
GO:0044843	cell cycle G1/S phase transition	1.0	False	0.147923646526208	False	2	0	0.573961823263104
GO:0043043	peptide biosynthetic process	1.0	False	0.147990070006389	False	2	0	0.5739950350031945
GO:0034381	plasma lipoprotein particle clearance	1.0	False	0.14833057871656	False	2	0	0.57416528935828
GO:0021549	cerebellum development	0.5658335327837629	False	0.582842331341283	False	2	0	0.574337932062523
GO:0065003	protein-containing complex assembly	0.3425266336576649	False	0.80640887214932	False	2	0	0.5744677529034925
GO:0070200	establishment of protein localization to telomere	1.0	False	0.149115126996911	False	2	0	0.5745575634984555
GO:0009048	dosage compensation by inactivation of X chromosome	1.0	False	0.149243286020638	False	2	0	0.574621643010319
GO:0120182	regulation of focal adhesion disassembly	0.1593388199217275	False	0.990219952410686	False	2	0	0.5747793861662067
GO:0033617	mitochondrial respiratory chain complex IV assembly	1.0	False	0.149735935280057	False	2	0	0.5748679676400285
GO:1990839	response to endothelin	0.1593388199217275	False	0.990884857661428	False	2	0	0.5751118387915777
GO:0043032	positive regulation of macrophage activation	1.0	False	0.150648526846076	False	2	0	0.575324263423038
GO:0016486	peptide hormone processing	1.0	False	0.151348828185192	False	2	0	0.575674414092596
GO:0034638	phosphatidylcholine catabolic process	1.0	False	0.151348828185192	False	2	0	0.575674414092596
GO:0060038	cardiac muscle cell proliferation	1.0	False	0.151422988335757	False	2	0	0.5757114941678785
GO:0050435	amyloid-beta metabolic process	1.0	False	0.151584517418107	False	2	0	0.5757922587090535
GO:0099024	plasma membrane invagination	1.0	False	0.15236126847282	False	2	0	0.57618063423641
GO:0099550	trans-synaptic signaling, modulating synaptic transmission	1.0	False	0.15267570309993	False	2	0	0.576337851549965
GO:0007528	neuromuscular junction development	1.0	False	0.153340354959526	False	2	0	0.576670177479763
GO:0036152	phosphatidylethanolamine acyl-chain remodeling	1.0	False	0.153369428430763	False	2	0	0.5766847142153815
GO:0006122	mitochondrial electron transport, ubiquinol to cytochrome c	1.0	False	0.153522748129873	False	2	0	0.5767613740649364
GO:0043406	positive regulation of MAP kinase activity	0.3521942806818869	False	0.801691119948992	False	2	0	0.5769427003154395
GO:2001279	regulation of unsaturated fatty acid biosynthetic process	0.1738099976535393	False	0.980431824696658	False	2	0	0.5771209111750987
GO:0070601	centromeric sister chromatid cohesion	1.0	False	0.154375389477771	False	2	0	0.5771876947388855
GO:0005980	glycogen catabolic process	1.0	False	0.155263456848622	False	2	0	0.577631728424311
GO:0007064	mitotic sister chromatid cohesion	1.0	False	0.155263456848622	False	2	0	0.577631728424311
GO:0070900	mitochondrial tRNA modification	1.0	False	0.155263456848622	False	2	0	0.577631728424311
GO:0141084	inflammasome-mediated signaling pathway	1.0	False	0.155263456848622	False	2	0	0.577631728424311
GO:0048592	eye morphogenesis	1.0	False	0.155304244675536	False	2	0	0.577652122337768
GO:0098534	centriole assembly	1.0	False	0.155304244675536	False	2	0	0.577652122337768
GO:0042743	hydrogen peroxide metabolic process	1.0	False	0.155559460351891	False	2	0	0.5777797301759455
GO:1903828	negative regulation of protein localization	1.0	False	0.155559460351891	False	2	0	0.5777797301759455
GO:0033630	positive regulation of cell adhesion mediated by integrin	0.2555740156963897	False	0.900000655365753	False	2	0	0.5777873355310714
GO:1904659	D-glucose transmembrane transport	0.2932491251094892	False	0.862872939804753	False	2	0	0.5780610324571211
GO:1901342	regulation of vasculature development	1.0	False	0.156635315349528	False	2	0	0.578317657674764
GO:0007017	microtubule-based process	1.0	False	0.156681083180256	False	2	0	0.578340541590128
GO:0001568	blood vessel development	1.0	False	0.157798892724208	False	2	0	0.578899446362104
GO:0006361	transcription initiation at RNA polymerase I promoter	1.0	False	0.157798892724208	False	2	0	0.578899446362104
GO:0048514	blood vessel morphogenesis	1.0	False	0.157798892724208	False	2	0	0.578899446362104
GO:0048545	response to steroid hormone	1.0	False	0.157798892724208	False	2	0	0.578899446362104
GO:0072163	mesonephric epithelium development	1.0	False	0.157798892724208	False	2	0	0.578899446362104
GO:0072164	mesonephric tubule development	1.0	False	0.157798892724208	False	2	0	0.578899446362104
GO:0044546	NLRP3 inflammasome complex assembly	1.0	False	0.158508919652529	False	2	0	0.5792544598262646
GO:0038061	non-canonical NF-kappaB signal transduction	1.0	False	0.158594060213655	False	2	0	0.5792970301068275
GO:0046033	AMP metabolic process	1.0	False	0.158594060213655	False	2	0	0.5792970301068275
GO:0098884	postsynaptic neurotransmitter receptor internalization	1.0	False	0.158594060213655	False	2	0	0.5792970301068275
GO:0099590	neurotransmitter receptor internalization	1.0	False	0.158594060213655	False	2	0	0.5792970301068275
GO:0140239	postsynaptic endocytosis	1.0	False	0.158594060213655	False	2	0	0.5792970301068275
GO:0002861	regulation of inflammatory response to antigenic stimulus	1.0	False	0.15860372293061	False	2	0	0.579301861465305
GO:0039702	viral budding via host ESCRT complex	1.0	False	0.15860372293061	False	2	0	0.579301861465305
GO:0051606	detection of stimulus	1.0	False	0.15860372293061	False	2	0	0.579301861465305
GO:0060766	negative regulation of androgen receptor signaling pathway	1.0	False	0.158734532031089	False	2	0	0.5793672660155444
GO:0006890	retrograde vesicle-mediated transport, Golgi to endoplasmic reticulum	1.0	False	0.159103396758476	False	2	0	0.579551698379238
GO:0140052	cellular response to oxidised low-density lipoprotein particle stimulus	1.0	False	0.159301537187392	False	2	0	0.579650768593696
GO:1900117	regulation of execution phase of apoptosis	1.0	False	0.159301537187392	False	2	0	0.579650768593696
GO:0098915	membrane repolarization during ventricular cardiac muscle cell action potential	1.0	False	0.159690053500181	False	2	0	0.5798450267500905
GO:0002475	antigen processing and presentation via MHC class Ib	1.0	False	0.159780172143657	False	2	0	0.5798900860718285
GO:0043094	metabolic compound salvage	1.0	False	0.159780172143657	False	2	0	0.5798900860718285
GO:2001237	negative regulation of extrinsic apoptotic signaling pathway	1.0	False	0.15983098901235	False	2	0	0.579915494506175
GO:0045454	cell redox homeostasis	1.0	False	0.160228373173525	False	2	0	0.5801141865867625
GO:0035720	intraciliary anterograde transport	1.0	False	0.160366343460585	False	2	0	0.5801831717302925
GO:0043031	negative regulation of macrophage activation	1.0	False	0.160366343460585	False	2	0	0.5801831717302925
GO:0070918	regulatory ncRNA processing	1.0	False	0.160366343460585	False	2	0	0.5801831717302925
GO:1905521	regulation of macrophage migration	1.0	False	0.160366343460585	False	2	0	0.5801831717302925
GO:0060411	cardiac septum morphogenesis	1.0	False	0.160736955606114	False	2	0	0.580368477803057
GO:0061097	regulation of protein tyrosine kinase activity	0.3055551638879807	False	0.855228436764389	False	2	0	0.5803918003261849
GO:0070935	3'-UTR-mediated mRNA stabilization	0.3055551638879807	False	0.855228436764389	False	2	0	0.5803918003261849
GO:2000786	positive regulation of autophagosome assembly	0.3055551638879807	False	0.855228436764389	False	2	0	0.5803918003261849
GO:0051491	positive regulation of filopodium assembly	1.0	False	0.161286365395802	False	2	0	0.580643182697901
GO:0010884	positive regulation of lipid storage	1.0	False	0.161364184594038	False	2	0	0.5806820922970191
GO:0046626	regulation of insulin receptor signaling pathway	0.328764861197343	False	0.835620315892202	False	2	0	0.5821925885447725
GO:0046461	neutral lipid catabolic process	1.0	False	0.164879441756188	False	2	0	0.582439720878094
GO:0046464	acylglycerol catabolic process	1.0	False	0.164879441756188	False	2	0	0.582439720878094
GO:0006606	protein import into nucleus	1.0	False	0.165157187537518	False	2	0	0.582578593768759
GO:0060071	Wnt signaling pathway, planar cell polarity pathway	1.0	False	0.165157187537518	False	2	0	0.582578593768759
GO:0062012	regulation of small molecule metabolic process	1.0	False	0.165176426514003	False	2	0	0.5825882132570015
GO:0010758	regulation of macrophage chemotaxis	1.0	False	0.165623497883173	False	2	0	0.5828117489415865
GO:1902414	protein localization to cell junction	1.0	False	0.165623497883173	False	2	0	0.5828117489415865
GO:0002200	somatic diversification of immune receptors	1.0	False	0.16563333134561	False	2	0	0.582816665672805
GO:1902683	regulation of receptor localization to synapse	1.0	False	0.165976620704006	False	2	0	0.582988310352003
GO:0015837	amine transport	0.60204334409759	False	0.563999537589641	False	2	0	0.5830214408436155
GO:0015866	ADP transport	1.0	False	0.166118610166206	False	2	0	0.583059305083103
GO:0016331	morphogenesis of embryonic epithelium	1.0	False	0.166118610166206	False	2	0	0.583059305083103
GO:0072009	nephron epithelium development	1.0	False	0.166140673271011	False	2	0	0.5830703366355054
GO:0002688	regulation of leukocyte chemotaxis	1.0	False	0.16616373475357	False	2	0	0.583081867376785
GO:0006298	mismatch repair	1.0	False	0.16616373475357	False	2	0	0.583081867376785
GO:0022600	digestive system process	1.0	False	0.16616373475357	False	2	0	0.583081867376785
GO:0009798	axis specification	1.0	False	0.166208428617748	False	2	0	0.583104214308874
GO:0065005	protein-lipid complex assembly	1.0	False	0.166548540276164	False	2	0	0.583274270138082
GO:1990000	amyloid fibril formation	1.0	False	0.166621235053311	False	2	0	0.5833106175266555
GO:0006414	translational elongation	1.0	False	0.166674740943386	False	2	0	0.583337370471693
GO:0035313	wound healing, spreading of epidermal cells	0.2933822244989184	False	0.873312199237043	False	2	0	0.5833472118679807
GO:0010232	vascular transport	1.0	False	0.166882389750654	False	2	0	0.583441194875327
GO:0048255	mRNA stabilization	1.0	False	0.166882389750654	False	2	0	0.583441194875327
GO:0006590	thyroid hormone generation	1.0	False	0.167069770027837	False	2	0	0.5835348850139185
GO:0007389	pattern specification process	1.0	False	0.167115049761997	False	2	0	0.5835575248809985
GO:0035113	embryonic appendage morphogenesis	1.0	False	0.167115049761997	False	2	0	0.5835575248809985
GO:0046850	regulation of bone remodeling	1.0	False	0.167115049761997	False	2	0	0.5835575248809985
GO:1902656	calcium ion import into cytosol	1.0	False	0.167115049761997	False	2	0	0.5835575248809985
GO:0000422	autophagy of mitochondrion	1.0	False	0.167120394297529	False	2	0	0.5835601971487645
GO:0002931	response to ischemia	1.0	False	0.167120394297529	False	2	0	0.5835601971487645
GO:0044403	biological process involved in symbiotic interaction	1.0	False	0.167120394297529	False	2	0	0.5835601971487645
GO:0051917	regulation of fibrinolysis	1.0	False	0.167369668732024	False	2	0	0.583684834366012
GO:0042953	lipoprotein transport	1.0	False	0.168529511790242	False	2	0	0.5842647558951211
GO:1900180	regulation of protein localization to nucleus	1.0	False	0.168529511790242	False	2	0	0.5842647558951211
GO:0007274	neuromuscular synaptic transmission	1.0	False	0.168532686835781	False	2	0	0.5842663434178905
GO:0043173	nucleotide salvage	1.0	False	0.168545425709156	False	2	0	0.584272712854578
GO:0008063	Toll signaling pathway	1.0	False	0.168887649098606	False	2	0	0.584443824549303
GO:1990573	potassium ion import across plasma membrane	0.3957139152715863	False	0.773228717459657	False	2	0	0.5844713163656217
GO:0072073	kidney epithelium development	1.0	False	0.169405715569968	False	2	0	0.584702857784984
GO:0042307	positive regulation of protein import into nucleus	1.0	False	0.169515156140208	False	2	0	0.584757578070104
GO:0061045	negative regulation of wound healing	1.0	False	0.170640772926119	False	2	0	0.5853203864630595
GO:0006353	DNA-templated transcription termination	1.0	False	0.170647820718653	False	2	0	0.5853239103593265
GO:0042304	regulation of fatty acid biosynthetic process	1.0	False	0.170785759140614	False	2	0	0.585392879570307
GO:0009154	purine ribonucleotide catabolic process	1.0	False	0.170992702136285	False	2	0	0.5854963510681425
GO:0032886	regulation of microtubule-based process	1.0	False	0.171491505301611	False	2	0	0.5857457526508055
GO:0002719	negative regulation of cytokine production involved in immune response	1.0	False	0.172098785816332	False	2	0	0.586049392908166
GO:0006813	potassium ion transport	1.0	False	0.172139637617794	False	2	0	0.586069818808897
GO:1904064	positive regulation of cation transmembrane transport	0.5338914064211187	False	0.638447764552984	False	2	0	0.5861695854870513
GO:0030811	regulation of nucleotide catabolic process	1.0	False	0.17252571580053	False	2	0	0.586262857900265
GO:0030948	negative regulation of vascular endothelial growth factor receptor signaling pathway	1.0	False	0.17252571580053	False	2	0	0.586262857900265
GO:0031646	positive regulation of nervous system process	1.0	False	0.17252571580053	False	2	0	0.586262857900265
GO:0033121	regulation of purine nucleotide catabolic process	1.0	False	0.17252571580053	False	2	0	0.586262857900265
GO:0042446	hormone biosynthetic process	1.0	False	0.17252571580053	False	2	0	0.586262857900265
GO:0060322	head development	1.0	False	0.17252571580053	False	2	0	0.586262857900265
GO:0140042	lipid droplet formation	1.0	False	0.173076611999725	False	2	0	0.5865383059998625
GO:0110095	cellular detoxification of aldehyde	1.0	False	0.173290655796364	False	2	0	0.586645327898182
GO:1902230	negative regulation of intrinsic apoptotic signaling pathway in response to DNA damage	0.3633582794728563	False	0.810095975575887	False	2	0	0.5867271275243716
GO:0060562	epithelial tube morphogenesis	1.0	False	0.173994612378173	False	2	0	0.5869973061890865
GO:0044057	regulation of system process	1.0	False	0.174766391462929	False	2	0	0.5873831957314645
GO:0009168	purine ribonucleoside monophosphate biosynthetic process	1.0	False	0.175164513502835	False	2	0	0.5875822567514175
GO:0070925	organelle assembly	1.0	False	0.17529160432829	False	2	0	0.587645802164145
GO:0009164	nucleoside catabolic process	1.0	False	0.175436056589591	False	2	0	0.5877180282947955
GO:0015936	coenzyme A metabolic process	0.268395372730777	False	0.907724866926685	False	2	0	0.588060119828731
GO:0055094	response to lipoprotein particle	1.0	False	0.176175016405853	False	2	0	0.5880875082029265
GO:0019081	viral translation	1.0	False	0.176833500302952	False	2	0	0.588416750151476
GO:0051968	positive regulation of synaptic transmission, glutamatergic	1.0	False	0.176951817477357	False	2	0	0.5884759087386785
GO:1901222	regulation of non-canonical NF-kappaB signal transduction	1.0	False	0.177109660387642	False	2	0	0.588554830193821
GO:0042430	indole-containing compound metabolic process	1.0	False	0.177176456038919	False	2	0	0.5885882280194595
GO:1900424	regulation of defense response to bacterium	1.0	False	0.177376755163715	False	2	0	0.5886883775818575
GO:0060396	growth hormone receptor signaling pathway	1.0	False	0.178167856192369	False	2	0	0.5890839280961845
GO:0071450	cellular response to oxygen radical	1.0	False	0.178167856192369	False	2	0	0.5890839280961845
GO:0071451	cellular response to superoxide	1.0	False	0.178167856192369	False	2	0	0.5890839280961845
GO:0019318	hexose metabolic process	1.0	False	0.178715927189722	False	2	0	0.589357963594861
GO:0120033	negative regulation of plasma membrane bounded cell projection assembly	0.2287493220483012	False	0.950041995854365	False	2	0	0.5893956589513331
GO:0045321	leukocyte activation	1.0	False	0.178921692393004	False	2	0	0.589460846196502
GO:0090042	tubulin deacetylation	1.0	False	0.178921692393004	False	2	0	0.589460846196502
GO:0010612	regulation of cardiac muscle adaptation	1.0	False	0.179062238758227	False	2	0	0.5895311193791135
GO:1903242	regulation of cardiac muscle hypertrophy in response to stress	1.0	False	0.179062238758227	False	2	0	0.5895311193791135
GO:1903322	positive regulation of protein modification by small protein conjugation or removal	0.3180569127745992	False	0.861029156968855	False	2	0	0.5895430348717271
GO:0006390	mitochondrial transcription	1.0	False	0.179100568793503	False	2	0	0.5895502843967515
GO:0060048	cardiac muscle contraction	1.0	False	0.179331843191955	False	2	0	0.5896659215959775
GO:0045123	cellular extravasation	1.0	False	0.179421450940576	False	2	0	0.589710725470288
GO:0015698	inorganic anion transport	1.0	False	0.180230099362977	False	2	0	0.5901150496814885
GO:0032481	positive regulation of type I interferon production	1.0	False	0.180230099362977	False	2	0	0.5901150496814885
GO:0006684	sphingomyelin metabolic process	1.0	False	0.181747049411324	False	2	0	0.590873524705662
GO:0010948	negative regulation of cell cycle process	1.0	False	0.182535516280446	False	2	0	0.591267758140223
GO:0006177	GMP biosynthetic process	1.0	False	0.183697136282605	False	2	0	0.5918485681413025
GO:0018205	peptidyl-lysine modification	1.0	False	0.184062923398179	False	2	0	0.5920314616990895
GO:0009127	purine nucleoside monophosphate biosynthetic process	1.0	False	0.184822389972175	False	2	0	0.5924111949860875
GO:0034656	nucleobase-containing small molecule catabolic process	1.0	False	0.184849372117957	False	2	0	0.5924246860589785
GO:0046847	filopodium assembly	0.587935018644641	False	0.597487695465433	False	2	0	0.5927113570550371
GO:0034205	amyloid-beta formation	1.0	False	0.185635244998436	False	2	0	0.592817622499218
GO:0140632	canonical inflammasome complex assembly	1.0	False	0.185829134971137	False	2	0	0.5929145674855685
GO:1904688	regulation of cytoplasmic translational initiation	1.0	False	0.185829134971137	False	2	0	0.5929145674855685
GO:0071379	cellular response to prostaglandin stimulus	1.0	False	0.186667567575278	False	2	0	0.593333783787639
GO:0051256	mitotic spindle midzone assembly	1.0	False	0.187116403308654	False	2	0	0.593558201654327
GO:0044319	wound healing, spreading of cells	0.1875415208111015	False	0.999786757016649	False	2	0	0.5936641389138753
GO:0006972	hyperosmotic response	1.0	False	0.187493645200798	False	2	0	0.593746822600399
GO:0043555	regulation of translation in response to stress	0.2809968575851538	False	0.907235514437432	False	2	0	0.5941161860112929
GO:0003231	cardiac ventricle development	1.0	False	0.188304939257209	False	2	0	0.5941524696286045
GO:0099504	synaptic vesicle cycle	1.0	False	0.188304939257209	False	2	0	0.5941524696286045
GO:0051094	positive regulation of developmental process	0.4441653838135154	False	0.744317808789971	False	2	0	0.5942415963017432
GO:0043217	myelin maintenance	0.2020124850861296	False	0.986664659012306	False	2	0	0.5943385720492178
GO:0048013	ephrin receptor signaling pathway	0.5009557520984682	False	0.688253610551025	False	2	0	0.5946046813247465
GO:0035235	ionotropic glutamate receptor signaling pathway	1.0	False	0.189758358586261	False	2	0	0.5948791792931305
GO:0000729	DNA double-strand break processing	0.2809968575851538	False	0.909172264977863	False	2	0	0.5950845612815083
GO:0009303	rRNA transcription	1.0	False	0.190235098135337	False	2	0	0.5951175490676686
GO:0032878	regulation of establishment or maintenance of cell polarity	1.0	False	0.190235098135337	False	2	0	0.5951175490676686
GO:0086091	regulation of heart rate by cardiac conduction	1.0	False	0.190235098135337	False	2	0	0.5951175490676686
GO:0032615	interleukin-12 production	1.0	False	0.19056426669347	False	2	0	0.595282133346735
GO:0032655	regulation of interleukin-12 production	1.0	False	0.19056426669347	False	2	0	0.595282133346735
GO:0030177	positive regulation of Wnt signaling pathway	1.0	False	0.19057899467082	False	2	0	0.59528949733541
GO:0032231	regulation of actin filament bundle assembly	1.0	False	0.19057899467082	False	2	0	0.59528949733541
GO:0032486	Rap protein signal transduction	1.0	False	0.19057899467082	False	2	0	0.59528949733541
GO:0014002	astrocyte development	1.0	False	0.190873724717035	False	2	0	0.5954368623585176
GO:0043066	negative regulation of apoptotic process	0.6389943063982354	False	0.552116543322325	False	2	0	0.5955554248602801
GO:0051129	negative regulation of cellular component organization	1.0	False	0.191155242932777	False	2	0	0.5955776214663885
GO:0035924	cellular response to vascular endothelial growth factor stimulus	0.587935018644641	False	0.604369960888511	False	2	0	0.596152489766576
GO:0055092	sterol homeostasis	1.0	False	0.192803126880747	False	2	0	0.5964015634403735
GO:0050886	endocrine process	1.0	False	0.192900740980026	False	2	0	0.596450370490013
GO:0061351	neural precursor cell proliferation	0.2932866360668059	False	0.900000655365753	False	2	0	0.5966436457162795
GO:0009185	ribonucleoside diphosphate metabolic process	1.0	False	0.193850513516118	False	2	0	0.596925256758059
GO:0016477	cell migration	0.5745673410720806	False	0.619321476177605	False	2	0	0.5969444086248428
GO:0048193	Golgi vesicle transport	1.0	False	0.194232583353425	False	2	0	0.5971162916767125
GO:0007346	regulation of mitotic cell cycle	1.0	False	0.194297693207886	False	2	0	0.597148846603943
GO:0010332	response to gamma radiation	1.0	False	0.19637871532902	False	2	0	0.59818935766451
GO:0021700	developmental maturation	1.0	False	0.196886889960314	False	2	0	0.598443444980157
GO:0019217	regulation of fatty acid metabolic process	1.0	False	0.197527859782783	False	2	0	0.5987639298913915
GO:0051983	regulation of chromosome segregation	1.0	False	0.197713333100532	False	2	0	0.598856666550266
GO:0007565	female pregnancy	0.5077424005229167	False	0.690447735117849	False	2	0	0.5990950678203828
GO:0032371	regulation of sterol transport	1.0	False	0.198208624843884	False	2	0	0.599104312421942
GO:0032374	regulation of cholesterol transport	1.0	False	0.198208624843884	False	2	0	0.599104312421942
GO:0048738	cardiac muscle tissue development	1.0	False	0.198842051599322	False	2	0	0.5994210257996611
GO:0051560	mitochondrial calcium ion homeostasis	0.3055551638879807	False	0.893294297150251	False	2	0	0.5994247305191158
GO:0070328	triglyceride homeostasis	0.4061310653788047	False	0.792822618899336	False	2	0	0.5994768421390704
GO:0071674	mononuclear cell migration	1.0	False	0.199715489024528	False	2	0	0.599857744512264
GO:0034333	adherens junction assembly	1.0	False	0.200093589820321	False	2	0	0.6000467949101604
GO:0042749	regulation of circadian sleep/wake cycle	1.0	False	0.200093589820321	False	2	0	0.6000467949101604
GO:0120193	tight junction organization	0.60204334409759	False	0.598088738760026	False	2	0	0.6000660414288079
GO:0060211	regulation of nuclear-transcribed mRNA poly(A) tail shortening	1.0	False	0.200752708461731	False	2	0	0.6003763542308655
GO:0007165	signal transduction	0.2838095411084568	False	0.917031715807729	False	2	0	0.6004206284580929
GO:0010883	regulation of lipid storage	1.0	False	0.200901342131997	False	2	0	0.6004506710659985
GO:0039531	regulation of cytoplasmic pattern recognition receptor signaling pathway	1.0	False	0.201433582067654	False	2	0	0.600716791033827
GO:0046112	nucleobase biosynthetic process	1.0	False	0.201433582067654	False	2	0	0.600716791033827
GO:0035336	long-chain fatty-acyl-CoA metabolic process	1.0	False	0.201718748412152	False	2	0	0.600859374206076
GO:1901503	ether biosynthetic process	1.0	False	0.202028283330753	False	2	0	0.6010141416653765
GO:1904357	negative regulation of telomere maintenance via telomere lengthening	1.0	False	0.202846865678086	False	2	0	0.601423432839043
GO:2000773	negative regulation of cellular senescence	1.0	False	0.202846865678086	False	2	0	0.601423432839043
GO:0032107	regulation of response to nutrient levels	1.0	False	0.202926700900988	False	2	0	0.601463350450494
GO:1903083	protein localization to condensed chromosome	1.0	False	0.202926700900988	False	2	0	0.601463350450494
GO:0001936	regulation of endothelial cell proliferation	1.0	False	0.202988174041619	False	2	0	0.6014940870208095
GO:0090043	regulation of tubulin deacetylation	1.0	False	0.203128709522978	False	2	0	0.6015643547614891
GO:0007076	mitotic chromosome condensation	1.0	False	0.203420237404867	False	2	0	0.6017101187024335
GO:0043651	linoleic acid metabolic process	1.0	False	0.203824424773292	False	2	0	0.601912212386646
GO:0051291	protein heterooligomerization	1.0	False	0.203824424773292	False	2	0	0.601912212386646
GO:0016445	somatic diversification of immunoglobulins	1.0	False	0.204085049134338	False	2	0	0.602042524567169
GO:0071378	cellular response to growth hormone stimulus	1.0	False	0.204085049134338	False	2	0	0.602042524567169
GO:0046364	monosaccharide biosynthetic process	1.0	False	0.204256250091516	False	2	0	0.602128125045758
GO:0008585	female gonad development	1.0	False	0.204542029817245	False	2	0	0.6022710149086226
GO:1901570	fatty acid derivative biosynthetic process	1.0	False	0.204542029817245	False	2	0	0.6022710149086226
GO:0010828	positive regulation of D-glucose transmembrane transport	1.0	False	0.20513569110472	False	2	0	0.60256784555236
GO:0002562	somatic diversification of immune receptors via germline recombination within a single locus	1.0	False	0.205237440112194	False	2	0	0.602618720056097
GO:0016444	somatic cell DNA recombination	1.0	False	0.205237440112194	False	2	0	0.602618720056097
GO:0006694	steroid biosynthetic process	1.0	False	0.205321361041384	False	2	0	0.602660680520692
GO:1990481	mRNA pseudouridine synthesis	1.0	False	0.206535577475508	False	2	0	0.603267788737754
GO:0003205	cardiac chamber development	1.0	False	0.206754740782777	False	2	0	0.6033773703913885
GO:0022401	negative adaptation of signaling pathway	1.0	False	0.206754740782777	False	2	0	0.6033773703913885
GO:0023058	adaptation of signaling pathway	1.0	False	0.206754740782777	False	2	0	0.6033773703913885
GO:0060828	regulation of canonical Wnt signaling pathway	1.0	False	0.206895631270458	False	2	0	0.603447815635229
GO:0072028	nephron morphogenesis	1.0	False	0.206895631270458	False	2	0	0.603447815635229
GO:1902017	regulation of cilium assembly	1.0	False	0.206895631270458	False	2	0	0.603447815635229
GO:0055088	lipid homeostasis	1.0	False	0.206915866307491	False	2	0	0.6034579331537455
GO:0006491	N-glycan processing	1.0	False	0.206948904456031	False	2	0	0.6034744522280155
GO:0051279	regulation of release of sequestered calcium ion into cytosol	1.0	False	0.207211729347918	False	2	0	0.603605864673959
GO:0048499	synaptic vesicle membrane organization	1.0	False	0.207695436316551	False	2	0	0.6038477181582755
GO:0010566	regulation of ketone biosynthetic process	0.268395372730777	False	0.939317237673158	False	2	0	0.6038563052019675
GO:0010288	response to lead ion	0.242528967320306	False	0.965397937722663	False	2	0	0.6039634525214845
GO:1903377	negative regulation of oxidative stress-induced neuron intrinsic apoptotic signaling pathway	0.2157521885599528	False	0.992494269342064	False	2	0	0.6041232289510083
GO:0046822	regulation of nucleocytoplasmic transport	1.0	False	0.208546156562292	False	2	0	0.604273078281146
GO:0008356	asymmetric cell division	1.0	False	0.209346180583693	False	2	0	0.6046730902918465
GO:0009155	purine deoxyribonucleotide catabolic process	1.0	False	0.209482270294095	False	2	0	0.6047411351470475
GO:0010888	negative regulation of lipid storage	1.0	False	0.209511071234726	False	2	0	0.6047555356173631
GO:1901990	regulation of mitotic cell cycle phase transition	1.0	False	0.209865125077248	False	2	0	0.604932562538624
GO:0072673	lamellipodium morphogenesis	1.0	False	0.210169879118046	False	2	0	0.605084939559023
GO:0000041	transition metal ion transport	1.0	False	0.21032737694248	False	2	0	0.60516368847124
GO:1900103	positive regulation of endoplasmic reticulum unfolded protein response	1.0	False	0.210494677660786	False	2	0	0.605247338830393
GO:0009584	detection of visible light	1.0	False	0.210560854373863	False	2	0	0.6052804271869315
GO:0009156	ribonucleoside monophosphate biosynthetic process	1.0	False	0.211290831667297	False	2	0	0.6056454158336485
GO:1904894	positive regulation of receptor signaling pathway via STAT	1.0	False	0.211312309663728	False	2	0	0.605656154831864
GO:0046469	platelet activating factor metabolic process	1.0	False	0.212592301988053	False	2	0	0.6062961509940266
GO:0015838	amino-acid betaine transport	1.0	False	0.213146689962174	False	2	0	0.6065733449810871
GO:0034755	iron ion transmembrane transport	0.3055551638879807	False	0.907724866926685	False	2	0	0.6066400154073328
GO:0009247	glycolipid biosynthetic process	0.7288224589590304	False	0.484716475474717	False	2	0	0.6067694672168737
GO:0002761	regulation of myeloid leukocyte differentiation	1.0	False	0.213612282943905	False	2	0	0.6068061414719526
GO:0001573	ganglioside metabolic process	1.0	False	0.213866489124436	False	2	0	0.606933244562218
GO:0001738	morphogenesis of a polarized epithelium	1.0	False	0.214030191328503	False	2	0	0.6070150956642515
GO:0170040	proteinogenic amino acid catabolic process	1.0	False	0.214066536541452	False	2	0	0.607033268270726
GO:0046601	positive regulation of centriole replication	1.0	False	0.214381872384099	False	2	0	0.6071909361920496
GO:0048593	camera-type eye morphogenesis	1.0	False	0.214556059129839	False	2	0	0.6072780295649195
GO:0002707	negative regulation of lymphocyte mediated immunity	1.0	False	0.215315693175737	False	2	0	0.6076578465878685
GO:0002702	positive regulation of production of molecular mediator of immune response	1.0	False	0.215356085625191	False	2	0	0.6076780428125955
GO:0017004	cytochrome complex assembly	1.0	False	0.215356085625191	False	2	0	0.6076780428125955
GO:0018209	peptidyl-serine modification	1.0	False	0.215356085625191	False	2	0	0.6076780428125955
GO:0043923	host-mediated activation of viral transcription	1.0	False	0.215356085625191	False	2	0	0.6076780428125955
GO:0048469	cell maturation	1.0	False	0.215356085625191	False	2	0	0.6076780428125955
GO:0060055	angiogenesis involved in wound healing	1.0	False	0.215356085625191	False	2	0	0.6076780428125955
GO:0098771	inorganic ion homeostasis	1.0	False	0.215356085625191	False	2	0	0.6076780428125955
GO:0051290	protein heterotetramerization	1.0	False	0.215411427321301	False	2	0	0.6077057136606505
GO:0006605	protein targeting	0.7151825232167037	False	0.501133861964665	False	2	0	0.6081581925906844
GO:0060612	adipose tissue development	1.0	False	0.216674073551249	False	2	0	0.6083370367756245
GO:0015748	organophosphate ester transport	1.0	False	0.21717506713242	False	2	0	0.60858753356621
GO:0046325	negative regulation of D-glucose import across plasma membrane	1.0	False	0.217323603070935	False	2	0	0.6086618015354675
GO:0060338	regulation of type I interferon-mediated signaling pathway	1.0	False	0.217323603070935	False	2	0	0.6086618015354675
GO:1905476	negative regulation of protein localization to membrane	1.0	False	0.217323603070935	False	2	0	0.6086618015354675
GO:0045621	positive regulation of lymphocyte differentiation	1.0	False	0.217346254778311	False	2	0	0.6086731273891555
GO:0046606	negative regulation of centrosome cycle	1.0	False	0.217733704757039	False	2	0	0.6088668523785195
GO:0070192	chromosome organization involved in meiotic cell cycle	1.0	False	0.217733704757039	False	2	0	0.6088668523785195
GO:0002468	dendritic cell antigen processing and presentation	1.0	False	0.218819220341735	False	2	0	0.6094096101708675
GO:0003161	cardiac conduction system development	1.0	False	0.218819220341735	False	2	0	0.6094096101708675
GO:0010875	positive regulation of cholesterol efflux	1.0	False	0.218832936083439	False	2	0	0.6094164680417196
GO:0006334	nucleosome assembly	0.3396591409735764	False	0.879658579474475	False	2	0	0.6096588602240257
GO:0007063	regulation of sister chromatid cohesion	1.0	False	0.219360967545252	False	2	0	0.609680483772626
GO:1902652	secondary alcohol metabolic process	1.0	False	0.219360967545252	False	2	0	0.609680483772626
GO:0003143	embryonic heart tube morphogenesis	1.0	False	0.219462993157714	False	2	0	0.609731496578857
GO:0032613	interleukin-10 production	1.0	False	0.219462993157714	False	2	0	0.609731496578857
GO:0032653	regulation of interleukin-10 production	1.0	False	0.219462993157714	False	2	0	0.609731496578857
GO:0060155	platelet dense granule organization	1.0	False	0.219462993157714	False	2	0	0.609731496578857
GO:1904706	negative regulation of vascular associated smooth muscle cell proliferation	1.0	False	0.219462993157714	False	2	0	0.609731496578857
GO:0006123	mitochondrial electron transport, cytochrome c to oxygen	1.0	False	0.219785885394845	False	2	0	0.6098929426974224
GO:0007271	synaptic transmission, cholinergic	1.0	False	0.220464113632903	False	2	0	0.6102320568164515
GO:0072393	microtubule anchoring at microtubule organizing center	1.0	False	0.220464113632903	False	2	0	0.6102320568164515
GO:0016078	tRNA decay	1.0	False	0.220965380947429	False	2	0	0.6104826904737145
GO:0035864	response to potassium ion	1.0	False	0.220965380947429	False	2	0	0.6104826904737145
GO:0008543	fibroblast growth factor receptor signaling pathway	1.0	False	0.22102916560519	False	2	0	0.610514582802595
GO:0035358	regulation of peroxisome proliferator activated receptor signaling pathway	1.0	False	0.221797231321056	False	2	0	0.610898615660528
GO:0048009	insulin-like growth factor receptor signaling pathway	1.0	False	0.221797231321056	False	2	0	0.610898615660528
GO:0001701	in utero embryonic development	0.6477404428208373	False	0.574255186763401	False	2	0	0.6109978147921191
GO:0042059	negative regulation of epidermal growth factor receptor signaling pathway	0.3743307121798023	False	0.847681657736496	False	2	0	0.6110061849581492
GO:0010837	regulation of keratinocyte proliferation	0.3055551638879807	False	0.916514234154602	False	2	0	0.6110346990212914
GO:0070286	axonemal dynein complex assembly	1.0	False	0.222324823878538	False	2	0	0.611162411939269
GO:0042168	heme metabolic process	1.0	False	0.222349296860992	False	2	0	0.611174648430496
GO:0071380	cellular response to prostaglandin E stimulus	1.0	False	0.222349296860992	False	2	0	0.611174648430496
GO:0060675	ureteric bud morphogenesis	1.0	False	0.222406073389118	False	2	0	0.611203036694559
GO:0072171	mesonephric tubule morphogenesis	1.0	False	0.222406073389118	False	2	0	0.611203036694559
GO:0000244	spliceosomal tri-snRNP complex assembly	1.0	False	0.223020946185927	False	2	0	0.6115104730929635
GO:0002706	regulation of lymphocyte mediated immunity	1.0	False	0.223020946185927	False	2	0	0.6115104730929635
GO:0007549	sex-chromosome dosage compensation	1.0	False	0.223020946185927	False	2	0	0.6115104730929635
GO:0018394	peptidyl-lysine acetylation	1.0	False	0.223020946185927	False	2	0	0.6115104730929635
GO:0046753	non-lytic viral release	1.0	False	0.223020946185927	False	2	0	0.6115104730929635
GO:0110096	cellular response to aldehyde	1.0	False	0.223020946185927	False	2	0	0.6115104730929635
GO:1904376	negative regulation of protein localization to cell periphery	1.0	False	0.223020946185927	False	2	0	0.6115104730929635
GO:0099560	synaptic membrane adhesion	0.2933822244989184	False	0.930133148998003	False	2	0	0.6117576867484606
GO:0006206	pyrimidine nucleobase metabolic process	0.2292563424009257	False	0.994276438556309	False	2	0	0.6117663904786174
GO:0051897	positive regulation of phosphatidylinositol 3-kinase/protein kinase B signal transduction	0.7263588502795562	False	0.497752217125963	False	2	0	0.6120555337027596
GO:0032880	regulation of protein localization	0.5530483601211692	False	0.671116219914994	False	2	0	0.6120822900180816
GO:0050927	positive regulation of positive chemotaxis	0.2292563424009257	False	0.995513792104548	False	2	0	0.6123850672527369
GO:0051131	chaperone-mediated protein complex assembly	0.2933822244989184	False	0.932768992486008	False	2	0	0.6130756084924631
GO:1905165	regulation of lysosomal protein catabolic process	1.0	False	0.226797806782065	False	2	0	0.6133989033910325
GO:0001657	ureteric bud development	1.0	False	0.227352965689535	False	2	0	0.6136764828447675
GO:0009583	detection of light stimulus	1.0	False	0.227352965689535	False	2	0	0.6136764828447675
GO:0046761	viral budding from plasma membrane	1.0	False	0.227352965689535	False	2	0	0.6136764828447675
GO:0003171	atrioventricular valve development	1.0	False	0.227863760418024	False	2	0	0.613931880209012
GO:0003181	atrioventricular valve morphogenesis	1.0	False	0.227863760418024	False	2	0	0.613931880209012
GO:0007005	mitochondrion organization	1.0	False	0.227863760418024	False	2	0	0.613931880209012
GO:0055117	regulation of cardiac muscle contraction	1.0	False	0.227863760418024	False	2	0	0.613931880209012
GO:0046854	phosphatidylinositol phosphate biosynthetic process	1.0	False	0.228004965747336	False	2	0	0.614002482873668
GO:0006167	AMP biosynthetic process	1.0	False	0.228147821950509	False	2	0	0.6140739109752545
GO:0032620	interleukin-17 production	1.0	False	0.228147821950509	False	2	0	0.6140739109752545
GO:0032660	regulation of interleukin-17 production	1.0	False	0.228147821950509	False	2	0	0.6140739109752545
GO:1903319	positive regulation of protein maturation	1.0	False	0.228147821950509	False	2	0	0.6140739109752545
GO:2000232	regulation of rRNA processing	1.0	False	0.228147821950509	False	2	0	0.6140739109752545
GO:0046040	IMP metabolic process	1.0	False	0.228468935334054	False	2	0	0.614234467667027
GO:0006891	intra-Golgi vesicle-mediated transport	1.0	False	0.229069312819467	False	2	0	0.6145346564097335
GO:0045216	cell-cell junction organization	1.0	False	0.229468917953067	False	2	0	0.6147344589765336
GO:0019673	GDP-mannose metabolic process	1.0	False	0.229507751190687	False	2	0	0.6147538755953434
GO:0032870	cellular response to hormone stimulus	1.0	False	0.229530213474567	False	2	0	0.6147651067372835
GO:2001212	regulation of vasculogenesis	1.0	False	0.229704550524179	False	2	0	0.6148522752620895
GO:0019433	triglyceride catabolic process	1.0	False	0.230126404687751	False	2	0	0.6150632023438755
GO:0046513	ceramide biosynthetic process	1.0	False	0.230976757430861	False	2	0	0.6154883787154305
GO:0048736	appendage development	1.0	False	0.230976757430861	False	2	0	0.6154883787154305
GO:0072080	nephron tubule development	1.0	False	0.230976757430861	False	2	0	0.6154883787154305
GO:0097193	intrinsic apoptotic signaling pathway	0.3556038169241889	False	0.8755630896597	False	2	0	0.6155834532919444
GO:0019319	hexose biosynthetic process	1.0	False	0.231411496179256	False	2	0	0.615705748089628
GO:0033238	regulation of amine metabolic process	1.0	False	0.231525939351089	False	2	0	0.6157629696755444
GO:0009593	detection of chemical stimulus	1.0	False	0.231677069284745	False	2	0	0.6158385346423725
GO:0033365	protein localization to organelle	1.0	False	0.231677069284745	False	2	0	0.6158385346423725
GO:0035739	CD4-positive, alpha-beta T cell proliferation	1.0	False	0.231677069284745	False	2	0	0.6158385346423725
GO:0061326	renal tubule development	1.0	False	0.231677069284745	False	2	0	0.6158385346423725
GO:0001935	endothelial cell proliferation	1.0	False	0.231775491291336	False	2	0	0.615887745645668
GO:0071676	negative regulation of mononuclear cell migration	1.0	False	0.231828246802318	False	2	0	0.615914123401159
GO:0006067	ethanol metabolic process	1.0	False	0.231897559265872	False	2	0	0.615948779632936
GO:0006068	ethanol catabolic process	1.0	False	0.231897559265872	False	2	0	0.615948779632936
GO:0034243	regulation of transcription elongation by RNA polymerase II	1.0	False	0.231897559265872	False	2	0	0.615948779632936
GO:0050810	regulation of steroid biosynthetic process	1.0	False	0.231897559265872	False	2	0	0.615948779632936
GO:1903426	regulation of reactive oxygen species biosynthetic process	1.0	False	0.23213188441292	False	2	0	0.61606594220646
GO:0048169	regulation of long-term neuronal synaptic plasticity	1.0	False	0.232146451868015	False	2	0	0.6160732259340075
GO:1903522	regulation of blood circulation	1.0	False	0.232146451868015	False	2	0	0.6160732259340075
GO:0032510	endosome to lysosome transport via multivesicular body sorting pathway	1.0	False	0.232484353617031	False	2	0	0.6162421768085155
GO:0034214	protein hexamerization	1.0	False	0.232659576811991	False	2	0	0.6163297884059955
GO:0002263	cell activation involved in immune response	1.0	False	0.232731119540366	False	2	0	0.616365559770183
GO:0022414	reproductive process	1.0	False	0.232731119540366	False	2	0	0.616365559770183
GO:0034975	protein folding in endoplasmic reticulum	1.0	False	0.232731119540366	False	2	0	0.616365559770183
GO:0098813	nuclear chromosome segregation	1.0	False	0.232731119540366	False	2	0	0.616365559770183
GO:0032370	positive regulation of lipid transport	1.0	False	0.233186780914323	False	2	0	0.6165933904571614
GO:0014912	negative regulation of smooth muscle cell migration	1.0	False	0.233608980884573	False	2	0	0.6168044904422865
GO:0002690	positive regulation of leukocyte chemotaxis	1.0	False	0.235826667577923	False	2	0	0.6179133337889615
GO:2001234	negative regulation of apoptotic signaling pathway	1.0	False	0.235826667577923	False	2	0	0.6179133337889615
GO:0035050	embryonic heart tube development	1.0	False	0.236456943115399	False	2	0	0.6182284715576996
GO:1903541	regulation of exosomal secretion	1.0	False	0.236456943115399	False	2	0	0.6182284715576996
GO:0003018	vascular process in circulatory system	1.0	False	0.237019599601657	False	2	0	0.6185097998008285
GO:0035590	purinergic nucleotide receptor signaling pathway	1.0	False	0.237114064887738	False	2	0	0.618557032443869
GO:0140673	transcription elongation-coupled chromatin remodeling	1.0	False	0.238229745619468	False	2	0	0.619114872809734
GO:0003179	heart valve morphogenesis	1.0	False	0.238260924340827	False	2	0	0.6191304621704135
GO:0000819	sister chromatid segregation	1.0	False	0.238269904530011	False	2	0	0.6191349522650055
GO:0031571	mitotic G1 DNA damage checkpoint signaling	1.0	False	0.238269904530011	False	2	0	0.6191349522650055
GO:0070296	sarcoplasmic reticulum calcium ion transport	1.0	False	0.238269904530011	False	2	0	0.6191349522650055
GO:0120009	intermembrane lipid transfer	0.5263447643003082	False	0.712284918109543	False	2	0	0.6193148412049256
GO:0009132	nucleoside diphosphate metabolic process	1.0	False	0.239453488584895	False	2	0	0.6197267442924475
GO:0098801	regulation of renal system process	1.0	False	0.24002340571775	False	2	0	0.620011702858875
GO:0052372	modulation by symbiont of entry into host	1.0	False	0.240118873107988	False	2	0	0.620059436553994
GO:0001755	neural crest cell migration	0.3292782091016961	False	0.910942881882673	False	2	0	0.6201105454921846
GO:1905383	protein localization to presynapse	1.0	False	0.240465039940417	False	2	0	0.6202325199702086
GO:0002504	antigen processing and presentation of peptide or polysaccharide antigen via MHC class II	1.0	False	0.240475398075304	False	2	0	0.620237699037652
GO:0090263	positive regulation of canonical Wnt signaling pathway	1.0	False	0.241062382404073	False	2	0	0.6205311912020365
GO:0006111	regulation of gluconeogenesis	0.4742121164333632	False	0.766887471914456	False	2	0	0.6205497941739097
GO:0030261	chromosome condensation	1.0	False	0.241194118248195	False	2	0	0.6205970591240975
GO:0031294	lymphocyte costimulation	1.0	False	0.241251255444608	False	2	0	0.620625627722304
GO:0061572	actin filament bundle organization	1.0	False	0.241251255444608	False	2	0	0.620625627722304
GO:0009235	cobalamin metabolic process	1.0	False	0.241329017339993	False	2	0	0.6206645086699965
GO:1903035	negative regulation of response to wounding	1.0	False	0.241372416261057	False	2	0	0.6206862081305284
GO:0050974	detection of mechanical stimulus involved in sensory perception	1.0	False	0.241478607027196	False	2	0	0.620739303513598
GO:0060537	muscle tissue development	1.0	False	0.241514488382701	False	2	0	0.6207572441913505
GO:0010878	cholesterol storage	1.0	False	0.242169838125184	False	2	0	0.621084919062592
GO:0040036	regulation of fibroblast growth factor receptor signaling pathway	1.0	False	0.242169838125184	False	2	0	0.621084919062592
GO:0043330	response to exogenous dsRNA	1.0	False	0.242169838125184	False	2	0	0.621084919062592
GO:0071605	monocyte chemotactic protein-1 production	1.0	False	0.242169838125184	False	2	0	0.621084919062592
GO:0071637	regulation of monocyte chemotactic protein-1 production	1.0	False	0.242169838125184	False	2	0	0.621084919062592
GO:0097396	response to interleukin-17	1.0	False	0.24255288473958	False	2	0	0.62127644236979
GO:0010955	negative regulation of protein processing	1.0	False	0.242659247210919	False	2	0	0.6213296236054595
GO:0034501	protein localization to kinetochore	1.0	False	0.24326644118455	False	2	0	0.621633220592275
GO:0002440	production of molecular mediator of immune response	1.0	False	0.243595533332559	False	2	0	0.6217977666662795
GO:0010882	regulation of cardiac muscle contraction by calcium ion signaling	1.0	False	0.243595533332559	False	2	0	0.6217977666662795
GO:0031122	cytoplasmic microtubule organization	1.0	False	0.243595533332559	False	2	0	0.6217977666662795
GO:0071805	potassium ion transmembrane transport	1.0	False	0.243595533332559	False	2	0	0.6217977666662795
GO:0071044	histone mRNA catabolic process	0.3175193034250475	False	0.926880178904269	False	2	0	0.6221997411646583
GO:0048515	spermatid differentiation	0.8765070098035866	False	0.368694125792477	False	2	0	0.6226005677980319
GO:0006893	Golgi to plasma membrane transport	0.3518055883858124	False	0.893940167871387	False	2	0	0.6228728781285997
GO:0050911	detection of chemical stimulus involved in sensory perception of smell	1.0	False	0.246271735961072	False	2	0	0.623135867980536
GO:0000012	single strand break repair	1.0	False	0.247074865290766	False	2	0	0.623537432645383
GO:1903543	positive regulation of exosomal secretion	1.0	False	0.247548911878026	False	2	0	0.623774455939013
GO:0045785	positive regulation of cell adhesion	0.3784688150994917	False	0.869704205757833	False	2	0	0.6240865104286624
GO:0007616	long-term memory	0.268395372730777	False	0.980431824696658	False	2	0	0.6244135987137175
GO:0014706	striated muscle tissue development	1.0	False	0.249158758477968	False	2	0	0.624579379238984
GO:0051928	positive regulation of calcium ion transport	0.2681490446372135	False	0.981014785775371	False	2	0	0.6245819152062922
GO:0016447	somatic recombination of immunoglobulin gene segments	1.0	False	0.249262442252893	False	2	0	0.6246312211264465
GO:0051205	protein insertion into membrane	1.0	False	0.250221687251361	False	2	0	0.6251108436256805
GO:0035696	monocyte extravasation	1.0	False	0.25045712981855	False	2	0	0.625228564909275
GO:0002360	T cell lineage commitment	1.0	False	0.250689277275892	False	2	0	0.625344638637946
GO:0045947	negative regulation of translational initiation	0.3957139152715863	False	0.855228436764389	False	2	0	0.6254711760179876
GO:0001823	mesonephros development	1.0	False	0.251480982881309	False	2	0	0.6257404914406545
GO:0006513	protein monoubiquitination	0.5582071880591637	False	0.693521724427874	False	2	0	0.6258644562435188
GO:0033273	response to vitamin	1.0	False	0.252659315194868	False	2	0	0.626329657597434
GO:0001779	natural killer cell differentiation	1.0	False	0.252883360723925	False	2	0	0.6264416803619625
GO:0010885	regulation of cholesterol storage	1.0	False	0.252883360723925	False	2	0	0.6264416803619625
GO:0033146	regulation of intracellular estrogen receptor signaling pathway	1.0	False	0.252883360723925	False	2	0	0.6264416803619625
GO:0033151	V(D)J recombination	1.0	False	0.252883360723925	False	2	0	0.6264416803619625
GO:0061383	trabecula morphogenesis	1.0	False	0.252883360723925	False	2	0	0.6264416803619625
GO:0140718	facultative heterochromatin formation	1.0	False	0.252883360723925	False	2	0	0.6264416803619625
GO:0038034	signal transduction in absence of ligand	1.0	False	0.253002735673927	False	2	0	0.6265013678369635
GO:0097192	extrinsic apoptotic signaling pathway in absence of ligand	1.0	False	0.253002735673927	False	2	0	0.6265013678369635
GO:0031397	negative regulation of protein ubiquitination	0.3080396724237031	False	0.946427070921322	False	2	0	0.6272333716725125
GO:0015031	protein transport	0.9420570796568072	False	0.31244870732572	False	2	0	0.6272528934912636
GO:0031644	regulation of nervous system process	1.0	False	0.254749238758272	False	2	0	0.627374619379136
GO:0071675	regulation of mononuclear cell migration	1.0	False	0.254749238758272	False	2	0	0.627374619379136
GO:0010257	NADH dehydrogenase complex assembly	1.0	False	0.255334427938685	False	2	0	0.6276672139693424
GO:0032981	mitochondrial respiratory chain complex I assembly	1.0	False	0.255334427938685	False	2	0	0.6276672139693424
GO:0070841	inclusion body assembly	1.0	False	0.256571438399769	False	2	0	0.6282857191998845
GO:0000082	G1/S transition of mitotic cell cycle	1.0	False	0.256985688724982	False	2	0	0.628492844362491
GO:0006022	aminoglycan metabolic process	1.0	False	0.256985688724982	False	2	0	0.628492844362491
GO:0006665	sphingolipid metabolic process	1.0	False	0.256985688724982	False	2	0	0.628492844362491
GO:0060419	heart growth	1.0	False	0.25727324448362	False	2	0	0.62863662224181
GO:0032288	myelin assembly	1.0	False	0.257312008909488	False	2	0	0.628656004454744
GO:0086009	membrane repolarization	1.0	False	0.258718933934827	False	2	0	0.6293594669674135
GO:0006515	protein quality control for misfolded or incompletely synthesized proteins	1.0	False	0.259032765307078	False	2	0	0.629516382653539
GO:0002686	negative regulation of leukocyte migration	1.0	False	0.259210957889828	False	2	0	0.629605478944914
GO:0044458	motile cilium assembly	1.0	False	0.259210957889828	False	2	0	0.629605478944914
GO:0060148	positive regulation of post-transcriptional gene silencing	1.0	False	0.259210957889828	False	2	0	0.629605478944914
GO:1900370	positive regulation of post-transcriptional gene silencing by RNA	1.0	False	0.259210957889828	False	2	0	0.629605478944914
GO:2000637	positive regulation of miRNA-mediated gene silencing	1.0	False	0.259210957889828	False	2	0	0.629605478944914
GO:1902018	negative regulation of cilium assembly	0.3521942806818869	False	0.907078508482001	False	2	0	0.629636394581944
GO:0002566	somatic diversification of immune receptors via somatic mutation	1.0	False	0.259276409816239	False	2	0	0.6296382049081195
GO:0016446	somatic hypermutation of immunoglobulin genes	1.0	False	0.259276409816239	False	2	0	0.6296382049081195
GO:0097680	double-strand break repair via classical nonhomologous end joining	1.0	False	0.259276409816239	False	2	0	0.6296382049081195
GO:0030511	positive regulation of transforming growth factor beta receptor signaling pathway	0.3521942806818869	False	0.907235514437432	False	2	0	0.6297148975596595
GO:0006004	fucose metabolic process	1.0	False	0.260085612016404	False	2	0	0.630042806008202
GO:0033865	nucleoside bisphosphate metabolic process	1.0	False	0.260085612016404	False	2	0	0.630042806008202
GO:0033875	ribonucleoside bisphosphate metabolic process	1.0	False	0.260085612016404	False	2	0	0.630042806008202
GO:0034032	purine nucleoside bisphosphate metabolic process	1.0	False	0.260085612016404	False	2	0	0.630042806008202
GO:0034035	purine ribonucleoside bisphosphate metabolic process	1.0	False	0.260085612016404	False	2	0	0.630042806008202
GO:0035107	appendage morphogenesis	1.0	False	0.260085612016404	False	2	0	0.630042806008202
GO:0035108	limb morphogenesis	1.0	False	0.260085612016404	False	2	0	0.630042806008202
GO:0050427	3'-phosphoadenosine 5'-phosphosulfate metabolic process	1.0	False	0.260085612016404	False	2	0	0.630042806008202
GO:0046849	bone remodeling	1.0	False	0.260276441519368	False	2	0	0.630138220759684
GO:0051249	regulation of lymphocyte activation	1.0	False	0.260690641042492	False	2	0	0.630345320521246
GO:0032786	positive regulation of DNA-templated transcription, elongation	1.0	False	0.26098614166555	False	2	0	0.630493070832775
GO:0048870	cell motility	1.0	False	0.26098614166555	False	2	0	0.630493070832775
GO:0008535	respiratory chain complex IV assembly	1.0	False	0.262211258919994	False	2	0	0.631105629459997
GO:0009262	deoxyribonucleotide metabolic process	1.0	False	0.262211258919994	False	2	0	0.631105629459997
GO:0009411	response to UV	1.0	False	0.262211258919994	False	2	0	0.631105629459997
GO:0019430	removal of superoxide radicals	1.0	False	0.262211258919994	False	2	0	0.631105629459997
GO:0034143	regulation of toll-like receptor 4 signaling pathway	1.0	False	0.262211258919994	False	2	0	0.631105629459997
GO:0042745	circadian sleep/wake cycle	1.0	False	0.262211258919994	False	2	0	0.631105629459997
GO:0051412	response to corticosterone	1.0	False	0.262211258919994	False	2	0	0.631105629459997
GO:0090311	regulation of protein deacetylation	1.0	False	0.262211258919994	False	2	0	0.631105629459997
GO:0120035	regulation of plasma membrane bounded cell projection organization	1.0	False	0.262211258919994	False	2	0	0.631105629459997
GO:0060816	random inactivation of X chromosome	1.0	False	0.262590232091148	False	2	0	0.631295116045574
GO:0070071	proton-transporting two-sector ATPase complex assembly	1.0	False	0.262590232091148	False	2	0	0.631295116045574
GO:1903170	negative regulation of calcium ion transmembrane transport	1.0	False	0.262590232091148	False	2	0	0.631295116045574
GO:0097468	programmed cell death in response to reactive oxygen species	1.0	False	0.263129703565509	False	2	0	0.6315648517827546
GO:0051893	regulation of focal adhesion assembly	0.6089160995547745	False	0.654262119873616	False	2	0	0.6315891097141952
GO:0006473	protein acetylation	1.0	False	0.263201574494883	False	2	0	0.6316007872474415
GO:0061371	determination of heart left/right asymmetry	1.0	False	0.263201574494883	False	2	0	0.6316007872474415
GO:0097720	calcineurin-mediated signaling	1.0	False	0.263435552222869	False	2	0	0.6317177761114345
GO:0014808	release of sequestered calcium ion into cytosol by sarcoplasmic reticulum	1.0	False	0.263440844912034	False	2	0	0.631720422456017
GO:0009792	embryo development ending in birth or egg hatching	1.0	False	0.263640881723927	False	2	0	0.6318204408619635
GO:0043009	chordate embryonic development	1.0	False	0.263640881723927	False	2	0	0.6318204408619635
GO:0008285	negative regulation of cell population proliferation	0.2716933203970197	False	0.992248076121845	False	2	0	0.6319706982594323
GO:0036315	cellular response to sterol	0.268395372730777	False	0.995563361567147	False	2	0	0.631979367148962
GO:2000107	negative regulation of leukocyte apoptotic process	0.385114851703767	False	0.879658579474475	False	2	0	0.632386715589121
GO:0043068	positive regulation of programmed cell death	1.0	False	0.265087669625516	False	2	0	0.632543834812758
GO:0034383	low-density lipoprotein particle clearance	1.0	False	0.265489642120689	False	2	0	0.6327448210603445
GO:0042559	pteridine-containing compound biosynthetic process	1.0	False	0.265489642120689	False	2	0	0.6327448210603445
GO:0062176	R-loop processing	1.0	False	0.265632871784382	False	2	0	0.632816435892191
GO:0016054	organic acid catabolic process	1.0	False	0.265725987062427	False	2	0	0.6328629935312136
GO:0044819	mitotic G1/S transition checkpoint signaling	1.0	False	0.265725987062427	False	2	0	0.6328629935312136
GO:0046395	carboxylic acid catabolic process	1.0	False	0.265725987062427	False	2	0	0.6328629935312136
GO:0051895	negative regulation of focal adhesion assembly	1.0	False	0.265725987062427	False	2	0	0.6328629935312136
GO:0150118	negative regulation of cell-substrate junction organization	1.0	False	0.265725987062427	False	2	0	0.6328629935312136
GO:2000514	regulation of CD4-positive, alpha-beta T cell activation	1.0	False	0.265725987062427	False	2	0	0.6328629935312136
GO:0035721	intraciliary retrograde transport	1.0	False	0.266239894819567	False	2	0	0.6331199474097835
GO:0007169	cell surface receptor protein tyrosine kinase signaling pathway	0.4868330151894401	False	0.779834164765832	False	2	0	0.633333589977636
GO:1903523	negative regulation of blood circulation	1.0	False	0.266999212371398	False	2	0	0.633499606185699
GO:0051180	vitamin transport	1.0	False	0.267542339686913	False	2	0	0.6337711698434565
GO:0060623	regulation of chromosome condensation	1.0	False	0.267835328798064	False	2	0	0.633917664399032
GO:0019229	regulation of vasoconstriction	0.4264320070836515	False	0.841687856169938	False	2	0	0.6340599316267947
GO:0019884	antigen processing and presentation of exogenous antigen	1.0	False	0.268339647490591	False	2	0	0.6341698237452955
GO:0016137	glycoside metabolic process	1.0	False	0.268683288678293	False	2	0	0.6343416443391465
GO:0014855	striated muscle cell proliferation	1.0	False	0.270900237198961	False	2	0	0.6354501185994805
GO:1902532	negative regulation of intracellular signal transduction	1.0	False	0.270900237198961	False	2	0	0.6354501185994805
GO:0014910	regulation of smooth muscle cell migration	1.0	False	0.270945855074986	False	2	0	0.635472927537493
GO:0032201	telomere maintenance via semi-conservative replication	1.0	False	0.270945855074986	False	2	0	0.635472927537493
GO:1900102	negative regulation of endoplasmic reticulum unfolded protein response	1.0	False	0.271516696106923	False	2	0	0.6357583480534614
GO:2000104	negative regulation of DNA-templated DNA replication	1.0	False	0.271516696106923	False	2	0	0.6357583480534614
GO:0062009	secondary palate development	1.0	False	0.2715649885621	False	2	0	0.6357824942810499
GO:1990700	nucleolar chromatin organization	1.0	False	0.272000791256914	False	2	0	0.636000395628457
GO:0051298	centrosome duplication	1.0	False	0.272426893649439	False	2	0	0.6362134468247195
GO:0048468	cell development	1.0	False	0.272576707947461	False	2	0	0.6362883539737305
GO:0007368	determination of left/right symmetry	1.0	False	0.272876312016925	False	2	0	0.6364381560084625
GO:0008593	regulation of Notch signaling pathway	1.0	False	0.272987176855875	False	2	0	0.6364935884279375
GO:0010667	negative regulation of cardiac muscle cell apoptotic process	1.0	False	0.272987176855875	False	2	0	0.6364935884279375
GO:0051588	regulation of neurotransmitter transport	1.0	False	0.272987176855875	False	2	0	0.6364935884279375
GO:0055082	intracellular chemical homeostasis	1.0	False	0.272987176855875	False	2	0	0.6364935884279375
GO:0043583	ear development	1.0	False	0.273010484652145	False	2	0	0.6365052423260725
GO:1902116	negative regulation of organelle assembly	0.3049154816178726	False	0.968421500165675	False	2	0	0.6366684908917738
GO:0003341	cilium movement	1.0	False	0.273571221958988	False	2	0	0.636785610979494
GO:0099116	tRNA 5'-end processing	1.0	False	0.274497300076604	False	2	0	0.637248650038302
GO:0032386	regulation of intracellular transport	1.0	False	0.275811212766264	False	2	0	0.637905606383132
GO:0001947	heart looping	1.0	False	0.275885283676261	False	2	0	0.6379426418381304
GO:0048232	male gamete generation	1.0	False	0.275885283676261	False	2	0	0.6379426418381304
GO:0071887	leukocyte apoptotic process	1.0	False	0.275958106339743	False	2	0	0.6379790531698715
GO:2001032	regulation of double-strand break repair via nonhomologous end joining	1.0	False	0.275958106339743	False	2	0	0.6379790531698715
GO:1901184	regulation of ERBB signaling pathway	1.0	False	0.276037238423756	False	2	0	0.638018619211878
GO:0009799	specification of symmetry	1.0	False	0.276236963939913	False	2	0	0.6381184819699565
GO:0009855	determination of bilateral symmetry	1.0	False	0.276236963939913	False	2	0	0.6381184819699565
GO:0090114	COPII-coated vesicle budding	1.0	False	0.276236963939913	False	2	0	0.6381184819699565
GO:0031468	nuclear membrane reassembly	1.0	False	0.27658901193318	False	2	0	0.63829450596659
GO:0032879	regulation of localization	1.0	False	0.27658901193318	False	2	0	0.63829450596659
GO:0060972	left/right pattern formation	1.0	False	0.27658901193318	False	2	0	0.63829450596659
GO:0050679	positive regulation of epithelial cell proliferation	1.0	False	0.277682206236729	False	2	0	0.6388411031183645
GO:0045931	positive regulation of mitotic cell cycle	0.3284123063390159	False	0.949296906428456	False	2	0	0.6388546063837359
GO:0002089	lens morphogenesis in camera-type eye	1.0	False	0.277901586036868	False	2	0	0.6389507930184339
GO:0051494	negative regulation of cytoskeleton organization	1.0	False	0.277901586036868	False	2	0	0.6389507930184339
GO:0006636	unsaturated fatty acid biosynthetic process	1.0	False	0.277990961077101	False	2	0	0.6389954805385505
GO:0032717	negative regulation of interleukin-8 production	1.0	False	0.277990961077101	False	2	0	0.6389954805385505
GO:0044331	cell-cell adhesion mediated by cadherin	1.0	False	0.278193196459132	False	2	0	0.639096598229566
GO:0046326	positive regulation of D-glucose import across plasma membrane	1.0	False	0.278642736340627	False	2	0	0.6393213681703135
GO:0045116	protein neddylation	1.0	False	0.278939779161819	False	2	0	0.6394698895809094
GO:0051148	negative regulation of muscle cell differentiation	1.0	False	0.278939779161819	False	2	0	0.6394698895809094
GO:0046485	ether lipid metabolic process	1.0	False	0.279628344146847	False	2	0	0.6398141720734235
GO:0003002	regionalization	0.914528876078078	False	0.365222213759454	False	2	0	0.639875544918766
GO:1903747	regulation of protein localization to mitochondrion	1.0	False	0.279828169628582	False	2	0	0.639914084814291
GO:0035601	protein deacylation	1.0	False	0.279854531413136	False	2	0	0.639927265706568
GO:0051224	negative regulation of protein transport	1.0	False	0.279854531413136	False	2	0	0.639927265706568
GO:0170035	L-amino acid catabolic process	1.0	False	0.279854531413136	False	2	0	0.639927265706568
GO:0006900	vesicle budding from membrane	1.0	False	0.280008246215088	False	2	0	0.640004123107544
GO:0051492	regulation of stress fiber assembly	1.0	False	0.280056048267833	False	2	0	0.6400280241339165
GO:0060043	regulation of cardiac muscle cell proliferation	1.0	False	0.280056048267833	False	2	0	0.6400280241339165
GO:0071108	protein K48-linked deubiquitination	1.0	False	0.280056048267833	False	2	0	0.6400280241339165
GO:0044772	mitotic cell cycle phase transition	1.0	False	0.28007090752	False	2	0	0.64003545376
GO:0060042	retina morphogenesis in camera-type eye	1.0	False	0.28007090752	False	2	0	0.64003545376
GO:0085029	extracellular matrix assembly	1.0	False	0.28007090752	False	2	0	0.64003545376
GO:0034135	regulation of toll-like receptor 2 signaling pathway	1.0	False	0.280272015910126	False	2	0	0.640136007955063
GO:0030203	glycosaminoglycan metabolic process	1.0	False	0.280314797612045	False	2	0	0.6401573988060225
GO:0044857	plasma membrane raft organization	1.0	False	0.280563632676134	False	2	0	0.640281816338067
GO:0009888	tissue development	1.0	False	0.281149031507033	False	2	0	0.6405745157535165
GO:0010821	regulation of mitochondrion organization	1.0	False	0.281225557538941	False	2	0	0.6406127787694705
GO:1905953	negative regulation of lipid localization	1.0	False	0.281225557538941	False	2	0	0.6406127787694705
GO:0031344	regulation of cell projection organization	1.0	False	0.282653592640427	False	2	0	0.6413267963202135
GO:0060218	hematopoietic stem cell differentiation	1.0	False	0.282893885387221	False	2	0	0.6414469426936105
GO:0051255	spindle midzone assembly	1.0	False	0.282996792075151	False	2	0	0.6414983960375755
GO:0050877	nervous system process	1.0	False	0.28331791183384	False	2	0	0.64165895591692
GO:0032604	granulocyte macrophage colony-stimulating factor production	1.0	False	0.283676899773827	False	2	0	0.6418384498869135
GO:0032645	regulation of granulocyte macrophage colony-stimulating factor production	1.0	False	0.283676899773827	False	2	0	0.6418384498869135
GO:0036006	cellular response to macrophage colony-stimulating factor stimulus	1.0	False	0.283881309090044	False	2	0	0.641940654545022
GO:0042908	xenobiotic transport	1.0	False	0.283881309090044	False	2	0	0.641940654545022
GO:0006821	chloride transport	1.0	False	0.284004101572614	False	2	0	0.642002050786307
GO:1902932	positive regulation of alcohol biosynthetic process	1.0	False	0.284607415048039	False	2	0	0.6423037075240194
GO:0030947	regulation of vascular endothelial growth factor receptor signaling pathway	1.0	False	0.284609161905946	False	2	0	0.642304580952973
GO:0032007	negative regulation of TOR signaling	1.0	False	0.285025622078521	False	2	0	0.6425128110392605
GO:0048839	inner ear development	1.0	False	0.285025622078521	False	2	0	0.6425128110392605
GO:1903706	regulation of hemopoiesis	1.0	False	0.285025622078521	False	2	0	0.6425128110392605
GO:0000209	protein polyubiquitination	0.7871979220574693	False	0.498057260891136	False	2	0	0.6426275914743027
GO:0006368	transcription elongation by RNA polymerase II	1.0	False	0.288210718189988	False	2	0	0.644105359094994
GO:0048812	neuron projection morphogenesis	1.0	False	0.288842281593548	False	2	0	0.644421140796774
GO:0036498	IRE1-mediated unfolded protein response	1.0	False	0.28911232490577	False	2	0	0.644556162452885
GO:0016180	snRNA processing	1.0	False	0.290274647868599	False	2	0	0.6451373239342995
GO:0000038	very long-chain fatty acid metabolic process	0.385114851703767	False	0.905178200989323	False	2	0	0.645146526346545
GO:0019079	viral genome replication	1.0	False	0.290399078237788	False	2	0	0.645199539118894
GO:0034310	primary alcohol catabolic process	1.0	False	0.290399078237788	False	2	0	0.645199539118894
GO:0060586	multicellular organismal-level iron ion homeostasis	1.0	False	0.290635633009922	False	2	0	0.645317816504961
GO:0002825	regulation of T-helper 1 type immune response	1.0	False	0.291112891384983	False	2	0	0.6455564456924915
GO:0071385	cellular response to glucocorticoid stimulus	0.4363218582811805	False	0.855558388096582	False	2	0	0.6459401231888813
GO:0032436	positive regulation of proteasomal ubiquitin-dependent protein catabolic process	0.3459336323544042	False	0.94605062834837	False	2	0	0.6459921303513871
GO:0051151	negative regulation of smooth muscle cell differentiation	1.0	False	0.292550944457882	False	2	0	0.646275472228941
GO:0030149	sphingolipid catabolic process	1.0	False	0.292745834367928	False	2	0	0.6463729171839641
GO:0032309	icosanoid secretion	1.0	False	0.292745834367928	False	2	0	0.6463729171839641
GO:0031579	membrane raft organization	0.3633582794728563	False	0.929994768623639	False	2	0	0.6466765240482476
GO:0048199	vesicle targeting, to, from or within Golgi	1.0	False	0.293517509283272	False	2	0	0.646758754641636
GO:0034163	regulation of toll-like receptor 9 signaling pathway	1.0	False	0.294359367132334	False	2	0	0.647179683566167
GO:0003151	outflow tract morphogenesis	1.0	False	0.29482280010737	False	2	0	0.647411400053685
GO:0006692	prostanoid metabolic process	1.0	False	0.29482280010737	False	2	0	0.647411400053685
GO:0031126	sno(s)RNA 3'-end processing	1.0	False	0.294926644462961	False	2	0	0.6474633222314805
GO:0043144	sno(s)RNA processing	1.0	False	0.294926644462961	False	2	0	0.6474633222314805
GO:0030879	mammary gland development	0.4154797248546595	False	0.879658579474475	False	2	0	0.6475691521645672
GO:0060348	bone development	0.4540194306911437	False	0.841687856169938	False	2	0	0.6478536434305409
GO:0001838	embryonic epithelial tube formation	1.0	False	0.295885285353074	False	2	0	0.647942642676537
GO:0070673	response to interleukin-18	1.0	False	0.295885285353074	False	2	0	0.647942642676537
GO:1904505	regulation of telomere maintenance in response to DNA damage	1.0	False	0.295885285353074	False	2	0	0.647942642676537
GO:0033028	myeloid cell apoptotic process	1.0	False	0.296058780804407	False	2	0	0.6480293904022035
GO:0007215	glutamate receptor signaling pathway	1.0	False	0.29661783635797	False	2	0	0.648308918178985
GO:0048147	negative regulation of fibroblast proliferation	1.0	False	0.297639753996288	False	2	0	0.648819876998144
GO:0090303	positive regulation of wound healing	1.0	False	0.298122796460661	False	2	0	0.6490613982303305
GO:1902993	positive regulation of amyloid precursor protein catabolic process	1.0	False	0.298349469638321	False	2	0	0.6491747348191605
GO:0086011	membrane repolarization during action potential	1.0	False	0.298520211229021	False	2	0	0.6492601056145105
GO:0071709	membrane assembly	1.0	False	0.301277514726327	False	2	0	0.6506387573631636
GO:0009994	oocyte differentiation	1.0	False	0.301313232977269	False	2	0	0.6506566164886345
GO:0044027	negative regulation of gene expression via chromosomal CpG island methylation	1.0	False	0.301969360472144	False	2	0	0.650984680236072
GO:1903046	meiotic cell cycle process	1.0	False	0.301969360472144	False	2	0	0.650984680236072
GO:0060402	calcium ion transport into cytosol	1.0	False	0.302123040049944	False	2	0	0.651061520024972
GO:0002495	antigen processing and presentation of peptide antigen via MHC class II	1.0	False	0.302378950761796	False	2	0	0.651189475380898
GO:0006476	protein deacetylation	1.0	False	0.302784843563441	False	2	0	0.6513924217817205
GO:0097623	potassium ion export across plasma membrane	1.0	False	0.302995272083658	False	2	0	0.651497636041829
GO:0048489	synaptic vesicle transport	1.0	False	0.30376289107027	False	2	0	0.6518814455351349
GO:0060263	regulation of respiratory burst	1.0	False	0.304250395906819	False	2	0	0.6521251979534095
GO:0045948	positive regulation of translational initiation	1.0	False	0.304411761292204	False	2	0	0.652205880646102
GO:0008625	extrinsic apoptotic signaling pathway via death domain receptors	1.0	False	0.304458903148999	False	2	0	0.6522294515744995
GO:0048741	skeletal muscle fiber development	1.0	False	0.305291476517442	False	2	0	0.652645738258721
GO:0045926	negative regulation of growth	0.3067590056424577	False	0.998833816808083	False	2	0	0.6527964112252704
GO:0043954	cellular component maintenance	1.0	False	0.305916812502092	False	2	0	0.6529584062510461
GO:0045229	external encapsulating structure organization	1.0	False	0.305916812502092	False	2	0	0.6529584062510461
GO:0141085	regulation of inflammasome-mediated signaling pathway	1.0	False	0.305916812502092	False	2	0	0.6529584062510461
GO:0055021	regulation of cardiac muscle tissue growth	1.0	False	0.306463397586041	False	2	0	0.6532316987930205
GO:0061640	cytoskeleton-dependent cytokinesis	0.3408760425446296	False	0.965745550751291	False	2	0	0.6533107966479603
GO:0010720	positive regulation of cell development	1.0	False	0.306699011887787	False	2	0	0.6533495059438935
GO:0048599	oocyte development	1.0	False	0.306699011887787	False	2	0	0.6533495059438935
GO:1901838	positive regulation of transcription of nucleolar large rRNA by RNA polymerase I	1.0	False	0.306699011887787	False	2	0	0.6533495059438935
GO:0002366	leukocyte activation involved in immune response	1.0	False	0.306863894812518	False	2	0	0.653431947406259
GO:0010565	regulation of ketone metabolic process	1.0	False	0.306863894812518	False	2	0	0.653431947406259
GO:0010661	positive regulation of muscle cell apoptotic process	1.0	False	0.306863894812518	False	2	0	0.653431947406259
GO:0014904	myotube cell development	1.0	False	0.306863894812518	False	2	0	0.653431947406259
GO:0022410	circadian sleep/wake cycle process	1.0	False	0.306863894812518	False	2	0	0.653431947406259
GO:0031109	microtubule polymerization or depolymerization	1.0	False	0.306863894812518	False	2	0	0.653431947406259
GO:0032607	interferon-alpha production	1.0	False	0.306863894812518	False	2	0	0.653431947406259
GO:0032647	regulation of interferon-alpha production	1.0	False	0.306863894812518	False	2	0	0.653431947406259
GO:0032963	collagen metabolic process	1.0	False	0.306863894812518	False	2	0	0.653431947406259
GO:0034375	high-density lipoprotein particle remodeling	1.0	False	0.306863894812518	False	2	0	0.653431947406259
GO:0043113	receptor clustering	1.0	False	0.306863894812518	False	2	0	0.653431947406259
GO:0045187	regulation of circadian sleep/wake cycle, sleep	1.0	False	0.306863894812518	False	2	0	0.653431947406259
GO:0050802	circadian sleep/wake cycle, sleep	1.0	False	0.306863894812518	False	2	0	0.653431947406259
GO:0071233	cellular response to L-leucine	1.0	False	0.306863894812518	False	2	0	0.653431947406259
GO:0060429	epithelium development	1.0	False	0.307450970905019	False	2	0	0.6537254854525095
GO:0006369	termination of RNA polymerase II transcription	1.0	False	0.307469713898145	False	2	0	0.6537348569490725
GO:1904491	protein localization to ciliary transition zone	1.0	False	0.307469713898145	False	2	0	0.6537348569490725
GO:0022412	cellular process involved in reproduction in multicellular organism	1.0	False	0.307635102243812	False	2	0	0.653817551121906
GO:0009395	phospholipid catabolic process	1.0	False	0.308131749721207	False	2	0	0.6540658748606035
GO:0010992	ubiquitin recycling	1.0	False	0.308131749721207	False	2	0	0.6540658748606035
GO:0001845	phagolysosome assembly	1.0	False	0.308383106274152	False	2	0	0.654191553137076
GO:0030279	negative regulation of ossification	0.3957139152715863	False	0.91374564931598	False	2	0	0.6547297822937832
GO:0045747	positive regulation of Notch signaling pathway	0.4555950856602255	False	0.853962932883158	False	2	0	0.6547790092716917
GO:0001658	branching involved in ureteric bud morphogenesis	1.0	False	0.310269676455105	False	2	0	0.6551348382275525
GO:2000234	positive regulation of rRNA processing	1.0	False	0.310693501015187	False	2	0	0.6553467505075935
GO:0033045	regulation of sister chromatid segregation	1.0	False	0.311083949701716	False	2	0	0.655541974850858
GO:0070934	CRD-mediated mRNA stabilization	1.0	False	0.311104283807931	False	2	0	0.6555521419039655
GO:0030859	polarized epithelial cell differentiation	1.0	False	0.312004374179003	False	2	0	0.6560021870895015
GO:0033152	immunoglobulin V(D)J recombination	1.0	False	0.312004374179003	False	2	0	0.6560021870895015
GO:0045070	positive regulation of viral genome replication	1.0	False	0.312004374179003	False	2	0	0.6560021870895015
GO:0048266	behavioral response to pain	1.0	False	0.312004374179003	False	2	0	0.6560021870895015
GO:0007268	chemical synaptic transmission	0.8154106136186238	False	0.4968010586105	False	2	0	0.6561058361145619
GO:0009713	catechol-containing compound biosynthetic process	1.0	False	0.312303065007508	False	2	0	0.656151532503754
GO:0042423	catecholamine biosynthetic process	1.0	False	0.312303065007508	False	2	0	0.656151532503754
GO:1904377	positive regulation of protein localization to cell periphery	1.0	False	0.312303065007508	False	2	0	0.656151532503754
GO:0060113	inner ear receptor cell differentiation	1.0	False	0.31244870732572	False	2	0	0.65622435366286
GO:1904507	positive regulation of telomere maintenance in response to DNA damage	1.0	False	0.31244870732572	False	2	0	0.65622435366286
GO:0038128	ERBB2 signaling pathway	1.0	False	0.312499426899294	False	2	0	0.656249713449647
GO:1901970	positive regulation of mitotic sister chromatid separation	1.0	False	0.314042671964917	False	2	0	0.6570213359824585
GO:0032740	positive regulation of interleukin-17 production	1.0	False	0.314146263202865	False	2	0	0.6570731316014324
GO:0015937	coenzyme A biosynthetic process	1.0	False	0.314238509635627	False	2	0	0.6571192548178135
GO:0097061	dendritic spine organization	1.0	False	0.314238509635627	False	2	0	0.6571192548178135
GO:0098792	xenophagy	1.0	False	0.314238509635627	False	2	0	0.6571192548178135
GO:0000305	response to oxygen radical	1.0	False	0.314437625473817	False	2	0	0.6572188127369085
GO:0045932	negative regulation of muscle contraction	1.0	False	0.314437625473817	False	2	0	0.6572188127369085
GO:1904385	cellular response to angiotensin	1.0	False	0.314437625473817	False	2	0	0.6572188127369085
GO:0032528	microvillus organization	1.0	False	0.315117547981282	False	2	0	0.657558773990641
GO:0120163	negative regulation of cold-induced thermogenesis	1.0	False	0.315117547981282	False	2	0	0.657558773990641
GO:1902105	regulation of leukocyte differentiation	1.0	False	0.315535388764814	False	2	0	0.657767694382407
GO:0035331	negative regulation of hippo signaling	0.3408353862725555	False	0.975045414847098	False	2	0	0.6579404005598267
GO:0070493	thrombin-activated receptor signaling pathway	1.0	False	0.316313123761068	False	2	0	0.6581565618805341
GO:0097499	protein localization to non-motile cilium	1.0	False	0.316313123761068	False	2	0	0.6581565618805341
GO:1903018	regulation of glycoprotein metabolic process	1.0	False	0.316463060953565	False	2	0	0.6582315304767825
GO:0045773	positive regulation of axon extension	0.4061310653788047	False	0.910615228961797	False	2	0	0.6583731471703009
GO:0045668	negative regulation of osteoblast differentiation	0.4264320070836515	False	0.890903026082569	False	2	0	0.6586675165831102
GO:0120186	negative regulation of protein localization to chromatin	1.0	False	0.317734874206325	False	2	0	0.6588674371031625
GO:1902991	regulation of amyloid precursor protein catabolic process	1.0	False	0.318096973852396	False	2	0	0.659048486926198
GO:0060292	long-term synaptic depression	1.0	False	0.318476631932662	False	2	0	0.659238315966331
GO:0071806	protein transmembrane transport	0.6988984519288188	False	0.62062456462104	False	2	0	0.6597615082749294
GO:0035567	non-canonical Wnt signaling pathway	1.0	False	0.320242507014445	False	2	0	0.6601212535072225
GO:0044088	regulation of vacuole organization	1.0	False	0.320242507014445	False	2	0	0.6601212535072225
GO:0090153	regulation of sphingolipid biosynthetic process	1.0	False	0.320669166541452	False	2	0	0.660334583270726
GO:0001558	regulation of cell growth	0.5523942123314343	False	0.76873095901139	False	2	0	0.6605625856714121
GO:0032606	type I interferon production	1.0	False	0.321246391960251	False	2	0	0.6606231959801255
GO:0043306	positive regulation of mast cell degranulation	1.0	False	0.321897294800771	False	2	0	0.6609486474003855
GO:0110020	regulation of actomyosin structure organization	1.0	False	0.321897294800771	False	2	0	0.6609486474003855
GO:0050919	negative chemotaxis	0.4061310653788047	False	0.916629694007979	False	2	0	0.6613803796933919
GO:1902905	positive regulation of supramolecular fiber organization	0.3618501078236594	False	0.96127170620482	False	2	0	0.6615609070142398
GO:0002082	regulation of oxidative phosphorylation	1.0	False	0.324433276423049	False	2	0	0.6622166382115244
GO:0006283	transcription-coupled nucleotide-excision repair	1.0	False	0.324433276423049	False	2	0	0.6622166382115244
GO:0035461	vitamin transmembrane transport	1.0	False	0.324433276423049	False	2	0	0.6622166382115244
GO:0097067	cellular response to thyroid hormone stimulus	1.0	False	0.324750805579238	False	2	0	0.662375402789619
GO:0097435	supramolecular fiber organization	0.6475040902274111	False	0.67743684235342	False	2	0	0.6624704662904155
GO:0048546	digestive tract morphogenesis	1.0	False	0.325082659385298	False	2	0	0.662541329692649
GO:1901988	negative regulation of cell cycle phase transition	1.0	False	0.325082659385298	False	2	0	0.662541329692649
GO:2001239	regulation of extrinsic apoptotic signaling pathway in absence of ligand	1.0	False	0.325082659385298	False	2	0	0.662541329692649
GO:0006688	glycosphingolipid biosynthetic process	1.0	False	0.32621309395869	False	2	0	0.663106546979345
GO:0032526	response to retinoic acid	1.0	False	0.32621309395869	False	2	0	0.663106546979345
GO:0098926	postsynaptic signal transduction	1.0	False	0.32621309395869	False	2	0	0.663106546979345
GO:0001944	vasculature development	1.0	False	0.326698170905425	False	2	0	0.6633490854527125
GO:0002363	alpha-beta T cell lineage commitment	1.0	False	0.327882683860805	False	2	0	0.6639413419304026
GO:0003208	cardiac ventricle morphogenesis	1.0	False	0.32800115116667	False	2	0	0.664000575583335
GO:0008611	ether lipid biosynthetic process	1.0	False	0.32800115116667	False	2	0	0.664000575583335
GO:0019098	reproductive behavior	1.0	False	0.32800115116667	False	2	0	0.664000575583335
GO:0046504	glycerol ether biosynthetic process	1.0	False	0.32800115116667	False	2	0	0.664000575583335
GO:0060307	regulation of ventricular cardiac muscle cell membrane repolarization	1.0	False	0.328449385631482	False	2	0	0.664224692815741
GO:0071027	nuclear RNA surveillance	1.0	False	0.329201419538171	False	2	0	0.6646007097690855
GO:0060122	inner ear receptor cell stereocilium organization	1.0	False	0.32921933286264	False	2	0	0.66460966643132
GO:0043516	regulation of DNA damage response, signal transduction by p53 class mediator	1.0	False	0.329291141579912	False	2	0	0.664645570789956
GO:0045137	development of primary sexual characteristics	1.0	False	0.32935686917068	False	2	0	0.66467843458534
GO:0060306	regulation of membrane repolarization	1.0	False	0.32935686917068	False	2	0	0.66467843458534
GO:0048634	regulation of muscle organ development	1.0	False	0.329674639561892	False	2	0	0.6648373197809461
GO:0060485	mesenchyme development	1.0	False	0.329674639561892	False	2	0	0.6648373197809461
GO:1990776	response to angiotensin	1.0	False	0.329674639561892	False	2	0	0.6648373197809461
GO:0022411	cellular component disassembly	1.0	False	0.329868162584911	False	2	0	0.6649340812924555
GO:0050879	multicellular organismal movement	1.0	False	0.330427294609201	False	2	0	0.6652136473046005
GO:0050881	musculoskeletal movement	1.0	False	0.330427294609201	False	2	0	0.6652136473046005
GO:0050906	detection of stimulus involved in sensory perception	1.0	False	0.330427294609201	False	2	0	0.6652136473046005
GO:0051648	vesicle localization	1.0	False	0.331504445529135	False	2	0	0.6657522227645675
GO:0051649	establishment of localization in cell	0.622843338993389	False	0.709264534662952	False	2	0	0.6660539368281705
GO:0032232	negative regulation of actin filament bundle assembly	1.0	False	0.333978992533111	False	2	0	0.6669894962665555
GO:0008016	regulation of heart contraction	1.0	False	0.334217943156971	False	2	0	0.6671089715784855
GO:0009914	hormone transport	1.0	False	0.334217943156971	False	2	0	0.6671089715784855
GO:0031643	positive regulation of myelination	1.0	False	0.334491691188113	False	2	0	0.6672458455940565
GO:1990806	ligand-gated ion channel signaling pathway	1.0	False	0.336358179831238	False	2	0	0.668179089915619
GO:0071229	cellular response to acid chemical	0.6415471069913457	False	0.695007272062469	False	2	0	0.6682771895269073
GO:1900026	positive regulation of substrate adhesion-dependent cell spreading	0.4163694107166976	False	0.920538147205881	False	2	0	0.6684537789612893
GO:0007566	embryo implantation	0.446041916994831	False	0.890929673735628	False	2	0	0.6684857953652295
GO:1905634	regulation of protein localization to chromatin	1.0	False	0.337618057278071	False	2	0	0.6688090286390355
GO:0040011	locomotion	1.0	False	0.337713512970189	False	2	0	0.6688567564850945
GO:0099173	postsynapse organization	1.0	False	0.338747367493219	False	2	0	0.6693736837466095
GO:1905952	regulation of lipid localization	1.0	False	0.338747367493219	False	2	0	0.6693736837466095
GO:0006778	porphyrin-containing compound metabolic process	1.0	False	0.339746576442844	False	2	0	0.669873288221422
GO:0002828	regulation of type 2 immune response	1.0	False	0.339955124383093	False	2	0	0.6699775621915465
GO:0032501	multicellular organismal process	1.0	False	0.340597838145904	False	2	0	0.670298919072952
GO:0060330	regulation of response to type II interferon	1.0	False	0.340597838145904	False	2	0	0.670298919072952
GO:0070848	response to growth factor	1.0	False	0.340597838145904	False	2	0	0.670298919072952
GO:1903902	positive regulation of viral life cycle	1.0	False	0.340597838145904	False	2	0	0.670298919072952
GO:0042921	nuclear receptor-mediated glucocorticoid signaling pathway	1.0	False	0.340656747284551	False	2	0	0.6703283736422755
GO:0051693	actin filament capping	0.49219519708449	False	0.848537370556893	False	2	0	0.6703662838206915
GO:0035372	protein localization to microtubule	1.0	False	0.341293529401505	False	2	0	0.6706467647007525
GO:0046717	acid secretion	1.0	False	0.341529499164624	False	2	0	0.670764749582312
GO:0150117	positive regulation of cell-substrate junction organization	0.3521942806818869	False	0.989424451349006	False	2	0	0.6708093660154465
GO:0008630	intrinsic apoptotic signaling pathway in response to DNA damage	0.4633403103013205	False	0.87884362065042	False	2	0	0.6710919654758702
GO:0072657	protein localization to membrane	0.6022117981998047	False	0.740014200538828	False	2	0	0.6711129993693163
GO:0042537	benzene-containing compound metabolic process	1.0	False	0.342876286623083	False	2	0	0.6714381433115415
GO:0032373	positive regulation of sterol transport	1.0	False	0.343238352112429	False	2	0	0.6716191760562145
GO:0032376	positive regulation of cholesterol transport	1.0	False	0.343238352112429	False	2	0	0.6716191760562145
GO:0032147	activation of protein kinase activity	1.0	False	0.343315202328442	False	2	0	0.671657601164221
GO:0003206	cardiac chamber morphogenesis	1.0	False	0.344881083980377	False	2	0	0.6724405419901884
GO:0000303	response to superoxide	1.0	False	0.346562215862212	False	2	0	0.673281107931106
GO:0022409	positive regulation of cell-cell adhesion	1.0	False	0.346562215862212	False	2	0	0.673281107931106
GO:0045778	positive regulation of ossification	1.0	False	0.346562215862212	False	2	0	0.673281107931106
GO:0098901	regulation of cardiac muscle cell action potential	1.0	False	0.346562215862212	False	2	0	0.673281107931106
GO:0002757	immune response-activating signaling pathway	1.0	False	0.346986578413599	False	2	0	0.6734932892067995
GO:1901606	alpha-amino acid catabolic process	1.0	False	0.347787704708254	False	2	0	0.673893852354127
GO:0006622	protein targeting to lysosome	0.385114851703767	False	0.962692079899664	False	2	0	0.6739034658017156
GO:0031398	positive regulation of protein ubiquitination	0.7722586670371198	False	0.575564926097623	False	2	0	0.6739117965673713
GO:0030970	retrograde protein transport, ER to cytosol	1.0	False	0.348340031724096	False	2	0	0.674170015862048
GO:0046185	aldehyde catabolic process	1.0	False	0.348340031724096	False	2	0	0.674170015862048
GO:1903513	endoplasmic reticulum to cytosol transport	1.0	False	0.348340031724096	False	2	0	0.674170015862048
GO:0051602	response to electrical stimulus	1.0	False	0.348576557609127	False	2	0	0.6742882788045634
GO:0051384	response to glucocorticoid	0.5497592509823317	False	0.798919323134688	False	2	0	0.6743392870585099
GO:0045815	transcription initiation-coupled chromatin remodeling	1.0	False	0.349403746923295	False	2	0	0.6747018734616475
GO:0031115	negative regulation of microtubule polymerization	1.0	False	0.349851139394813	False	2	0	0.6749255696974065
GO:0051938	L-glutamate import	1.0	False	0.349980828648163	False	2	0	0.6749904143240815
GO:0042790	nucleolar large rRNA transcription by RNA polymerase I	1.0	False	0.350487560180504	False	2	0	0.675243780090252
GO:0043010	camera-type eye development	1.0	False	0.350487560180504	False	2	0	0.675243780090252
GO:0032024	positive regulation of insulin secretion	0.6089160995547745	False	0.74302740804279	False	2	0	0.6759717537987823
GO:0007156	homophilic cell-cell adhesion	0.7514836056467379	False	0.600624076997406	False	2	0	0.676053841322072
GO:0046839	phospholipid dephosphorylation	1.0	False	0.352522996238942	False	2	0	0.676261498119471
GO:0007091	metaphase/anaphase transition of mitotic cell cycle	1.0	False	0.353174263626794	False	2	0	0.676587131813397
GO:2000303	regulation of ceramide biosynthetic process	1.0	False	0.353323715793186	False	2	0	0.676661857896593
GO:0051963	regulation of synapse assembly	0.723668706999612	False	0.629735849169217	False	2	0	0.6767022780844145
GO:0043331	response to dsRNA	1.0	False	0.353684040699982	False	2	0	0.676842020349991
GO:0046688	response to copper ion	1.0	False	0.353684040699982	False	2	0	0.676842020349991
GO:1901673	regulation of mitotic spindle assembly	1.0	False	0.353684040699982	False	2	0	0.676842020349991
GO:1902807	negative regulation of cell cycle G1/S phase transition	1.0	False	0.353850512379018	False	2	0	0.6769252561895089
GO:0002295	T-helper cell lineage commitment	1.0	False	0.355214979589765	False	2	0	0.6776074897948825
GO:0016241	regulation of macroautophagy	1.0	False	0.355214979589765	False	2	0	0.6776074897948825
GO:0043247	telomere maintenance in response to DNA damage	1.0	False	0.355214979589765	False	2	0	0.6776074897948825
GO:0051293	establishment of spindle localization	1.0	False	0.355235618119934	False	2	0	0.6776178090599669
GO:0007043	cell-cell junction assembly	0.8185321964223908	False	0.536801698210221	False	2	0	0.677666947316306
GO:0006939	smooth muscle contraction	1.0	False	0.355437993247098	False	2	0	0.6777189966235491
GO:0042391	regulation of membrane potential	1.0	False	0.355437993247098	False	2	0	0.6777189966235491
GO:0060420	regulation of heart growth	1.0	False	0.355437993247098	False	2	0	0.6777189966235491
GO:0007608	sensory perception of smell	1.0	False	0.357235436745868	False	2	0	0.678617718372934
GO:0001837	epithelial to mesenchymal transition	1.0	False	0.357754146462317	False	2	0	0.6788770732311585
GO:0009394	2'-deoxyribonucleotide metabolic process	1.0	False	0.3585604957538	False	2	0	0.6792802478769
GO:0070431	nucleotide-binding oligomerization domain containing 2 signaling pathway	1.0	False	0.3585604957538	False	2	0	0.6792802478769
GO:0106070	regulation of adenylate cyclase-activating G protein-coupled receptor signaling pathway	1.0	False	0.358695441959288	False	2	0	0.679347720979644
GO:0034644	cellular response to UV	0.6643715326843666	False	0.695262864380245	False	2	0	0.6798171985323058
GO:0075294	positive regulation by symbiont of entry into host	1.0	False	0.360578342454581	False	2	0	0.6802891712272905
GO:0002520	immune system development	1.0	False	0.360683387642171	False	2	0	0.6803416938210856
GO:0050864	regulation of B cell activation	1.0	False	0.360769106542126	False	2	0	0.6803845532710631
GO:1904994	regulation of leukocyte adhesion to vascular endothelial cell	1.0	False	0.360769106542126	False	2	0	0.6803845532710631
GO:0019751	polyol metabolic process	1.0	False	0.361052033524839	False	2	0	0.6805260167624195
GO:0045143	homologous chromosome segregation	1.0	False	0.361052033524839	False	2	0	0.6805260167624195
GO:0070307	lens fiber cell development	1.0	False	0.361052033524839	False	2	0	0.6805260167624195
GO:0014029	neural crest formation	1.0	False	0.361819745751854	False	2	0	0.680909872875927
GO:0021543	pallium development	1.0	False	0.362131791815956	False	2	0	0.6810658959079781
GO:0009067	aspartate family amino acid biosynthetic process	1.0	False	0.362135288225897	False	2	0	0.6810676441129485
GO:0090231	regulation of spindle checkpoint	1.0	False	0.362561919874459	False	2	0	0.6812809599372295
GO:0016126	sterol biosynthetic process	1.0	False	0.362945398943867	False	2	0	0.6814726994719336
GO:0007409	axonogenesis	1.0	False	0.363264553423842	False	2	0	0.681632276711921
GO:0051349	positive regulation of lyase activity	1.0	False	0.363264553423842	False	2	0	0.681632276711921
GO:0099149	regulation of postsynaptic neurotransmitter receptor internalization	1.0	False	0.363264553423842	False	2	0	0.681632276711921
GO:0006352	DNA-templated transcription initiation	1.0	False	0.363392980074709	False	2	0	0.6816964900373546
GO:0098856	intestinal lipid absorption	1.0	False	0.363392980074709	False	2	0	0.6816964900373546
GO:0030178	negative regulation of Wnt signaling pathway	1.0	False	0.363652148078103	False	2	0	0.6818260740390515
GO:0002320	lymphoid progenitor cell differentiation	1.0	False	0.364029181027583	False	2	0	0.6820145905137915
GO:0043062	extracellular structure organization	1.0	False	0.364477292595801	False	2	0	0.6822386462979004
GO:0042491	inner ear auditory receptor cell differentiation	1.0	False	0.364539696215106	False	2	0	0.682269848107553
GO:0071363	cellular response to growth factor stimulus	1.0	False	0.364539696215106	False	2	0	0.682269848107553
GO:1902253	regulation of intrinsic apoptotic signaling pathway by p53 class mediator	1.0	False	0.364880118298352	False	2	0	0.6824400591491759
GO:1900225	regulation of NLRP3 inflammasome complex assembly	1.0	False	0.364971235059966	False	2	0	0.6824856175299829
GO:0002820	negative regulation of adaptive immune response	1.0	False	0.365213850350146	False	2	0	0.682606925175073
GO:0050858	negative regulation of antigen receptor-mediated signaling pathway	1.0	False	0.365222213759454	False	2	0	0.682611106879727
GO:0007127	meiosis I	1.0	False	0.36522843236964	False	2	0	0.68261421618482
GO:0031116	positive regulation of microtubule polymerization	0.3743307121798023	False	0.991439415422929	False	2	0	0.6828850638013657
GO:0010573	vascular endothelial growth factor production	1.0	False	0.365966158065319	False	2	0	0.6829830790326595
GO:0010880	regulation of release of sequestered calcium ion into cytosol by sarcoplasmic reticulum	1.0	False	0.365966158065319	False	2	0	0.6829830790326595
GO:0021953	central nervous system neuron differentiation	1.0	False	0.365966158065319	False	2	0	0.6829830790326595
GO:0032369	negative regulation of lipid transport	1.0	False	0.365966158065319	False	2	0	0.6829830790326595
GO:0045725	positive regulation of glycogen biosynthetic process	1.0	False	0.365966158065319	False	2	0	0.6829830790326595
GO:0061635	regulation of protein complex stability	1.0	False	0.365966158065319	False	2	0	0.6829830790326595
GO:0097696	cell surface receptor signaling pathway via STAT	1.0	False	0.365966158065319	False	2	0	0.6829830790326595
GO:0071526	semaphorin-plexin signaling pathway	0.4649842173144969	False	0.901077768376934	False	2	0	0.6830309928457154
GO:0035025	positive regulation of Rho protein signal transduction	1.0	False	0.36633906302185	False	2	0	0.683169531510925
GO:1901698	response to nitrogen compound	1.0	False	0.36633906302185	False	2	0	0.683169531510925
GO:0043369	CD4-positive or CD8-positive, alpha-beta T cell lineage commitment	1.0	False	0.366383823842116	False	2	0	0.683191911921058
GO:0043373	CD4-positive, alpha-beta T cell lineage commitment	1.0	False	0.366383823842116	False	2	0	0.683191911921058
GO:0032094	response to food	1.0	False	0.366401283429262	False	2	0	0.683200641714631
GO:0070509	calcium ion import	1.0	False	0.366401283429262	False	2	0	0.683200641714631
GO:0071875	adrenergic receptor signaling pathway	1.0	False	0.366401283429262	False	2	0	0.683200641714631
GO:1900087	positive regulation of G1/S transition of mitotic cell cycle	1.0	False	0.366401283429262	False	2	0	0.683200641714631
GO:1903232	melanosome assembly	1.0	False	0.366401283429262	False	2	0	0.683200641714631
GO:0006942	regulation of striated muscle contraction	1.0	False	0.369213311621242	False	2	0	0.684606655810621
GO:0090158	endoplasmic reticulum membrane organization	1.0	False	0.369213311621242	False	2	0	0.684606655810621
GO:0009409	response to cold	1.0	False	0.369612496723268	False	2	0	0.684806248361634
GO:0048268	clathrin coat assembly	1.0	False	0.369756686080312	False	2	0	0.6848783430401559
GO:1902930	regulation of alcohol biosynthetic process	1.0	False	0.369756686080312	False	2	0	0.6848783430401559
GO:0048490	anterograde synaptic vesicle transport	1.0	False	0.370675960167527	False	2	0	0.6853379800837636
GO:0099514	synaptic vesicle cytoskeletal transport	1.0	False	0.370675960167527	False	2	0	0.6853379800837636
GO:0099517	synaptic vesicle transport along microtubule	1.0	False	0.370675960167527	False	2	0	0.6853379800837636
GO:0003351	epithelial cilium movement involved in extracellular fluid movement	1.0	False	0.370779767861486	False	2	0	0.685389883930743
GO:0061436	establishment of skin barrier	1.0	False	0.370779767861486	False	2	0	0.685389883930743
GO:0010171	body morphogenesis	1.0	False	0.371577947464677	False	2	0	0.6857889737323385
GO:0014909	smooth muscle cell migration	1.0	False	0.371577947464677	False	2	0	0.6857889737323385
GO:0042181	ketone biosynthetic process	1.0	False	0.371577947464677	False	2	0	0.6857889737323385
GO:0051058	negative regulation of small GTPase mediated signal transduction	1.0	False	0.371577947464677	False	2	0	0.6857889737323385
GO:0070646	protein modification by small protein removal	1.0	False	0.371577947464677	False	2	0	0.6857889737323385
GO:0000731	DNA synthesis involved in DNA repair	1.0	False	0.371582318060941	False	2	0	0.6857911590304705
GO:0010212	response to ionizing radiation	1.0	False	0.371583278547269	False	2	0	0.6857916392736345
GO:0003094	glomerular filtration	1.0	False	0.371668514873629	False	2	0	0.6858342574368145
GO:0045622	regulation of T-helper cell differentiation	1.0	False	0.372279421290007	False	2	0	0.6861397106450036
GO:0002507	tolerance induction	1.0	False	0.373868399824503	False	2	0	0.6869341999122515
GO:0002823	negative regulation of adaptive immune response based on somatic recombination of immune receptors built from immunoglobulin superfamily domains	1.0	False	0.373868399824503	False	2	0	0.6869341999122515
GO:0034110	regulation of homotypic cell-cell adhesion	1.0	False	0.373868399824503	False	2	0	0.6869341999122515
GO:0010586	miRNA metabolic process	1.0	False	0.374013014338681	False	2	0	0.6870065071693405
GO:0009894	regulation of catabolic process	1.0	False	0.374472441699355	False	2	0	0.6872362208496775
GO:0030866	cortical actin cytoskeleton organization	0.446041916994831	False	0.928912886983883	False	2	0	0.687477401989357
GO:0048026	positive regulation of mRNA splicing, via spliceosome	1.0	False	0.37542789414546	False	2	0	0.68771394707273
GO:0009612	response to mechanical stimulus	1.0	False	0.375747221581217	False	2	0	0.6878736107906085
GO:0030278	regulation of ossification	1.0	False	0.375747221581217	False	2	0	0.6878736107906085
GO:0035329	hippo signaling	1.0	False	0.376329273649592	False	2	0	0.688164636824796
GO:0043101	purine-containing compound salvage	1.0	False	0.376329273649592	False	2	0	0.688164636824796
GO:0044818	mitotic G2/M transition checkpoint	1.0	False	0.376737946289621	False	2	0	0.6883689731448105
GO:0007179	transforming growth factor beta receptor signaling pathway	1.0	False	0.377027002854636	False	2	0	0.688513501427318
GO:0042490	mechanoreceptor differentiation	1.0	False	0.377027002854636	False	2	0	0.688513501427318
GO:0035265	organ growth	1.0	False	0.377131523663243	False	2	0	0.6885657618316214
GO:0035872	nucleotide-binding domain, leucine rich repeat containing receptor signaling pathway	1.0	False	0.377131523663243	False	2	0	0.6885657618316214
GO:0050921	positive regulation of chemotaxis	1.0	False	0.377821303844642	False	2	0	0.688910651922321
GO:0009415	response to water	1.0	False	0.378262354633437	False	2	0	0.6891311773167185
GO:0030900	forebrain development	1.0	False	0.378262354633437	False	2	0	0.6891311773167185
GO:0051403	stress-activated MAPK cascade	0.509565823117882	False	0.86887066913802	False	2	0	0.689218246127951
GO:0007281	germ cell development	1.0	False	0.378688070971263	False	2	0	0.6893440354856315
GO:0003203	endocardial cushion morphogenesis	1.0	False	0.378782826285597	False	2	0	0.6893914131427985
GO:0071880	adenylate cyclase-activating adrenergic receptor signaling pathway	1.0	False	0.378782826285597	False	2	0	0.6893914131427985
GO:0050905	neuromuscular process	1.0	False	0.379046684051099	False	2	0	0.6895233420255495
GO:0090288	negative regulation of cellular response to growth factor stimulus	1.0	False	0.379046684051099	False	2	0	0.6895233420255495
GO:2001259	positive regulation of cation channel activity	1.0	False	0.379731920875797	False	2	0	0.6898659604378985
GO:0045981	positive regulation of nucleotide metabolic process	1.0	False	0.379843618695392	False	2	0	0.689921809347696
GO:0098810	neurotransmitter reuptake	1.0	False	0.379843618695392	False	2	0	0.689921809347696
GO:1900544	positive regulation of purine nucleotide metabolic process	1.0	False	0.379843618695392	False	2	0	0.689921809347696
GO:1903318	negative regulation of protein maturation	1.0	False	0.380238498555193	False	2	0	0.6901192492775965
GO:0046320	regulation of fatty acid oxidation	1.0	False	0.380706925277295	False	2	0	0.6903534626386475
GO:0050871	positive regulation of B cell activation	1.0	False	0.380706925277295	False	2	0	0.6903534626386475
GO:0048168	regulation of neuronal synaptic plasticity	1.0	False	0.380999422663609	False	2	0	0.6904997113318045
GO:0086013	membrane repolarization during cardiac muscle cell action potential	1.0	False	0.380999422663609	False	2	0	0.6904997113318045
GO:0016579	protein deubiquitination	1.0	False	0.381377877941489	False	2	0	0.6906889389707445
GO:0034244	negative regulation of transcription elongation by RNA polymerase II	1.0	False	0.38164063947478	False	2	0	0.69082031973739
GO:1905244	regulation of modification of synaptic structure	1.0	False	0.38164063947478	False	2	0	0.69082031973739
GO:0042311	vasodilation	0.4061310653788047	False	0.975516518291615	False	2	0	0.6908237918352098
GO:0044091	membrane biogenesis	1.0	False	0.381689859242356	False	2	0	0.690844929621178
GO:0034764	positive regulation of transmembrane transport	0.5254456172525797	False	0.856583655534655	False	2	0	0.6910146363936174
GO:0034454	microtubule anchoring at centrosome	1.0	False	0.382872941146234	False	2	0	0.691436470573117
GO:0072698	protein localization to microtubule cytoskeleton	1.0	False	0.383920768698903	False	2	0	0.6919603843494515
GO:0062013	positive regulation of small molecule metabolic process	0.7868709879707398	False	0.597487695465433	False	2	0	0.6921793417180864
GO:0002478	antigen processing and presentation of exogenous peptide antigen	1.0	False	0.385316004487058	False	2	0	0.692658002243529
GO:0071312	cellular response to alkaloid	1.0	False	0.385444525840807	False	2	0	0.6927222629204035
GO:0180012	co-transcriptional RNA 3'-end processing, cleavage and polyadenylation pathway	1.0	False	0.385444525840807	False	2	0	0.6927222629204035
GO:0010574	regulation of vascular endothelial growth factor production	1.0	False	0.385653441209718	False	2	0	0.6928267206048591
GO:0042462	eye photoreceptor cell development	1.0	False	0.385653441209718	False	2	0	0.6928267206048591
GO:0044784	metaphase/anaphase transition of cell cycle	1.0	False	0.385653441209718	False	2	0	0.6928267206048591
GO:0060397	growth hormone receptor signaling pathway via JAK-STAT	1.0	False	0.385653441209718	False	2	0	0.6928267206048591
GO:0090314	positive regulation of protein targeting to membrane	1.0	False	0.385653441209718	False	2	0	0.6928267206048591
GO:0046888	negative regulation of hormone secretion	0.5009557520984682	False	0.884766174300948	False	2	0	0.692860963199708
GO:0010421	hydrogen peroxide-mediated programmed cell death	1.0	False	0.386236731491639	False	2	0	0.6931183657458195
GO:0042594	response to starvation	1.0	False	0.386917874597728	False	2	0	0.693458937298864
GO:0048857	neural nucleus development	1.0	False	0.386917874597728	False	2	0	0.693458937298864
GO:2000321	positive regulation of T-helper 17 cell differentiation	1.0	False	0.386917874597728	False	2	0	0.693458937298864
GO:0023056	positive regulation of signaling	1.0	False	0.387234392688063	False	2	0	0.6936171963440315
GO:0071025	RNA surveillance	1.0	False	0.387706447052124	False	2	0	0.6938532235260619
GO:2000106	regulation of leukocyte apoptotic process	1.0	False	0.388067104763928	False	2	0	0.694033552381964
GO:0003382	epithelial cell morphogenesis	1.0	False	0.388095404174522	False	2	0	0.694047702087261
GO:0051174	regulation of phosphorus metabolic process	1.0	False	0.388594264305948	False	2	0	0.6942971321529741
GO:0071295	cellular response to vitamin	1.0	False	0.388594264305948	False	2	0	0.6942971321529741
GO:0006568	L-tryptophan metabolic process	1.0	False	0.38885989815696	False	2	0	0.69442994907848
GO:0060041	retina development in camera-type eye	1.0	False	0.389456025575388	False	2	0	0.694728012787694
GO:0070252	actin-mediated cell contraction	1.0	False	0.389456025575388	False	2	0	0.694728012787694
GO:0071351	cellular response to interleukin-18	1.0	False	0.389456025575388	False	2	0	0.694728012787694
GO:0000075	cell cycle checkpoint signaling	1.0	False	0.39063875549985	False	2	0	0.695319377749925
GO:0002287	alpha-beta T cell activation involved in immune response	1.0	False	0.391795230095034	False	2	0	0.695897615047517
GO:0007173	epidermal growth factor receptor signaling pathway	1.0	False	0.392675865737169	False	2	0	0.6963379328685845
GO:0043467	regulation of generation of precursor metabolites and energy	1.0	False	0.392675865737169	False	2	0	0.6963379328685845
GO:0046889	positive regulation of lipid biosynthetic process	1.0	False	0.392675865737169	False	2	0	0.6963379328685845
GO:0106027	neuron projection organization	1.0	False	0.392675865737169	False	2	0	0.6963379328685845
GO:0070588	calcium ion transmembrane transport	0.7151771062196834	False	0.677826136135456	False	2	0	0.6965016211775696
GO:0007269	neurotransmitter secretion	1.0	False	0.393122348771101	False	2	0	0.6965611743855505
GO:0099643	signal release from synapse	1.0	False	0.393122348771101	False	2	0	0.6965611743855505
GO:0006505	GPI anchor metabolic process	1.0	False	0.393665980272541	False	2	0	0.6968329901362705
GO:0006506	GPI anchor biosynthetic process	1.0	False	0.393665980272541	False	2	0	0.6968329901362705
GO:0180046	GPI anchored protein biosynthesis	1.0	False	0.393665980272541	False	2	0	0.6968329901362705
GO:0051231	spindle elongation	1.0	False	0.393697292350176	False	2	0	0.696848646175088
GO:0033574	response to testosterone	1.0	False	0.393945423873418	False	2	0	0.6969727119367091
GO:0097485	neuron projection guidance	1.0	False	0.393945423873418	False	2	0	0.6969727119367091
GO:0072337	modified amino acid transport	1.0	False	0.394271431823431	False	2	0	0.6971357159117155
GO:0002824	positive regulation of adaptive immune response based on somatic recombination of immune receptors built from immunoglobulin superfamily domains	1.0	False	0.394887926777036	False	2	0	0.697443963388518
GO:0003229	ventricular cardiac muscle tissue development	1.0	False	0.397224152984254	False	2	0	0.698612076492127
GO:0009113	purine nucleobase biosynthetic process	1.0	False	0.397329213161292	False	2	0	0.698664606580646
GO:0032608	interferon-beta production	1.0	False	0.397329213161292	False	2	0	0.698664606580646
GO:0032648	regulation of interferon-beta production	1.0	False	0.397329213161292	False	2	0	0.698664606580646
GO:0045745	positive regulation of G protein-coupled receptor signaling pathway	1.0	False	0.397329213161292	False	2	0	0.698664606580646
GO:0046512	sphingosine biosynthetic process	1.0	False	0.397329213161292	False	2	0	0.698664606580646
GO:0046520	sphingoid biosynthetic process	1.0	False	0.397329213161292	False	2	0	0.698664606580646
GO:0072529	pyrimidine-containing compound catabolic process	1.0	False	0.397329213161292	False	2	0	0.698664606580646
GO:1902895	positive regulation of miRNA transcription	0.5425520890583637	False	0.85637228038122	False	2	0	0.6994621847197919
GO:0005978	glycogen biosynthetic process	0.446041916994831	False	0.953746254516035	False	2	0	0.699894085755433
GO:0003272	endocardial cushion formation	1.0	False	0.39980534162772	False	2	0	0.69990267081386
GO:0045598	regulation of fat cell differentiation	1.0	False	0.400414870768987	False	2	0	0.7002074353844935
GO:0035459	vesicle cargo loading	1.0	False	0.400537325963028	False	2	0	0.700268662981514
GO:0015909	long-chain fatty acid transport	1.0	False	0.401300003675408	False	2	0	0.700650001837704
GO:0033173	calcineurin-NFAT signaling cascade	1.0	False	0.401300003675408	False	2	0	0.700650001837704
GO:0000022	mitotic spindle elongation	1.0	False	0.401753313826495	False	2	0	0.7008766569132475
GO:0003170	heart valve development	1.0	False	0.401753313826495	False	2	0	0.7008766569132475
GO:0033500	carbohydrate homeostasis	1.0	False	0.401753313826495	False	2	0	0.7008766569132475
GO:0045762	positive regulation of adenylate cyclase activity	1.0	False	0.401753313826495	False	2	0	0.7008766569132475
GO:0070169	positive regulation of biomineral tissue development	1.0	False	0.401787370788277	False	2	0	0.7008936853941385
GO:1901298	regulation of hydrogen peroxide-mediated programmed cell death	1.0	False	0.402886824906357	False	2	0	0.7014434124531785
GO:0051653	spindle localization	1.0	False	0.402909915644601	False	2	0	0.7014549578223005
GO:0019080	viral gene expression	1.0	False	0.402964245667141	False	2	0	0.7014821228335705
GO:0019856	pyrimidine nucleobase biosynthetic process	1.0	False	0.402964245667141	False	2	0	0.7014821228335705
GO:0043266	regulation of potassium ion transport	1.0	False	0.402965868963793	False	2	0	0.7014829344818965
GO:0010824	regulation of centrosome duplication	1.0	False	0.403869546142536	False	2	0	0.701934773071268
GO:0046459	short-chain fatty acid metabolic process	1.0	False	0.405815953244648	False	2	0	0.702907976622324
GO:0051262	protein tetramerization	0.4148255857135715	False	0.991223996084444	False	2	0	0.7030247908990077
GO:0016338	calcium-independent cell-cell adhesion	1.0	False	0.406316939209516	False	2	0	0.703158469604758
GO:0033138	positive regulation of peptidyl-serine phosphorylation	1.0	False	0.406417199023601	False	2	0	0.7032085995118005
GO:0141161	regulation of cAMP/PKA signal transduction	1.0	False	0.406621243378192	False	2	0	0.703310621689096
GO:0007292	female gamete generation	1.0	False	0.407003656628238	False	2	0	0.703501828314119
GO:0032098	regulation of appetite	1.0	False	0.407003656628238	False	2	0	0.703501828314119
GO:0006991	response to sterol depletion	1.0	False	0.407397391531727	False	2	0	0.7036986957658635
GO:0007276	gamete generation	1.0	False	0.407397391531727	False	2	0	0.7036986957658635
GO:0090713	immunological memory process	1.0	False	0.407397391531727	False	2	0	0.7036986957658635
GO:0045833	negative regulation of lipid metabolic process	1.0	False	0.407939111499826	False	2	0	0.703969555749913
GO:1904350	regulation of protein catabolic process in the vacuole	1.0	False	0.407939111499826	False	2	0	0.703969555749913
GO:0006287	base-excision repair, gap-filling	1.0	False	0.408505555374297	False	2	0	0.7042527776871486
GO:0120039	plasma membrane bounded cell projection morphogenesis	1.0	False	0.408689985339018	False	2	0	0.704344992669509
GO:0030517	negative regulation of axon extension	1.0	False	0.408750284819389	False	2	0	0.7043751424096945
GO:0060078	regulation of postsynaptic membrane potential	1.0	False	0.408928041069049	False	2	0	0.7044640205345245
GO:0046546	development of primary male sexual characteristics	0.5950503485256633	False	0.814107510822009	False	2	0	0.7045789296738362
GO:0030336	negative regulation of cell migration	0.5552257760855304	False	0.854379725871479	False	2	0	0.7048027509785046
GO:0001654	eye development	1.0	False	0.409954640212596	False	2	0	0.704977320106298
GO:0050907	detection of chemical stimulus involved in sensory perception	1.0	False	0.409954640212596	False	2	0	0.704977320106298
GO:0042471	ear morphogenesis	1.0	False	0.410067875063575	False	2	0	0.7050339375317876
GO:0030148	sphingolipid biosynthetic process	1.0	False	0.410238062263672	False	2	0	0.705119031131836
GO:1902410	mitotic cytokinetic process	1.0	False	0.410321401993437	False	2	0	0.7051607009967185
GO:0007286	spermatid development	1.0	False	0.410985728289503	False	2	0	0.7054928641447515
GO:0002431	Fc receptor mediated stimulatory signaling pathway	1.0	False	0.411622973136886	False	2	0	0.7058114865684431
GO:0098693	regulation of synaptic vesicle cycle	1.0	False	0.412207304349445	False	2	0	0.7061036521747225
GO:0021987	cerebral cortex development	1.0	False	0.41244111400247	False	2	0	0.706220557001235
GO:0003148	outflow tract septum morphogenesis	1.0	False	0.41382102540983	False	2	0	0.706910512704915
GO:1901699	cellular response to nitrogen compound	1.0	False	0.41382102540983	False	2	0	0.706910512704915
GO:0090317	negative regulation of intracellular protein transport	1.0	False	0.414793198895338	False	2	0	0.707396599447669
GO:0010635	regulation of mitochondrial fusion	1.0	False	0.417158825482355	False	2	0	0.7085794127411775
GO:0030968	endoplasmic reticulum unfolded protein response	1.0	False	0.417158825482355	False	2	0	0.7085794127411775
GO:0006835	dicarboxylic acid transport	0.6415471069913457	False	0.775638960018876	False	2	0	0.7085930335051108
GO:0018212	peptidyl-tyrosine modification	1.0	False	0.417724071288825	False	2	0	0.7088620356444125
GO:0141005	transposable element silencing by heterochromatin formation	1.0	False	0.418595035415715	False	2	0	0.7092975177078575
GO:0002182	cytoplasmic translational elongation	1.0	False	0.418612336840196	False	2	0	0.709306168420098
GO:0035337	fatty-acyl-CoA metabolic process	1.0	False	0.418612336840196	False	2	0	0.709306168420098
GO:0010642	negative regulation of platelet-derived growth factor receptor signaling pathway	1.0	False	0.41888590365451	False	2	0	0.709442951827255
GO:0002381	immunoglobulin production involved in immunoglobulin-mediated immune response	1.0	False	0.418935951649804	False	2	0	0.7094679758249021
GO:0021954	central nervous system neuron development	1.0	False	0.418935951649804	False	2	0	0.7094679758249021
GO:0032303	regulation of icosanoid secretion	1.0	False	0.418935951649804	False	2	0	0.7094679758249021
GO:0099625	ventricular cardiac muscle cell membrane repolarization	1.0	False	0.418935951649804	False	2	0	0.7094679758249021
GO:1903573	negative regulation of response to endoplasmic reticulum stress	0.5582071880591637	False	0.860778763168417	False	2	0	0.7094929756137903
GO:0072676	lymphocyte migration	1.0	False	0.419417499691373	False	2	0	0.7097087498456864
GO:0010647	positive regulation of cell communication	1.0	False	0.419623030495476	False	2	0	0.709811515247738
GO:0015919	peroxisomal membrane transport	1.0	False	0.419623030495476	False	2	0	0.709811515247738
GO:0033233	regulation of protein sumoylation	1.0	False	0.419623030495476	False	2	0	0.709811515247738
GO:0043574	peroxisomal transport	1.0	False	0.419623030495476	False	2	0	0.709811515247738
GO:0045879	negative regulation of smoothened signaling pathway	1.0	False	0.419623030495476	False	2	0	0.709811515247738
GO:0060633	negative regulation of transcription initiation by RNA polymerase II	1.0	False	0.419888679113967	False	2	0	0.7099443395569836
GO:2000143	negative regulation of DNA-templated transcription initiation	1.0	False	0.419888679113967	False	2	0	0.7099443395569836
GO:0009968	negative regulation of signal transduction	1.0	False	0.420089181522852	False	2	0	0.710044590761426
GO:0044804	nucleophagy	1.0	False	0.420089181522852	False	2	0	0.710044590761426
GO:0071359	cellular response to dsRNA	1.0	False	0.420089181522852	False	2	0	0.710044590761426
GO:0072666	establishment of protein localization to vacuole	1.0	False	0.420089181522852	False	2	0	0.710044590761426
GO:0097035	regulation of membrane lipid distribution	1.0	False	0.420089181522852	False	2	0	0.710044590761426
GO:1901099	negative regulation of signal transduction in absence of ligand	1.0	False	0.420089181522852	False	2	0	0.710044590761426
GO:1902107	positive regulation of leukocyte differentiation	1.0	False	0.420089181522852	False	2	0	0.710044590761426
GO:1903708	positive regulation of hemopoiesis	1.0	False	0.420089181522852	False	2	0	0.710044590761426
GO:0071474	cellular hyperosmotic response	1.0	False	0.422105582539749	False	2	0	0.7110527912698745
GO:0044380	protein localization to cytoskeleton	1.0	False	0.423497079531546	False	2	0	0.711748539765773
GO:0060323	head morphogenesis	1.0	False	0.423497079531546	False	2	0	0.711748539765773
GO:0002092	positive regulation of receptor internalization	1.0	False	0.42375650568554	False	2	0	0.7118782528427701
GO:0009967	positive regulation of signal transduction	1.0	False	0.423760716885579	False	2	0	0.7118803584427895
GO:0090313	regulation of protein targeting to membrane	1.0	False	0.423760716885579	False	2	0	0.7118803584427895
GO:1903533	regulation of protein targeting	1.0	False	0.423760716885579	False	2	0	0.7118803584427895
GO:0071478	cellular response to radiation	1.0	False	0.424208488837254	False	2	0	0.712104244418627
GO:0060967	negative regulation of gene silencing by regulatory ncRNA	1.0	False	0.424455777066709	False	2	0	0.7122278885333545
GO:0006270	DNA replication initiation	1.0	False	0.4266441757581	False	2	0	0.71332208787905
GO:0022404	molting cycle process	1.0	False	0.4266441757581	False	2	0	0.71332208787905
GO:0022405	hair cycle process	1.0	False	0.4266441757581	False	2	0	0.71332208787905
GO:0120178	steroid hormone biosynthetic process	1.0	False	0.4266441757581	False	2	0	0.71332208787905
GO:1903504	regulation of mitotic spindle checkpoint	1.0	False	0.4266441757581	False	2	0	0.71332208787905
GO:0141212	phospholipase C/protein kinase C signal transduction	1.0	False	0.427018153392825	False	2	0	0.7135090766964125
GO:0016311	dephosphorylation	1.0	False	0.427881976068408	False	2	0	0.713940988034204
GO:0032438	melanosome organization	1.0	False	0.427881976068408	False	2	0	0.713940988034204
GO:0048753	pigment granule organization	1.0	False	0.427881976068408	False	2	0	0.713940988034204
GO:0140507	granzyme-mediated programmed cell death signaling pathway	1.0	False	0.428186814259968	False	2	0	0.714093407129984
GO:0009267	cellular response to starvation	1.0	False	0.428521385266825	False	2	0	0.7142606926334125
GO:0030813	positive regulation of nucleotide catabolic process	1.0	False	0.428521385266825	False	2	0	0.7142606926334125
GO:0033123	positive regulation of purine nucleotide catabolic process	1.0	False	0.428521385266825	False	2	0	0.7142606926334125
GO:0034329	cell junction assembly	1.0	False	0.428521385266825	False	2	0	0.7142606926334125
GO:0045821	positive regulation of glycolytic process	1.0	False	0.428521385266825	False	2	0	0.7142606926334125
GO:1903524	positive regulation of blood circulation	1.0	False	0.428521385266825	False	2	0	0.7142606926334125
GO:0042044	fluid transport	1.0	False	0.429308377939833	False	2	0	0.7146541889699165
GO:0010611	regulation of cardiac muscle hypertrophy	1.0	False	0.429609930854085	False	2	0	0.7148049654270425
GO:0014743	regulation of muscle hypertrophy	1.0	False	0.429609930854085	False	2	0	0.7148049654270425
GO:0045987	positive regulation of smooth muscle contraction	1.0	False	0.430354370171841	False	2	0	0.7151771850859205
GO:0042177	negative regulation of protein catabolic process	0.53150669389577	False	0.89917771725375	False	2	0	0.71534220557476
GO:0051656	establishment of organelle localization	0.6726610113691818	False	0.758404066302082	False	2	0	0.715532538835632
GO:0006750	glutathione biosynthetic process	1.0	False	0.431071303567096	False	2	0	0.715535651783548
GO:0045652	regulation of megakaryocyte differentiation	1.0	False	0.431211726861473	False	2	0	0.7156058634307365
GO:0007051	spindle organization	1.0	False	0.431523724768036	False	2	0	0.7157618623840181
GO:0009299	mRNA transcription	1.0	False	0.432361739025838	False	2	0	0.716180869512919
GO:0046655	folic acid metabolic process	1.0	False	0.432458179365406	False	2	0	0.716229089682703
GO:0009214	cyclic nucleotide catabolic process	1.0	False	0.432994129561365	False	2	0	0.7164970647806825
GO:0016074	sno(s)RNA metabolic process	1.0	False	0.433501845509742	False	2	0	0.716750922754871
GO:0071774	response to fibroblast growth factor	1.0	False	0.433501845509742	False	2	0	0.716750922754871
GO:0140527	reciprocal homologous recombination	1.0	False	0.433671740379299	False	2	0	0.7168358701896496
GO:0002204	somatic recombination of immunoglobulin genes involved in immune response	1.0	False	0.434119685466721	False	2	0	0.7170598427333605
GO:0002208	somatic diversification of immunoglobulins involved in immune response	1.0	False	0.434119685466721	False	2	0	0.7170598427333605
GO:0010224	response to UV-B	1.0	False	0.434119685466721	False	2	0	0.7170598427333605
GO:0045190	isotype switching	1.0	False	0.434119685466721	False	2	0	0.7170598427333605
GO:0048207	vesicle targeting, rough ER to cis-Golgi	1.0	False	0.434119685466721	False	2	0	0.7170598427333605
GO:0006886	intracellular protein transport	0.8123249439198362	False	0.622898186331819	False	2	0	0.7176115651258277
GO:0060392	negative regulation of SMAD protein signal transduction	1.0	False	0.435492656417999	False	2	0	0.7177463282089995
GO:0071470	cellular response to osmotic stress	0.5806952239502567	False	0.855228436764389	False	2	0	0.7179618303573229
GO:0001662	behavioral fear response	1.0	False	0.435932388212998	False	2	0	0.717966194106499
GO:0008406	gonad development	1.0	False	0.435932388212998	False	2	0	0.717966194106499
GO:0010042	response to manganese ion	1.0	False	0.435932388212998	False	2	0	0.717966194106499
GO:0010510	regulation of pyruvate decarboxylation to acetyl-CoA	1.0	False	0.435932388212998	False	2	0	0.717966194106499
GO:0044827	host-mediated perturbation of viral genome replication	1.0	False	0.435932388212998	False	2	0	0.717966194106499
GO:0045738	negative regulation of DNA repair	1.0	False	0.435932388212998	False	2	0	0.717966194106499
GO:0046879	hormone secretion	1.0	False	0.435932388212998	False	2	0	0.717966194106499
GO:0050812	regulation of acyl-CoA biosynthetic process	1.0	False	0.435932388212998	False	2	0	0.717966194106499
GO:0060317	cardiac epithelial to mesenchymal transition	1.0	False	0.435932388212998	False	2	0	0.717966194106499
GO:1902749	regulation of cell cycle G2/M phase transition	1.0	False	0.435932388212998	False	2	0	0.717966194106499
GO:1904950	negative regulation of establishment of protein localization	1.0	False	0.436014687831053	False	2	0	0.7180073439155266
GO:0001682	tRNA 5'-leader removal	1.0	False	0.436031736280166	False	2	0	0.718015868140083
GO:0035710	CD4-positive, alpha-beta T cell activation	1.0	False	0.436245302669632	False	2	0	0.718122651334816
GO:1904951	positive regulation of establishment of protein localization	1.0	False	0.436245302669632	False	2	0	0.718122651334816
GO:1904427	positive regulation of calcium ion transmembrane transport	0.4555950856602255	False	0.980685426008581	False	2	0	0.7181402558344032
GO:0044839	cell cycle G2/M phase transition	1.0	False	0.436535651635942	False	2	0	0.718267825817971
GO:0001754	eye photoreceptor cell differentiation	1.0	False	0.437069571558786	False	2	0	0.718534785779393
GO:1903587	regulation of blood vessel endothelial cell proliferation involved in sprouting angiogenesis	1.0	False	0.437069571558786	False	2	0	0.718534785779393
GO:0044771	meiotic cell cycle phase transition	1.0	False	0.437308884105931	False	2	0	0.7186544420529655
GO:0050806	positive regulation of synaptic transmission	1.0	False	0.437790192012887	False	2	0	0.7188950960064435
GO:0010761	fibroblast migration	0.5009557520984682	False	0.936947977765334	False	2	0	0.7189518649319011
GO:0099159	regulation of modification of postsynaptic structure	1.0	False	0.438608121930117	False	2	0	0.7193040609650585
GO:0010664	negative regulation of striated muscle cell apoptotic process	1.0	False	0.438667125746851	False	2	0	0.7193335628734255
GO:0050651	dermatan sulfate proteoglycan biosynthetic process	1.0	False	0.43886803203936	False	2	0	0.7194340160196799
GO:2000114	regulation of establishment of cell polarity	1.0	False	0.438927004113678	False	2	0	0.719463502056839
GO:0006695	cholesterol biosynthetic process	1.0	False	0.4390073494622	False	2	0	0.7195036747311
GO:0007015	actin filament organization	1.0	False	0.4390073494622	False	2	0	0.7195036747311
GO:1902653	secondary alcohol biosynthetic process	1.0	False	0.4390073494622	False	2	0	0.7195036747311
GO:2000392	regulation of lamellipodium morphogenesis	1.0	False	0.4390073494622	False	2	0	0.7195036747311
GO:0030324	lung development	0.4448414262284209	False	0.994276438556309	False	2	0	0.7195589323923649
GO:0051881	regulation of mitochondrial membrane potential	1.0	False	0.439221476373456	False	2	0	0.719610738186728
GO:0002292	T cell differentiation involved in immune response	1.0	False	0.439373352767824	False	2	0	0.719686676383912
GO:0009309	amine biosynthetic process	1.0	False	0.439373352767824	False	2	0	0.719686676383912
GO:0033157	regulation of intracellular protein transport	1.0	False	0.439373352767824	False	2	0	0.719686676383912
GO:0046637	regulation of alpha-beta T cell differentiation	1.0	False	0.439373352767824	False	2	0	0.719686676383912
GO:2000406	positive regulation of T cell migration	1.0	False	0.439757244197692	False	2	0	0.719878622098846
GO:0051050	positive regulation of transport	1.0	False	0.439852590235719	False	2	0	0.7199262951178595
GO:0160049	negative regulation of cGAS/STING signaling pathway	1.0	False	0.440774776573114	False	2	0	0.720387388286557
GO:0006637	acyl-CoA metabolic process	1.0	False	0.441031317512911	False	2	0	0.7205156587564555
GO:0009124	nucleoside monophosphate biosynthetic process	1.0	False	0.441031317512911	False	2	0	0.7205156587564555
GO:0034112	positive regulation of homotypic cell-cell adhesion	1.0	False	0.441031317512911	False	2	0	0.7205156587564555
GO:0005976	polysaccharide metabolic process	1.0	False	0.44120967307569	False	2	0	0.720604836537845
GO:0048858	cell projection morphogenesis	1.0	False	0.441300493551006	False	2	0	0.7206502467755029
GO:0032387	negative regulation of intracellular transport	1.0	False	0.441699251602812	False	2	0	0.720849625801406
GO:0010038	response to metal ion	1.0	False	0.44171248830649	False	2	0	0.720856244153245
GO:0016559	peroxisome fission	1.0	False	0.44171248830649	False	2	0	0.720856244153245
GO:0014888	striated muscle adaptation	1.0	False	0.442081603763157	False	2	0	0.7210408018815785
GO:0050891	multicellular organismal-level water homeostasis	1.0	False	0.442081603763157	False	2	0	0.7210408018815785
GO:0050795	regulation of behavior	0.5582071880591637	False	0.88394202969143	False	2	0	0.7210746088752968
GO:0043085	positive regulation of catalytic activity	0.5003858685486211	False	0.942475635008459	False	2	0	0.7214307517785401
GO:1902099	regulation of metaphase/anaphase transition of cell cycle	1.0	False	0.442980979747764	False	2	0	0.721490489873882
GO:0045933	positive regulation of muscle contraction	1.0	False	0.443656768509009	False	2	0	0.7218283842545045
GO:0030038	contractile actin filament bundle assembly	1.0	False	0.4443730673871	False	2	0	0.72218653369355
GO:0060997	dendritic spine morphogenesis	1.0	False	0.4443730673871	False	2	0	0.72218653369355
GO:0003008	system process	1.0	False	0.445277015811976	False	2	0	0.722638507905988
GO:0055010	ventricular cardiac muscle tissue morphogenesis	1.0	False	0.446030424054021	False	2	0	0.7230152120270105
GO:0007350	blastoderm segmentation	1.0	False	0.446689559884867	False	2	0	0.7233447799424335
GO:0006029	proteoglycan metabolic process	1.0	False	0.447108047004377	False	2	0	0.7235540235021884
GO:0007595	lactation	1.0	False	0.447108047004377	False	2	0	0.7235540235021884
GO:0045776	negative regulation of blood pressure	1.0	False	0.447108047004377	False	2	0	0.7235540235021884
GO:0070199	establishment of protein localization to chromosome	1.0	False	0.447108047004377	False	2	0	0.7235540235021884
GO:0042574	retinal metabolic process	1.0	False	0.44805964696038	False	2	0	0.72402982348019
GO:0046348	amino sugar catabolic process	1.0	False	0.44805964696038	False	2	0	0.72402982348019
GO:0045022	early endosome to late endosome transport	1.0	False	0.448408386461364	False	2	0	0.724204193230682
GO:0032965	regulation of collagen biosynthetic process	1.0	False	0.449000376602534	False	2	0	0.724500188301267
GO:0030001	metal ion transport	1.0	False	0.449070282448775	False	2	0	0.7245351412243874
GO:0048644	muscle organ morphogenesis	1.0	False	0.449070282448775	False	2	0	0.7245351412243874
GO:0060415	muscle tissue morphogenesis	1.0	False	0.449070282448775	False	2	0	0.7245351412243874
GO:0010592	positive regulation of lamellipodium assembly	1.0	False	0.449336497227312	False	2	0	0.724668248613656
GO:0008643	carbohydrate transport	1.0	False	0.450239746059741	False	2	0	0.7251198730298705
GO:0015844	monoamine transport	1.0	False	0.450239746059741	False	2	0	0.7251198730298705
GO:0009063	amino acid catabolic process	1.0	False	0.450509735401667	False	2	0	0.7252548677008335
GO:0017015	regulation of transforming growth factor beta receptor signaling pathway	1.0	False	0.450509735401667	False	2	0	0.7252548677008335
GO:0043112	receptor metabolic process	1.0	False	0.451306461472227	False	2	0	0.7256532307361135
GO:0150011	regulation of neuron projection arborization	1.0	False	0.451306461472227	False	2	0	0.7256532307361135
GO:0002429	immune response-activating cell surface receptor signaling pathway	1.0	False	0.451363159276306	False	2	0	0.725681579638153
GO:0006244	pyrimidine nucleotide catabolic process	1.0	False	0.451363159276306	False	2	0	0.725681579638153
GO:0009913	epidermal cell differentiation	1.0	False	0.451363159276306	False	2	0	0.725681579638153
GO:0048534	hematopoietic or lymphoid organ development	1.0	False	0.451719702374958	False	2	0	0.725859851187479
GO:0000727	double-strand break repair via break-induced replication	1.0	False	0.453232223544405	False	2	0	0.7266161117722025
GO:0036503	ERAD pathway	0.8394376263315729	False	0.613797173446681	False	2	0	0.726617399889127
GO:0060099	regulation of phagocytosis, engulfment	1.0	False	0.4543770492569	False	2	0	0.72718852462845
GO:1905153	regulation of membrane invagination	1.0	False	0.4543770492569	False	2	0	0.72718852462845
GO:0002377	immunoglobulin production	1.0	False	0.455116257626168	False	2	0	0.727558128813084
GO:0019184	nonribosomal peptide biosynthetic process	1.0	False	0.455259556057688	False	2	0	0.727629778028844
GO:0048791	calcium ion-regulated exocytosis of neurotransmitter	1.0	False	0.455259556057688	False	2	0	0.727629778028844
GO:0042762	regulation of sulfur metabolic process	1.0	False	0.456155144125249	False	2	0	0.7280775720626245
GO:0043403	skeletal muscle tissue regeneration	1.0	False	0.456155144125249	False	2	0	0.7280775720626245
GO:0051930	regulation of sensory perception of pain	1.0	False	0.457276270530452	False	2	0	0.728638135265226
GO:0051931	regulation of sensory perception	1.0	False	0.457276270530452	False	2	0	0.728638135265226
GO:0060213	positive regulation of nuclear-transcribed mRNA poly(A) tail shortening	1.0	False	0.457276270530452	False	2	0	0.728638135265226
GO:1990089	response to nerve growth factor	1.0	False	0.458194089435429	False	2	0	0.7290970447177145
GO:0003014	renal system process	1.0	False	0.458297759078392	False	2	0	0.729148879539196
GO:0009188	ribonucleoside diphosphate biosynthetic process	1.0	False	0.458297759078392	False	2	0	0.729148879539196
GO:0009719	response to endogenous stimulus	1.0	False	0.458297759078392	False	2	0	0.729148879539196
GO:0098935	dendritic transport	1.0	False	0.458297759078392	False	2	0	0.729148879539196
GO:0001892	embryonic placenta development	1.0	False	0.458724685845885	False	2	0	0.7293623429229426
GO:0043648	dicarboxylic acid metabolic process	1.0	False	0.458724685845885	False	2	0	0.7293623429229426
GO:0061462	protein localization to lysosome	1.0	False	0.45911233397145	False	2	0	0.729556166985725
GO:0050885	neuromuscular process controlling balance	1.0	False	0.459311160010235	False	2	0	0.7296555800051174
GO:0007129	homologous chromosome pairing at meiosis	1.0	False	0.459389591910063	False	2	0	0.7296947959550315
GO:2000134	negative regulation of G1/S transition of mitotic cell cycle	1.0	False	0.460137239798512	False	2	0	0.730068619899256
GO:0034350	regulation of glial cell apoptotic process	1.0	False	0.460232616406443	False	2	0	0.7301163082032215
GO:0035672	oligopeptide transmembrane transport	1.0	False	0.460232616406443	False	2	0	0.7301163082032215
GO:0051057	positive regulation of small GTPase mediated signal transduction	1.0	False	0.460232616406443	False	2	0	0.7301163082032215
GO:0032414	positive regulation of ion transmembrane transporter activity	1.0	False	0.460491205977967	False	2	0	0.7302456029889834
GO:0032967	positive regulation of collagen biosynthetic process	1.0	False	0.460922109961767	False	2	0	0.7304610549808835
GO:0042308	negative regulation of protein import into nucleus	1.0	False	0.460922109961767	False	2	0	0.7304610549808835
GO:0042796	snRNA transcription by RNA polymerase III	1.0	False	0.460940186473138	False	2	0	0.730470093236569
GO:0050803	regulation of synapse structure or activity	1.0	False	0.461287624761442	False	2	0	0.7306438123807211
GO:1900038	negative regulation of cellular response to hypoxia	1.0	False	0.461287624761442	False	2	0	0.7306438123807211
GO:0010944	negative regulation of transcription by competitive promoter binding	1.0	False	0.461391349976267	False	2	0	0.7306956749881335
GO:0030174	regulation of DNA-templated DNA replication initiation	1.0	False	0.461391349976267	False	2	0	0.7306956749881335
GO:0051385	response to mineralocorticoid	1.0	False	0.461391349976267	False	2	0	0.7306956749881335
GO:0060045	positive regulation of cardiac muscle cell proliferation	1.0	False	0.461391349976267	False	2	0	0.7306956749881335
GO:0060117	auditory receptor cell development	1.0	False	0.461391349976267	False	2	0	0.7306956749881335
GO:1901799	negative regulation of proteasomal protein catabolic process	1.0	False	0.461391349976267	False	2	0	0.7306956749881335
GO:0006857	oligopeptide transport	1.0	False	0.461441732183558	False	2	0	0.730720866091779
GO:0060119	inner ear receptor cell development	1.0	False	0.461441732183558	False	2	0	0.730720866091779
GO:0032252	secretory granule localization	1.0	False	0.461650046332247	False	2	0	0.7308250231661235
GO:0032253	dense core granule localization	1.0	False	0.461650046332247	False	2	0	0.7308250231661235
GO:0007340	acrosome reaction	1.0	False	0.461815951521788	False	2	0	0.7309079757608941
GO:0034498	early endosome to Golgi transport	1.0	False	0.461815951521788	False	2	0	0.7309079757608941
GO:0099563	modification of synaptic structure	1.0	False	0.461815951521788	False	2	0	0.7309079757608941
GO:0000184	nuclear-transcribed mRNA catabolic process, nonsense-mediated decay	1.0	False	0.461869719748184	False	2	0	0.730934859874092
GO:0045214	sarcomere organization	1.0	False	0.461869719748184	False	2	0	0.730934859874092
GO:0072175	epithelial tube formation	1.0	False	0.462428909447375	False	2	0	0.7312144547236875
GO:0006863	purine nucleobase transport	1.0	False	0.463390708674376	False	2	0	0.731695354337188
GO:0035825	homologous recombination	1.0	False	0.463390708674376	False	2	0	0.731695354337188
GO:0043407	negative regulation of MAP kinase activity	1.0	False	0.463390708674376	False	2	0	0.731695354337188
GO:0061053	somite development	1.0	False	0.463390708674376	False	2	0	0.731695354337188
GO:0042149	cellular response to glucose starvation	0.5504474807082268	False	0.914210836767084	False	2	0	0.7323291587376555
GO:0050994	regulation of lipid catabolic process	1.0	False	0.465221066450099	False	2	0	0.7326105332250494
GO:0141091	transforming growth factor beta receptor superfamily signaling pathway	1.0	False	0.466301617750036	False	2	0	0.733150808875018
GO:0043410	positive regulation of MAPK cascade	0.8072740347599261	False	0.65909415930726	False	2	0	0.733184097033593
GO:0009133	nucleoside diphosphate biosynthetic process	1.0	False	0.466851737719277	False	2	0	0.7334258688596385
GO:0048261	negative regulation of receptor-mediated endocytosis	1.0	False	0.466851737719277	False	2	0	0.7334258688596385
GO:0022011	myelination in peripheral nervous system	1.0	False	0.467263026329673	False	2	0	0.7336315131648365
GO:0032292	peripheral nervous system axon ensheathment	1.0	False	0.467263026329673	False	2	0	0.7336315131648365
GO:0032933	SREBP signaling pathway	1.0	False	0.467263026329673	False	2	0	0.7336315131648365
GO:0071501	cellular response to sterol depletion	1.0	False	0.467263026329673	False	2	0	0.7336315131648365
GO:0033260	nuclear DNA replication	1.0	False	0.467682100717049	False	2	0	0.7338410503585245
GO:0055023	positive regulation of cardiac muscle tissue growth	1.0	False	0.467682100717049	False	2	0	0.7338410503585245
GO:0009151	purine deoxyribonucleotide metabolic process	1.0	False	0.468254544972837	False	2	0	0.7341272724864185
GO:0008038	neuron recognition	1.0	False	0.468511784395476	False	2	0	0.734255892197738
GO:1903514	release of sequestered calcium ion into cytosol by endoplasmic reticulum	1.0	False	0.468511784395476	False	2	0	0.734255892197738
GO:0070059	intrinsic apoptotic signaling pathway in response to endoplasmic reticulum stress	0.6223090890390909	False	0.846662964551135	False	2	0	0.734486026795113
GO:1903579	negative regulation of ATP metabolic process	1.0	False	0.469993200143157	False	2	0	0.7349966000715785
GO:0046474	glycerophospholipid biosynthetic process	0.7108489491884241	False	0.759263530627883	False	2	0	0.7350562399081535
GO:0046949	fatty-acyl-CoA biosynthetic process	1.0	False	0.470548895614793	False	2	0	0.7352744478073965
GO:0002821	positive regulation of adaptive immune response	1.0	False	0.470747642048295	False	2	0	0.7353738210241475
GO:0003015	heart process	1.0	False	0.470747642048295	False	2	0	0.7353738210241475
GO:0010972	negative regulation of G2/M transition of mitotic cell cycle	1.0	False	0.470905984594935	False	2	0	0.7354529922974675
GO:0001881	receptor recycling	1.0	False	0.472083564613797	False	2	0	0.7360417823068985
GO:0007600	sensory perception	1.0	False	0.472083564613797	False	2	0	0.7360417823068985
GO:0038127	ERBB signaling pathway	1.0	False	0.472083564613797	False	2	0	0.7360417823068985
GO:0044837	actomyosin contractile ring organization	1.0	False	0.472083564613797	False	2	0	0.7360417823068985
GO:1903844	regulation of cellular response to transforming growth factor beta stimulus	1.0	False	0.472083564613797	False	2	0	0.7360417823068985
GO:0051294	establishment of spindle orientation	1.0	False	0.472957584402589	False	2	0	0.7364787922012945
GO:0050767	regulation of neurogenesis	1.0	False	0.473152408401414	False	2	0	0.736576204200707
GO:0034976	response to endoplasmic reticulum stress	1.0	False	0.47361430350985	False	2	0	0.7368071517549251
GO:0001953	negative regulation of cell-matrix adhesion	1.0	False	0.474123706257031	False	2	0	0.7370618531285155
GO:0015874	norepinephrine transport	1.0	False	0.474132929064827	False	2	0	0.7370664645324135
GO:0050673	epithelial cell proliferation	1.0	False	0.474132929064827	False	2	0	0.7370664645324135
GO:1905897	regulation of response to endoplasmic reticulum stress	1.0	False	0.474132929064827	False	2	0	0.7370664645324135
GO:0032411	positive regulation of transporter activity	1.0	False	0.47449967012178	False	2	0	0.73724983506089
GO:0021846	cell proliferation in forebrain	1.0	False	0.475656220068439	False	2	0	0.7378281100342194
GO:1903580	positive regulation of ATP metabolic process	1.0	False	0.475659006859688	False	2	0	0.737829503429844
GO:0006493	protein O-linked glycosylation	0.781671511608502	False	0.695007272062469	False	2	0	0.7383393918354855
GO:0009119	ribonucleoside metabolic process	1.0	False	0.477442167153424	False	2	0	0.738721083576712
GO:0006833	water transport	1.0	False	0.477661098317357	False	2	0	0.7388305491586785
GO:0044788	host-mediated perturbation of viral process	1.0	False	0.477784905453284	False	2	0	0.7388924527266421
GO:0060047	heart contraction	1.0	False	0.47785355167841	False	2	0	0.738926775839205
GO:0042440	pigment metabolic process	1.0	False	0.478962263174129	False	2	0	0.7394811315870645
GO:0001522	pseudouridine synthesis	1.0	False	0.479813398490334	False	2	0	0.739906699245167
GO:0046653	tetrahydrofolate metabolic process	1.0	False	0.479827913295776	False	2	0	0.7399139566478881
GO:0061564	axon development	1.0	False	0.479827913295776	False	2	0	0.7399139566478881
GO:0031589	cell-substrate adhesion	1.0	False	0.480392031998951	False	2	0	0.7401960159994755
GO:0051639	actin filament network formation	1.0	False	0.480944145420445	False	2	0	0.7404720727102225
GO:0050768	negative regulation of neurogenesis	0.6714664117964606	False	0.810095975575887	False	2	0	0.7407811936861738
GO:0048639	positive regulation of developmental growth	0.6280448246119995	False	0.854012891595873	False	2	0	0.7410288581039363
GO:0001975	response to amphetamine	1.0	False	0.482152020737245	False	2	0	0.7410760103686225
GO:0003006	developmental process involved in reproduction	1.0	False	0.482152020737245	False	2	0	0.7410760103686225
GO:0010562	positive regulation of phosphorus metabolic process	1.0	False	0.482152020737245	False	2	0	0.7410760103686225
GO:0045937	positive regulation of phosphate metabolic process	1.0	False	0.482152020737245	False	2	0	0.7410760103686225
GO:0099188	postsynaptic cytoskeleton organization	1.0	False	0.482152020737245	False	2	0	0.7410760103686225
GO:0034331	cell junction maintenance	1.0	False	0.482681856294317	False	2	0	0.7413409281471585
GO:0045006	DNA deamination	1.0	False	0.482681856294317	False	2	0	0.7413409281471585
GO:0006307	DNA alkylation repair	1.0	False	0.482751527241679	False	2	0	0.7413757636208396
GO:0042401	biogenic amine biosynthetic process	1.0	False	0.482751527241679	False	2	0	0.7413757636208396
GO:0051960	regulation of nervous system development	1.0	False	0.482751527241679	False	2	0	0.7413757636208396
GO:0042759	long-chain fatty acid biosynthetic process	1.0	False	0.482969439602503	False	2	0	0.7414847198012515
GO:0007613	memory	1.0	False	0.483109219004277	False	2	0	0.7415546095021385
GO:0060538	skeletal muscle organ development	1.0	False	0.483383696181443	False	2	0	0.7416918480907215
GO:0000910	cytokinesis	1.0	False	0.48404909158503	False	2	0	0.742024545792515
GO:0060149	negative regulation of post-transcriptional gene silencing	1.0	False	0.484583785360413	False	2	0	0.7422918926802065
GO:0060965	negative regulation of miRNA-mediated gene silencing	1.0	False	0.484583785360413	False	2	0	0.7422918926802065
GO:1900369	negative regulation of post-transcriptional gene silencing by regulatory ncRNA	1.0	False	0.484583785360413	False	2	0	0.7422918926802065
GO:0016226	iron-sulfur cluster assembly	1.0	False	0.484594406392658	False	2	0	0.742297203196329
GO:0031163	metallo-sulfur cluster assembly	1.0	False	0.484594406392658	False	2	0	0.742297203196329
GO:0071872	cellular response to epinephrine stimulus	1.0	False	0.484740418582165	False	2	0	0.7423702092910824
GO:2000060	positive regulation of ubiquitin-dependent protein catabolic process	1.0	False	0.486351683177457	False	2	0	0.7431758415887285
GO:0098739	import across plasma membrane	0.6835040000179693	False	0.803052185752947	False	2	0	0.7432780928854581
GO:0009410	response to xenobiotic stimulus	0.6423937308030303	False	0.844578866623433	False	2	0	0.7434862987132316
GO:0045954	positive regulation of natural killer cell mediated cytotoxicity	1.0	False	0.488042742064632	False	2	0	0.744021371032316
GO:0034198	cellular response to amino acid starvation	0.5950503485256633	False	0.893294297150251	False	2	0	0.7441723228379571
GO:0043537	negative regulation of blood vessel endothelial cell migration	1.0	False	0.488455222960174	False	2	0	0.744227611480087
GO:0071867	response to monoamine	1.0	False	0.488871782784352	False	2	0	0.744435891392176
GO:0045822	negative regulation of heart contraction	1.0	False	0.489818037983115	False	2	0	0.7449090189915575
GO:0006855	xenobiotic transmembrane transport	1.0	False	0.489834725976574	False	2	0	0.744917362988287
GO:0002244	hematopoietic progenitor cell differentiation	1.0	False	0.49029242243895	False	2	0	0.745146211219475
GO:0008608	attachment of spindle microtubules to kinetochore	0.6156706733977799	False	0.874686789021801	False	2	0	0.7451787312097904
GO:0070837	dehydroascorbic acid transport	1.0	False	0.490360669547413	False	2	0	0.7451803347737065
GO:0016082	synaptic vesicle priming	1.0	False	0.490418661544827	False	2	0	0.7452093307724135
GO:0034391	regulation of smooth muscle cell apoptotic process	1.0	False	0.490849710611066	False	2	0	0.745424855305533
GO:0097066	response to thyroid hormone	1.0	False	0.491682533866041	False	2	0	0.7458412669330206
GO:0050685	positive regulation of mRNA processing	1.0	False	0.491705905423131	False	2	0	0.7458529527115655
GO:0050796	regulation of insulin secretion	0.5580957022423514	False	0.933763416375168	False	2	0	0.7459295593087597
GO:1905144	response to acetylcholine	1.0	False	0.492490296239329	False	2	0	0.7462451481196645
GO:0071375	cellular response to peptide hormone stimulus	0.7874015173983179	False	0.705299471899777	False	2	0	0.7463504946490475
GO:0010881	regulation of cardiac muscle contraction by regulation of the release of sequestered calcium ion	1.0	False	0.492887071306559	False	2	0	0.7464435356532795
GO:0070886	positive regulation of calcineurin-NFAT signaling cascade	1.0	False	0.493139193713281	False	2	0	0.7465695968566405
GO:0106058	positive regulation of calcineurin-mediated signaling	1.0	False	0.493139193713281	False	2	0	0.7465695968566405
GO:0048754	branching morphogenesis of an epithelial tube	1.0	False	0.493781706867339	False	2	0	0.7468908534336696
GO:0071459	protein localization to chromosome, centromeric region	1.0	False	0.493781706867339	False	2	0	0.7468908534336696
GO:0003007	heart morphogenesis	1.0	False	0.493863305010484	False	2	0	0.746931652505242
GO:0061909	autophagosome-lysosome fusion	1.0	False	0.49491452389671	False	2	0	0.747457261948355
GO:0043276	anoikis	1.0	False	0.494948180521058	False	2	0	0.747474090260529
GO:0003299	muscle hypertrophy in response to stress	1.0	False	0.495673013051692	False	2	0	0.747836506525846
GO:0014887	cardiac muscle adaptation	1.0	False	0.495673013051692	False	2	0	0.747836506525846
GO:0014898	cardiac muscle hypertrophy in response to stress	1.0	False	0.495673013051692	False	2	0	0.747836506525846
GO:0042339	keratan sulfate proteoglycan metabolic process	1.0	False	0.495673013051692	False	2	0	0.747836506525846
GO:0048520	positive regulation of behavior	1.0	False	0.495673013051692	False	2	0	0.747836506525846
GO:0099500	vesicle fusion to plasma membrane	1.0	False	0.495673013051692	False	2	0	0.747836506525846
GO:0099587	inorganic ion import across plasma membrane	1.0	False	0.495673013051692	False	2	0	0.747836506525846
GO:2000353	positive regulation of endothelial cell apoptotic process	1.0	False	0.495673013051692	False	2	0	0.747836506525846
GO:0051447	negative regulation of meiotic cell cycle	1.0	False	0.495855604158723	False	2	0	0.7479278020793615
GO:0045616	regulation of keratinocyte differentiation	1.0	False	0.496439595091858	False	2	0	0.748219797545929
GO:0043001	Golgi to plasma membrane protein transport	0.5009557520984682	False	0.995563361567147	False	2	0	0.7482595568328076
GO:0098916	anterograde trans-synaptic signaling	1.0	False	0.4968010586105	False	2	0	0.74840052930525
GO:0006693	prostaglandin metabolic process	1.0	False	0.496943262877551	False	2	0	0.7484716314387755
GO:0032095	regulation of response to food	1.0	False	0.496943262877551	False	2	0	0.7484716314387755
GO:0034080	CENP-A containing chromatin assembly	1.0	False	0.496943262877551	False	2	0	0.7484716314387755
GO:0036336	dendritic cell migration	1.0	False	0.496943262877551	False	2	0	0.7484716314387755
GO:0006644	phospholipid metabolic process	1.0	False	0.49760975918951	False	2	0	0.7488048795947551
GO:0050863	regulation of T cell activation	1.0	False	0.49760975918951	False	2	0	0.7488048795947551
GO:0072001	renal system development	1.0	False	0.49760975918951	False	2	0	0.7488048795947551
GO:1902622	regulation of neutrophil migration	1.0	False	0.49760975918951	False	2	0	0.7488048795947551
GO:0006448	regulation of translational elongation	1.0	False	0.497752217125963	False	2	0	0.7488761085629815
GO:0032366	intracellular sterol transport	1.0	False	0.497752217125963	False	2	0	0.7488761085629815
GO:0043370	regulation of CD4-positive, alpha-beta T cell differentiation	1.0	False	0.497752217125963	False	2	0	0.7488761085629815
GO:1903020	positive regulation of glycoprotein metabolic process	1.0	False	0.497752217125963	False	2	0	0.7488761085629815
GO:0034472	snRNA 3'-end processing	1.0	False	0.49784415729723	False	2	0	0.748922078648615
GO:0043045	epigenetic programming of gene expression	1.0	False	0.49784415729723	False	2	0	0.748922078648615
GO:0044829	host-mediated activation of viral genome replication	1.0	False	0.49784415729723	False	2	0	0.748922078648615
GO:0001578	microtubule bundle formation	0.7762013415941081	False	0.721866482303361	False	2	0	0.7490339119487346
GO:0002091	negative regulation of receptor internalization	1.0	False	0.498540156048796	False	2	0	0.7492700780243979
GO:0001822	kidney development	1.0	False	0.499046636094386	False	2	0	0.749523318047193
GO:0002043	blood vessel endothelial cell proliferation involved in sprouting angiogenesis	1.0	False	0.499046636094386	False	2	0	0.749523318047193
GO:0030072	peptide hormone secretion	1.0	False	0.499046636094386	False	2	0	0.749523318047193
GO:0009219	pyrimidine deoxyribonucleotide metabolic process	1.0	False	0.499410294367931	False	2	0	0.7497051471839655
GO:0071868	cellular response to monoamine stimulus	1.0	False	0.499763994867541	False	2	0	0.7498819974337705
GO:0006677	glycosylceramide metabolic process	1.0	False	0.500320477012362	False	2	0	0.750160238506181
GO:1903421	regulation of synaptic vesicle recycling	1.0	False	0.500320477012362	False	2	0	0.750160238506181
GO:0090068	positive regulation of cell cycle process	1.0	False	0.500647080253244	False	2	0	0.750323540126622
GO:0006104	succinyl-CoA metabolic process	1.0	False	0.500678451952644	False	2	0	0.750339225976322
GO:0032958	inositol phosphate biosynthetic process	1.0	False	0.500922699778969	False	2	0	0.7504613498894845
GO:0007254	JNK cascade	1.0	False	0.501215072978303	False	2	0	0.7506075364891516
GO:0019369	arachidonate metabolic process	1.0	False	0.501215072978303	False	2	0	0.7506075364891516
GO:0032233	positive regulation of actin filament bundle assembly	1.0	False	0.501215072978303	False	2	0	0.7506075364891516
GO:0034390	smooth muscle cell apoptotic process	1.0	False	0.501215072978303	False	2	0	0.7506075364891516
GO:0045579	positive regulation of B cell differentiation	1.0	False	0.501215072978303	False	2	0	0.7506075364891516
GO:2000738	positive regulation of stem cell differentiation	1.0	False	0.501215072978303	False	2	0	0.7506075364891516
GO:0023057	negative regulation of signaling	1.0	False	0.50136324079742	False	2	0	0.75068162039871
GO:0007093	mitotic cell cycle checkpoint signaling	1.0	False	0.501370061459397	False	2	0	0.7506850307296985
GO:0071166	ribonucleoprotein complex localization	1.0	False	0.501370061459397	False	2	0	0.7506850307296985
GO:0170039	proteinogenic amino acid metabolic process	1.0	False	0.501805477811158	False	2	0	0.750902738905579
GO:0007030	Golgi organization	0.8981507752166475	False	0.604369960888511	False	2	0	0.7512603680525793
GO:0002228	natural killer cell mediated immunity	1.0	False	0.503491100720978	False	2	0	0.7517455503604891
GO:0061795	Golgi lumen acidification	1.0	False	0.503583590578094	False	2	0	0.7517917952890469
GO:1902065	response to L-glutamate	1.0	False	0.503583590578094	False	2	0	0.7517917952890469
GO:0061037	negative regulation of cartilage development	1.0	False	0.503795105685244	False	2	0	0.7518975528426219
GO:0071711	basement membrane organization	1.0	False	0.504947664179584	False	2	0	0.752473832089792
GO:0007167	enzyme-linked receptor protein signaling pathway	1.0	False	0.505325210374068	False	2	0	0.752662605187034
GO:0018345	protein palmitoylation	1.0	False	0.505325210374068	False	2	0	0.752662605187034
GO:0030010	establishment of cell polarity	1.0	False	0.505325210374068	False	2	0	0.752662605187034
GO:0033235	positive regulation of protein sumoylation	1.0	False	0.505325210374068	False	2	0	0.752662605187034
GO:0043069	negative regulation of programmed cell death	1.0	False	0.505325210374068	False	2	0	0.752662605187034
GO:0060100	positive regulation of phagocytosis, engulfment	1.0	False	0.505325210374068	False	2	0	0.752662605187034
GO:1905155	positive regulation of membrane invagination	1.0	False	0.505325210374068	False	2	0	0.752662605187034
GO:0035725	sodium ion transmembrane transport	0.8786506262302926	False	0.62683629358118	False	2	0	0.7527434599057363
GO:1901379	regulation of potassium ion transmembrane transport	1.0	False	0.505803605291763	False	2	0	0.7529018026458816
GO:0006678	glucosylceramide metabolic process	1.0	False	0.505942468302339	False	2	0	0.7529712341511695
GO:0140053	mitochondrial gene expression	1.0	False	0.50616616596327	False	2	0	0.7530830829816351
GO:0098927	vesicle-mediated transport between endosomal compartments	1.0	False	0.506880875210518	False	2	0	0.753440437605259
GO:0099072	regulation of postsynaptic membrane neurotransmitter receptor levels	1.0	False	0.506945074063995	False	2	0	0.7534725370319975
GO:0046321	positive regulation of fatty acid oxidation	1.0	False	0.507439178752632	False	2	0	0.753719589376316
GO:0003300	cardiac muscle hypertrophy	1.0	False	0.507454143939084	False	2	0	0.7537270719695419
GO:0014897	striated muscle hypertrophy	1.0	False	0.507454143939084	False	2	0	0.7537270719695419
GO:0010469	regulation of signaling receptor activity	1.0	False	0.507570383432209	False	2	0	0.7537851917161045
GO:0042558	pteridine-containing compound metabolic process	1.0	False	0.508413194576031	False	2	0	0.7542065972880154
GO:0141198	protein branched polyubiquitination	1.0	False	0.508413194576031	False	2	0	0.7542065972880154
GO:0072348	sulfur compound transport	0.587935018644641	False	0.920538147205881	False	2	0	0.7542365829252611
GO:0032869	cellular response to insulin stimulus	0.6087737933397597	False	0.900000655365753	False	2	0	0.7543872243527563
GO:0019722	calcium-mediated signaling	0.529383190288675	False	0.980158798742963	False	2	0	0.754770994515819
GO:0072531	pyrimidine-containing compound transmembrane transport	1.0	False	0.510075320285986	False	2	0	0.755037660142993
GO:0002713	negative regulation of B cell mediated immunity	1.0	False	0.510579570299616	False	2	0	0.7552897851498079
GO:0090306	meiotic spindle assembly	1.0	False	0.510579570299616	False	2	0	0.7552897851498079
GO:0051966	regulation of synaptic transmission, glutamatergic	1.0	False	0.510874051742066	False	2	0	0.755437025871033
GO:1901605	alpha-amino acid metabolic process	1.0	False	0.51096361453898	False	2	0	0.75548180726949
GO:0043117	positive regulation of vascular permeability	1.0	False	0.511034467794431	False	2	0	0.7555172338972155
GO:0035723	interleukin-15-mediated signaling pathway	1.0	False	0.511699251770061	False	2	0	0.7558496258850305
GO:0070672	response to interleukin-15	1.0	False	0.511699251770061	False	2	0	0.7558496258850305
GO:0071350	cellular response to interleukin-15	1.0	False	0.511699251770061	False	2	0	0.7558496258850305
GO:0032634	interleukin-5 production	1.0	False	0.511704200203397	False	2	0	0.7558521001016985
GO:0043267	negative regulation of potassium ion transport	1.0	False	0.511830416688113	False	2	0	0.7559152083440566
GO:0002714	positive regulation of B cell mediated immunity	1.0	False	0.513000782813137	False	2	0	0.7565003914065684
GO:0002891	positive regulation of immunoglobulin mediated immune response	1.0	False	0.513000782813137	False	2	0	0.7565003914065684
GO:1904063	negative regulation of cation transmembrane transport	0.5582071880591637	False	0.955621486451996	False	2	0	0.7569143372555798
GO:0045472	response to ether	1.0	False	0.514332472984035	False	2	0	0.7571662364920175
GO:0005513	detection of calcium ion	1.0	False	0.514868488902184	False	2	0	0.757434244451092
GO:0044409	symbiont entry into host	1.0	False	0.514868488902184	False	2	0	0.757434244451092
GO:0071636	positive regulation of transforming growth factor beta production	1.0	False	0.514991613193638	False	2	0	0.7574958065968189
GO:0099536	synaptic signaling	1.0	False	0.514991613193638	False	2	0	0.7574958065968189
GO:0071901	negative regulation of protein serine/threonine kinase activity	1.0	False	0.515599833057131	False	2	0	0.7577999165285655
GO:0098868	bone growth	1.0	False	0.515599833057131	False	2	0	0.7577999165285655
GO:0015813	L-glutamate transmembrane transport	1.0	False	0.516263763955475	False	2	0	0.7581318819777375
GO:0001973	G protein-coupled adenosine receptor signaling pathway	1.0	False	0.516285703546169	False	2	0	0.7581428517730845
GO:0035588	G protein-coupled purinergic receptor signaling pathway	1.0	False	0.516285703546169	False	2	0	0.7581428517730845
GO:0097305	response to alcohol	1.0	False	0.516285703546169	False	2	0	0.7581428517730845
GO:0001666	response to hypoxia	0.8233564830909352	False	0.693362923719127	False	2	0	0.7583597034050311
GO:0034204	lipid translocation	1.0	False	0.516906992811431	False	2	0	0.7584534964057155
GO:0002011	morphogenesis of an epithelial sheet	1.0	False	0.517100461202041	False	2	0	0.7585502306010206
GO:0060421	positive regulation of heart growth	1.0	False	0.518063421410977	False	2	0	0.7590317107054885
GO:1902808	positive regulation of cell cycle G1/S phase transition	1.0	False	0.519033082229231	False	2	0	0.7595165411146154
GO:0042104	positive regulation of activated T cell proliferation	1.0	False	0.51933220080551	False	2	0	0.759666100402755
GO:0044042	glucan metabolic process	1.0	False	0.519712445059659	False	2	0	0.7598562225298295
GO:0035332	positive regulation of hippo signaling	1.0	False	0.519735389072687	False	2	0	0.7598676945363435
GO:0050848	regulation of calcium-mediated signaling	0.5414300686928513	False	0.978953630511603	False	2	0	0.7601918496022271
GO:0007617	mating behavior	1.0	False	0.520579956186227	False	2	0	0.7602899780931135
GO:0034058	endosomal vesicle fusion	1.0	False	0.520718717060542	False	2	0	0.760359358530271
GO:0032480	negative regulation of type I interferon production	0.5582071880591637	False	0.962692079899664	False	2	0	0.7604496339794138
GO:0001894	tissue homeostasis	0.824371213894173	False	0.696870304584482	False	2	0	0.7606207592393275
GO:1902475	L-alpha-amino acid transmembrane transport	0.5733287970016249	False	0.948117071832906	False	2	0	0.7607229344172655
GO:0046486	glycerolipid metabolic process	1.0	False	0.521529823784268	False	2	0	0.760764911892134
GO:0072329	monocarboxylic acid catabolic process	1.0	False	0.521787962783154	False	2	0	0.7608939813915769
GO:1990868	response to chemokine	1.0	False	0.521787962783154	False	2	0	0.7608939813915769
GO:1990869	cellular response to chemokine	1.0	False	0.521787962783154	False	2	0	0.7608939813915769
GO:0060416	response to growth hormone	1.0	False	0.521807692037177	False	2	0	0.7609038460185885
GO:1905898	positive regulation of response to endoplasmic reticulum stress	1.0	False	0.522456226678832	False	2	0	0.761228113339416
GO:0031998	regulation of fatty acid beta-oxidation	1.0	False	0.522795924020198	False	2	0	0.761397962010099
GO:0033145	positive regulation of intracellular steroid hormone receptor signaling pathway	1.0	False	0.522795924020198	False	2	0	0.761397962010099
GO:0034349	glial cell apoptotic process	1.0	False	0.522795924020198	False	2	0	0.761397962010099
GO:0045842	positive regulation of mitotic metaphase/anaphase transition	1.0	False	0.522795924020198	False	2	0	0.761397962010099
GO:1902101	positive regulation of metaphase/anaphase transition of cell cycle	1.0	False	0.522795924020198	False	2	0	0.761397962010099
GO:0002705	positive regulation of leukocyte mediated immunity	1.0	False	0.522965366475384	False	2	0	0.761482683237692
GO:1902531	regulation of intracellular signal transduction	1.0	False	0.522965366475384	False	2	0	0.761482683237692
GO:0006904	vesicle docking involved in exocytosis	1.0	False	0.523374316897267	False	2	0	0.7616871584486336
GO:0010389	regulation of G2/M transition of mitotic cell cycle	1.0	False	0.523374316897267	False	2	0	0.7616871584486336
GO:0045940	positive regulation of steroid metabolic process	1.0	False	0.523374316897267	False	2	0	0.7616871584486336
GO:0060074	synapse maturation	1.0	False	0.523374316897267	False	2	0	0.7616871584486336
GO:0071028	nuclear mRNA surveillance	1.0	False	0.523374316897267	False	2	0	0.7616871584486336
GO:0140115	export across plasma membrane	1.0	False	0.523374316897267	False	2	0	0.7616871584486336
GO:0031113	regulation of microtubule polymerization	1.0	False	0.523676531202084	False	2	0	0.7618382656010421
GO:0047484	regulation of response to osmotic stress	1.0	False	0.524592192341981	False	2	0	0.7622960961709905
GO:0050708	regulation of protein secretion	1.0	False	0.524592192341981	False	2	0	0.7622960961709905
GO:2000179	positive regulation of neural precursor cell proliferation	1.0	False	0.524592192341981	False	2	0	0.7622960961709905
GO:0006892	post-Golgi vesicle-mediated transport	1.0	False	0.524701467163377	False	2	0	0.7623507335816885
GO:0008090	retrograde axonal transport	1.0	False	0.524701467163377	False	2	0	0.7623507335816885
GO:0032096	negative regulation of response to food	1.0	False	0.524701467163377	False	2	0	0.7623507335816885
GO:0032099	negative regulation of appetite	1.0	False	0.524701467163377	False	2	0	0.7623507335816885
GO:0032108	negative regulation of response to nutrient levels	1.0	False	0.524701467163377	False	2	0	0.7623507335816885
GO:0050655	dermatan sulfate proteoglycan metabolic process	1.0	False	0.524701467163377	False	2	0	0.7623507335816885
GO:0050730	regulation of peptidyl-tyrosine phosphorylation	1.0	False	0.524701467163377	False	2	0	0.7623507335816885
GO:0006929	substrate-dependent cell migration	1.0	False	0.525245868630662	False	2	0	0.762622934315331
GO:0099172	presynapse organization	1.0	False	0.525245868630662	False	2	0	0.762622934315331
GO:0046907	intracellular transport	0.8229975024820321	False	0.702934263895162	False	2	0	0.762965883188597
GO:0042596	fear response	1.0	False	0.526196596048799	False	2	0	0.7630982980243994
GO:0098751	bone cell development	1.0	False	0.526196596048799	False	2	0	0.7630982980243994
GO:0000394	RNA splicing, via endonucleolytic cleavage and ligation	1.0	False	0.526243466989462	False	2	0	0.763121733494731
GO:1904893	negative regulation of receptor signaling pathway via STAT	1.0	False	0.526243466989462	False	2	0	0.763121733494731
GO:1903672	positive regulation of sprouting angiogenesis	1.0	False	0.526300923853176	False	2	0	0.763150461926588
GO:0002088	lens development in camera-type eye	1.0	False	0.526359168245117	False	2	0	0.7631795841225585
GO:0043500	muscle adaptation	0.7092215499885406	False	0.817353505949374	False	2	0	0.7632875279689573
GO:0051225	spindle assembly	1.0	False	0.5270800584228	False	2	0	0.7635400292114001
GO:0006760	folic acid-containing compound metabolic process	1.0	False	0.527144338099186	False	2	0	0.763572169049593
GO:0001763	morphogenesis of a branching structure	1.0	False	0.527853807515128	False	2	0	0.763926903757564
GO:0002209	behavioral defense response	1.0	False	0.527853807515128	False	2	0	0.763926903757564
GO:0002643	regulation of tolerance induction	1.0	False	0.527853807515128	False	2	0	0.763926903757564
GO:0043567	regulation of insulin-like growth factor receptor signaling pathway	1.0	False	0.527853807515128	False	2	0	0.763926903757564
GO:0045191	regulation of isotype switching	1.0	False	0.527853807515128	False	2	0	0.763926903757564
GO:0051646	mitochondrion localization	1.0	False	0.527853807515128	False	2	0	0.763926903757564
GO:0061709	reticulophagy	1.0	False	0.527853807515128	False	2	0	0.763926903757564
GO:1902412	regulation of mitotic cytokinesis	1.0	False	0.527853807515128	False	2	0	0.763926903757564
GO:2000725	regulation of cardiac muscle cell differentiation	1.0	False	0.527853807515128	False	2	0	0.763926903757564
GO:0006415	translational termination	1.0	False	0.527943159015004	False	2	0	0.7639715795075019
GO:2000197	regulation of ribonucleoprotein complex localization	1.0	False	0.529080647276077	False	2	0	0.7645403236380385
GO:0001704	formation of primary germ layer	1.0	False	0.529670699596705	False	2	0	0.7648353497983524
GO:1902036	regulation of hematopoietic stem cell differentiation	1.0	False	0.529750035375263	False	2	0	0.7648750176876316
GO:0006901	vesicle coating	1.0	False	0.529809196857153	False	2	0	0.7649045984285765
GO:0006940	regulation of smooth muscle contraction	1.0	False	0.529941262004543	False	2	0	0.7649706310022715
GO:0044272	sulfur compound biosynthetic process	1.0	False	0.529941262004543	False	2	0	0.7649706310022715
GO:0045540	regulation of cholesterol biosynthetic process	1.0	False	0.529941262004543	False	2	0	0.7649706310022715
GO:0050650	chondroitin sulfate proteoglycan biosynthetic process	1.0	False	0.529941262004543	False	2	0	0.7649706310022715
GO:0106118	regulation of sterol biosynthetic process	1.0	False	0.529941262004543	False	2	0	0.7649706310022715
GO:0065009	regulation of molecular function	1.0	False	0.530660413937813	False	2	0	0.7653302069689065
GO:0038084	vascular endothelial growth factor signaling pathway	1.0	False	0.531241609222634	False	2	0	0.765620804611317
GO:0010763	positive regulation of fibroblast migration	1.0	False	0.531325834801231	False	2	0	0.7656629174006155
GO:0010996	response to auditory stimulus	1.0	False	0.531325834801231	False	2	0	0.7656629174006155
GO:0048588	developmental cell growth	1.0	False	0.531325834801231	False	2	0	0.7656629174006155
GO:0061511	centriole elongation	1.0	False	0.531325834801231	False	2	0	0.7656629174006155
GO:0106049	regulation of cellular response to osmotic stress	1.0	False	0.531325834801231	False	2	0	0.7656629174006155
GO:0001912	positive regulation of leukocyte mediated cytotoxicity	1.0	False	0.53232353822093	False	2	0	0.766161769110465
GO:0006971	hypotonic response	1.0	False	0.532953750528063	False	2	0	0.7664768752640315
GO:0006620	post-translational protein targeting to endoplasmic reticulum membrane	1.0	False	0.53331633897792	False	2	0	0.76665816948896
GO:0034394	protein localization to cell surface	0.587935018644641	False	0.945819502351558	False	2	0	0.7668772604980996
GO:0007606	sensory perception of chemical stimulus	1.0	False	0.534002456131821	False	2	0	0.7670012280659104
GO:0014812	muscle cell migration	1.0	False	0.534613714274894	False	2	0	0.7673068571374471
GO:0019228	neuronal action potential	1.0	False	0.534613714274894	False	2	0	0.7673068571374471
GO:0048638	regulation of developmental growth	1.0	False	0.534613714274894	False	2	0	0.7673068571374471
GO:0042303	molting cycle	1.0	False	0.535309450110432	False	2	0	0.7676547250552159
GO:0042633	hair cycle	1.0	False	0.535309450110432	False	2	0	0.7676547250552159
GO:2000644	regulation of receptor catabolic process	1.0	False	0.535686866864589	False	2	0	0.7678434334322946
GO:0003009	skeletal muscle contraction	1.0	False	0.536801698210221	False	2	0	0.7684008491051104
GO:0021782	glial cell development	1.0	False	0.536801698210221	False	2	0	0.7684008491051104
GO:1900273	positive regulation of long-term synaptic potentiation	1.0	False	0.536801698210221	False	2	0	0.7684008491051104
GO:2001251	negative regulation of chromosome organization	1.0	False	0.536801698210221	False	2	0	0.7684008491051104
GO:1901679	nucleotide transmembrane transport	1.0	False	0.53684730245111	False	2	0	0.768423651225555
GO:0048806	genitalia development	1.0	False	0.537293905837199	False	2	0	0.7686469529185995
GO:0045342	MHC class II biosynthetic process	1.0	False	0.538231504023856	False	2	0	0.769115752011928
GO:2000403	positive regulation of lymphocyte migration	1.0	False	0.538231504023856	False	2	0	0.769115752011928
GO:0035295	tube development	1.0	False	0.538319062639871	False	2	0	0.7691595313199355
GO:0043518	negative regulation of DNA damage response, signal transduction by p53 class mediator	1.0	False	0.539432824436426	False	2	0	0.769716412218213
GO:0070571	negative regulation of neuron projection regeneration	1.0	False	0.539707385354774	False	2	0	0.769853692677387
GO:0008652	amino acid biosynthetic process	0.6089160995547745	False	0.931227448556767	False	2	0	0.7700717740557708
GO:0048799	animal organ maturation	1.0	False	0.540251880458453	False	2	0	0.7701259402292264
GO:0070977	bone maturation	1.0	False	0.540251880458453	False	2	0	0.7701259402292264
GO:0010968	regulation of microtubule nucleation	1.0	False	0.540326223234065	False	2	0	0.7701631116170324
GO:0001756	somitogenesis	1.0	False	0.540851560074493	False	2	0	0.7704257800372465
GO:0099010	modification of postsynaptic structure	1.0	False	0.540851560074493	False	2	0	0.7704257800372465
GO:0006457	protein folding	0.9669129706201368	False	0.574255186763401	False	2	0	0.7705840786917689
GO:0036158	outer dynein arm assembly	1.0	False	0.541356468232032	False	2	0	0.770678234116016
GO:0009582	detection of abiotic stimulus	1.0	False	0.541911515792849	False	2	0	0.7709557578964246
GO:0051785	positive regulation of nuclear division	1.0	False	0.542355240597066	False	2	0	0.771177620298533
GO:0034440	lipid oxidation	1.0	False	0.542420013192459	False	2	0	0.7712100065962295
GO:0098732	macromolecule deacylation	1.0	False	0.542420013192459	False	2	0	0.7712100065962295
GO:0035904	aorta development	1.0	False	0.542597224915229	False	2	0	0.7712986124576144
GO:1903978	regulation of microglial cell activation	1.0	False	0.542597224915229	False	2	0	0.7712986124576144
GO:0009126	purine nucleoside monophosphate metabolic process	1.0	False	0.543059304397081	False	2	0	0.7715296521985405
GO:0010976	positive regulation of neuron projection development	0.8628301550964583	False	0.680373421429683	False	2	0	0.7716017882630707
GO:0001569	branching involved in blood vessel morphogenesis	1.0	False	0.543774606689328	False	2	0	0.771887303344664
GO:0023051	regulation of signaling	1.0	False	0.543774606689328	False	2	0	0.771887303344664
GO:0006469	negative regulation of protein kinase activity	0.635245367488996	False	0.908562101422322	False	2	0	0.771903734455659
GO:0007611	learning or memory	1.0	False	0.543972407628155	False	2	0	0.7719862038140775
GO:0030220	platelet formation	1.0	False	0.543972407628155	False	2	0	0.7719862038140775
GO:0032008	positive regulation of TOR signaling	1.0	False	0.543972407628155	False	2	0	0.7719862038140775
GO:0033135	regulation of peptidyl-serine phosphorylation	1.0	False	0.543972407628155	False	2	0	0.7719862038140775
GO:0034219	carbohydrate transmembrane transport	1.0	False	0.543972407628155	False	2	0	0.7719862038140775
GO:0046579	positive regulation of Ras protein signal transduction	1.0	False	0.543972407628155	False	2	0	0.7719862038140775
GO:0051053	negative regulation of DNA metabolic process	1.0	False	0.543972407628155	False	2	0	0.7719862038140775
GO:1904181	positive regulation of membrane depolarization	1.0	False	0.543972407628155	False	2	0	0.7719862038140775
GO:0015812	gamma-aminobutyric acid transport	1.0	False	0.545711782809785	False	2	0	0.7728558914048925
GO:0006784	heme A biosynthetic process	1.0	False	0.546027103521332	False	2	0	0.773013551760666
GO:0048609	multicellular organismal reproductive process	1.0	False	0.546709996351651	False	2	0	0.7733549981758254
GO:0071482	cellular response to light stimulus	1.0	False	0.546795483645498	False	2	0	0.773397741822749
GO:0071824	protein-DNA complex organization	1.0	False	0.547580342897813	False	2	0	0.7737901714489065
GO:0045184	establishment of protein localization	1.0	False	0.547820164972875	False	2	0	0.7739100824864376
GO:0031958	nuclear receptor-mediated corticosteroid signaling pathway	1.0	False	0.547900977874708	False	2	0	0.7739504889373541
GO:0035646	endosome to melanosome transport	1.0	False	0.548372734998141	False	2	0	0.7741863674990705
GO:0043485	endosome to pigment granule transport	1.0	False	0.548372734998141	False	2	0	0.7741863674990705
GO:0048757	pigment granule maturation	1.0	False	0.548372734998141	False	2	0	0.7741863674990705
GO:0045684	positive regulation of epidermis development	1.0	False	0.548944602050909	False	2	0	0.7744723010254545
GO:0046049	UMP metabolic process	1.0	False	0.548944602050909	False	2	0	0.7744723010254545
GO:0032736	positive regulation of interleukin-13 production	1.0	False	0.549228303185857	False	2	0	0.7746141515929286
GO:0010975	regulation of neuron projection development	0.6731378644912462	False	0.876110147616613	False	2	0	0.7746240060539296
GO:0001885	endothelial cell development	1.0	False	0.549444781501531	False	2	0	0.7747223907507654
GO:0008361	regulation of cell size	1.0	False	0.549444781501531	False	2	0	0.7747223907507654
GO:0043303	mast cell degranulation	1.0	False	0.549444781501531	False	2	0	0.7747223907507654
GO:2000001	regulation of DNA damage checkpoint	1.0	False	0.549444781501531	False	2	0	0.7747223907507654
GO:0044786	cell cycle DNA replication	1.0	False	0.549606813408736	False	2	0	0.774803406704368
GO:0110053	regulation of actin filament organization	1.0	False	0.549623955234045	False	2	0	0.7748119776170225
GO:1901661	quinone metabolic process	1.0	False	0.549623955234045	False	2	0	0.7748119776170225
GO:0032025	response to cobalt ion	1.0	False	0.549674517062876	False	2	0	0.774837258531438
GO:0010648	negative regulation of cell communication	1.0	False	0.549768374229084	False	2	0	0.774884187114542
GO:0009167	purine ribonucleoside monophosphate metabolic process	1.0	False	0.550746195530896	False	2	0	0.775373097765448
GO:0010646	regulation of cell communication	1.0	False	0.550905401018627	False	2	0	0.7754527005093135
GO:0002279	mast cell activation involved in immune response	1.0	False	0.551095550389191	False	2	0	0.7755477751945955
GO:0031175	neuron projection development	1.0	False	0.551095550389191	False	2	0	0.7755477751945955
GO:0051962	positive regulation of nervous system development	1.0	False	0.551095550389191	False	2	0	0.7755477751945955
GO:1901381	positive regulation of potassium ion transmembrane transport	1.0	False	0.551095550389191	False	2	0	0.7755477751945955
GO:0031214	biomineral tissue development	1.0	False	0.551913735553587	False	2	0	0.7759568677767935
GO:0033059	cellular pigmentation	1.0	False	0.552570080772082	False	2	0	0.7762850403860411
GO:0016202	regulation of striated muscle tissue development	1.0	False	0.552913561026912	False	2	0	0.776456780513456
GO:0019748	secondary metabolic process	1.0	False	0.552913561026912	False	2	0	0.776456780513456
GO:0032527	protein exit from endoplasmic reticulum	1.0	False	0.552913561026912	False	2	0	0.776456780513456
GO:0034392	negative regulation of smooth muscle cell apoptotic process	1.0	False	0.552913561026912	False	2	0	0.776456780513456
GO:0042129	regulation of T cell proliferation	1.0	False	0.552913561026912	False	2	0	0.776456780513456
GO:0086005	ventricular cardiac muscle cell action potential	1.0	False	0.552913561026912	False	2	0	0.776456780513456
GO:1901861	regulation of muscle tissue development	1.0	False	0.552913561026912	False	2	0	0.776456780513456
GO:1902902	negative regulation of autophagosome assembly	1.0	False	0.552913561026912	False	2	0	0.776456780513456
GO:0030431	sleep	1.0	False	0.553068545265964	False	2	0	0.776534272632982
GO:0090481	pyrimidine nucleotide-sugar transmembrane transport	1.0	False	0.553101384003776	False	2	0	0.776550692001888
GO:0036296	response to increased oxygen levels	1.0	False	0.553392710339767	False	2	0	0.7766963551698836
GO:0030516	regulation of axon extension	1.0	False	0.553584882290037	False	2	0	0.7767924411450184
GO:0014044	Schwann cell development	1.0	False	0.553738112470436	False	2	0	0.7768690562352181
GO:0018193	peptidyl-amino acid modification	1.0	False	0.553738112470436	False	2	0	0.7768690562352181
GO:0010977	negative regulation of neuron projection development	1.0	False	0.55379048904265	False	2	0	0.7768952445213251
GO:0061614	miRNA transcription	1.0	False	0.553892592266351	False	2	0	0.7769462961331755
GO:0000086	G2/M transition of mitotic cell cycle	1.0	False	0.554150927296314	False	2	0	0.7770754636481569
GO:1990166	protein localization to site of double-strand break	1.0	False	0.554198613396008	False	2	0	0.777099306698004
GO:0045103	intermediate filament-based process	1.0	False	0.554465824259335	False	2	0	0.7772329121296675
GO:0045104	intermediate filament cytoskeleton organization	1.0	False	0.554465824259335	False	2	0	0.7772329121296675
GO:0043114	regulation of vascular permeability	1.0	False	0.555683771800187	False	2	0	0.7778418859000935
GO:0035914	skeletal muscle cell differentiation	1.0	False	0.555726451762903	False	2	0	0.7778632258814515
GO:0050850	positive regulation of calcium-mediated signaling	1.0	False	0.555726451762903	False	2	0	0.7778632258814515
GO:0070424	regulation of nucleotide-binding domain, leucine rich repeat containing receptor signaling pathway	1.0	False	0.555726451762903	False	2	0	0.7778632258814515
GO:0031125	rRNA 3'-end processing	1.0	False	0.555869672608346	False	2	0	0.7779348363041729
GO:0046068	cGMP metabolic process	1.0	False	0.556388329999399	False	2	0	0.7781941649996995
GO:0048208	COPII vesicle coating	1.0	False	0.556761524380938	False	2	0	0.778380762190469
GO:0051495	positive regulation of cytoskeleton organization	1.0	False	0.556761524380938	False	2	0	0.778380762190469
GO:0141137	positive regulation of gene expression, epigenetic	1.0	False	0.556761524380938	False	2	0	0.778380762190469
GO:0030513	positive regulation of BMP signaling pathway	1.0	False	0.557205162760852	False	2	0	0.778602581380426
GO:0030812	negative regulation of nucleotide catabolic process	1.0	False	0.557205162760852	False	2	0	0.778602581380426
GO:0033122	negative regulation of purine nucleotide catabolic process	1.0	False	0.557205162760852	False	2	0	0.778602581380426
GO:0045820	negative regulation of glycolytic process	1.0	False	0.557205162760852	False	2	0	0.778602581380426
GO:0099537	trans-synaptic signaling	1.0	False	0.558179062145426	False	2	0	0.7790895310727131
GO:0031118	rRNA pseudouridine synthesis	1.0	False	0.558627299488621	False	2	0	0.7793136497443105
GO:1904062	regulation of monoatomic cation transmembrane transport	1.0	False	0.558793234409431	False	2	0	0.7793966172047155
GO:0035148	tube formation	1.0	False	0.558794867207044	False	2	0	0.779397433603522
GO:0006047	UDP-N-acetylglucosamine metabolic process	1.0	False	0.559701857106056	False	2	0	0.779850928553028
GO:0042306	regulation of protein import into nucleus	1.0	False	0.559792048142634	False	2	0	0.779896024071317
GO:0006783	heme biosynthetic process	1.0	False	0.55998298823079	False	2	0	0.7799914941153949
GO:0031396	regulation of protein ubiquitination	1.0	False	0.560084183583878	False	2	0	0.7800420917919391
GO:0048678	response to axon injury	1.0	False	0.560084183583878	False	2	0	0.7800420917919391
GO:0140058	neuron projection arborization	1.0	False	0.560084183583878	False	2	0	0.7800420917919391
GO:0072663	establishment of protein localization to peroxisome	1.0	False	0.560334139530393	False	2	0	0.7801670697651966
GO:0097062	dendritic spine maintenance	1.0	False	0.560334139530393	False	2	0	0.7801670697651966
GO:1900044	regulation of protein K63-linked ubiquitination	1.0	False	0.560565588708424	False	2	0	0.780282794354212
GO:0006903	vesicle targeting	1.0	False	0.56130090424979	False	2	0	0.7806504521248949
GO:0007589	body fluid secretion	1.0	False	0.56130090424979	False	2	0	0.7806504521248949
GO:0015780	nucleotide-sugar transmembrane transport	1.0	False	0.56130090424979	False	2	0	0.7806504521248949
GO:0021537	telencephalon development	1.0	False	0.56130090424979	False	2	0	0.7806504521248949
GO:0070507	regulation of microtubule cytoskeleton organization	1.0	False	0.56130090424979	False	2	0	0.7806504521248949
GO:0071871	response to epinephrine	1.0	False	0.56130090424979	False	2	0	0.7806504521248949
GO:0015851	nucleobase transport	1.0	False	0.562432916396412	False	2	0	0.781216458198206
GO:0045823	positive regulation of heart contraction	1.0	False	0.562432916396412	False	2	0	0.781216458198206
GO:0043457	regulation of cellular respiration	1.0	False	0.562843094688151	False	2	0	0.7814215473440755
GO:0043201	response to L-leucine	1.0	False	0.562920761965929	False	2	0	0.7814603809829646
GO:0002790	peptide secretion	1.0	False	0.56330364686645	False	2	0	0.781651823433225
GO:0050746	regulation of lipoprotein metabolic process	1.0	False	0.563432982173644	False	2	0	0.781716491086822
GO:0031666	positive regulation of lipopolysaccharide-mediated signaling pathway	1.0	False	0.563510962727326	False	2	0	0.781755481363663
GO:0043543	protein acylation	1.0	False	0.563767427715649	False	2	0	0.7818837138578245
GO:0061512	protein localization to cilium	1.0	False	0.56393398977251	False	2	0	0.781966994886255
GO:0006896	Golgi to vacuole transport	1.0	False	0.564443298786918	False	2	0	0.7822216493934591
GO:0045685	regulation of glial cell differentiation	1.0	False	0.565485406548847	False	2	0	0.7827427032744235
GO:0001841	neural tube formation	1.0	False	0.565680857737168	False	2	0	0.782840428868584
GO:0032368	regulation of lipid transport	1.0	False	0.565680857737168	False	2	0	0.782840428868584
GO:0061387	regulation of extent of cell growth	1.0	False	0.566163706865241	False	2	0	0.7830818534326205
GO:0009948	anterior/posterior axis specification	1.0	False	0.566792629781571	False	2	0	0.7833963148907854
GO:0035627	ceramide transport	1.0	False	0.568187561386913	False	2	0	0.7840937806934565
GO:0035269	protein O-linked glycosylation via mannose	1.0	False	0.568415021854866	False	2	0	0.784207510927433
GO:1901201	regulation of extracellular matrix assembly	1.0	False	0.568415021854866	False	2	0	0.784207510927433
GO:0014896	muscle hypertrophy	1.0	False	0.568538914430989	False	2	0	0.7842694572154945
GO:0045117	azole transmembrane transport	1.0	False	0.568538914430989	False	2	0	0.7842694572154945
GO:1901890	positive regulation of cell junction assembly	1.0	False	0.568538914430989	False	2	0	0.7842694572154945
GO:0001782	B cell homeostasis	1.0	False	0.568562365519274	False	2	0	0.784281182759637
GO:0009791	post-embryonic development	1.0	False	0.568562365519274	False	2	0	0.784281182759637
GO:0097707	ferroptosis	1.0	False	0.569186675233566	False	2	0	0.7845933376167831
GO:0044093	positive regulation of molecular function	1.0	False	0.570156907960636	False	2	0	0.785078453980318
GO:0071622	regulation of granulocyte chemotaxis	1.0	False	0.570156907960636	False	2	0	0.785078453980318
GO:0030042	actin filament depolymerization	1.0	False	0.570871573545201	False	2	0	0.7854357867726005
GO:0035357	peroxisome proliferator activated receptor signaling pathway	1.0	False	0.570970100322082	False	2	0	0.785485050161041
GO:0051865	protein autoubiquitination	0.7092215499885406	False	0.863192040884365	False	2	0	0.7862067954364528
GO:1903008	organelle disassembly	0.7288224589590304	False	0.844578866623433	False	2	0	0.7867006627912316
GO:2001014	regulation of skeletal muscle cell differentiation	1.0	False	0.573707697866902	False	2	0	0.786853848933451
GO:0015872	dopamine transport	1.0	False	0.573776884488814	False	2	0	0.786888442244407
GO:0072132	mesenchyme morphogenesis	1.0	False	0.573776884488814	False	2	0	0.786888442244407
GO:1902992	negative regulation of amyloid precursor protein catabolic process	1.0	False	0.573776884488814	False	2	0	0.786888442244407
GO:0007088	regulation of mitotic nuclear division	1.0	False	0.574255186763401	False	2	0	0.7871275933817006
GO:0009581	detection of external stimulus	1.0	False	0.574255186763401	False	2	0	0.7871275933817006
GO:0070129	regulation of mitochondrial translation	1.0	False	0.574255186763401	False	2	0	0.7871275933817006
GO:0034727	piecemeal microautophagy of the nucleus	1.0	False	0.574449203221839	False	2	0	0.7872246016109194
GO:0000212	meiotic spindle organization	1.0	False	0.57539109159819	False	2	0	0.7876955457990951
GO:0007007	inner mitochondrial membrane organization	1.0	False	0.57539109159819	False	2	0	0.7876955457990951
GO:0030201	heparan sulfate proteoglycan metabolic process	1.0	False	0.575564926097623	False	2	0	0.7877824630488115
GO:0043502	regulation of muscle adaptation	1.0	False	0.575986094530161	False	2	0	0.7879930472650805
GO:0006829	zinc ion transport	1.0	False	0.576702566657663	False	2	0	0.7883512833288315
GO:0032261	purine nucleotide salvage	1.0	False	0.576702566657663	False	2	0	0.7883512833288315
GO:0071577	zinc ion transmembrane transport	1.0	False	0.576702566657663	False	2	0	0.7883512833288315
GO:0034614	cellular response to reactive oxygen species	0.6318484708703391	False	0.944980165826123	False	2	0	0.7884143183482311
GO:0010907	positive regulation of glucose metabolic process	1.0	False	0.577780562753294	False	2	0	0.788890281376647
GO:0018126	protein hydroxylation	1.0	False	0.577780562753294	False	2	0	0.788890281376647
GO:1904861	excitatory synapse assembly	1.0	False	0.577780562753294	False	2	0	0.788890281376647
GO:0001765	membrane raft assembly	1.0	False	0.578249659082699	False	2	0	0.7891248295413495
GO:0051716	cellular response to stimulus	1.0	False	0.57830230342703	False	2	0	0.789151151713515
GO:0051783	regulation of nuclear division	1.0	False	0.57830230342703	False	2	0	0.789151151713515
GO:0071902	positive regulation of protein serine/threonine kinase activity	1.0	False	0.57830230342703	False	2	0	0.789151151713515
GO:0098876	vesicle-mediated transport to the plasma membrane	1.0	False	0.57830230342703	False	2	0	0.789151151713515
GO:0000101	sulfur amino acid transport	1.0	False	0.578996823524269	False	2	0	0.7894984117621344
GO:0051645	Golgi localization	1.0	False	0.579264619450009	False	2	0	0.7896323097250044
GO:0001952	regulation of cell-matrix adhesion	1.0	False	0.580100690800035	False	2	0	0.7900503454000175
GO:0010613	positive regulation of cardiac muscle hypertrophy	1.0	False	0.580100690800035	False	2	0	0.7900503454000175
GO:0014742	positive regulation of muscle hypertrophy	1.0	False	0.580100690800035	False	2	0	0.7900503454000175
GO:0018230	peptidyl-L-cysteine S-palmitoylation	1.0	False	0.580100690800035	False	2	0	0.7900503454000175
GO:0018231	peptidyl-S-diacylglycerol-L-cysteine biosynthetic process from peptidyl-cysteine	1.0	False	0.580100690800035	False	2	0	0.7900503454000175
GO:0051591	response to cAMP	1.0	False	0.581458801546352	False	2	0	0.790729400773176
GO:2000463	positive regulation of excitatory postsynaptic potential	1.0	False	0.581458801546352	False	2	0	0.790729400773176
GO:0043473	pigmentation	1.0	False	0.581890920313862	False	2	0	0.790945460156931
GO:0033622	integrin activation	1.0	False	0.58204941609246	False	2	0	0.79102470804623
GO:0048259	regulation of receptor-mediated endocytosis	1.0	False	0.582340085544691	False	2	0	0.7911700427723455
GO:0001775	cell activation	1.0	False	0.582369725948652	False	2	0	0.791184862974326
GO:0046578	regulation of Ras protein signal transduction	1.0	False	0.582436729312721	False	2	0	0.7912183646563604
GO:0006048	UDP-N-acetylglucosamine biosynthetic process	1.0	False	0.582681128552508	False	2	0	0.791340564276254
GO:0005977	glycogen metabolic process	1.0	False	0.582842331341283	False	2	0	0.7914211656706416
GO:0006221	pyrimidine nucleotide biosynthetic process	1.0	False	0.582842331341283	False	2	0	0.7914211656706416
GO:0018107	peptidyl-threonine phosphorylation	1.0	False	0.582842331341283	False	2	0	0.7914211656706416
GO:0018210	peptidyl-threonine modification	1.0	False	0.582842331341283	False	2	0	0.7914211656706416
GO:0032273	positive regulation of protein polymerization	1.0	False	0.582842331341283	False	2	0	0.7914211656706416
GO:0032350	regulation of hormone metabolic process	1.0	False	0.582842331341283	False	2	0	0.7914211656706416
GO:0032700	negative regulation of interleukin-17 production	1.0	False	0.582842331341283	False	2	0	0.7914211656706416
GO:0035278	miRNA-mediated gene silencing by inhibition of translation	1.0	False	0.582842331341283	False	2	0	0.7914211656706416
GO:0035330	regulation of hippo signaling	1.0	False	0.582842331341283	False	2	0	0.7914211656706416
GO:0035902	response to immobilization stress	1.0	False	0.582842331341283	False	2	0	0.7914211656706416
GO:0038166	angiotensin-activated signaling pathway	1.0	False	0.582842331341283	False	2	0	0.7914211656706416
GO:0044571	[2Fe-2S] cluster assembly	1.0	False	0.582842331341283	False	2	0	0.7914211656706416
GO:0045922	negative regulation of fatty acid metabolic process	1.0	False	0.582842331341283	False	2	0	0.7914211656706416
GO:0048566	embryonic digestive tract development	1.0	False	0.582842331341283	False	2	0	0.7914211656706416
GO:0048880	sensory system development	1.0	False	0.582842331341283	False	2	0	0.7914211656706416
GO:0050769	positive regulation of neurogenesis	1.0	False	0.583498064338473	False	2	0	0.7917490321692364
GO:0061723	glycophagy	1.0	False	0.583498064338473	False	2	0	0.7917490321692364
GO:0001675	acrosome assembly	1.0	False	0.583608415050092	False	2	0	0.791804207525046
GO:0032434	regulation of proteasomal ubiquitin-dependent protein catabolic process	1.0	False	0.583608415050092	False	2	0	0.791804207525046
GO:0060147	regulation of post-transcriptional gene silencing	1.0	False	0.583608415050092	False	2	0	0.791804207525046
GO:0086014	atrial cardiac muscle cell action potential	1.0	False	0.583608415050092	False	2	0	0.791804207525046
GO:0086026	atrial cardiac muscle cell to AV node cell signaling	1.0	False	0.583608415050092	False	2	0	0.791804207525046
GO:0086066	atrial cardiac muscle cell to AV node cell communication	1.0	False	0.583608415050092	False	2	0	0.791804207525046
GO:0009138	pyrimidine nucleoside diphosphate metabolic process	1.0	False	0.584026117402344	False	2	0	0.792013058701172
GO:0051150	regulation of smooth muscle cell differentiation	1.0	False	0.584026117402344	False	2	0	0.792013058701172
GO:1901533	negative regulation of hematopoietic progenitor cell differentiation	1.0	False	0.584026117402344	False	2	0	0.792013058701172
GO:0000578	embryonic axis specification	1.0	False	0.585705113285982	False	2	0	0.7928525566429909
GO:0006907	pinocytosis	1.0	False	0.585705113285982	False	2	0	0.7928525566429909
GO:0010559	regulation of glycoprotein biosynthetic process	1.0	False	0.585705113285982	False	2	0	0.7928525566429909
GO:0014075	response to amine	1.0	False	0.585705113285982	False	2	0	0.7928525566429909
GO:0070633	transepithelial transport	1.0	False	0.585705113285982	False	2	0	0.7928525566429909
GO:1903898	negative regulation of PERK-mediated unfolded protein response	1.0	False	0.585705113285982	False	2	0	0.7928525566429909
GO:0000280	nuclear division	1.0	False	0.586465166389565	False	2	0	0.7932325831947825
GO:1905268	negative regulation of chromatin organization	1.0	False	0.586465166389565	False	2	0	0.7932325831947825
GO:0090128	regulation of synapse maturation	1.0	False	0.586580508916236	False	2	0	0.793290254458118
GO:0036344	platelet morphogenesis	1.0	False	0.586966605789349	False	2	0	0.7934833028946745
GO:0010927	cellular component assembly involved in morphogenesis	1.0	False	0.587379305352065	False	2	0	0.7936896526760324
GO:0032989	cellular anatomical entity morphogenesis	1.0	False	0.587379305352065	False	2	0	0.7936896526760324
GO:0010714	positive regulation of collagen metabolic process	1.0	False	0.587506260849714	False	2	0	0.7937531304248571
GO:0046605	regulation of centrosome cycle	1.0	False	0.587506260849714	False	2	0	0.7937531304248571
GO:0051640	organelle localization	1.0	False	0.587506260849714	False	2	0	0.7937531304248571
GO:0002826	negative regulation of T-helper 1 type immune response	1.0	False	0.587744240518216	False	2	0	0.793872120259108
GO:0007405	neuroblast proliferation	1.0	False	0.587744240518216	False	2	0	0.793872120259108
GO:0051246	regulation of protein metabolic process	1.0	False	0.587744240518216	False	2	0	0.793872120259108
GO:0090051	negative regulation of cell migration involved in sprouting angiogenesis	1.0	False	0.587744240518216	False	2	0	0.793872120259108
GO:0099623	regulation of cardiac muscle cell membrane repolarization	1.0	False	0.587744240518216	False	2	0	0.793872120259108
GO:1902166	negative regulation of intrinsic apoptotic signaling pathway in response to DNA damage by p53 class mediator	1.0	False	0.587744240518216	False	2	0	0.793872120259108
GO:0035024	negative regulation of Rho protein signal transduction	1.0	False	0.588280296327224	False	2	0	0.794140148163612
GO:0042092	type 2 immune response	1.0	False	0.588280296327224	False	2	0	0.794140148163612
GO:0032968	positive regulation of transcription elongation by RNA polymerase II	1.0	False	0.58840427124909	False	2	0	0.794202135624545
GO:1905145	cellular response to acetylcholine	1.0	False	0.58840427124909	False	2	0	0.794202135624545
GO:0051345	positive regulation of hydrolase activity	0.7876262410170947	False	0.801691119948992	False	2	0	0.7946586804830433
GO:0043200	response to amino acid	0.7335135423700576	False	0.855950292360316	False	2	0	0.7947319173651868
GO:0050688	regulation of defense response to virus	1.0	False	0.589941916801518	False	2	0	0.7949709584007589
GO:0140861	DNA repair-dependent chromatin remodeling	1.0	False	0.589941916801518	False	2	0	0.7949709584007589
GO:1903146	regulation of autophagy of mitochondrion	1.0	False	0.589941916801518	False	2	0	0.7949709584007589
GO:0060632	regulation of microtubule-based movement	1.0	False	0.589961967778421	False	2	0	0.7949809838892106
GO:0006986	response to unfolded protein	0.9016589710250164	False	0.688675676889107	False	2	0	0.7951673239570617
GO:1904754	positive regulation of vascular associated smooth muscle cell migration	1.0	False	0.59076314245677	False	2	0	0.7953815712283849
GO:0044550	secondary metabolite biosynthetic process	1.0	False	0.593841223702666	False	2	0	0.796920611851333
GO:0009062	fatty acid catabolic process	1.0	False	0.59412139105339	False	2	0	0.797060695526695
GO:1901380	negative regulation of potassium ion transmembrane transport	1.0	False	0.59441759221311	False	2	0	0.797208796106555
GO:0002521	leukocyte differentiation	1.0	False	0.595101274263612	False	2	0	0.797550637131806
GO:0007178	cell surface receptor protein serine/threonine kinase signaling pathway	1.0	False	0.595101274263612	False	2	0	0.797550637131806
GO:0051177	meiotic sister chromatid cohesion	1.0	False	0.595101274263612	False	2	0	0.797550637131806
GO:0009110	vitamin biosynthetic process	1.0	False	0.596028661296938	False	2	0	0.798014330648469
GO:2000780	negative regulation of double-strand break repair	1.0	False	0.596997962638403	False	2	0	0.7984989813192015
GO:0000076	DNA replication checkpoint signaling	1.0	False	0.597136331353449	False	2	0	0.7985681656767245
GO:0042310	vasoconstriction	1.0	False	0.597136331353449	False	2	0	0.7985681656767245
GO:0048583	regulation of response to stimulus	1.0	False	0.597487695465433	False	2	0	0.7987438477327164
GO:0061668	mitochondrial ribosome assembly	1.0	False	0.59751534154798	False	2	0	0.7987576707739901
GO:0045597	positive regulation of cell differentiation	1.0	False	0.598143843211458	False	2	0	0.7990719216057289
GO:1902563	regulation of neutrophil activation	1.0	False	0.598143843211458	False	2	0	0.7990719216057289
GO:0042359	vitamin D metabolic process	1.0	False	0.598500027271319	False	2	0	0.7992500136356595
GO:0008306	associative learning	1.0	False	0.599209954075024	False	2	0	0.799604977037512
GO:0099601	regulation of neurotransmitter receptor activity	1.0	False	0.599211954096603	False	2	0	0.7996059770483015
GO:0039694	viral RNA genome replication	1.0	False	0.600385243121949	False	2	0	0.8001926215609745
GO:0006744	ubiquinone biosynthetic process	1.0	False	0.600418625750633	False	2	0	0.8002093128753165
GO:0009263	deoxyribonucleotide biosynthetic process	1.0	False	0.600418625750633	False	2	0	0.8002093128753165
GO:0009265	2'-deoxyribonucleotide biosynthetic process	1.0	False	0.600418625750633	False	2	0	0.8002093128753165
GO:0016075	rRNA catabolic process	1.0	False	0.600418625750633	False	2	0	0.8002093128753165
GO:0042278	purine nucleoside metabolic process	1.0	False	0.600418625750633	False	2	0	0.8002093128753165
GO:0046385	deoxyribose phosphate biosynthetic process	1.0	False	0.600418625750633	False	2	0	0.8002093128753165
GO:1901663	quinone biosynthetic process	1.0	False	0.600418625750633	False	2	0	0.8002093128753165
GO:1905207	regulation of cardiocyte differentiation	1.0	False	0.600418625750633	False	2	0	0.8002093128753165
GO:2001046	positive regulation of integrin-mediated signaling pathway	1.0	False	0.600561027499884	False	2	0	0.800280513749942
GO:0002335	mature B cell differentiation	1.0	False	0.600882259756048	False	2	0	0.8004411298780241
GO:0060840	artery development	1.0	False	0.600882259756048	False	2	0	0.8004411298780241
GO:0030858	positive regulation of epithelial cell differentiation	1.0	False	0.602070802009481	False	2	0	0.8010354010047405
GO:0032964	collagen biosynthetic process	1.0	False	0.602752566232843	False	2	0	0.8013762831164215
GO:0055003	cardiac myofibril assembly	1.0	False	0.602973778985636	False	2	0	0.801486889492818
GO:2000772	regulation of cellular senescence	1.0	False	0.603503634376218	False	2	0	0.8017518171881091
GO:0046328	regulation of JNK cascade	1.0	False	0.603863372853764	False	2	0	0.801931686426882
GO:0003174	mitral valve development	1.0	False	0.603968433211119	False	2	0	0.8019842166055595
GO:0003183	mitral valve morphogenesis	1.0	False	0.603968433211119	False	2	0	0.8019842166055595
GO:0003184	pulmonary valve morphogenesis	1.0	False	0.604369960888511	False	2	0	0.8021849804442556
GO:0003197	endocardial cushion development	1.0	False	0.604369960888511	False	2	0	0.8021849804442556
GO:0008654	phospholipid biosynthetic process	1.0	False	0.604369960888511	False	2	0	0.8021849804442556
GO:0030011	maintenance of cell polarity	1.0	False	0.604369960888511	False	2	0	0.8021849804442556
GO:0043372	positive regulation of CD4-positive, alpha-beta T cell differentiation	1.0	False	0.604369960888511	False	2	0	0.8021849804442556
GO:0045687	positive regulation of glial cell differentiation	1.0	False	0.604369960888511	False	2	0	0.8021849804442556
GO:1902254	negative regulation of intrinsic apoptotic signaling pathway by p53 class mediator	1.0	False	0.604493608651608	False	2	0	0.802246804325804
GO:0010507	negative regulation of autophagy	0.7471075060242061	False	0.857756278450532	False	2	0	0.802431892237369
GO:1903861	positive regulation of dendrite extension	1.0	False	0.605277019622662	False	2	0	0.802638509811331
GO:0051926	negative regulation of calcium ion transport	1.0	False	0.605756464008023	False	2	0	0.8028782320040115
GO:0060395	SMAD protein signal transduction	1.0	False	0.605756464008023	False	2	0	0.8028782320040115
GO:0006112	energy reserve metabolic process	1.0	False	0.606681000773466	False	2	0	0.803340500386733
GO:0015695	organic cation transport	1.0	False	0.606681000773466	False	2	0	0.803340500386733
GO:0043931	ossification involved in bone maturation	1.0	False	0.606681000773466	False	2	0	0.803340500386733
GO:0002396	MHC protein complex assembly	1.0	False	0.606919615390944	False	2	0	0.803459807695472
GO:0002501	peptide antigen assembly with MHC protein complex	1.0	False	0.606919615390944	False	2	0	0.803459807695472
GO:0061138	morphogenesis of a branching epithelium	1.0	False	0.606919615390944	False	2	0	0.803459807695472
GO:1902165	regulation of intrinsic apoptotic signaling pathway in response to DNA damage by p53 class mediator	1.0	False	0.607488761788908	False	2	0	0.803744380894454
GO:2000320	negative regulation of T-helper 17 cell differentiation	1.0	False	0.607488761788908	False	2	0	0.803744380894454
GO:0070885	negative regulation of calcineurin-NFAT signaling cascade	1.0	False	0.608002778398676	False	2	0	0.8040013891993381
GO:0106057	negative regulation of calcineurin-mediated signaling	1.0	False	0.608002778398676	False	2	0	0.8040013891993381
GO:0006265	DNA topological change	1.0	False	0.608386213828084	False	2	0	0.804193106914042
GO:0000722	telomere maintenance via recombination	1.0	False	0.60968559599035	False	2	0	0.804842797995175
GO:0045662	negative regulation of myoblast differentiation	1.0	False	0.609789832281908	False	2	0	0.804894916140954
GO:1990542	mitochondrial transmembrane transport	1.0	False	0.609991750048778	False	2	0	0.8049958750243891
GO:0006086	pyruvate decarboxylation to acetyl-CoA	1.0	False	0.610195633849015	False	2	0	0.8050978169245075
GO:0006085	acetyl-CoA biosynthetic process	1.0	False	0.610267829895281	False	2	0	0.8051339149476405
GO:0032956	regulation of actin cytoskeleton organization	1.0	False	0.611014163038805	False	2	0	0.8055070815194025
GO:0006865	amino acid transport	1.0	False	0.612263372445473	False	2	0	0.8061316862227366
GO:0010614	negative regulation of cardiac muscle hypertrophy	1.0	False	0.612263372445473	False	2	0	0.8061316862227366
GO:0014741	negative regulation of muscle hypertrophy	1.0	False	0.612263372445473	False	2	0	0.8061316862227366
GO:0035909	aorta morphogenesis	1.0	False	0.612263372445473	False	2	0	0.8061316862227366
GO:0045980	negative regulation of nucleotide metabolic process	1.0	False	0.61325329174661	False	2	0	0.806626645873305
GO:1900543	negative regulation of purine nucleotide metabolic process	1.0	False	0.61325329174661	False	2	0	0.806626645873305
GO:1902236	negative regulation of endoplasmic reticulum stress-induced intrinsic apoptotic signaling pathway	1.0	False	0.61325329174661	False	2	0	0.806626645873305
GO:2000272	negative regulation of signaling receptor activity	1.0	False	0.61344097045686	False	2	0	0.80672048522843
GO:0071103	DNA conformation change	1.0	False	0.613725545731844	False	2	0	0.806862772865922
GO:0016310	phosphorylation	1.0	False	0.613782993483046	False	2	0	0.806891496741523
GO:0046622	positive regulation of organ growth	1.0	False	0.613782993483046	False	2	0	0.806891496741523
GO:0045912	negative regulation of carbohydrate metabolic process	1.0	False	0.614007903334214	False	2	0	0.807003951667107
GO:0030277	maintenance of gastrointestinal epithelium	1.0	False	0.614084069985868	False	2	0	0.8070420349929339
GO:0032570	response to progesterone	1.0	False	0.614084069985868	False	2	0	0.8070420349929339
GO:0060021	roof of mouth development	1.0	False	0.614303065236001	False	2	0	0.8071515326180005
GO:1902750	negative regulation of cell cycle G2/M phase transition	1.0	False	0.614303065236001	False	2	0	0.8071515326180005
GO:0006998	nuclear envelope organization	0.6156706733977799	False	0.998726103004375	False	2	0	0.8071983882010775
GO:0010712	regulation of collagen metabolic process	1.0	False	0.615826962243991	False	2	0	0.8079134811219955
GO:0014911	positive regulation of smooth muscle cell migration	1.0	False	0.616095984451107	False	2	0	0.8080479922255535
GO:0006285	base-excision repair, AP site formation	1.0	False	0.616134772872625	False	2	0	0.8080673864363125
GO:0050773	regulation of dendrite development	1.0	False	0.617378132862562	False	2	0	0.808689066431281
GO:0072662	protein localization to peroxisome	1.0	False	0.618869846919504	False	2	0	0.809434923459752
GO:0002090	regulation of receptor internalization	1.0	False	0.61888160024211	False	2	0	0.809440800121055
GO:0051145	smooth muscle cell differentiation	1.0	False	0.61888160024211	False	2	0	0.809440800121055
GO:0097205	renal filtration	1.0	False	0.619066843268473	False	2	0	0.8095334216342365
GO:0097479	synaptic vesicle localization	1.0	False	0.619141720241428	False	2	0	0.809570860120714
GO:0007080	mitotic metaphase chromosome alignment	1.0	False	0.619321476177605	False	2	0	0.8096607380888026
GO:0051580	regulation of neurotransmitter uptake	1.0	False	0.619321476177605	False	2	0	0.8096607380888026
GO:0071071	regulation of phospholipid biosynthetic process	1.0	False	0.619321476177605	False	2	0	0.8096607380888026
GO:0035966	response to topologically incorrect protein	1.0	False	0.619692707336594	False	2	0	0.8098463536682969
GO:0002694	regulation of leukocyte activation	1.0	False	0.620193069910366	False	2	0	0.810096534955183
GO:0050918	positive chemotaxis	1.0	False	0.620193069910366	False	2	0	0.810096534955183
GO:0071045	nuclear histone mRNA catabolic process	1.0	False	0.620193069910366	False	2	0	0.810096534955183
GO:0051654	establishment of mitochondrion localization	1.0	False	0.62062456462104	False	2	0	0.81031228231052
GO:0071377	cellular response to glucagon stimulus	1.0	False	0.62062456462104	False	2	0	0.81031228231052
GO:0009725	response to hormone	1.0	False	0.620801023757852	False	2	0	0.8104005118789259
GO:0050931	pigment cell differentiation	1.0	False	0.620801023757852	False	2	0	0.8104005118789259
GO:1990253	cellular response to leucine starvation	1.0	False	0.621982406887492	False	2	0	0.810991203443746
GO:0007492	endoderm development	1.0	False	0.622682832162362	False	2	0	0.8113414160811809
GO:0030808	regulation of nucleotide biosynthetic process	1.0	False	0.622682832162362	False	2	0	0.8113414160811809
GO:0031577	spindle checkpoint signaling	1.0	False	0.622682832162362	False	2	0	0.8113414160811809
GO:0070098	chemokine-mediated signaling pathway	1.0	False	0.622682832162362	False	2	0	0.8113414160811809
GO:1900371	regulation of purine nucleotide biosynthetic process	1.0	False	0.622682832162362	False	2	0	0.8113414160811809
GO:1901881	positive regulation of protein depolymerization	1.0	False	0.622682832162362	False	2	0	0.8113414160811809
GO:2001169	regulation of ATP biosynthetic process	1.0	False	0.622682832162362	False	2	0	0.8113414160811809
GO:0090257	regulation of muscle system process	1.0	False	0.623341887911275	False	2	0	0.8116709439556375
GO:0051489	regulation of filopodium assembly	1.0	False	0.624514970558329	False	2	0	0.8122574852791645
GO:0048584	positive regulation of response to stimulus	1.0	False	0.624605508621584	False	2	0	0.812302754310792
GO:0006312	mitotic recombination	1.0	False	0.625581789747535	False	2	0	0.8127908948737674
GO:0071476	cellular hypotonic response	1.0	False	0.625581789747535	False	2	0	0.8127908948737674
GO:0099622	cardiac muscle cell membrane repolarization	1.0	False	0.626995275480132	False	2	0	0.813497637740066
GO:0035239	tube morphogenesis	1.0	False	0.628073325224802	False	2	0	0.8140366626124009
GO:0043588	skin development	0.7622807061756935	False	0.866097684118385	False	2	0	0.8141891951470392
GO:0030036	actin cytoskeleton organization	0.7929910832145792	False	0.835620315892202	False	2	0	0.8143056995533906
GO:0038202	TORC1 signaling	1.0	False	0.628839312921891	False	2	0	0.8144196564609455
GO:2000401	regulation of lymphocyte migration	1.0	False	0.629546873189795	False	2	0	0.8147734365948975
GO:0043161	proteasome-mediated ubiquitin-dependent protein catabolic process	0.9521765485618836	False	0.677875184842522	False	2	0	0.8150258667022028
GO:0042182	ketone catabolic process	1.0	False	0.630164902988962	False	2	0	0.815082451494481
GO:0051336	regulation of hydrolase activity	1.0	False	0.630164902988962	False	2	0	0.815082451494481
GO:0061081	positive regulation of myeloid leukocyte cytokine production involved in immune response	1.0	False	0.630164902988962	False	2	0	0.815082451494481
GO:0034728	nucleosome organization	1.0	False	0.630325313577113	False	2	0	0.8151626567885565
GO:0035176	social behavior	1.0	False	0.630325313577113	False	2	0	0.8151626567885565
GO:0010934	macrophage cytokine production	1.0	False	0.630329242661474	False	2	0	0.8151646213307371
GO:0010935	regulation of macrophage cytokine production	1.0	False	0.630329242661474	False	2	0	0.8151646213307371
GO:0018022	peptidyl-lysine methylation	1.0	False	0.630605620670754	False	2	0	0.815302810335377
GO:1902893	regulation of miRNA transcription	1.0	False	0.631167117996976	False	2	0	0.815583558998488
GO:0099174	regulation of presynapse organization	1.0	False	0.631242703056027	False	2	0	0.8156213515280135
GO:0036294	cellular response to decreased oxygen levels	1.0	False	0.631819545601164	False	2	0	0.815909772800582
GO:0036303	lymph vessel morphogenesis	1.0	False	0.631819545601164	False	2	0	0.815909772800582
GO:0010639	negative regulation of organelle organization	1.0	False	0.632023400508839	False	2	0	0.8160117002544195
GO:0007602	phototransduction	1.0	False	0.633165399166198	False	2	0	0.8165826995830989
GO:0015801	aromatic amino acid transport	1.0	False	0.633165399166198	False	2	0	0.8165826995830989
GO:0035303	regulation of dephosphorylation	1.0	False	0.633165399166198	False	2	0	0.8165826995830989
GO:0048240	sperm capacitation	1.0	False	0.633165399166198	False	2	0	0.8165826995830989
GO:0060324	face development	1.0	False	0.633835240979386	False	2	0	0.8169176204896931
GO:0001667	ameboidal-type cell migration	1.0	False	0.634614868815975	False	2	0	0.8173074344079875
GO:0110075	regulation of ferroptosis	1.0	False	0.634849740807132	False	2	0	0.817424870403566
GO:0002717	positive regulation of natural killer cell mediated immunity	1.0	False	0.635748451946483	False	2	0	0.8178742259732414
GO:0046782	regulation of viral transcription	1.0	False	0.635748451946483	False	2	0	0.8178742259732414
GO:0050771	negative regulation of axonogenesis	1.0	False	0.635748451946483	False	2	0	0.8178742259732414
GO:0051147	regulation of muscle cell differentiation	1.0	False	0.635748451946483	False	2	0	0.8178742259732414
GO:0070167	regulation of biomineral tissue development	1.0	False	0.635748451946483	False	2	0	0.8178742259732414
GO:0045939	negative regulation of steroid metabolic process	1.0	False	0.635766427257941	False	2	0	0.8178832136289704
GO:0099003	vesicle-mediated transport in synapse	1.0	False	0.635959008992888	False	2	0	0.817979504496444
GO:0007351	tripartite regional subdivision	1.0	False	0.636502369159251	False	2	0	0.8182511845796254
GO:0008595	anterior/posterior axis specification, embryo	1.0	False	0.636502369159251	False	2	0	0.8182511845796254
GO:0046620	regulation of organ growth	1.0	False	0.636502369159251	False	2	0	0.8182511845796254
GO:0050678	regulation of epithelial cell proliferation	1.0	False	0.636502369159251	False	2	0	0.8182511845796254
GO:0061337	cardiac conduction	1.0	False	0.636502369159251	False	2	0	0.8182511845796254
GO:0097091	synaptic vesicle clustering	1.0	False	0.636502369159251	False	2	0	0.8182511845796254
GO:1903054	negative regulation of extracellular matrix organization	1.0	False	0.636502369159251	False	2	0	0.8182511845796254
GO:0061515	myeloid cell development	1.0	False	0.636660083827561	False	2	0	0.8183300419137804
GO:0032271	regulation of protein polymerization	1.0	False	0.637487128266847	False	2	0	0.8187435641334235
GO:0006984	ER-nucleus signaling pathway	1.0	False	0.638447764552984	False	2	0	0.819223882276492
GO:0009100	glycoprotein metabolic process	1.0	False	0.638447764552984	False	2	0	0.819223882276492
GO:0047496	vesicle transport along microtubule	1.0	False	0.638447764552984	False	2	0	0.819223882276492
GO:0050910	detection of mechanical stimulus involved in sensory perception of sound	1.0	False	0.638447764552984	False	2	0	0.819223882276492
GO:0060964	regulation of miRNA-mediated gene silencing	1.0	False	0.638447764552984	False	2	0	0.819223882276492
GO:1900368	regulation of post-transcriptional gene silencing by regulatory ncRNA	1.0	False	0.638447764552984	False	2	0	0.819223882276492
GO:0010842	retina layer formation	1.0	False	0.638796341493924	False	2	0	0.819398170746962
GO:0031114	regulation of microtubule depolymerization	1.0	False	0.638796341493924	False	2	0	0.819398170746962
GO:0045606	positive regulation of epidermal cell differentiation	1.0	False	0.638796341493924	False	2	0	0.819398170746962
GO:0009628	response to abiotic stimulus	1.0	False	0.639926932703308	False	2	0	0.819963466351654
GO:0019395	fatty acid oxidation	1.0	False	0.639926932703308	False	2	0	0.819963466351654
GO:0035270	endocrine system development	1.0	False	0.639926932703308	False	2	0	0.819963466351654
GO:0045109	intermediate filament organization	1.0	False	0.639926932703308	False	2	0	0.819963466351654
GO:0141162	negative regulation of cAMP/PKA signal transduction	1.0	False	0.640320547807416	False	2	0	0.8201602739037079
GO:0051791	medium-chain fatty acid metabolic process	1.0	False	0.640322921484241	False	2	0	0.8201614607421205
GO:0006109	regulation of carbohydrate metabolic process	1.0	False	0.640705092908109	False	2	0	0.8203525464540544
GO:1902751	positive regulation of cell cycle G2/M phase transition	1.0	False	0.640705092908109	False	2	0	0.8203525464540544
GO:0034765	regulation of monoatomic ion transmembrane transport	1.0	False	0.640947980455752	False	2	0	0.8204739902278759
GO:0090050	positive regulation of cell migration involved in sprouting angiogenesis	1.0	False	0.641021409755213	False	2	0	0.8205107048776066
GO:0022037	metencephalon development	1.0	False	0.641658503944733	False	2	0	0.8208292519723666
GO:0051937	catecholamine transport	1.0	False	0.64178008580539	False	2	0	0.8208900429026951
GO:2000629	negative regulation of miRNA metabolic process	1.0	False	0.641955541319796	False	2	0	0.820977770659898
GO:0006779	porphyrin-containing compound biosynthetic process	1.0	False	0.643323484483898	False	2	0	0.821661742241949
GO:0033014	tetrapyrrole biosynthetic process	1.0	False	0.643323484483898	False	2	0	0.821661742241949
GO:0003180	aortic valve morphogenesis	1.0	False	0.643677226467902	False	2	0	0.821838613233951
GO:0120316	sperm flagellum assembly	1.0	False	0.644572110071633	False	2	0	0.8222860550358164
GO:0045346	regulation of MHC class II biosynthetic process	1.0	False	0.644700730874176	False	2	0	0.8223503654370881
GO:0046683	response to organophosphorus	1.0	False	0.64590440447108	False	2	0	0.82295220223554
GO:0055091	phospholipid homeostasis	1.0	False	0.64590440447108	False	2	0	0.82295220223554
GO:1990535	neuron projection maintenance	1.0	False	0.646981373000537	False	2	0	0.8234906865002685
GO:0009301	snRNA transcription	1.0	False	0.647235343944513	False	2	0	0.8236176719722565
GO:0008210	estrogen metabolic process	1.0	False	0.648435004696327	False	2	0	0.8242175023481635
GO:0042269	regulation of natural killer cell mediated cytotoxicity	1.0	False	0.648767481783758	False	2	0	0.824383740891879
GO:0002448	mast cell mediated immunity	1.0	False	0.649621704693314	False	2	0	0.8248108523466571
GO:0009952	anterior/posterior pattern specification	1.0	False	0.649621704693314	False	2	0	0.8248108523466571
GO:0030073	insulin secretion	1.0	False	0.649621704693314	False	2	0	0.8248108523466571
GO:0031343	positive regulation of cell killing	1.0	False	0.649621704693314	False	2	0	0.8248108523466571
GO:0034620	cellular response to unfolded protein	1.0	False	0.649621704693314	False	2	0	0.8248108523466571
GO:0035633	maintenance of blood-brain barrier	1.0	False	0.649621704693314	False	2	0	0.8248108523466571
GO:0140354	lipid import into cell	1.0	False	0.649621704693314	False	2	0	0.8248108523466571
GO:1903441	protein localization to ciliary membrane	1.0	False	0.649621704693314	False	2	0	0.8248108523466571
GO:2001034	positive regulation of double-strand break repair via nonhomologous end joining	1.0	False	0.649621704693314	False	2	0	0.8248108523466571
GO:0170033	L-amino acid metabolic process	1.0	False	0.65018115991954	False	2	0	0.82509057995977
GO:1905330	regulation of morphogenesis of an epithelium	1.0	False	0.650305440762628	False	2	0	0.825152720381314
GO:0032814	regulation of natural killer cell activation	1.0	False	0.650576839801204	False	2	0	0.825288419900602
GO:0071305	cellular response to vitamin D	1.0	False	0.650796158848981	False	2	0	0.8253980794244905
GO:0046036	CTP metabolic process	1.0	False	0.65197970358697	False	2	0	0.8259898517934849
GO:0048730	epidermis morphogenesis	1.0	False	0.65197970358697	False	2	0	0.8259898517934849
GO:0001764	neuron migration	0.7762013415941081	False	0.876998928808176	False	2	0	0.8266001352011421
GO:2000047	regulation of cell-cell adhesion mediated by cadherin	1.0	False	0.653885927593817	False	2	0	0.8269429637969086
GO:0090109	regulation of cell-substrate junction assembly	1.0	False	0.654262119873616	False	2	0	0.827131059936808
GO:0071225	cellular response to muramyl dipeptide	1.0	False	0.6542666536049	False	2	0	0.82713332680245
GO:0009743	response to carbohydrate	1.0	False	0.654448383722636	False	2	0	0.827224191861318
GO:0022603	regulation of anatomical structure morphogenesis	1.0	False	0.655851484345292	False	2	0	0.827925742172646
GO:0061615	glycolytic process through fructose-6-phosphate	1.0	False	0.655851484345292	False	2	0	0.827925742172646
GO:1903037	regulation of leukocyte cell-cell adhesion	1.0	False	0.655851484345292	False	2	0	0.827925742172646
GO:0048640	negative regulation of developmental growth	1.0	False	0.655969417354863	False	2	0	0.8279847086774315
GO:0061005	cell differentiation involved in kidney development	1.0	False	0.656128885372194	False	2	0	0.828064442686097
GO:0006635	fatty acid beta-oxidation	1.0	False	0.656190154224095	False	2	0	0.8280950771120474
GO:0072567	chemokine (C-X-C motif) ligand 2 production	1.0	False	0.656423259408111	False	2	0	0.8282116297040555
GO:2000316	regulation of T-helper 17 type immune response	1.0	False	0.656423259408111	False	2	0	0.8282116297040555
GO:0001825	blastocyst formation	1.0	False	0.656658788530969	False	2	0	0.8283293942654846
GO:0015669	gas transport	1.0	False	0.656850214047905	False	2	0	0.8284251070239526
GO:0015803	branched-chain amino acid transport	1.0	False	0.656850214047905	False	2	0	0.8284251070239526
GO:0032633	interleukin-4 production	1.0	False	0.656850214047905	False	2	0	0.8284251070239526
GO:0032673	regulation of interleukin-4 production	1.0	False	0.656850214047905	False	2	0	0.8284251070239526
GO:0045161	neuronal ion channel clustering	1.0	False	0.656850214047905	False	2	0	0.8284251070239526
GO:1904035	regulation of epithelial cell apoptotic process	1.0	False	0.656850214047905	False	2	0	0.8284251070239526
GO:1904749	regulation of protein localization to nucleolus	1.0	False	0.656850214047905	False	2	0	0.8284251070239526
GO:0090181	regulation of cholesterol metabolic process	1.0	False	0.657100375801349	False	2	0	0.8285501879006745
GO:0001893	maternal placenta development	1.0	False	0.657278659927665	False	2	0	0.8286393299638325
GO:0042789	mRNA transcription by RNA polymerase II	1.0	False	0.657644441470906	False	2	0	0.828822220735453
GO:0035418	protein localization to synapse	1.0	False	0.658195725745815	False	2	0	0.8290978628729075
GO:0007626	locomotory behavior	1.0	False	0.65909415930726	False	2	0	0.82954707965363
GO:0035082	axoneme assembly	1.0	False	0.65909415930726	False	2	0	0.82954707965363
GO:0043067	regulation of programmed cell death	1.0	False	0.65909415930726	False	2	0	0.82954707965363
GO:0090592	DNA synthesis involved in DNA replication	1.0	False	0.65909415930726	False	2	0	0.82954707965363
GO:0043652	engulfment of apoptotic cell	1.0	False	0.659380910569896	False	2	0	0.829690455284948
GO:0071616	acyl-CoA biosynthetic process	1.0	False	0.659484487947461	False	2	0	0.8297422439737305
GO:1900077	negative regulation of cellular response to insulin stimulus	1.0	False	0.660212211066012	False	2	0	0.830106105533006
GO:0006384	transcription initiation at RNA polymerase III promoter	1.0	False	0.660692704866094	False	2	0	0.830346352433047
GO:0051764	actin crosslink formation	1.0	False	0.660692704866094	False	2	0	0.830346352433047
GO:0009129	pyrimidine nucleoside monophosphate metabolic process	1.0	False	0.661089052840548	False	2	0	0.830544526420274
GO:0046039	GTP metabolic process	1.0	False	0.661569404269355	False	2	0	0.8307847021346775
GO:0009880	embryonic pattern specification	1.0	False	0.662137432664182	False	2	0	0.831068716332091
GO:0001508	action potential	1.0	False	0.66240298817749	False	2	0	0.831201494088745
GO:1903725	regulation of phospholipid metabolic process	1.0	False	0.663631102416614	False	2	0	0.831815551208307
GO:0099171	presynaptic modulation of chemical synaptic transmission	1.0	False	0.663631542636243	False	2	0	0.8318157713181216
GO:0070306	lens fiber cell differentiation	1.0	False	0.664130670493801	False	2	0	0.8320653352469005
GO:0016973	poly(A)+ mRNA export from nucleus	1.0	False	0.664523762582358	False	2	0	0.8322618812911791
GO:0022038	corpus callosum development	1.0	False	0.664523762582358	False	2	0	0.8322618812911791
GO:0023035	CD40 signaling pathway	1.0	False	0.664523762582358	False	2	0	0.8322618812911791
GO:0034260	negative regulation of GTPase activity	1.0	False	0.664523762582358	False	2	0	0.8322618812911791
GO:0051899	membrane depolarization	1.0	False	0.664523762582358	False	2	0	0.8322618812911791
GO:0099638	endosome to plasma membrane protein transport	1.0	False	0.664523762582358	False	2	0	0.8322618812911791
GO:1901874	negative regulation of post-translational protein modification	1.0	False	0.664523762582358	False	2	0	0.8322618812911791
GO:0035640	exploration behavior	1.0	False	0.664820711246545	False	2	0	0.8324103556232725
GO:0045618	positive regulation of keratinocyte differentiation	1.0	False	0.664820711246545	False	2	0	0.8324103556232725
GO:0060390	regulation of SMAD protein signal transduction	1.0	False	0.664820711246545	False	2	0	0.8324103556232725
GO:1904896	ESCRT complex disassembly	1.0	False	0.664820711246545	False	2	0	0.8324103556232725
GO:1904903	ESCRT III complex disassembly	1.0	False	0.664820711246545	False	2	0	0.8324103556232725
GO:0032926	negative regulation of activin receptor signaling pathway	1.0	False	0.664973555913809	False	2	0	0.8324867779569045
GO:0045471	response to ethanol	0.7557843068165706	False	0.910942881882673	False	2	0	0.8333635943496218
GO:0045058	T cell selection	1.0	False	0.666937986564591	False	2	0	0.8334689932822955
GO:0045777	positive regulation of blood pressure	1.0	False	0.666937986564591	False	2	0	0.8334689932822955
GO:0034767	positive regulation of monoatomic ion transmembrane transport	1.0	False	0.668033297578139	False	2	0	0.8340166487890694
GO:1902644	tertiary alcohol metabolic process	1.0	False	0.668049007408037	False	2	0	0.8340245037040185
GO:1903332	regulation of protein folding	1.0	False	0.668876328694613	False	2	0	0.8344381643473064
GO:0014037	Schwann cell differentiation	1.0	False	0.669066516805496	False	2	0	0.8345332584027481
GO:0030219	megakaryocyte differentiation	1.0	False	0.669066516805496	False	2	0	0.8345332584027481
GO:0000097	sulfur amino acid biosynthetic process	1.0	False	0.669193221013354	False	2	0	0.834596610506677
GO:0007610	behavior	1.0	False	0.669322830787332	False	2	0	0.834661415393666
GO:0002371	dendritic cell cytokine production	1.0	False	0.669778199420709	False	2	0	0.8348890997103545
GO:0002730	regulation of dendritic cell cytokine production	1.0	False	0.669778199420709	False	2	0	0.8348890997103545
GO:0031345	negative regulation of cell projection organization	1.0	False	0.669778199420709	False	2	0	0.8348890997103545
GO:0055022	negative regulation of cardiac muscle tissue growth	1.0	False	0.669778199420709	False	2	0	0.8348890997103545
GO:0061117	negative regulation of heart growth	1.0	False	0.669778199420709	False	2	0	0.8348890997103545
GO:0071173	spindle assembly checkpoint signaling	1.0	False	0.669778199420709	False	2	0	0.8348890997103545
GO:0071174	mitotic spindle checkpoint signaling	1.0	False	0.669778199420709	False	2	0	0.8348890997103545
GO:1900746	regulation of vascular endothelial growth factor signaling pathway	1.0	False	0.669778199420709	False	2	0	0.8348890997103545
GO:1903019	negative regulation of glycoprotein metabolic process	1.0	False	0.669778199420709	False	2	0	0.8348890997103545
GO:0060966	regulation of gene silencing by regulatory ncRNA	1.0	False	0.670866461149047	False	2	0	0.8354332305745236
GO:0070232	regulation of T cell apoptotic process	1.0	False	0.671175766948421	False	2	0	0.8355878834742105
GO:0070875	positive regulation of glycogen metabolic process	1.0	False	0.671894387836252	False	2	0	0.835947193918126
GO:2000628	regulation of miRNA metabolic process	1.0	False	0.671918940448035	False	2	0	0.8359594702240175
GO:0002098	tRNA wobble uridine modification	1.0	False	0.67232203308871	False	2	0	0.8361610165443549
GO:0006743	ubiquinone metabolic process	1.0	False	0.67232203308871	False	2	0	0.8361610165443549
GO:0097178	ruffle assembly	1.0	False	0.67232203308871	False	2	0	0.8361610165443549
GO:0090092	regulation of transmembrane receptor protein serine/threonine kinase signaling pathway	1.0	False	0.672635633965933	False	2	0	0.8363178169829665
GO:0007519	skeletal muscle tissue development	1.0	False	0.672642963332059	False	2	0	0.8363214816660295
GO:0034086	maintenance of sister chromatid cohesion	1.0	False	0.673771134299503	False	2	0	0.8368855671497515
GO:0034088	maintenance of mitotic sister chromatid cohesion	1.0	False	0.673771134299503	False	2	0	0.8368855671497515
GO:0045682	regulation of epidermis development	1.0	False	0.673771134299503	False	2	0	0.8368855671497515
GO:0050913	sensory perception of bitter taste	1.0	False	0.673771134299503	False	2	0	0.8368855671497515
GO:0007338	single fertilization	0.6827257696371731	False	0.991223996084444	False	2	0	0.8369748828608086
GO:0010959	regulation of metal ion transport	0.7280862633465721	False	0.946342808032099	False	2	0	0.8372145356893356
GO:0001706	endoderm formation	1.0	False	0.674898143226215	False	2	0	0.8374490716131076
GO:0010225	response to UV-C	1.0	False	0.676228620371836	False	2	0	0.838114310185918
GO:0045338	farnesyl diphosphate metabolic process	1.0	False	0.676715624851175	False	2	0	0.8383578124255875
GO:0042327	positive regulation of phosphorylation	1.0	False	0.676988512284845	False	2	0	0.8384942561424225
GO:0016185	synaptic vesicle budding from presynaptic endocytic zone membrane	1.0	False	0.677003165318642	False	2	0	0.838501582659321
GO:0006479	protein methylation	1.0	False	0.67743684235342	False	2	0	0.83871842117671
GO:0008213	protein alkylation	1.0	False	0.67743684235342	False	2	0	0.83871842117671
GO:0009170	purine deoxyribonucleoside monophosphate metabolic process	1.0	False	0.67743684235342	False	2	0	0.83871842117671
GO:0035967	cellular response to topologically incorrect protein	1.0	False	0.67743684235342	False	2	0	0.83871842117671
GO:0036260	RNA capping	1.0	False	0.67743684235342	False	2	0	0.83871842117671
GO:0048813	dendrite morphogenesis	1.0	False	0.67743684235342	False	2	0	0.83871842117671
GO:0086012	membrane depolarization during cardiac muscle cell action potential	1.0	False	0.677826136135456	False	2	0	0.8389130680677279
GO:0007019	microtubule depolymerization	1.0	False	0.677875184842522	False	2	0	0.838937592421261
GO:0010832	negative regulation of myotube differentiation	1.0	False	0.677875184842522	False	2	0	0.838937592421261
GO:0043476	pigment accumulation	1.0	False	0.677875184842522	False	2	0	0.838937592421261
GO:0043482	cellular pigment accumulation	1.0	False	0.677875184842522	False	2	0	0.838937592421261
GO:0046685	response to arsenic-containing substance	1.0	False	0.678020837832215	False	2	0	0.8390104189161075
GO:0048066	developmental pigmentation	1.0	False	0.678020837832215	False	2	0	0.8390104189161075
GO:0061620	glycolytic process through glucose-6-phosphate	1.0	False	0.678020837832215	False	2	0	0.8390104189161075
GO:1902850	microtubule cytoskeleton organization involved in mitosis	1.0	False	0.678020837832215	False	2	0	0.8390104189161075
GO:2001135	regulation of endocytic recycling	1.0	False	0.678020837832215	False	2	0	0.8390104189161075
GO:0021510	spinal cord development	1.0	False	0.678042288044525	False	2	0	0.8390211440222626
GO:0045860	positive regulation of protein kinase activity	0.6984005494639157	False	0.980431824696658	False	2	0	0.8394161870802869
GO:0048565	digestive tract development	1.0	False	0.679213289810368	False	2	0	0.839606644905184
GO:0048548	regulation of pinocytosis	1.0	False	0.679584071281783	False	2	0	0.8397920356408914
GO:0070671	response to interleukin-12	1.0	False	0.679584071281783	False	2	0	0.8397920356408914
GO:0006241	CTP biosynthetic process	1.0	False	0.679922142127746	False	2	0	0.839961071063873
GO:0006858	extracellular transport	1.0	False	0.679922142127746	False	2	0	0.839961071063873
GO:0006308	DNA catabolic process	1.0	False	0.679978164236515	False	2	0	0.8399890821182575
GO:0072010	glomerular epithelium development	1.0	False	0.68003331248874	False	2	0	0.84001665624437
GO:0006511	ubiquitin-dependent protein catabolic process	0.922983590259878	False	0.757484502168569	False	2	0	0.8402340462142235
GO:0010591	regulation of lamellipodium assembly	1.0	False	0.680610335768127	False	2	0	0.8403051678840635
GO:0051125	regulation of actin nucleation	1.0	False	0.681434608043376	False	2	0	0.840717304021688
GO:0060546	negative regulation of necroptotic process	1.0	False	0.682214193333721	False	2	0	0.8411070966668606
GO:0097581	lamellipodium organization	1.0	False	0.682214193333721	False	2	0	0.8411070966668606
GO:0071869	response to catecholamine	1.0	False	0.682725235902429	False	2	0	0.8413626179512145
GO:0040019	positive regulation of embryonic development	1.0	False	0.682930042389903	False	2	0	0.8414650211949515
GO:0009143	nucleoside triphosphate catabolic process	1.0	False	0.684870712930095	False	2	0	0.8424353564650475
GO:0010807	regulation of synaptic vesicle priming	1.0	False	0.684870712930095	False	2	0	0.8424353564650475
GO:0045064	T-helper 2 cell differentiation	1.0	False	0.684870712930095	False	2	0	0.8424353564650475
GO:0032011	ARF protein signal transduction	1.0	False	0.685309965301216	False	2	0	0.842654982650608
GO:0032012	regulation of ARF protein signal transduction	1.0	False	0.685309965301216	False	2	0	0.842654982650608
GO:0033627	cell adhesion mediated by integrin	1.0	False	0.685309965301216	False	2	0	0.842654982650608
GO:0043255	regulation of carbohydrate biosynthetic process	1.0	False	0.685309965301216	False	2	0	0.842654982650608
GO:0030308	negative regulation of cell growth	0.8765070098035866	False	0.80903042301996	False	2	0	0.8427687164117733
GO:1905508	protein localization to microtubule organizing center	1.0	False	0.685964749005962	False	2	0	0.842982374502981
GO:1901096	regulation of autophagosome maturation	1.0	False	0.68694369601367	False	2	0	0.8434718480068351
GO:0120192	tight junction assembly	1.0	False	0.687394848257998	False	2	0	0.843697424128999
GO:0098880	maintenance of postsynaptic specialization structure	1.0	False	0.688285029086159	False	2	0	0.8441425145430794
GO:0001890	placenta development	1.0	False	0.688759511202015	False	2	0	0.8443797556010075
GO:0007031	peroxisome organization	1.0	False	0.688759511202015	False	2	0	0.8443797556010075
GO:0015012	heparan sulfate proteoglycan biosynthetic process	1.0	False	0.688759511202015	False	2	0	0.8443797556010075
GO:0032495	response to muramyl dipeptide	1.0	False	0.688759511202015	False	2	0	0.8443797556010075
GO:1901028	regulation of mitochondrial outer membrane permeabilization involved in apoptotic signaling pathway	1.0	False	0.688759511202015	False	2	0	0.8443797556010075
GO:1901077	regulation of relaxation of muscle	1.0	False	0.688759511202015	False	2	0	0.8443797556010075
GO:1903350	response to dopamine	1.0	False	0.688759511202015	False	2	0	0.8443797556010075
GO:1903351	cellular response to dopamine	1.0	False	0.688759511202015	False	2	0	0.8443797556010075
GO:1904948	midbrain dopaminergic neuron differentiation	1.0	False	0.689848403433339	False	2	0	0.8449242017166695
GO:0032984	protein-containing complex disassembly	0.7153547779053344	False	0.975196310795378	False	2	0	0.8452755443503562
GO:0003209	cardiac atrium morphogenesis	1.0	False	0.690803290379256	False	2	0	0.845401645189628
GO:0006536	glutamate metabolic process	1.0	False	0.691405954120598	False	2	0	0.8457029770602991
GO:0040007	growth	1.0	False	0.69216911110639	False	2	0	0.8460845555531951
GO:0048167	regulation of synaptic plasticity	0.8945179971730348	False	0.798919323134688	False	2	0	0.8467186601538614
GO:1900037	regulation of cellular response to hypoxia	1.0	False	0.693473190774225	False	2	0	0.8467365953871124
GO:0006388	tRNA splicing, via endonucleolytic cleavage and ligation	1.0	False	0.693688486705461	False	2	0	0.8468442433527306
GO:0070341	fat cell proliferation	1.0	False	0.693688486705461	False	2	0	0.8468442433527306
GO:1902745	positive regulation of lamellipodium organization	1.0	False	0.693688486705461	False	2	0	0.8468442433527306
GO:0045003	double-strand break repair via synthesis-dependent strand annealing	1.0	False	0.694711099914047	False	2	0	0.8473555499570236
GO:0035883	enteroendocrine cell differentiation	1.0	False	0.695007272062469	False	2	0	0.8475036360312345
GO:1902950	regulation of dendritic spine maintenance	1.0	False	0.695007272062469	False	2	0	0.8475036360312345
GO:0035519	protein K29-linked ubiquitination	1.0	False	0.695146793741805	False	2	0	0.8475733968709025
GO:1901186	positive regulation of ERBB signaling pathway	1.0	False	0.695213184875772	False	2	0	0.8476065924378859
GO:0007548	sex differentiation	1.0	False	0.695331734064451	False	2	0	0.8476658670322255
GO:2000042	negative regulation of double-strand break repair via homologous recombination	1.0	False	0.695721853746958	False	2	0	0.847860926873479
GO:0034762	regulation of transmembrane transport	1.0	False	0.69590739736291	False	2	0	0.847953698681455
GO:0048704	embryonic skeletal system morphogenesis	1.0	False	0.696351415785005	False	2	0	0.8481757078925025
GO:1990314	cellular response to insulin-like growth factor stimulus	1.0	False	0.696351415785005	False	2	0	0.8481757078925025
GO:0060249	anatomical structure homeostasis	1.0	False	0.696870304584482	False	2	0	0.848435152292241
GO:0030850	prostate gland development	1.0	False	0.697765701507302	False	2	0	0.848882850753651
GO:0046457	prostanoid biosynthetic process	1.0	False	0.698900471242378	False	2	0	0.849450235621189
GO:1902946	protein localization to early endosome	1.0	False	0.699768933090847	False	2	0	0.8498844665454235
GO:0010596	negative regulation of endothelial cell migration	1.0	False	0.700062836423118	False	2	0	0.8500314182115589
GO:1904177	regulation of adipose tissue development	1.0	False	0.700212742313574	False	2	0	0.850106371156787
GO:0070142	synaptic vesicle budding	1.0	False	0.700310394078222	False	2	0	0.850155197039111
GO:0071870	cellular response to catecholamine stimulus	1.0	False	0.700582786307603	False	2	0	0.8502913931538014
GO:0071333	cellular response to glucose stimulus	0.7800760544892819	False	0.9206135740122	False	2	0	0.8503448142507409
GO:0009128	purine nucleoside monophosphate catabolic process	1.0	False	0.701412458393555	False	2	0	0.8507062291967775
GO:0034315	regulation of Arp2/3 complex-mediated actin nucleation	1.0	False	0.701412458393555	False	2	0	0.8507062291967775
GO:0072089	stem cell proliferation	1.0	False	0.701412458393555	False	2	0	0.8507062291967775
GO:0071763	nuclear membrane organization	1.0	False	0.701770031074572	False	2	0	0.850885015537286
GO:0072344	rescue of stalled cytosolic ribosome	1.0	False	0.701770031074572	False	2	0	0.850885015537286
GO:0001843	neural tube closure	1.0	False	0.702934263895162	False	2	0	0.8514671319475811
GO:0001921	positive regulation of receptor recycling	1.0	False	0.702934263895162	False	2	0	0.8514671319475811
GO:0014020	primary neural tube formation	1.0	False	0.702934263895162	False	2	0	0.8514671319475811
GO:0032970	regulation of actin filament-based process	1.0	False	0.702934263895162	False	2	0	0.8514671319475811
GO:0045623	negative regulation of T-helper cell differentiation	1.0	False	0.702934263895162	False	2	0	0.8514671319475811
GO:0048285	organelle fission	1.0	False	0.702934263895162	False	2	0	0.8514671319475811
GO:0060606	tube closure	1.0	False	0.702934263895162	False	2	0	0.8514671319475811
GO:0075509	endocytosis involved in viral entry into host cell	1.0	False	0.702934263895162	False	2	0	0.8514671319475811
GO:0050770	regulation of axonogenesis	1.0	False	0.703875219546612	False	2	0	0.851937609773306
GO:0043491	phosphatidylinositol 3-kinase/protein kinase B signal transduction	1.0	False	0.703877479938177	False	2	0	0.8519387399690885
GO:0003016	respiratory system process	1.0	False	0.70393558175671	False	2	0	0.851967790878355
GO:0031509	subtelomeric heterochromatin formation	1.0	False	0.70393558175671	False	2	0	0.851967790878355
GO:0033489	cholesterol biosynthetic process via desmosterol	1.0	False	0.70393558175671	False	2	0	0.851967790878355
GO:0045907	positive regulation of vasoconstriction	1.0	False	0.70393558175671	False	2	0	0.851967790878355
GO:0062014	negative regulation of small molecule metabolic process	1.0	False	0.70393558175671	False	2	0	0.851967790878355
GO:0086003	cardiac muscle cell contraction	1.0	False	0.70393558175671	False	2	0	0.851967790878355
GO:0030216	keratinocyte differentiation	1.0	False	0.704148958028147	False	2	0	0.8520744790140735
GO:0051610	serotonin uptake	1.0	False	0.704471575560118	False	2	0	0.852235787780059
GO:0034311	diol metabolic process	1.0	False	0.705227506626213	False	2	0	0.8526137533131065
GO:0006582	melanin metabolic process	1.0	False	0.705297837352986	False	2	0	0.852648918676493
GO:0022898	regulation of transmembrane transporter activity	1.0	False	0.705297837352986	False	2	0	0.852648918676493
GO:0033198	response to ATP	1.0	False	0.705297837352986	False	2	0	0.852648918676493
GO:0042438	melanin biosynthetic process	1.0	False	0.705297837352986	False	2	0	0.852648918676493
GO:0051127	positive regulation of actin nucleation	1.0	False	0.705297837352986	False	2	0	0.852648918676493
GO:0061099	negative regulation of protein tyrosine kinase activity	1.0	False	0.705297837352986	False	2	0	0.852648918676493
GO:0070314	G1 to G0 transition	1.0	False	0.705911837260618	False	2	0	0.8529559186303091
GO:0000388	spliceosome conformational change to release U4 (or U4atac) and U1 (or U11)	1.0	False	0.708174106648948	False	2	0	0.854087053324474
GO:0010657	muscle cell apoptotic process	1.0	False	0.708174106648948	False	2	0	0.854087053324474
GO:0032616	interleukin-13 production	1.0	False	0.708174106648948	False	2	0	0.854087053324474
GO:0055002	striated muscle cell development	1.0	False	0.708174106648948	False	2	0	0.854087053324474
GO:0061718	glucose catabolic process to pyruvate	1.0	False	0.708174106648948	False	2	0	0.854087053324474
GO:0160240	RNA polymerase II transcription initiation surveillance	1.0	False	0.708174106648948	False	2	0	0.854087053324474
GO:0072384	organelle transport along microtubule	0.7838839721363386	False	0.925056423690868	False	2	0	0.8544701979136033
GO:0001783	B cell apoptotic process	1.0	False	0.709253963333197	False	2	0	0.8546269816665986
GO:0031054	pre-miRNA processing	1.0	False	0.709253963333197	False	2	0	0.8546269816665986
GO:1902235	regulation of endoplasmic reticulum stress-induced intrinsic apoptotic signaling pathway	1.0	False	0.709253963333197	False	2	0	0.8546269816665986
GO:0002223	stimulatory C-type lectin receptor signaling pathway	1.0	False	0.709598340325531	False	2	0	0.8547991701627655
GO:0071168	protein localization to chromatin	1.0	False	0.709598340325531	False	2	0	0.8547991701627655
GO:1990840	response to lectin	1.0	False	0.709598340325531	False	2	0	0.8547991701627655
GO:1990858	cellular response to lectin	1.0	False	0.709598340325531	False	2	0	0.8547991701627655
GO:0090277	positive regulation of peptide hormone secretion	1.0	False	0.709667486916885	False	2	0	0.8548337434584425
GO:0045859	regulation of protein kinase activity	1.0	False	0.709856661152808	False	2	0	0.8549283305764039
GO:0050671	positive regulation of lymphocyte proliferation	1.0	False	0.709856661152808	False	2	0	0.8549283305764039
GO:0035264	multicellular organism growth	1.0	False	0.710943772725757	False	2	0	0.8554718863628785
GO:0072311	glomerular epithelial cell differentiation	1.0	False	0.710943772725757	False	2	0	0.8554718863628785
GO:0090190	positive regulation of branching involved in ureteric bud morphogenesis	1.0	False	0.710943772725757	False	2	0	0.8554718863628785
GO:0000165	MAPK cascade	1.0	False	0.712030094230835	False	2	0	0.8560150471154175
GO:0032925	regulation of activin receptor signaling pathway	1.0	False	0.712030094230835	False	2	0	0.8560150471154175
GO:1900029	positive regulation of ruffle assembly	1.0	False	0.712030094230835	False	2	0	0.8560150471154175
GO:0070201	regulation of establishment of protein localization	1.0	False	0.712889929755656	False	2	0	0.8564449648778281
GO:0030218	erythrocyte differentiation	1.0	False	0.712957822689421	False	2	0	0.8564789113447104
GO:0021544	subpallium development	1.0	False	0.713004953727161	False	2	0	0.8565024768635805
GO:0021756	striatum development	1.0	False	0.713004953727161	False	2	0	0.8565024768635805
GO:0072109	glomerular mesangium development	1.0	False	0.713004953727161	False	2	0	0.8565024768635805
GO:1902743	regulation of lamellipodium organization	1.0	False	0.713004953727161	False	2	0	0.8565024768635805
GO:0072594	establishment of protein localization to organelle	1.0	False	0.713798219686746	False	2	0	0.8568991098433729
GO:0036444	calcium import into the mitochondrion	1.0	False	0.71384407818321	False	2	0	0.856922039091605
GO:0000070	mitotic sister chromatid segregation	1.0	False	0.7149805297298	False	2	0	0.8574902648649
GO:0014015	positive regulation of gliogenesis	1.0	False	0.7149805297298	False	2	0	0.8574902648649
GO:0051081	nuclear membrane disassembly	1.0	False	0.7149805297298	False	2	0	0.8574902648649
GO:0031032	actomyosin structure organization	1.0	False	0.716086590987804	False	2	0	0.858043295493902
GO:0014014	negative regulation of gliogenesis	1.0	False	0.716670891182722	False	2	0	0.858335445591361
GO:0030150	protein import into mitochondrial matrix	1.0	False	0.716670891182722	False	2	0	0.858335445591361
GO:1905668	positive regulation of protein localization to endosome	1.0	False	0.716670891182722	False	2	0	0.858335445591361
GO:0070293	renal absorption	1.0	False	0.717025300636573	False	2	0	0.8585126503182865
GO:0006023	aminoglycan biosynthetic process	1.0	False	0.71776405856135	False	2	0	0.8588820292806749
GO:0033314	mitotic DNA replication checkpoint signaling	1.0	False	0.71776405856135	False	2	0	0.8588820292806749
GO:0000096	sulfur amino acid metabolic process	1.0	False	0.718644666073474	False	2	0	0.859322333036737
GO:0003230	cardiac atrium development	1.0	False	0.718644666073474	False	2	0	0.859322333036737
GO:0006862	nucleotide transport	1.0	False	0.718644666073474	False	2	0	0.859322333036737
GO:0009148	pyrimidine nucleoside triphosphate biosynthetic process	1.0	False	0.718644666073474	False	2	0	0.859322333036737
GO:0051149	positive regulation of muscle cell differentiation	1.0	False	0.718644666073474	False	2	0	0.859322333036737
GO:1901524	regulation of mitophagy	1.0	False	0.718644666073474	False	2	0	0.859322333036737
GO:0010587	miRNA catabolic process	1.0	False	0.720189832867085	False	2	0	0.8600949164335425
GO:0007188	adenylate cyclase-modulating G protein-coupled receptor signaling pathway	1.0	False	0.720594791725244	False	2	0	0.860297395862622
GO:0034405	response to fluid shear stress	1.0	False	0.720871296239925	False	2	0	0.8604356481199624
GO:0000079	regulation of cyclin-dependent protein serine/threonine kinase activity	1.0	False	0.721175747355933	False	2	0	0.8605878736779665
GO:0021915	neural tube development	1.0	False	0.721175747355933	False	2	0	0.8605878736779665
GO:0031641	regulation of myelination	1.0	False	0.721175747355933	False	2	0	0.8605878736779665
GO:0090087	regulation of peptide transport	1.0	False	0.721305239093402	False	2	0	0.860652619546701
GO:1903358	regulation of Golgi organization	1.0	False	0.721305239093402	False	2	0	0.860652619546701
GO:0070663	regulation of leukocyte proliferation	1.0	False	0.721642444166616	False	2	0	0.860821222083308
GO:0006525	arginine metabolic process	1.0	False	0.721866482303361	False	2	0	0.8609332411516806
GO:0071895	odontoblast differentiation	1.0	False	0.722029023052362	False	2	0	0.861014511526181
GO:0048732	gland development	1.0	False	0.722148334461977	False	2	0	0.8610741672309885
GO:0030510	regulation of BMP signaling pathway	1.0	False	0.722153144170659	False	2	0	0.8610765720853295
GO:0061008	hepaticobiliary system development	1.0	False	0.722153144170659	False	2	0	0.8610765720853295
GO:0038092	nodal signaling pathway	1.0	False	0.722205807496327	False	2	0	0.8611029037481635
GO:0046037	GMP metabolic process	1.0	False	0.722856503417656	False	2	0	0.861428251708828
GO:0031145	anaphase-promoting complex-dependent catabolic process	1.0	False	0.72290161762493	False	2	0	0.861450808812465
GO:0033623	regulation of integrin activation	1.0	False	0.724719523379425	False	2	0	0.8623597616897125
GO:0016358	dendrite development	0.7527933427179597	False	0.972222345764126	False	2	0	0.8625078442410429
GO:0009226	nucleotide-sugar biosynthetic process	1.0	False	0.725321458928361	False	2	0	0.8626607294641805
GO:0010665	regulation of cardiac muscle cell apoptotic process	1.0	False	0.725321458928361	False	2	0	0.8626607294641805
GO:0043455	regulation of secondary metabolic process	1.0	False	0.725321458928361	False	2	0	0.8626607294641805
GO:0046473	phosphatidic acid metabolic process	1.0	False	0.725321458928361	False	2	0	0.8626607294641805
GO:0048021	regulation of melanin biosynthetic process	1.0	False	0.725321458928361	False	2	0	0.8626607294641805
GO:1900376	regulation of secondary metabolite biosynthetic process	1.0	False	0.725321458928361	False	2	0	0.8626607294641805
GO:2001222	regulation of neuron migration	1.0	False	0.725321458928361	False	2	0	0.8626607294641805
GO:0015807	L-amino acid transport	1.0	False	0.725622972770011	False	2	0	0.8628114863850055
GO:0036120	cellular response to platelet-derived growth factor stimulus	1.0	False	0.72627357530307	False	2	0	0.863136787651535
GO:0003338	metanephros morphogenesis	1.0	False	0.726812807667539	False	2	0	0.8634064038337694
GO:0006577	amino-acid betaine metabolic process	1.0	False	0.726812807667539	False	2	0	0.8634064038337694
GO:0010715	regulation of extracellular matrix disassembly	1.0	False	0.726812807667539	False	2	0	0.8634064038337694
GO:0016079	synaptic vesicle exocytosis	1.0	False	0.726812807667539	False	2	0	0.8634064038337694
GO:0019985	translesion synthesis	1.0	False	0.726812807667539	False	2	0	0.8634064038337694
GO:0031445	regulation of heterochromatin formation	1.0	False	0.726812807667539	False	2	0	0.8634064038337694
GO:0032506	cytokinetic process	1.0	False	0.726812807667539	False	2	0	0.8634064038337694
GO:0033490	cholesterol biosynthetic process via lathosterol	1.0	False	0.726812807667539	False	2	0	0.8634064038337694
GO:0045834	positive regulation of lipid metabolic process	1.0	False	0.726812807667539	False	2	0	0.8634064038337694
GO:0071498	cellular response to fluid shear stress	1.0	False	0.726812807667539	False	2	0	0.8634064038337694
GO:0090559	regulation of membrane permeability	1.0	False	0.726812807667539	False	2	0	0.8634064038337694
GO:0032946	positive regulation of mononuclear cell proliferation	1.0	False	0.726862325683373	False	2	0	0.8634311628416864
GO:0034587	piRNA processing	1.0	False	0.726862325683373	False	2	0	0.8634311628416864
GO:0035051	cardiocyte differentiation	1.0	False	0.726862325683373	False	2	0	0.8634311628416864
GO:0070229	negative regulation of lymphocyte apoptotic process	1.0	False	0.726862325683373	False	2	0	0.8634311628416864
GO:0021587	cerebellum morphogenesis	1.0	False	0.727945688653013	False	2	0	0.8639728443265065
GO:0030832	regulation of actin filament length	1.0	False	0.727945688653013	False	2	0	0.8639728443265065
GO:0110025	DNA strand resection involved in replication fork processing	1.0	False	0.727945688653013	False	2	0	0.8639728443265065
GO:0065008	regulation of biological quality	0.7504398909550617	False	0.978701743805899	False	2	0	0.8645708173804804
GO:0006517	protein deglycosylation	1.0	False	0.730163395707244	False	2	0	0.865081697853622
GO:0055123	digestive system development	1.0	False	0.730163395707244	False	2	0	0.865081697853622
GO:0070213	protein auto-ADP-ribosylation	1.0	False	0.730163395707244	False	2	0	0.865081697853622
GO:0090066	regulation of anatomical structure size	1.0	False	0.730163395707244	False	2	0	0.865081697853622
GO:0045923	positive regulation of fatty acid metabolic process	1.0	False	0.730543075933222	False	2	0	0.8652715379666109
GO:0035871	protein K11-linked deubiquitination	1.0	False	0.732650667192609	False	2	0	0.8663253335963045
GO:0003158	endothelium development	1.0	False	0.732901499849235	False	2	0	0.8664507499246175
GO:0031440	regulation of mRNA 3'-end processing	1.0	False	0.732901499849235	False	2	0	0.8664507499246175
GO:0070266	necroptotic process	1.0	False	0.732901499849235	False	2	0	0.8664507499246175
GO:0033539	fatty acid beta-oxidation using acyl-CoA dehydrogenase	1.0	False	0.733769827320582	False	2	0	0.866884913660291
GO:0048706	embryonic skeletal system development	1.0	False	0.733839231442954	False	2	0	0.866919615721477
GO:1902003	regulation of amyloid-beta formation	1.0	False	0.733839231442954	False	2	0	0.866919615721477
GO:1904666	regulation of ubiquitin protein ligase activity	1.0	False	0.733839231442954	False	2	0	0.866919615721477
GO:0070863	positive regulation of protein exit from endoplasmic reticulum	1.0	False	0.734376775519337	False	2	0	0.8671883877596684
GO:1905606	regulation of presynapse assembly	1.0	False	0.734376775519337	False	2	0	0.8671883877596684
GO:0015804	neutral amino acid transport	1.0	False	0.735496748461882	False	2	0	0.867748374230941
GO:1904152	regulation of retrograde protein transport, ER to cytosol	1.0	False	0.735496748461882	False	2	0	0.867748374230941
GO:0031112	positive regulation of microtubule polymerization or depolymerization	1.0	False	0.735719940038175	False	2	0	0.8678599700190874
GO:0055057	neuroblast division	1.0	False	0.735724120958976	False	2	0	0.867862060479488
GO:0071625	vocalization behavior	1.0	False	0.736147121026225	False	2	0	0.8680735605131125
GO:0090209	negative regulation of triglyceride metabolic process	1.0	False	0.736166056139555	False	2	0	0.8680830280697776
GO:0000290	deadenylation-dependent decapping of nuclear-transcribed mRNA	1.0	False	0.736551942437012	False	2	0	0.868275971218506
GO:0021955	central nervous system neuron axonogenesis	1.0	False	0.736551942437012	False	2	0	0.868275971218506
GO:0030502	negative regulation of bone mineralization	1.0	False	0.736551942437012	False	2	0	0.868275971218506
GO:0043933	protein-containing complex organization	1.0	False	0.736551942437012	False	2	0	0.868275971218506
GO:0055006	cardiac cell development	1.0	False	0.736551942437012	False	2	0	0.868275971218506
GO:0021885	forebrain cell migration	1.0	False	0.736708094865596	False	2	0	0.868354047432798
GO:0031099	regeneration	1.0	False	0.738739705273909	False	2	0	0.8693698526369544
GO:0043269	regulation of monoatomic ion transport	1.0	False	0.740014200538828	False	2	0	0.8700071002694141
GO:0060541	respiratory system development	1.0	False	0.740014200538828	False	2	0	0.8700071002694141
GO:1904375	regulation of protein localization to cell periphery	1.0	False	0.740014200538828	False	2	0	0.8700071002694141
GO:0046697	decidualization	1.0	False	0.741051960468271	False	2	0	0.8705259802341355
GO:0090101	negative regulation of transmembrane receptor protein serine/threonine kinase signaling pathway	1.0	False	0.741051960468271	False	2	0	0.8705259802341355
GO:1904380	endoplasmic reticulum mannose trimming	1.0	False	0.741051960468271	False	2	0	0.8705259802341355
GO:0030029	actin filament-based process	1.0	False	0.741224001687678	False	2	0	0.8706120008438389
GO:0051782	negative regulation of cell division	1.0	False	0.741610212339873	False	2	0	0.8708051061699364
GO:1901532	regulation of hematopoietic progenitor cell differentiation	1.0	False	0.742722531810507	False	2	0	0.8713612659052534
GO:2001242	regulation of intrinsic apoptotic signaling pathway	1.0	False	0.74282720481015	False	2	0	0.8714136024050749
GO:0034643	establishment of mitochondrion localization, microtubule-mediated	1.0	False	0.742995923723521	False	2	0	0.8714979618617604
GO:0047497	mitochondrion transport along microtubule	1.0	False	0.742995923723521	False	2	0	0.8714979618617604
GO:0060688	regulation of morphogenesis of a branching structure	1.0	False	0.74302740804279	False	2	0	0.8715137040213949
GO:0051402	neuron apoptotic process	1.0	False	0.743226860101114	False	2	0	0.871613430050557
GO:1903564	regulation of protein localization to cilium	1.0	False	0.743226860101114	False	2	0	0.871613430050557
GO:0036293	response to decreased oxygen levels	1.0	False	0.743473543156234	False	2	0	0.871736771578117
GO:0090520	sphingolipid mediated signaling pathway	1.0	False	0.743608169050293	False	2	0	0.8718040845251465
GO:0007601	visual perception	0.824767312330974	False	0.919512298522435	False	2	0	0.8721398054267044
GO:0007052	mitotic spindle organization	0.8907562329357515	False	0.855228436764389	False	2	0	0.8729923348500702
GO:0022029	telencephalon cell migration	1.0	False	0.747670689235245	False	2	0	0.8738353446176226
GO:0036465	synaptic vesicle recycling	1.0	False	0.747670689235245	False	2	0	0.8738353446176226
GO:0042476	odontogenesis	1.0	False	0.747670689235245	False	2	0	0.8738353446176226
GO:0010894	negative regulation of steroid biosynthetic process	1.0	False	0.747728689693346	False	2	0	0.873864344846673
GO:0043653	mitochondrial fragmentation involved in apoptotic process	1.0	False	0.747728689693346	False	2	0	0.873864344846673
GO:0001889	liver development	1.0	False	0.74798928494575	False	2	0	0.8739946424728751
GO:0006820	monoatomic anion transport	1.0	False	0.749682256379707	False	2	0	0.8748411281898535
GO:0018200	peptidyl-glutamic acid modification	1.0	False	0.74972136464946	False	2	0	0.87486068232473
GO:0045880	positive regulation of smoothened signaling pathway	1.0	False	0.74972136464946	False	2	0	0.87486068232473
GO:1902969	mitotic DNA replication	1.0	False	0.74972136464946	False	2	0	0.87486068232473
GO:0048384	retinoic acid receptor signaling pathway	1.0	False	0.75030279170692	False	2	0	0.87515139585346
GO:0007008	outer mitochondrial membrane organization	1.0	False	0.750972800342686	False	2	0	0.8754864001713429
GO:0016601	Rac protein signal transduction	1.0	False	0.750972800342686	False	2	0	0.8754864001713429
GO:0001895	retina homeostasis	1.0	False	0.751356436234366	False	2	0	0.8756782181171829
GO:0051100	negative regulation of binding	1.0	False	0.751356436234366	False	2	0	0.8756782181171829
GO:0008064	regulation of actin polymerization or depolymerization	1.0	False	0.751736827230809	False	2	0	0.8758684136154045
GO:0010762	regulation of fibroblast migration	1.0	False	0.751736827230809	False	2	0	0.8758684136154045
GO:0032413	negative regulation of ion transmembrane transporter activity	1.0	False	0.751736827230809	False	2	0	0.8758684136154045
GO:0036196	zymosterol metabolic process	1.0	False	0.751736827230809	False	2	0	0.8758684136154045
GO:0036197	zymosterol biosynthetic process	1.0	False	0.751736827230809	False	2	0	0.8758684136154045
GO:0046530	photoreceptor cell differentiation	1.0	False	0.751736827230809	False	2	0	0.8758684136154045
GO:0035767	endothelial cell chemotaxis	1.0	False	0.751748063346656	False	2	0	0.875874031673328
GO:1990116	ribosome-associated ubiquitin-dependent protein catabolic process	1.0	False	0.751980183180785	False	2	0	0.8759900915903924
GO:0043268	positive regulation of potassium ion transport	1.0	False	0.752126412838843	False	2	0	0.8760632064194215
GO:0046931	pore complex assembly	1.0	False	0.752126412838843	False	2	0	0.8760632064194215
GO:0035774	positive regulation of insulin secretion involved in cellular response to glucose stimulus	1.0	False	0.752452944579085	False	2	0	0.8762264722895425
GO:0048008	platelet-derived growth factor receptor signaling pathway	1.0	False	0.754422051110914	False	2	0	0.877211025555457
GO:0032272	negative regulation of protein polymerization	1.0	False	0.755708085619145	False	2	0	0.8778540428095725
GO:0150079	negative regulation of neuroinflammatory response	1.0	False	0.755708085619145	False	2	0	0.8778540428095725
GO:0048011	neurotrophin TRK receptor signaling pathway	1.0	False	0.755968712565341	False	2	0	0.8779843562826706
GO:0070897	transcription preinitiation complex assembly	1.0	False	0.756013739657516	False	2	0	0.878006869828758
GO:0002097	tRNA wobble base modification	1.0	False	0.756789183666613	False	2	0	0.8783945918333065
GO:0048265	response to pain	1.0	False	0.756789183666613	False	2	0	0.8783945918333065
GO:0050000	chromosome localization	1.0	False	0.756789183666613	False	2	0	0.8783945918333065
GO:0110156	mRNA methylguanosine-cap decapping	1.0	False	0.756789183666613	False	2	0	0.8783945918333065
GO:1902305	regulation of sodium ion transmembrane transport	1.0	False	0.756789183666613	False	2	0	0.8783945918333065
GO:2000008	regulation of protein localization to cell surface	1.0	False	0.756789183666613	False	2	0	0.8783945918333065
GO:0021697	cerebellar cortex formation	1.0	False	0.757484502168569	False	2	0	0.8787422510842845
GO:0021799	cerebral cortex radially oriented cell migration	1.0	False	0.757484502168569	False	2	0	0.8787422510842845
GO:0042373	vitamin K metabolic process	1.0	False	0.757484502168569	False	2	0	0.8787422510842845
GO:0051641	cellular localization	1.0	False	0.757484502168569	False	2	0	0.8787422510842845
GO:0098704	carbohydrate import across plasma membrane	1.0	False	0.757484502168569	False	2	0	0.8787422510842845
GO:0098708	D-glucose import across plasma membrane	1.0	False	0.757484502168569	False	2	0	0.8787422510842845
GO:0140271	hexose import across plasma membrane	1.0	False	0.757484502168569	False	2	0	0.8787422510842845
GO:1901607	alpha-amino acid biosynthetic process	1.0	False	0.758068942596544	False	2	0	0.8790344712982721
GO:0090657	telomeric loop disassembly	1.0	False	0.758189427991325	False	2	0	0.8790947139956625
GO:0002835	negative regulation of response to tumor cell	1.0	False	0.758404066302082	False	2	0	0.8792020331510411
GO:0007140	male meiotic nuclear division	1.0	False	0.758404066302082	False	2	0	0.8792020331510411
GO:0016558	protein import into peroxisome matrix	1.0	False	0.758404066302082	False	2	0	0.8792020331510411
GO:0044743	protein transmembrane import into intracellular organelle	1.0	False	0.758404066302082	False	2	0	0.8792020331510411
GO:0071624	positive regulation of granulocyte chemotaxis	1.0	False	0.758404066302082	False	2	0	0.8792020331510411
GO:0008286	insulin receptor signaling pathway	1.0	False	0.759143254627501	False	2	0	0.8795716273137505
GO:0032892	positive regulation of organic acid transport	1.0	False	0.759143254627501	False	2	0	0.8795716273137505
GO:0036159	inner dynein arm assembly	1.0	False	0.759143254627501	False	2	0	0.8795716273137505
GO:0071318	cellular response to ATP	1.0	False	0.759143254627501	False	2	0	0.8795716273137505
GO:0006874	intracellular calcium ion homeostasis	1.0	False	0.759151745163944	False	2	0	0.879575872581972
GO:0048333	mesodermal cell differentiation	1.0	False	0.759263306617779	False	2	0	0.8796316533088895
GO:0003254	regulation of membrane depolarization	1.0	False	0.759263530627883	False	2	0	0.8796317653139415
GO:0016339	calcium-dependent cell-cell adhesion	1.0	False	0.759263530627883	False	2	0	0.8796317653139415
GO:0070570	regulation of neuron projection regeneration	1.0	False	0.759263530627883	False	2	0	0.8796317653139415
GO:0051281	positive regulation of release of sequestered calcium ion into cytosol	1.0	False	0.759362062740836	False	2	0	0.879681031370418
GO:0036480	neuron intrinsic apoptotic signaling pathway in response to oxidative stress	1.0	False	0.759711982244201	False	2	0	0.8798559911221004
GO:0048144	fibroblast proliferation	1.0	False	0.760598036875731	False	2	0	0.8802990184378655
GO:0150116	regulation of cell-substrate junction organization	1.0	False	0.761281518526957	False	2	0	0.8806407592634785
GO:0001919	regulation of receptor recycling	1.0	False	0.761475524574216	False	2	0	0.880737762287108
GO:0009173	pyrimidine ribonucleoside monophosphate metabolic process	1.0	False	0.761475524574216	False	2	0	0.880737762287108
GO:0009896	positive regulation of catabolic process	1.0	False	0.761475524574216	False	2	0	0.880737762287108
GO:0070849	response to epidermal growth factor	1.0	False	0.761475524574216	False	2	0	0.880737762287108
GO:1903241	U2-type prespliceosome assembly	1.0	False	0.761475524574216	False	2	0	0.880737762287108
GO:0014829	vascular associated smooth muscle contraction	1.0	False	0.762205618854625	False	2	0	0.8811028094273126
GO:0045839	negative regulation of mitotic nuclear division	1.0	False	0.762205618854625	False	2	0	0.8811028094273126
GO:0090235	regulation of metaphase plate congression	1.0	False	0.762205618854625	False	2	0	0.8811028094273126
GO:0035930	corticosteroid hormone secretion	1.0	False	0.763162616321481	False	2	0	0.8815813081607404
GO:0034766	negative regulation of monoatomic ion transmembrane transport	1.0	False	0.763205852984463	False	2	0	0.8816029264922315
GO:0071635	negative regulation of transforming growth factor beta production	1.0	False	0.763205852984463	False	2	0	0.8816029264922315
GO:0010632	regulation of epithelial cell migration	1.0	False	0.763351054231712	False	2	0	0.8816755271158561
GO:0007265	Ras protein signal transduction	1.0	False	0.763426029529691	False	2	0	0.8817130147648455
GO:0009209	pyrimidine ribonucleoside triphosphate biosynthetic process	1.0	False	0.763506715981143	False	2	0	0.8817533579905714
GO:0033013	tetrapyrrole metabolic process	1.0	False	0.763506715981143	False	2	0	0.8817533579905714
GO:0045017	glycerolipid biosynthetic process	1.0	False	0.763506715981143	False	2	0	0.8817533579905714
GO:1905671	regulation of lysosome organization	1.0	False	0.763506715981143	False	2	0	0.8817533579905714
GO:0000338	protein deneddylation	1.0	False	0.763684359494783	False	2	0	0.8818421797473914
GO:0045010	actin nucleation	1.0	False	0.763684359494783	False	2	0	0.8818421797473914
GO:0045744	negative regulation of G protein-coupled receptor signaling pathway	1.0	False	0.763684359494783	False	2	0	0.8818421797473914
GO:0051784	negative regulation of nuclear division	1.0	False	0.763684359494783	False	2	0	0.8818421797473914
GO:0071277	cellular response to calcium ion	1.0	False	0.763684359494783	False	2	0	0.8818421797473914
GO:1903376	regulation of oxidative stress-induced neuron intrinsic apoptotic signaling pathway	1.0	False	0.763684359494783	False	2	0	0.8818421797473914
GO:0043523	regulation of neuron apoptotic process	1.0	False	0.764488326054052	False	2	0	0.882244163027026
GO:0030810	positive regulation of nucleotide biosynthetic process	1.0	False	0.764489257531297	False	2	0	0.8822446287656485
GO:1900373	positive regulation of purine nucleotide biosynthetic process	1.0	False	0.764489257531297	False	2	0	0.8822446287656485
GO:2001171	positive regulation of ATP biosynthetic process	1.0	False	0.764489257531297	False	2	0	0.8822446287656485
GO:0048668	collateral sprouting	1.0	False	0.76449427600568	False	2	0	0.88224713800284
GO:0051299	centrosome separation	1.0	False	0.764575349756253	False	2	0	0.8822876748781265
GO:0051952	regulation of amine transport	1.0	False	0.764687262566298	False	2	0	0.882343631283149
GO:0071397	cellular response to cholesterol	1.0	False	0.764687262566298	False	2	0	0.882343631283149
GO:0031111	negative regulation of microtubule polymerization or depolymerization	1.0	False	0.765318633614168	False	2	0	0.882659316807084
GO:1901888	regulation of cell junction assembly	1.0	False	0.766091351477557	False	2	0	0.8830456757387786
GO:0003085	negative regulation of systemic arterial blood pressure	1.0	False	0.766237129119371	False	2	0	0.8831185645596855
GO:0034314	Arp2/3 complex-mediated actin nucleation	1.0	False	0.766887471914456	False	2	0	0.883443735957228
GO:0072350	tricarboxylic acid metabolic process	1.0	False	0.766887471914456	False	2	0	0.883443735957228
GO:1903599	positive regulation of autophagy of mitochondrion	1.0	False	0.766887471914456	False	2	0	0.883443735957228
GO:0030834	regulation of actin filament depolymerization	1.0	False	0.767446899572492	False	2	0	0.8837234497862461
GO:0042158	lipoprotein biosynthetic process	1.0	False	0.767446899572492	False	2	0	0.8837234497862461
GO:0090075	relaxation of muscle	1.0	False	0.767446899572492	False	2	0	0.8837234497862461
GO:0045604	regulation of epidermal cell differentiation	1.0	False	0.767937351788088	False	2	0	0.8839686758940439
GO:0016049	cell growth	1.0	False	0.768819616606272	False	2	0	0.884409808303136
GO:0051987	positive regulation of attachment of spindle microtubules to kinetochore	1.0	False	0.769060589263474	False	2	0	0.884530294631737
GO:0006044	N-acetylglucosamine metabolic process	1.0	False	0.769540792279792	False	2	0	0.884770396139896
GO:0044058	regulation of digestive system process	1.0	False	0.769540792279792	False	2	0	0.884770396139896
GO:0034101	erythrocyte homeostasis	1.0	False	0.769943232048703	False	2	0	0.8849716160243515
GO:0071705	nitrogen compound transport	0.8528585655182839	False	0.918240505458647	False	2	0	0.8855495354884655
GO:0007213	G protein-coupled acetylcholine receptor signaling pathway	1.0	False	0.771560843842415	False	2	0	0.8857804219212075
GO:0065004	protein-DNA complex assembly	1.0	False	0.771560843842415	False	2	0	0.8857804219212075
GO:0050909	sensory perception of taste	1.0	False	0.771933650727628	False	2	0	0.885966825363814
GO:0015865	purine nucleotide transport	1.0	False	0.7731409387947	False	2	0	0.88657046939735
GO:0021533	cell differentiation in hindbrain	1.0	False	0.7731409387947	False	2	0	0.88657046939735
GO:0035821	modulation of process of another organism	1.0	False	0.7731409387947	False	2	0	0.88657046939735
GO:0051503	adenine nucleotide transport	1.0	False	0.7731409387947	False	2	0	0.88657046939735
GO:0048286	lung alveolus development	1.0	False	0.773168874762004	False	2	0	0.886584437381002
GO:0006040	amino sugar metabolic process	1.0	False	0.773228717459657	False	2	0	0.8866143587298285
GO:0051775	response to redox state	1.0	False	0.773228717459657	False	2	0	0.8866143587298285
GO:0060236	regulation of mitotic spindle organization	1.0	False	0.773314330981598	False	2	0	0.886657165490799
GO:0009266	response to temperature stimulus	1.0	False	0.776437057472735	False	2	0	0.8882185287363675
GO:0010660	regulation of muscle cell apoptotic process	1.0	False	0.776437057472735	False	2	0	0.8882185287363675
GO:0042733	embryonic digit morphogenesis	1.0	False	0.776437057472735	False	2	0	0.8882185287363675
GO:0098719	sodium ion import across plasma membrane	1.0	False	0.776437057472735	False	2	0	0.8882185287363675
GO:0042098	T cell proliferation	1.0	False	0.776590169935309	False	2	0	0.8882950849676545
GO:0042461	photoreceptor cell development	1.0	False	0.776590169935309	False	2	0	0.8882950849676545
GO:0030307	positive regulation of cell growth	0.7977789075193751	False	0.978932951063537	False	2	0	0.888355929291456
GO:0002793	positive regulation of peptide secretion	1.0	False	0.776910175696206	False	2	0	0.888455087848103
GO:0031204	post-translational protein targeting to membrane, translocation	1.0	False	0.777626922770116	False	2	0	0.888813461385058
GO:0001824	blastocyst development	1.0	False	0.778930690757814	False	2	0	0.889465345378907
GO:0006612	protein targeting to membrane	1.0	False	0.778930690757814	False	2	0	0.889465345378907
GO:1902904	negative regulation of supramolecular fiber organization	1.0	False	0.778930690757814	False	2	0	0.889465345378907
GO:2000317	negative regulation of T-helper 17 type immune response	1.0	False	0.778930690757814	False	2	0	0.889465345378907
GO:2001026	regulation of endothelial cell chemotaxis	1.0	False	0.778930690757814	False	2	0	0.889465345378907
GO:0090161	Golgi ribbon formation	1.0	False	0.77989510782575	False	2	0	0.889947553912875
GO:0042996	regulation of Golgi to plasma membrane protein transport	1.0	False	0.779954007838767	False	2	0	0.8899770039193835
GO:0045721	negative regulation of gluconeogenesis	1.0	False	0.779954007838767	False	2	0	0.8899770039193835
GO:0006654	phosphatidic acid biosynthetic process	1.0	False	0.779955112282208	False	2	0	0.8899775561411041
GO:0031340	positive regulation of vesicle fusion	1.0	False	0.779955112282208	False	2	0	0.8899775561411041
GO:0001731	formation of translation preinitiation complex	1.0	False	0.780088022633451	False	2	0	0.8900440113167255
GO:2000774	positive regulation of cellular senescence	1.0	False	0.780088022633451	False	2	0	0.8900440113167255
GO:0009437	carnitine metabolic process	1.0	False	0.78024263226158	False	2	0	0.8901213161307899
GO:0031102	neuron projection regeneration	1.0	False	0.780448897881567	False	2	0	0.8902244489407836
GO:0031048	regulatory ncRNA-mediated heterochromatin formation	1.0	False	0.780530721560565	False	2	0	0.8902653607802825
GO:0045740	positive regulation of DNA replication	1.0	False	0.780530721560565	False	2	0	0.8902653607802825
GO:0010560	positive regulation of glycoprotein biosynthetic process	1.0	False	0.780775656844616	False	2	0	0.890387828422308
GO:0003012	muscle system process	1.0	False	0.780848424025867	False	2	0	0.8904242120129335
GO:0007214	gamma-aminobutyric acid signaling pathway	1.0	False	0.780848424025867	False	2	0	0.8904242120129335
GO:0010659	cardiac muscle cell apoptotic process	1.0	False	0.780848424025867	False	2	0	0.8904242120129335
GO:0015749	monosaccharide transmembrane transport	1.0	False	0.780848424025867	False	2	0	0.8904242120129335
GO:0039532	negative regulation of cytoplasmic pattern recognition receptor signaling pathway	1.0	False	0.780848424025867	False	2	0	0.8904242120129335
GO:0040017	positive regulation of locomotion	1.0	False	0.780848424025867	False	2	0	0.8904242120129335
GO:0043270	positive regulation of monoatomic ion transport	1.0	False	0.780848424025867	False	2	0	0.8904242120129335
GO:0050482	arachidonate secretion	1.0	False	0.780848424025867	False	2	0	0.8904242120129335
GO:1900024	regulation of substrate adhesion-dependent cell spreading	1.0	False	0.780848424025867	False	2	0	0.8904242120129335
GO:1902229	regulation of intrinsic apoptotic signaling pathway in response to DNA damage	1.0	False	0.780848424025867	False	2	0	0.8904242120129335
GO:1903963	arachidonate transport	1.0	False	0.780848424025867	False	2	0	0.8904242120129335
GO:2000810	regulation of bicellular tight junction assembly	1.0	False	0.780848424025867	False	2	0	0.8904242120129335
GO:0031338	regulation of vesicle fusion	1.0	False	0.780859040917433	False	2	0	0.8904295204587165
GO:0032482	Rab protein signal transduction	1.0	False	0.780879506300961	False	2	0	0.8904397531504805
GO:0033762	response to glucagon	1.0	False	0.781291474828293	False	2	0	0.8906457374141465
GO:0006884	cell volume homeostasis	1.0	False	0.782175266396609	False	2	0	0.8910876331983044
GO:0008645	hexose transmembrane transport	1.0	False	0.782175266396609	False	2	0	0.8910876331983044
GO:0010984	regulation of lipoprotein particle clearance	1.0	False	0.782175266396609	False	2	0	0.8910876331983044
GO:0030166	proteoglycan biosynthetic process	1.0	False	0.782175266396609	False	2	0	0.8910876331983044
GO:0036507	protein demannosylation	1.0	False	0.782175266396609	False	2	0	0.8910876331983044
GO:0036508	protein alpha-1,2-demannosylation	1.0	False	0.782175266396609	False	2	0	0.8910876331983044
GO:0048864	stem cell development	1.0	False	0.782175266396609	False	2	0	0.8910876331983044
GO:0050954	sensory perception of mechanical stimulus	1.0	False	0.782175266396609	False	2	0	0.8910876331983044
GO:1990822	basic amino acid transmembrane transport	1.0	False	0.782175266396609	False	2	0	0.8910876331983044
GO:1902100	negative regulation of metaphase/anaphase transition of cell cycle	1.0	False	0.782651373546849	False	2	0	0.8913256867734245
GO:1905819	negative regulation of chromosome separation	1.0	False	0.782651373546849	False	2	0	0.8913256867734245
GO:2000178	negative regulation of neural precursor cell proliferation	1.0	False	0.783663768942942	False	2	0	0.891831884471471
GO:0006309	apoptotic DNA fragmentation	1.0	False	0.783673182937745	False	2	0	0.8918365914688725
GO:0005979	regulation of glycogen biosynthetic process	1.0	False	0.784792204708507	False	2	0	0.8923961023542535
GO:0010962	regulation of glucan biosynthetic process	1.0	False	0.784792204708507	False	2	0	0.8923961023542535
GO:0045910	negative regulation of DNA recombination	1.0	False	0.784792204708507	False	2	0	0.8923961023542535
GO:0070230	positive regulation of lymphocyte apoptotic process	1.0	False	0.784792204708507	False	2	0	0.8923961023542535
GO:1900226	negative regulation of NLRP3 inflammasome complex assembly	1.0	False	0.784792204708507	False	2	0	0.8923961023542535
GO:0099150	regulation of postsynaptic specialization assembly	1.0	False	0.784823631386748	False	2	0	0.892411815693374
GO:0071467	cellular response to pH	1.0	False	0.785203158453577	False	2	0	0.8926015792267885
GO:0048675	axon extension	1.0	False	0.785432277717699	False	2	0	0.8927161388588495
GO:0086002	cardiac muscle cell action potential involved in contraction	1.0	False	0.786388494949007	False	2	0	0.8931942474745035
GO:0009174	pyrimidine ribonucleoside monophosphate biosynthetic process	1.0	False	0.786988109794224	False	2	0	0.893494054897112
GO:1901163	regulation of trophoblast cell migration	1.0	False	0.788085189979495	False	2	0	0.8940425949897475
GO:0060996	dendritic spine development	1.0	False	0.788821997849893	False	2	0	0.8944109989249465
GO:0006220	pyrimidine nucleotide metabolic process	1.0	False	0.789178676719935	False	2	0	0.8945893383599675
GO:0031018	endocrine pancreas development	1.0	False	0.789178676719935	False	2	0	0.8945893383599675
GO:0090189	regulation of branching involved in ureteric bud morphogenesis	1.0	False	0.789178676719935	False	2	0	0.8945893383599675
GO:0014074	response to purine-containing compound	1.0	False	0.790016386550803	False	2	0	0.8950081932754015
GO:0036376	sodium ion export across plasma membrane	1.0	False	0.790382185263235	False	2	0	0.8951910926316176
GO:0001574	ganglioside biosynthetic process	1.0	False	0.790756390285301	False	2	0	0.8953781951426505
GO:0008344	adult locomotory behavior	1.0	False	0.790756390285301	False	2	0	0.8953781951426505
GO:0043535	regulation of blood vessel endothelial cell migration	1.0	False	0.790756390285301	False	2	0	0.8953781951426505
GO:0046128	purine ribonucleoside metabolic process	1.0	False	0.790756390285301	False	2	0	0.8953781951426505
GO:0051261	protein depolymerization	1.0	False	0.790756390285301	False	2	0	0.8953781951426505
GO:0045039	protein insertion into mitochondrial inner membrane	1.0	False	0.792635307064041	False	2	0	0.8963176535320205
GO:0002763	positive regulation of myeloid leukocyte differentiation	1.0	False	0.792822618899336	False	2	0	0.896411309449668
GO:0006730	one-carbon metabolic process	1.0	False	0.792822618899336	False	2	0	0.896411309449668
GO:0032924	activin receptor signaling pathway	1.0	False	0.792822618899336	False	2	0	0.896411309449668
GO:0034122	negative regulation of toll-like receptor signaling pathway	1.0	False	0.792822618899336	False	2	0	0.896411309449668
GO:0035994	response to muscle stretch	1.0	False	0.792822618899336	False	2	0	0.896411309449668
GO:0051055	negative regulation of lipid biosynthetic process	1.0	False	0.792822618899336	False	2	0	0.896411309449668
GO:0055090	acylglycerol homeostasis	1.0	False	0.792822618899336	False	2	0	0.896411309449668
GO:0070206	protein trimerization	1.0	False	0.792822618899336	False	2	0	0.896411309449668
GO:0099637	neurotransmitter receptor transport	1.0	False	0.792822618899336	False	2	0	0.896411309449668
GO:0098937	anterograde dendritic transport	1.0	False	0.795274797678957	False	2	0	0.8976373988394786
GO:0099175	regulation of postsynapse organization	1.0	False	0.795274797678957	False	2	0	0.8976373988394786
GO:0002418	immune response to tumor cell	1.0	False	0.797205218027898	False	2	0	0.898602609013949
GO:0031630	regulation of synaptic vesicle fusion to presynaptic active zone membrane	1.0	False	0.797205218027898	False	2	0	0.898602609013949
GO:0033262	regulation of nuclear cell cycle DNA replication	1.0	False	0.797205218027898	False	2	0	0.898602609013949
GO:0034446	substrate adhesion-dependent cell spreading	1.0	False	0.797205218027898	False	2	0	0.898602609013949
GO:0090130	tissue migration	1.0	False	0.797205218027898	False	2	0	0.898602609013949
GO:1901632	regulation of synaptic vesicle membrane organization	1.0	False	0.797205218027898	False	2	0	0.898602609013949
GO:0045040	protein insertion into mitochondrial outer membrane	1.0	False	0.797747692892572	False	2	0	0.898873846446286
GO:0048247	lymphocyte chemotaxis	1.0	False	0.797747692892572	False	2	0	0.898873846446286
GO:0008277	regulation of G protein-coupled receptor signaling pathway	1.0	False	0.798205929582901	False	2	0	0.8991029647914506
GO:0051310	metaphase chromosome alignment	1.0	False	0.798919323134688	False	2	0	0.899459661567344
GO:0090110	COPII-coated vesicle cargo loading	1.0	False	0.798919323134688	False	2	0	0.899459661567344
GO:1903053	regulation of extracellular matrix organization	1.0	False	0.798919323134688	False	2	0	0.899459661567344
GO:0040008	regulation of growth	1.0	False	0.799120204882126	False	2	0	0.899560102441063
GO:0009130	pyrimidine nucleoside monophosphate biosynthetic process	1.0	False	0.799685978398333	False	2	0	0.8998429891991665
GO:0006851	mitochondrial calcium ion transmembrane transport	1.0	False	0.801066506077629	False	2	0	0.9005332530388145
GO:0035728	response to hepatocyte growth factor	1.0	False	0.801309041434628	False	2	0	0.900654520717314
GO:0048814	regulation of dendrite morphogenesis	1.0	False	0.801596757318228	False	2	0	0.900798378659114
GO:0071214	cellular response to abiotic stimulus	1.0	False	0.801596757318228	False	2	0	0.900798378659114
GO:0104004	cellular response to environmental stimulus	1.0	False	0.801596757318228	False	2	0	0.900798378659114
GO:0031128	developmental induction	1.0	False	0.801867268954227	False	2	0	0.9009336344771135
GO:0061003	positive regulation of dendritic spine morphogenesis	1.0	False	0.801867268954227	False	2	0	0.9009336344771135
GO:0042219	modified amino acid catabolic process	1.0	False	0.802509934249779	False	2	0	0.9012549671248895
GO:0060295	regulation of cilium movement involved in cell motility	1.0	False	0.803427275881052	False	2	0	0.901713637940526
GO:1902019	regulation of cilium-dependent cell motility	1.0	False	0.803427275881052	False	2	0	0.901713637940526
GO:0061050	regulation of cell growth involved in cardiac muscle cell development	1.0	False	0.803475192644905	False	2	0	0.9017375963224525
GO:0072528	pyrimidine-containing compound biosynthetic process	1.0	False	0.805060348186535	False	2	0	0.9025301740932675
GO:0030048	actin filament-based movement	0.824767312330974	False	0.981655712085616	False	2	0	0.903211512208295
GO:0097345	mitochondrial outer membrane permeabilization	1.0	False	0.806439000024388	False	2	0	0.903219500012194
GO:0007612	learning	1.0	False	0.806589844120505	False	2	0	0.9032949220602525
GO:0031103	axon regeneration	1.0	False	0.806589844120505	False	2	0	0.9032949220602525
GO:1904292	regulation of ERAD pathway	1.0	False	0.806589844120505	False	2	0	0.9032949220602525
GO:0070979	protein K11-linked ubiquitination	1.0	False	0.806800789381533	False	2	0	0.9034003946907665
GO:0051016	barbed-end actin filament capping	1.0	False	0.80834294465757	False	2	0	0.904171472328785
GO:0033002	muscle cell proliferation	1.0	False	0.80903042301996	False	2	0	0.9045152115099799
GO:0045600	positive regulation of fat cell differentiation	1.0	False	0.809305021857747	False	2	0	0.9046525109288734
GO:0002040	sprouting angiogenesis	1.0	False	0.810095975575887	False	2	0	0.9050479877879435
GO:1905314	semi-lunar valve development	1.0	False	0.810699359915018	False	2	0	0.9053496799575089
GO:0043087	regulation of GTPase activity	1.0	False	0.811924209119522	False	2	0	0.905962104559761
GO:1902547	regulation of cellular response to vascular endothelial growth factor stimulus	1.0	False	0.811924209119522	False	2	0	0.905962104559761
GO:0007339	binding of sperm to zona pellucida	1.0	False	0.812440329340375	False	2	0	0.9062201646701875
GO:0001768	establishment of T cell polarity	1.0	False	0.813170551666675	False	2	0	0.9065852758333375
GO:0010656	negative regulation of muscle cell apoptotic process	1.0	False	0.813170551666675	False	2	0	0.9065852758333375
GO:0021795	cerebral cortex cell migration	1.0	False	0.813170551666675	False	2	0	0.9065852758333375
GO:0061318	renal filtration cell differentiation	1.0	False	0.813170551666675	False	2	0	0.9065852758333375
GO:0072112	podocyte differentiation	1.0	False	0.813170551666675	False	2	0	0.9065852758333375
GO:0031960	response to corticosteroid	1.0	False	0.813178218905012	False	2	0	0.906589109452506
GO:0007100	mitotic centrosome separation	1.0	False	0.815267790801396	False	2	0	0.9076338954006979
GO:0071349	cellular response to interleukin-12	1.0	False	0.815627501952379	False	2	0	0.9078137509761894
GO:1902514	regulation of calcium ion transmembrane transport via high voltage-gated calcium channel	1.0	False	0.815627501952379	False	2	0	0.9078137509761894
GO:1903432	regulation of TORC1 signaling	1.0	False	0.815627501952379	False	2	0	0.9078137509761894
GO:0002399	MHC class II protein complex assembly	1.0	False	0.815669827437669	False	2	0	0.9078349137188345
GO:0002503	peptide antigen assembly with MHC class II protein complex	1.0	False	0.815669827437669	False	2	0	0.9078349137188345
GO:0046339	diacylglycerol metabolic process	1.0	False	0.815669827437669	False	2	0	0.9078349137188345
GO:1900076	regulation of cellular response to insulin stimulus	1.0	False	0.816505046672553	False	2	0	0.9082525233362765
GO:0019896	axonal transport of mitochondrion	1.0	False	0.81671387214455	False	2	0	0.908356936072275
GO:2000318	positive regulation of T-helper 17 type immune response	1.0	False	0.81671387214455	False	2	0	0.908356936072275
GO:0031529	ruffle organization	1.0	False	0.816820175639656	False	2	0	0.908410087819828
GO:0070131	positive regulation of mitochondrial translation	1.0	False	0.816867897065768	False	2	0	0.9084339485328841
GO:1902473	regulation of protein localization to synapse	1.0	False	0.816867897065768	False	2	0	0.9084339485328841
GO:1902916	positive regulation of protein polyubiquitination	1.0	False	0.816867897065768	False	2	0	0.9084339485328841
GO:2000434	regulation of protein neddylation	1.0	False	0.816969710472297	False	2	0	0.9084848552361485
GO:0032966	negative regulation of collagen biosynthetic process	1.0	False	0.81708756066759	False	2	0	0.908543780333795
GO:0003356	regulation of cilium beat frequency	1.0	False	0.817353505949374	False	2	0	0.908676752974687
GO:0051235	maintenance of location	1.0	False	0.817353505949374	False	2	0	0.908676752974687
GO:0051651	maintenance of location in cell	1.0	False	0.817353505949374	False	2	0	0.908676752974687
GO:0071679	commissural neuron axon guidance	1.0	False	0.817453786647394	False	2	0	0.9087268933236969
GO:1901659	glycosyl compound biosynthetic process	1.0	False	0.817566902332991	False	2	0	0.9087834511664955
GO:0046777	protein autophosphorylation	0.8185321964223908	False	0.99936322367386	False	2	0	0.9089477100481254
GO:2000058	regulation of ubiquitin-dependent protein catabolic process	1.0	False	0.81800358347221	False	2	0	0.9090017917361051
GO:1903939	regulation of TORC2 signaling	1.0	False	0.81997021266486	False	2	0	0.90998510633243
GO:0051123	RNA polymerase II preinitiation complex assembly	1.0	False	0.820212604337448	False	2	0	0.910106302168724
GO:0046349	amino sugar biosynthetic process	1.0	False	0.820580934333216	False	2	0	0.910290467166608
GO:0071539	protein localization to centrosome	1.0	False	0.820580934333216	False	2	0	0.910290467166608
GO:1902953	positive regulation of ER to Golgi vesicle-mediated transport	1.0	False	0.820580934333216	False	2	0	0.910290467166608
GO:1903859	regulation of dendrite extension	1.0	False	0.820580934333216	False	2	0	0.910290467166608
GO:1905666	regulation of protein localization to endosome	1.0	False	0.821389428240634	False	2	0	0.910694714120317
GO:1901550	regulation of endothelial cell development	1.0	False	0.822342271242943	False	2	0	0.9111711356214716
GO:1905710	positive regulation of membrane permeability	1.0	False	0.822342271242943	False	2	0	0.9111711356214716
GO:0002834	regulation of response to tumor cell	1.0	False	0.823216588139269	False	2	0	0.9116082940696345
GO:0046322	negative regulation of fatty acid oxidation	1.0	False	0.824034198141245	False	2	0	0.9120170990706225
GO:0046710	GDP metabolic process	1.0	False	0.825544360047955	False	2	0	0.9127721800239774
GO:0032048	cardiolipin metabolic process	1.0	False	0.82565765451746	False	2	0	0.9128288272587299
GO:0002791	regulation of peptide secretion	1.0	False	0.826740851455523	False	2	0	0.9133704257277615
GO:0017158	regulation of calcium ion-dependent exocytosis	1.0	False	0.826740851455523	False	2	0	0.9133704257277615
GO:0043549	regulation of kinase activity	1.0	False	0.828541380035009	False	2	0	0.9142706900175045
GO:0099565	chemical synaptic transmission, postsynaptic	1.0	False	0.828541380035009	False	2	0	0.9142706900175045
GO:0048745	smooth muscle tissue development	1.0	False	0.828608613518604	False	2	0	0.914304306759302
GO:0014819	regulation of skeletal muscle contraction	1.0	False	0.829126173829753	False	2	0	0.9145630869148764
GO:1900272	negative regulation of long-term synaptic potentiation	1.0	False	0.829213393939838	False	2	0	0.9146066969699189
GO:1901976	regulation of cell cycle checkpoint	1.0	False	0.829213393939838	False	2	0	0.9146066969699189
GO:0032365	intracellular lipid transport	1.0	False	0.829452139822878	False	2	0	0.914726069911439
GO:0035282	segmentation	1.0	False	0.829787894036994	False	2	0	0.914893947018497
GO:0051480	regulation of cytosolic calcium ion concentration	1.0	False	0.829822477423489	False	2	0	0.9149112387117445
GO:0016242	negative regulation of macroautophagy	1.0	False	0.830107902124725	False	2	0	0.9150539510623625
GO:0042325	regulation of phosphorylation	1.0	False	0.830170107514283	False	2	0	0.9150850537571416
GO:0072359	circulatory system development	1.0	False	0.830384357779076	False	2	0	0.9151921788895381
GO:0061035	regulation of cartilage development	1.0	False	0.830961584616722	False	2	0	0.915480792308361
GO:0044090	positive regulation of vacuole organization	1.0	False	0.833347519384806	False	2	0	0.9166737596924031
GO:0007026	negative regulation of microtubule depolymerization	1.0	False	0.834065793267941	False	2	0	0.9170328966339705
GO:0034284	response to monosaccharide	1.0	False	0.834065793267941	False	2	0	0.9170328966339705
GO:0007187	G protein-coupled receptor signaling pathway, coupled to cyclic nucleotide second messenger	1.0	False	0.834245676164112	False	2	0	0.917122838082056
GO:0033036	macromolecule localization	1.0	False	0.834245676164112	False	2	0	0.917122838082056
GO:0042455	ribonucleoside biosynthetic process	1.0	False	0.834982675150658	False	2	0	0.9174913375753291
GO:0006007	glucose catabolic process	1.0	False	0.835620315892202	False	2	0	0.917810157946101
GO:0006595	polyamine metabolic process	1.0	False	0.835620315892202	False	2	0	0.917810157946101
GO:0033046	negative regulation of sister chromatid segregation	1.0	False	0.835620315892202	False	2	0	0.917810157946101
GO:0033048	negative regulation of mitotic sister chromatid segregation	1.0	False	0.835620315892202	False	2	0	0.917810157946101
GO:0042797	tRNA transcription by RNA polymerase III	1.0	False	0.835620315892202	False	2	0	0.917810157946101
GO:0045686	negative regulation of glial cell differentiation	1.0	False	0.835620315892202	False	2	0	0.917810157946101
GO:0045841	negative regulation of mitotic metaphase/anaphase transition	1.0	False	0.835620315892202	False	2	0	0.917810157946101
GO:0048844	artery morphogenesis	1.0	False	0.835620315892202	False	2	0	0.917810157946101
GO:0051450	myoblast proliferation	1.0	False	0.835620315892202	False	2	0	0.917810157946101
GO:0140627	ubiquitin-dependent protein catabolic process via the C-end degron rule pathway	1.0	False	0.835620315892202	False	2	0	0.917810157946101
GO:1901185	negative regulation of ERBB signaling pathway	1.0	False	0.835620315892202	False	2	0	0.917810157946101
GO:2000816	negative regulation of mitotic sister chromatid separation	1.0	False	0.835620315892202	False	2	0	0.917810157946101
GO:2000648	positive regulation of stem cell proliferation	1.0	False	0.835701938387276	False	2	0	0.9178509691936381
GO:0090335	regulation of brown fat cell differentiation	1.0	False	0.835905035718543	False	2	0	0.9179525178592716
GO:0050654	chondroitin sulfate proteoglycan metabolic process	1.0	False	0.83601322691418	False	2	0	0.91800661345709
GO:0051961	negative regulation of nervous system development	1.0	False	0.83601322691418	False	2	0	0.91800661345709
GO:0055119	relaxation of cardiac muscle	1.0	False	0.83601322691418	False	2	0	0.91800661345709
GO:2000146	negative regulation of cell motility	1.0	False	0.83601322691418	False	2	0	0.91800661345709
GO:2000177	regulation of neural precursor cell proliferation	1.0	False	0.83601322691418	False	2	0	0.91800661345709
GO:0022030	telencephalon glial cell migration	1.0	False	0.836158453697485	False	2	0	0.9180792268487425
GO:0030199	collagen fibril organization	1.0	False	0.836158453697485	False	2	0	0.9180792268487425
GO:0006766	vitamin metabolic process	1.0	False	0.838352748003083	False	2	0	0.9191763740015415
GO:0071472	cellular response to salt stress	1.0	False	0.838352748003083	False	2	0	0.9191763740015415
GO:0050865	regulation of cell activation	1.0	False	0.838935245968821	False	2	0	0.9194676229844105
GO:0086065	cell communication involved in cardiac conduction	1.0	False	0.839100997655417	False	2	0	0.9195504988277086
GO:0008298	intracellular mRNA localization	1.0	False	0.839130483480693	False	2	0	0.9195652417403465
GO:0021575	hindbrain morphogenesis	1.0	False	0.839130483480693	False	2	0	0.9195652417403465
GO:0033628	regulation of cell adhesion mediated by integrin	1.0	False	0.839130483480693	False	2	0	0.9195652417403465
GO:0045494	photoreceptor cell maintenance	1.0	False	0.839130483480693	False	2	0	0.9195652417403465
GO:0045927	positive regulation of growth	1.0	False	0.839130483480693	False	2	0	0.9195652417403465
GO:0048663	neuron fate commitment	1.0	False	0.839130483480693	False	2	0	0.9195652417403465
GO:1902914	regulation of protein polyubiquitination	1.0	False	0.839130483480693	False	2	0	0.9195652417403465
GO:0010248	establishment or maintenance of transmembrane electrochemical gradient	1.0	False	0.839378776306791	False	2	0	0.9196893881533955
GO:0035022	positive regulation of Rac protein signal transduction	1.0	False	0.839378776306791	False	2	0	0.9196893881533955
GO:0031424	keratinization	1.0	False	0.840261171966838	False	2	0	0.920130585983419
GO:0061001	regulation of dendritic spine morphogenesis	1.0	False	0.840282069394912	False	2	0	0.920141034697456
GO:0021602	cranial nerve morphogenesis	1.0	False	0.840662828855524	False	2	0	0.920331414427762
GO:2000319	regulation of T-helper 17 cell differentiation	1.0	False	0.840662828855524	False	2	0	0.920331414427762
GO:0071384	cellular response to corticosteroid stimulus	1.0	False	0.841650319833194	False	2	0	0.9208251599165971
GO:0014046	dopamine secretion	1.0	False	0.841687856169938	False	2	0	0.920843928084969
GO:0015868	purine ribonucleotide transport	1.0	False	0.841687856169938	False	2	0	0.920843928084969
GO:0043534	blood vessel endothelial cell migration	1.0	False	0.842366399507561	False	2	0	0.9211831997537805
GO:0045913	positive regulation of carbohydrate metabolic process	1.0	False	0.842670344213022	False	2	0	0.9213351721065111
GO:0009651	response to salt stress	1.0	False	0.842952245264455	False	2	0	0.9214761226322274
GO:0043243	positive regulation of protein-containing complex disassembly	1.0	False	0.843365430421853	False	2	0	0.9216827152109265
GO:0070723	response to cholesterol	1.0	False	0.843365430421853	False	2	0	0.9216827152109265
GO:0043547	positive regulation of GTPase activity	1.0	False	0.84348179251066	False	2	0	0.92174089625533
GO:0050912	detection of chemical stimulus involved in sensory perception of taste	1.0	False	0.84348179251066	False	2	0	0.92174089625533
GO:0035150	regulation of tube size	1.0	False	0.84390366287663	False	2	0	0.921951831438315
GO:0035296	regulation of tube diameter	1.0	False	0.84390366287663	False	2	0	0.921951831438315
GO:0097746	blood vessel diameter maintenance	1.0	False	0.84390366287663	False	2	0	0.921951831438315
GO:0008334	histone mRNA metabolic process	1.0	False	0.8442791467154	False	2	0	0.9221395733577
GO:0009566	fertilization	1.0	False	0.844319711393159	False	2	0	0.9221598556965795
GO:0032400	melanosome localization	1.0	False	0.844578866623433	False	2	0	0.9222894333117164
GO:0051875	pigment granule localization	1.0	False	0.844578866623433	False	2	0	0.9222894333117164
GO:0099177	regulation of trans-synaptic signaling	1.0	False	0.844884066021626	False	2	0	0.922442033010813
GO:0020027	hemoglobin metabolic process	1.0	False	0.844895110806172	False	2	0	0.922447555403086
GO:0050687	negative regulation of defense response to virus	1.0	False	0.84521407952654	False	2	0	0.92260703976327
GO:0061577	calcium ion transmembrane transport via high voltage-gated calcium channel	1.0	False	0.84521407952654	False	2	0	0.92260703976327
GO:0070207	protein homotrimerization	1.0	False	0.84521407952654	False	2	0	0.92260703976327
GO:0030397	membrane disassembly	1.0	False	0.845358145082266	False	2	0	0.922679072541133
GO:0007006	mitochondrial membrane organization	1.0	False	0.845775286535567	False	2	0	0.9228876432677835
GO:0046184	aldehyde biosynthetic process	1.0	False	0.845775286535567	False	2	0	0.9228876432677835
GO:1900271	regulation of long-term synaptic potentiation	1.0	False	0.845947028752868	False	2	0	0.9229735143764339
GO:0007585	respiratory gaseous exchange by respiratory system	1.0	False	0.846213242458251	False	2	0	0.9231066212291255
GO:0010917	negative regulation of mitochondrial membrane potential	1.0	False	0.846213242458251	False	2	0	0.9231066212291255
GO:0045837	negative regulation of membrane potential	1.0	False	0.846213242458251	False	2	0	0.9231066212291255
GO:0099640	axo-dendritic protein transport	1.0	False	0.846213242458251	False	2	0	0.9231066212291255
GO:2001224	positive regulation of neuron migration	1.0	False	0.846213242458251	False	2	0	0.9231066212291255
GO:0050873	brown fat cell differentiation	1.0	False	0.846299759431166	False	2	0	0.923149879715583
GO:0071322	cellular response to carbohydrate stimulus	1.0	False	0.846299759431166	False	2	0	0.923149879715583
GO:2001138	regulation of phospholipid transport	1.0	False	0.846299759431166	False	2	0	0.923149879715583
GO:2001140	positive regulation of phospholipid transport	1.0	False	0.846299759431166	False	2	0	0.923149879715583
GO:0030242	autophagy of peroxisome	1.0	False	0.846645993226327	False	2	0	0.9233229966131635
GO:0036261	7-methylguanosine cap hypermethylation	1.0	False	0.8472518008296	False	2	0	0.9236259004148
GO:0061450	trophoblast cell migration	1.0	False	0.8472518008296	False	2	0	0.9236259004148
GO:0097421	liver regeneration	1.0	False	0.84757996316516	False	2	0	0.9237899815825801
GO:0110154	RNA decapping	1.0	False	0.84757996316516	False	2	0	0.9237899815825801
GO:0048194	Golgi vesicle budding	1.0	False	0.84803071014191	False	2	0	0.924015355070955
GO:0021952	central nervous system projection neuron axonogenesis	1.0	False	0.848051404357904	False	2	0	0.924025702178952
GO:0098734	macromolecule depalmitoylation	1.0	False	0.848313745535044	False	2	0	0.924156872767522
GO:0071468	cellular response to acidic pH	1.0	False	0.848537370556893	False	2	0	0.9242686852784465
GO:1901623	regulation of lymphocyte chemotaxis	1.0	False	0.848537370556893	False	2	0	0.9242686852784465
GO:0007212	G protein-coupled dopamine receptor signaling pathway	1.0	False	0.848697066415917	False	2	0	0.9243485332079585
GO:0060260	regulation of transcription initiation by RNA polymerase II	1.0	False	0.849124450493217	False	2	0	0.9245622252466086
GO:0055078	sodium ion homeostasis	1.0	False	0.84953325774449	False	2	0	0.9247666288722449
GO:0014745	negative regulation of muscle adaptation	1.0	False	0.851089417860182	False	2	0	0.925544708930091
GO:0042755	eating behavior	1.0	False	0.851381370051406	False	2	0	0.925690685025703
GO:0098911	regulation of ventricular cardiac muscle cell action potential	1.0	False	0.851381370051406	False	2	0	0.925690685025703
GO:0170038	proteinogenic amino acid biosynthetic process	1.0	False	0.851381370051406	False	2	0	0.925690685025703
GO:1901569	fatty acid derivative catabolic process	1.0	False	0.851501208760626	False	2	0	0.925750604380313
GO:0014003	oligodendrocyte development	1.0	False	0.852524717338097	False	2	0	0.9262623586690485
GO:0003352	regulation of cilium movement	1.0	False	0.85264790123014	False	2	0	0.92632395061507
GO:0036010	protein localization to endosome	1.0	False	0.852657120772558	False	2	0	0.926328560386279
GO:0071287	cellular response to manganese ion	1.0	False	0.852657120772558	False	2	0	0.926328560386279
GO:0048145	regulation of fibroblast proliferation	1.0	False	0.852718345341003	False	2	0	0.9263591726705015
GO:0099518	vesicle cytoskeletal trafficking	1.0	False	0.852983852010974	False	2	0	0.926491926005487
GO:0140238	presynaptic endocytosis	1.0	False	0.853137048038506	False	2	0	0.9265685240192529
GO:2000050	regulation of non-canonical Wnt signaling pathway	1.0	False	0.853887741129041	False	2	0	0.9269438705645205
GO:0010458	exit from mitosis	1.0	False	0.85436159469398	False	2	0	0.92718079734699
GO:0045956	positive regulation of calcium ion-dependent exocytosis	1.0	False	0.855217571651667	False	2	0	0.9276087858258335
GO:0006084	acetyl-CoA metabolic process	1.0	False	0.855228436764389	False	2	0	0.9276142183821945
GO:0010770	positive regulation of cell morphogenesis	1.0	False	0.855228436764389	False	2	0	0.9276142183821945
GO:0010988	regulation of low-density lipoprotein particle clearance	1.0	False	0.855228436764389	False	2	0	0.9276142183821945
GO:0012501	programmed cell death	1.0	False	0.855228436764389	False	2	0	0.9276142183821945
GO:0032790	ribosome disassembly	1.0	False	0.855228436764389	False	2	0	0.9276142183821945
GO:0032943	mononuclear cell proliferation	1.0	False	0.855228436764389	False	2	0	0.9276142183821945
GO:0034698	response to gonadotropin	1.0	False	0.855228436764389	False	2	0	0.9276142183821945
GO:0035795	negative regulation of mitochondrial membrane permeability	1.0	False	0.855228436764389	False	2	0	0.9276142183821945
GO:0042276	error-prone translesion synthesis	1.0	False	0.855228436764389	False	2	0	0.9276142183821945
GO:0044703	multi-organism reproductive process	1.0	False	0.855228436764389	False	2	0	0.9276142183821945
GO:0045746	negative regulation of Notch signaling pathway	1.0	False	0.855228436764389	False	2	0	0.9276142183821945
GO:0051133	regulation of NK T cell activation	1.0	False	0.855228436764389	False	2	0	0.9276142183821945
GO:0051954	positive regulation of amine transport	1.0	False	0.855228436764389	False	2	0	0.9276142183821945
GO:0060079	excitatory postsynaptic potential	1.0	False	0.855228436764389	False	2	0	0.9276142183821945
GO:0070227	lymphocyte apoptotic process	1.0	False	0.855228436764389	False	2	0	0.9276142183821945
GO:0071230	cellular response to amino acid stimulus	1.0	False	0.855228436764389	False	2	0	0.9276142183821945
GO:0071542	dopaminergic neuron differentiation	1.0	False	0.855228436764389	False	2	0	0.9276142183821945
GO:0072497	mesenchymal stem cell differentiation	1.0	False	0.855228436764389	False	2	0	0.9276142183821945
GO:0086001	cardiac muscle cell action potential	1.0	False	0.855228436764389	False	2	0	0.9276142183821945
GO:1900006	positive regulation of dendrite development	1.0	False	0.855228436764389	False	2	0	0.9276142183821945
GO:1903320	regulation of protein modification by small protein conjugation or removal	1.0	False	0.855228436764389	False	2	0	0.9276142183821945
GO:1904738	vascular associated smooth muscle cell migration	1.0	False	0.855228436764389	False	2	0	0.9276142183821945
GO:1905564	positive regulation of vascular endothelial cell proliferation	1.0	False	0.855228436764389	False	2	0	0.9276142183821945
GO:2000142	regulation of DNA-templated transcription initiation	1.0	False	0.855228436764389	False	2	0	0.9276142183821945
GO:2000516	positive regulation of CD4-positive, alpha-beta T cell activation	1.0	False	0.855228436764389	False	2	0	0.9276142183821945
GO:0008219	cell death	1.0	False	0.855287350887375	False	2	0	0.9276436754436874
GO:0045132	meiotic chromosome segregation	1.0	False	0.855529155491485	False	2	0	0.9277645777457425
GO:0050804	modulation of chemical synaptic transmission	1.0	False	0.856583655534655	False	2	0	0.9282918277673275
GO:0046651	lymphocyte proliferation	1.0	False	0.856624401677245	False	2	0	0.9283122008386224
GO:0021536	diencephalon development	1.0	False	0.857069342772121	False	2	0	0.9285346713860605
GO:0031110	regulation of microtubule polymerization or depolymerization	1.0	False	0.857069342772121	False	2	0	0.9285346713860605
GO:1904019	epithelial cell apoptotic process	1.0	False	0.857069342772121	False	2	0	0.9285346713860605
GO:0051955	regulation of amino acid transport	1.0	False	0.857618504588695	False	2	0	0.9288092522943475
GO:0061082	myeloid leukocyte cytokine production	1.0	False	0.85829245412911	False	2	0	0.929146227064555
GO:0051953	negative regulation of amine transport	1.0	False	0.858403094605665	False	2	0	0.9292015473028326
GO:0002424	T cell mediated immune response to tumor cell	1.0	False	0.858531554874757	False	2	0	0.9292657774373785
GO:0006497	protein lipidation	1.0	False	0.858531554874757	False	2	0	0.9292657774373785
GO:1902176	negative regulation of oxidative stress-induced intrinsic apoptotic signaling pathway	1.0	False	0.858531554874757	False	2	0	0.9292657774373785
GO:0046618	xenobiotic export from cell	1.0	False	0.858631220779768	False	2	0	0.929315610389884
GO:2000279	negative regulation of DNA biosynthetic process	1.0	False	0.858631220779768	False	2	0	0.929315610389884
GO:0140896	cGAS/STING signaling pathway	1.0	False	0.858875151860262	False	2	0	0.929437575930131
GO:0043249	erythrocyte maturation	1.0	False	0.859186881767294	False	2	0	0.929593440883647
GO:0051894	positive regulation of focal adhesion assembly	1.0	False	0.859186881767294	False	2	0	0.929593440883647
GO:0000302	response to reactive oxygen species	1.0	False	0.859204231257873	False	2	0	0.9296021156289365
GO:0060998	regulation of dendritic spine development	1.0	False	0.859204231257873	False	2	0	0.9296021156289365
GO:0030865	cortical cytoskeleton organization	1.0	False	0.85939146978931	False	2	0	0.9296957348946551
GO:0046148	pigment biosynthetic process	1.0	False	0.85939146978931	False	2	0	0.9296957348946551
GO:0060261	positive regulation of transcription initiation by RNA polymerase II	1.0	False	0.85939146978931	False	2	0	0.9296957348946551
GO:0097484	dendrite extension	1.0	False	0.859432906089359	False	2	0	0.9297164530446795
GO:0034393	positive regulation of smooth muscle cell apoptotic process	1.0	False	0.860329865614389	False	2	0	0.9301649328071945
GO:0008211	glucocorticoid metabolic process	1.0	False	0.860778763168417	False	2	0	0.9303893815842085
GO:0010965	regulation of mitotic sister chromatid separation	1.0	False	0.860778763168417	False	2	0	0.9303893815842085
GO:0021591	ventricular system development	1.0	False	0.860778763168417	False	2	0	0.9303893815842085
GO:0090630	activation of GTPase activity	1.0	False	0.860778763168417	False	2	0	0.9303893815842085
GO:0010561	negative regulation of glycoprotein biosynthetic process	1.0	False	0.861266322414252	False	2	0	0.930633161207126
GO:0032291	axon ensheathment in central nervous system	1.0	False	0.861266322414252	False	2	0	0.930633161207126
GO:0032688	negative regulation of interferon-beta production	1.0	False	0.861266322414252	False	2	0	0.930633161207126
GO:0046058	cAMP metabolic process	1.0	False	0.861266322414252	False	2	0	0.930633161207126
GO:0141124	intracellular signaling cassette	1.0	False	0.861266322414252	False	2	0	0.930633161207126
GO:0008206	bile acid metabolic process	1.0	False	0.861469794972707	False	2	0	0.9307348974863535
GO:0010662	regulation of striated muscle cell apoptotic process	1.0	False	0.861469794972707	False	2	0	0.9307348974863535
GO:0010765	positive regulation of sodium ion transport	1.0	False	0.861469794972707	False	2	0	0.9307348974863535
GO:0032874	positive regulation of stress-activated MAPK cascade	1.0	False	0.861469794972707	False	2	0	0.9307348974863535
GO:0043650	dicarboxylic acid biosynthetic process	1.0	False	0.861469794972707	False	2	0	0.9307348974863535
GO:0044320	cellular response to leptin stimulus	1.0	False	0.861469794972707	False	2	0	0.9307348974863535
GO:0048015	phosphatidylinositol-mediated signaling	1.0	False	0.861469794972707	False	2	0	0.9307348974863535
GO:0060563	neuroepithelial cell differentiation	1.0	False	0.861469794972707	False	2	0	0.9307348974863535
GO:0070304	positive regulation of stress-activated protein kinase signaling cascade	1.0	False	0.861469794972707	False	2	0	0.9307348974863535
GO:0000271	polysaccharide biosynthetic process	1.0	False	0.86213299742438	False	2	0	0.9310664987121899
GO:0046716	muscle cell cellular homeostasis	1.0	False	0.86213299742438	False	2	0	0.9310664987121899
GO:0070922	RISC complex assembly	1.0	False	0.86213299742438	False	2	0	0.9310664987121899
GO:0090100	positive regulation of transmembrane receptor protein serine/threonine kinase signaling pathway	1.0	False	0.86213299742438	False	2	0	0.9310664987121899
GO:1903727	positive regulation of phospholipid metabolic process	1.0	False	0.86213299742438	False	2	0	0.9310664987121899
GO:0002902	regulation of B cell apoptotic process	1.0	False	0.862872939804753	False	2	0	0.9314364699023765
GO:0006470	protein dephosphorylation	1.0	False	0.86309946069435	False	2	0	0.9315497303471749
GO:0035493	SNARE complex assembly	1.0	False	0.86309946069435	False	2	0	0.9315497303471749
GO:1904705	regulation of vascular associated smooth muscle cell proliferation	1.0	False	0.86309946069435	False	2	0	0.9315497303471749
GO:2000026	regulation of multicellular organismal development	1.0	False	0.86309946069435	False	2	0	0.9315497303471749
GO:0003283	atrial septum development	1.0	False	0.863192040884365	False	2	0	0.9315960204421825
GO:0007632	visual behavior	1.0	False	0.863214686868306	False	2	0	0.931607343434153
GO:1905091	positive regulation of type 2 mitophagy	1.0	False	0.863214686868306	False	2	0	0.931607343434153
GO:0070884	regulation of calcineurin-NFAT signaling cascade	1.0	False	0.863817463618961	False	2	0	0.9319087318094805
GO:0106056	regulation of calcineurin-mediated signaling	1.0	False	0.863817463618961	False	2	0	0.9319087318094805
GO:0044321	response to leptin	1.0	False	0.865749020837434	False	2	0	0.932874510418717
GO:0035773	insulin secretion involved in cellular response to glucose stimulus	1.0	False	0.866097684118385	False	2	0	0.9330488420591925
GO:0045722	positive regulation of gluconeogenesis	1.0	False	0.866097684118385	False	2	0	0.9330488420591925
GO:0097107	postsynaptic density assembly	1.0	False	0.866203682457188	False	2	0	0.9331018412285941
GO:0060384	innervation	1.0	False	0.866439273411246	False	2	0	0.933219636705623
GO:0006623	protein targeting to vacuole	1.0	False	0.867560757396427	False	2	0	0.9337803786982135
GO:0007175	negative regulation of epidermal growth factor-activated receptor activity	1.0	False	0.868778866926546	False	2	0	0.934389433463273
GO:0060628	regulation of ER to Golgi vesicle-mediated transport	1.0	False	0.868778866926546	False	2	0	0.934389433463273
GO:0042698	ovulation cycle	1.0	False	0.868815114594655	False	2	0	0.9344075572973275
GO:0000281	mitotic cytokinesis	1.0	False	0.868916396508062	False	2	0	0.934458198254031
GO:0010812	negative regulation of cell-substrate adhesion	1.0	False	0.868916396508062	False	2	0	0.934458198254031
GO:0050775	positive regulation of dendrite morphogenesis	1.0	False	0.868916396508062	False	2	0	0.934458198254031
GO:0014047	glutamate secretion	1.0	False	0.869105185910226	False	2	0	0.9345525929551131
GO:0043279	response to alkaloid	1.0	False	0.869105185910226	False	2	0	0.9345525929551131
GO:0098609	cell-cell adhesion	1.0	False	0.869289261469117	False	2	0	0.9346446307345585
GO:0039692	single stranded viral RNA replication via double stranded DNA intermediate	1.0	False	0.869407628777458	False	2	0	0.934703814388729
GO:0098656	monoatomic anion transmembrane transport	1.0	False	0.869407628777458	False	2	0	0.934703814388729
GO:2000144	positive regulation of DNA-templated transcription initiation	1.0	False	0.869407628777458	False	2	0	0.934703814388729
GO:0021696	cerebellar cortex morphogenesis	1.0	False	0.869453867926447	False	2	0	0.9347269339632235
GO:1900078	positive regulation of cellular response to insulin stimulus	1.0	False	0.869453867926447	False	2	0	0.9347269339632235
GO:0006555	methionine metabolic process	1.0	False	0.869704205757833	False	2	0	0.9348521028789165
GO:0010719	negative regulation of epithelial to mesenchymal transition	1.0	False	0.869704205757833	False	2	0	0.9348521028789165
GO:0035794	positive regulation of mitochondrial membrane permeability	1.0	False	0.869704205757833	False	2	0	0.9348521028789165
GO:0046341	CDP-diacylglycerol metabolic process	1.0	False	0.869704205757833	False	2	0	0.9348521028789165
GO:0003309	type B pancreatic cell differentiation	1.0	False	0.870679030928958	False	2	0	0.935339515464479
GO:0003323	type B pancreatic cell development	1.0	False	0.870679030928958	False	2	0	0.935339515464479
GO:0002837	regulation of immune response to tumor cell	1.0	False	0.871220280944644	False	2	0	0.935610140472322
GO:0048308	organelle inheritance	1.0	False	0.871510786420608	False	2	0	0.935755393210304
GO:0048313	Golgi inheritance	1.0	False	0.871510786420608	False	2	0	0.935755393210304
GO:1990138	neuron projection extension	1.0	False	0.871510786420608	False	2	0	0.935755393210304
GO:0031929	TOR signaling	1.0	False	0.872015497121419	False	2	0	0.9360077485607095
GO:1904036	negative regulation of epithelial cell apoptotic process	1.0	False	0.872149542425207	False	2	0	0.9360747712126035
GO:0050667	homocysteine metabolic process	1.0	False	0.872187417868199	False	2	0	0.9360937089340995
GO:0051988	regulation of attachment of spindle microtubules to kinetochore	1.0	False	0.872187417868199	False	2	0	0.9360937089340995
GO:0007096	regulation of exit from mitosis	1.0	False	0.872571873306498	False	2	0	0.936285936653249
GO:0090307	mitotic spindle assembly	1.0	False	0.872571873306498	False	2	0	0.936285936653249
GO:0007369	gastrulation	1.0	False	0.872718595461548	False	2	0	0.936359297730774
GO:0051222	positive regulation of protein transport	1.0	False	0.874189249131431	False	2	0	0.9370946245657155
GO:0051985	negative regulation of chromosome segregation	1.0	False	0.874189249131431	False	2	0	0.9370946245657155
GO:1901655	cellular response to ketone	1.0	False	0.874189249131431	False	2	0	0.9370946245657155
GO:2000010	positive regulation of protein localization to cell surface	1.0	False	0.874605908381285	False	2	0	0.9373029541906426
GO:0033629	negative regulation of cell adhesion mediated by integrin	1.0	False	0.875346893470338	False	2	0	0.9376734467351691
GO:0010001	glial cell differentiation	1.0	False	0.8755630896597	False	2	0	0.93778154482985
GO:0031272	regulation of pseudopodium assembly	1.0	False	0.8755630896597	False	2	0	0.93778154482985
GO:0031274	positive regulation of pseudopodium assembly	1.0	False	0.8755630896597	False	2	0	0.93778154482985
GO:0045348	positive regulation of MHC class II biosynthetic process	1.0	False	0.8755630896597	False	2	0	0.93778154482985
GO:0046940	nucleoside monophosphate phosphorylation	1.0	False	0.8755630896597	False	2	0	0.93778154482985
GO:0051101	regulation of DNA binding	1.0	False	0.8755630896597	False	2	0	0.93778154482985
GO:0006936	muscle contraction	1.0	False	0.876623107965377	False	2	0	0.9383115539826885
GO:0000393	spliceosomal conformational changes to generate catalytic conformation	1.0	False	0.87689434222026	False	2	0	0.93844717111013
GO:0051223	regulation of protein transport	1.0	False	0.876896336672356	False	2	0	0.9384481683361781
GO:0044092	negative regulation of molecular function	1.0	False	0.877033001246686	False	2	0	0.938516500623343
GO:0086010	membrane depolarization during action potential	1.0	False	0.877033001246686	False	2	0	0.938516500623343
GO:0010631	epithelial cell migration	1.0	False	0.877571850070484	False	2	0	0.9387859250352419
GO:0090132	epithelium migration	1.0	False	0.877571850070484	False	2	0	0.9387859250352419
GO:0042407	cristae formation	1.0	False	0.877701414069167	False	2	0	0.9388507070345835
GO:0006099	tricarboxylic acid cycle	1.0	False	0.878194644532611	False	2	0	0.9390973222663055
GO:2000328	regulation of T-helper 17 cell lineage commitment	1.0	False	0.878476733081801	False	2	0	0.9392383665409005
GO:0001707	mesoderm formation	1.0	False	0.878824057493033	False	2	0	0.9394120287465165
GO:0006883	intracellular sodium ion homeostasis	1.0	False	0.878824057493033	False	2	0	0.9394120287465165
GO:0034497	protein localization to phagophore assembly site	1.0	False	0.878824057493033	False	2	0	0.9394120287465165
GO:0048332	mesoderm morphogenesis	1.0	False	0.878824057493033	False	2	0	0.9394120287465165
GO:0048708	astrocyte differentiation	1.0	False	0.878824057493033	False	2	0	0.9394120287465165
GO:0015802	basic amino acid transport	1.0	False	0.879580220532374	False	2	0	0.939790110266187
GO:0046856	phosphatidylinositol dephosphorylation	1.0	False	0.879580220532374	False	2	0	0.939790110266187
GO:2000369	regulation of clathrin-dependent endocytosis	1.0	False	0.879580220532374	False	2	0	0.939790110266187
GO:0007084	mitotic nuclear membrane reassembly	1.0	False	0.879658579474475	False	2	0	0.9398292897372376
GO:0021872	forebrain generation of neurons	1.0	False	0.879658579474475	False	2	0	0.9398292897372376
GO:0032944	regulation of mononuclear cell proliferation	1.0	False	0.879658579474475	False	2	0	0.9398292897372376
GO:0048172	regulation of short-term neuronal synaptic plasticity	1.0	False	0.879658579474475	False	2	0	0.9398292897372376
GO:0050433	regulation of catecholamine secretion	1.0	False	0.879658579474475	False	2	0	0.9398292897372376
GO:0051445	regulation of meiotic cell cycle	1.0	False	0.879658579474475	False	2	0	0.9398292897372376
GO:0061178	regulation of insulin secretion involved in cellular response to glucose stimulus	1.0	False	0.879658579474475	False	2	0	0.9398292897372376
GO:0099084	postsynaptic specialization organization	1.0	False	0.879658579474475	False	2	0	0.9398292897372376
GO:0101024	mitotic nuclear membrane organization	1.0	False	0.879658579474475	False	2	0	0.9398292897372376
GO:0106300	protein-DNA covalent cross-linking repair	1.0	False	0.879658579474475	False	2	0	0.9398292897372376
GO:1900101	regulation of endoplasmic reticulum unfolded protein response	1.0	False	0.879658579474475	False	2	0	0.9398292897372376
GO:1903076	regulation of protein localization to plasma membrane	1.0	False	0.879658579474475	False	2	0	0.9398292897372376
GO:2000677	regulation of transcription regulatory region DNA binding	1.0	False	0.879658579474475	False	2	0	0.9398292897372376
GO:0042761	very long-chain fatty acid biosynthetic process	1.0	False	0.879691747852253	False	2	0	0.9398458739261265
GO:0071392	cellular response to estradiol stimulus	1.0	False	0.879759226494254	False	2	0	0.939879613247127
GO:0021766	hippocampus development	1.0	False	0.880730835119337	False	2	0	0.9403654175596685
GO:0055093	response to hyperoxia	1.0	False	0.8807841656853	False	2	0	0.94039208284265
GO:0001956	positive regulation of neurotransmitter secretion	1.0	False	0.881188903563725	False	2	0	0.9405944517818625
GO:0060291	long-term synaptic potentiation	1.0	False	0.881683224834602	False	2	0	0.940841612417301
GO:0042063	gliogenesis	1.0	False	0.882547563214517	False	2	0	0.9412737816072585
GO:0048646	anatomical structure formation involved in morphogenesis	0.9044755719354204	False	0.97848120612002	False	2	0	0.9414783890277202
GO:0031401	positive regulation of protein modification process	1.0	False	0.883499624460419	False	2	0	0.9417498122302095
GO:0035162	embryonic hemopoiesis	1.0	False	0.883499624460419	False	2	0	0.9417498122302095
GO:0072210	metanephric nephron development	1.0	False	0.884766174300948	False	2	0	0.9423830871504739
GO:0010447	response to acidic pH	1.0	False	0.884812644389103	False	2	0	0.9424063221945516
GO:1990778	protein localization to cell periphery	1.0	False	0.885526525144923	False	2	0	0.9427632625724616
GO:0003176	aortic valve development	1.0	False	0.886031673998947	False	2	0	0.9430158369994734
GO:0009112	nucleobase metabolic process	1.0	False	0.88702134953971	False	2	0	0.943510674769855
GO:0071320	cellular response to cAMP	1.0	False	0.88702134953971	False	2	0	0.943510674769855
GO:0014013	regulation of gliogenesis	1.0	False	0.887188227235143	False	2	0	0.9435941136175715
GO:0042326	negative regulation of phosphorylation	1.0	False	0.887188227235143	False	2	0	0.9435941136175715
GO:0001325	formation of extrachromosomal circular DNA	1.0	False	0.88739682417805	False	2	0	0.943698412089025
GO:0006839	mitochondrial transport	1.0	False	0.88739682417805	False	2	0	0.943698412089025
GO:0032507	maintenance of protein location in cell	1.0	False	0.88739682417805	False	2	0	0.943698412089025
GO:0033673	negative regulation of kinase activity	1.0	False	0.88739682417805	False	2	0	0.943698412089025
GO:0045185	maintenance of protein location	1.0	False	0.88739682417805	False	2	0	0.943698412089025
GO:0090656	t-circle formation	1.0	False	0.88739682417805	False	2	0	0.943698412089025
GO:0090737	telomere maintenance via telomere trimming	1.0	False	0.88739682417805	False	2	0	0.943698412089025
GO:1903897	regulation of PERK-mediated unfolded protein response	1.0	False	0.88739682417805	False	2	0	0.943698412089025
GO:0045596	negative regulation of cell differentiation	1.0	False	0.888359605580097	False	2	0	0.9441798027900485
GO:0045619	regulation of lymphocyte differentiation	1.0	False	0.890547361447766	False	2	0	0.9452736807238831
GO:2000191	regulation of fatty acid transport	1.0	False	0.890547361447766	False	2	0	0.9452736807238831
GO:0009220	pyrimidine ribonucleotide biosynthetic process	1.0	False	0.890566400018623	False	2	0	0.9452832000093114
GO:0031098	stress-activated protein kinase signaling cascade	1.0	False	0.890566400018623	False	2	0	0.9452832000093114
GO:0006611	protein export from nucleus	1.0	False	0.890998353189729	False	2	0	0.9454991765948645
GO:0044706	multi-multicellular organism process	1.0	False	0.891037286515413	False	2	0	0.9455186432577065
GO:0050670	regulation of lymphocyte proliferation	1.0	False	0.891462035937122	False	2	0	0.945731017968561
GO:1902624	positive regulation of neutrophil migration	1.0	False	0.891692832415871	False	2	0	0.9458464162079355
GO:0009225	nucleotide-sugar metabolic process	1.0	False	0.892163017028245	False	2	0	0.9460815085141225
GO:0021675	nerve development	1.0	False	0.892163017028245	False	2	0	0.9460815085141225
GO:0021854	hypothalamus development	1.0	False	0.892163017028245	False	2	0	0.9460815085141225
GO:0055081	monoatomic anion homeostasis	1.0	False	0.892163017028245	False	2	0	0.9460815085141225
GO:0072677	eosinophil migration	1.0	False	0.892163017028245	False	2	0	0.9460815085141225
GO:0035435	phosphate ion transmembrane transport	1.0	False	0.892516964877221	False	2	0	0.9462584824386104
GO:0003298	physiological muscle hypertrophy	1.0	False	0.892799866172462	False	2	0	0.9463999330862309
GO:0003301	physiological cardiac muscle hypertrophy	1.0	False	0.892799866172462	False	2	0	0.9463999330862309
GO:0048701	embryonic cranial skeleton morphogenesis	1.0	False	0.892799866172462	False	2	0	0.9463999330862309
GO:0061049	cell growth involved in cardiac muscle cell development	1.0	False	0.892799866172462	False	2	0	0.9463999330862309
GO:0009408	response to heat	1.0	False	0.893571430528004	False	2	0	0.946785715264002
GO:0071248	cellular response to metal ion	1.0	False	0.893571430528004	False	2	0	0.946785715264002
GO:0097306	cellular response to alcohol	1.0	False	0.893571430528004	False	2	0	0.946785715264002
GO:0007288	sperm axoneme assembly	1.0	False	0.893940167871387	False	2	0	0.9469700839356935
GO:0035929	steroid hormone secretion	1.0	False	0.893940167871387	False	2	0	0.9469700839356935
GO:0045761	regulation of adenylate cyclase activity	1.0	False	0.893940167871387	False	2	0	0.9469700839356935
GO:0098840	protein transport along microtubule	1.0	False	0.893940167871387	False	2	0	0.9469700839356935
GO:0099118	microtubule-based protein transport	1.0	False	0.893940167871387	False	2	0	0.9469700839356935
GO:0006458	'de novo' protein folding	1.0	False	0.893963234931703	False	2	0	0.9469816174658515
GO:0015701	bicarbonate transport	1.0	False	0.894201987471657	False	2	0	0.9471009937358286
GO:0034144	negative regulation of toll-like receptor 4 signaling pathway	1.0	False	0.894201987471657	False	2	0	0.9471009937358286
GO:0050982	detection of mechanical stimulus	1.0	False	0.894201987471657	False	2	0	0.9471009937358286
GO:0150052	regulation of postsynapse assembly	1.0	False	0.894201987471657	False	2	0	0.9471009937358286
GO:0043616	keratinocyte proliferation	1.0	False	0.894969185550041	False	2	0	0.9474845927750205
GO:0001933	negative regulation of protein phosphorylation	1.0	False	0.89498970520428	False	2	0	0.9474948526021401
GO:0006367	transcription initiation at RNA polymerase II promoter	1.0	False	0.89498970520428	False	2	0	0.9474948526021401
GO:0032872	regulation of stress-activated MAPK cascade	1.0	False	0.89498970520428	False	2	0	0.9474948526021401
GO:0046676	negative regulation of insulin secretion	1.0	False	0.895532009575039	False	2	0	0.9477660047875195
GO:0009101	glycoprotein biosynthetic process	1.0	False	0.895655229935797	False	2	0	0.9478276149678986
GO:0070482	response to oxygen levels	1.0	False	0.896281234515538	False	2	0	0.948140617257769
GO:0010669	epithelial structure maintenance	1.0	False	0.897013913291272	False	2	0	0.948506956645636
GO:0043174	nucleoside salvage	1.0	False	0.897209184666831	False	2	0	0.9486045923334154
GO:1903055	positive regulation of extracellular matrix organization	1.0	False	0.897209184666831	False	2	0	0.9486045923334154
GO:2000622	regulation of nuclear-transcribed mRNA catabolic process, nonsense-mediated decay	1.0	False	0.897209184666831	False	2	0	0.9486045923334154
GO:0046686	response to cadmium ion	1.0	False	0.897787230409921	False	2	0	0.9488936152049605
GO:0007289	spermatid nucleus differentiation	1.0	False	0.897977874640098	False	2	0	0.9489889373200491
GO:0032332	positive regulation of chondrocyte differentiation	1.0	False	0.897977874640098	False	2	0	0.9489889373200491
GO:0048483	autonomic nervous system development	1.0	False	0.897977874640098	False	2	0	0.9489889373200491
GO:0099054	presynapse assembly	1.0	False	0.898272767023114	False	2	0	0.9491363835115569
GO:0035973	aggrephagy	1.0	False	0.898704793035212	False	2	0	0.9493523965176061
GO:0051315	attachment of mitotic spindle microtubules to kinetochore	1.0	False	0.898704793035212	False	2	0	0.9493523965176061
GO:1903169	regulation of calcium ion transmembrane transport	1.0	False	0.89917771725375	False	2	0	0.949588858626875
GO:0032885	regulation of polysaccharide biosynthetic process	1.0	False	0.899772703832549	False	2	0	0.9498863519162746
GO:0043297	apical junction assembly	1.0	False	0.89991850913099	False	2	0	0.949959254565495
GO:0010819	regulation of T cell chemotaxis	1.0	False	0.900000655365753	False	2	0	0.9500003276828766
GO:0014856	skeletal muscle cell proliferation	1.0	False	0.900000655365753	False	2	0	0.9500003276828766
GO:0045869	negative regulation of single stranded viral RNA replication via double stranded DNA intermediate	1.0	False	0.900000655365753	False	2	0	0.9500003276828766
GO:0060284	regulation of cell development	1.0	False	0.900000655365753	False	2	0	0.9500003276828766
GO:0090224	regulation of spindle organization	1.0	False	0.900000655365753	False	2	0	0.9500003276828766
GO:1902307	positive regulation of sodium ion transmembrane transport	1.0	False	0.900000655365753	False	2	0	0.9500003276828766
GO:0007044	cell-substrate junction assembly	1.0	False	0.900021676982494	False	2	0	0.950010838491247
GO:0070168	negative regulation of biomineral tissue development	1.0	False	0.900021676982494	False	2	0	0.950010838491247
GO:0072537	fibroblast activation	1.0	False	0.902425662512335	False	2	0	0.9512128312561675
GO:0045542	positive regulation of cholesterol biosynthetic process	1.0	False	0.902516051645784	False	2	0	0.951258025822892
GO:0106120	positive regulation of sterol biosynthetic process	1.0	False	0.902516051645784	False	2	0	0.951258025822892
GO:1905089	regulation of type 2 mitophagy	1.0	False	0.902516051645784	False	2	0	0.951258025822892
GO:0046661	male sex differentiation	1.0	False	0.903310365811903	False	2	0	0.9516551829059515
GO:0051924	regulation of calcium ion transport	1.0	False	0.903310365811903	False	2	0	0.9516551829059515
GO:0099151	regulation of postsynaptic density assembly	1.0	False	0.903310365811903	False	2	0	0.9516551829059515
GO:0060976	coronary vasculature development	1.0	False	0.903735504076904	False	2	0	0.951867752038452
GO:1904321	response to forskolin	1.0	False	0.903735504076904	False	2	0	0.951867752038452
GO:0006670	sphingosine metabolic process	1.0	False	0.904343387031964	False	2	0	0.9521716935159821
GO:0010658	striated muscle cell apoptotic process	1.0	False	0.904343387031964	False	2	0	0.9521716935159821
GO:0032410	negative regulation of transporter activity	1.0	False	0.904343387031964	False	2	0	0.9521716935159821
GO:0071218	cellular response to misfolded protein	1.0	False	0.905178200989323	False	2	0	0.9525891004946615
GO:0098885	modification of postsynaptic actin cytoskeleton	1.0	False	0.905178200989323	False	2	0	0.9525891004946615
GO:1900449	regulation of glutamate receptor signaling pathway	1.0	False	0.905613331515804	False	2	0	0.952806665757902
GO:1905562	regulation of vascular endothelial cell proliferation	1.0	False	0.905940820896145	False	2	0	0.9529704104480725
GO:1905475	regulation of protein localization to membrane	1.0	False	0.906621262833862	False	2	0	0.9533106314169311
GO:0051154	negative regulation of striated muscle cell differentiation	1.0	False	0.906635114197592	False	2	0	0.953317557098796
GO:0006103	2-oxoglutarate metabolic process	1.0	False	0.906766465143067	False	2	0	0.9533832325715335
GO:1901879	regulation of protein depolymerization	1.0	False	0.907078508482001	False	2	0	0.9535392542410005
GO:1903490	positive regulation of mitotic cytokinesis	1.0	False	0.907078508482001	False	2	0	0.9535392542410005
GO:0010713	negative regulation of collagen metabolic process	1.0	False	0.907235514437432	False	2	0	0.953617757218716
GO:0044029	positive regulation of gene expression via chromosomal CpG island demethylation	1.0	False	0.907235514437432	False	2	0	0.953617757218716
GO:0050798	activated T cell proliferation	1.0	False	0.907235514437432	False	2	0	0.953617757218716
GO:1903846	positive regulation of cellular response to transforming growth factor beta stimulus	1.0	False	0.907235514437432	False	2	0	0.953617757218716
GO:0001709	cell fate determination	1.0	False	0.907724866926685	False	2	0	0.9538624334633425
GO:0046189	phenol-containing compound biosynthetic process	1.0	False	0.907724866926685	False	2	0	0.9538624334633425
GO:0051882	mitochondrial depolarization	1.0	False	0.907724866926685	False	2	0	0.9538624334633425
GO:0090278	negative regulation of peptide hormone secretion	1.0	False	0.907724866926685	False	2	0	0.9538624334633425
GO:0062099	negative regulation of programmed necrotic cell death	1.0	False	0.908562101422322	False	2	0	0.954281050711161
GO:0071549	cellular response to dexamethasone stimulus	1.0	False	0.908875758892016	False	2	0	0.954437879446008
GO:0009123	nucleoside monophosphate metabolic process	1.0	False	0.909172264977863	False	2	0	0.9545861324889315
GO:0009208	pyrimidine ribonucleoside triphosphate metabolic process	1.0	False	0.909172264977863	False	2	0	0.9545861324889315
GO:0032330	regulation of chondrocyte differentiation	1.0	False	0.909172264977863	False	2	0	0.9545861324889315
GO:0032941	secretion by tissue	1.0	False	0.909172264977863	False	2	0	0.9545861324889315
GO:0038203	TORC2 signaling	1.0	False	0.909172264977863	False	2	0	0.9545861324889315
GO:0043632	modification-dependent macromolecule catabolic process	1.0	False	0.909172264977863	False	2	0	0.9545861324889315
GO:1900242	regulation of synaptic vesicle endocytosis	1.0	False	0.909172264977863	False	2	0	0.9545861324889315
GO:1901875	positive regulation of post-translational protein modification	1.0	False	0.909172264977863	False	2	0	0.9545861324889315
GO:0001101	response to acid chemical	1.0	False	0.909874244137924	False	2	0	0.954937122068962
GO:0002712	regulation of B cell mediated immunity	1.0	False	0.910615228961797	False	2	0	0.9553076144808985
GO:0002889	regulation of immunoglobulin mediated immune response	1.0	False	0.910615228961797	False	2	0	0.9553076144808985
GO:0051383	kinetochore organization	1.0	False	0.910615228961797	False	2	0	0.9553076144808985
GO:0072599	establishment of protein localization to endoplasmic reticulum	1.0	False	0.910615228961797	False	2	0	0.9553076144808985
GO:0035272	exocrine system development	1.0	False	0.910942881882673	False	2	0	0.9554714409413365
GO:0060080	inhibitory postsynaptic potential	1.0	False	0.910942881882673	False	2	0	0.9554714409413365
GO:0060795	cell fate commitment involved in formation of primary germ layer	1.0	False	0.910942881882673	False	2	0	0.9554714409413365
GO:0090336	positive regulation of brown fat cell differentiation	1.0	False	0.910942881882673	False	2	0	0.9554714409413365
GO:0090497	mesenchymal cell migration	1.0	False	0.910942881882673	False	2	0	0.9554714409413365
GO:0110076	negative regulation of ferroptosis	1.0	False	0.910942881882673	False	2	0	0.9554714409413365
GO:1904892	regulation of receptor signaling pathway via STAT	1.0	False	0.911543170259752	False	2	0	0.955771585129876
GO:0033687	osteoblast proliferation	1.0	False	0.911982921106845	False	2	0	0.9559914605534225
GO:0030534	adult behavior	1.0	False	0.912097226121332	False	2	0	0.956048613060666
GO:0071548	response to dexamethasone	1.0	False	0.912235244726642	False	2	0	0.956117622363321
GO:0033555	multicellular organismal response to stress	1.0	False	0.912430609560271	False	2	0	0.9562153047801355
GO:0035036	sperm-egg recognition	1.0	False	0.912430609560271	False	2	0	0.9562153047801355
GO:0042983	amyloid precursor protein biosynthetic process	1.0	False	0.912430609560271	False	2	0	0.9562153047801355
GO:0042984	regulation of amyloid precursor protein biosynthetic process	1.0	False	0.912430609560271	False	2	0	0.9562153047801355
GO:1903909	regulation of receptor clustering	1.0	False	0.912430609560271	False	2	0	0.9562153047801355
GO:0035542	regulation of SNARE complex assembly	1.0	False	0.91246791590603	False	2	0	0.956233957953015
GO:0008584	male gonad development	1.0	False	0.912471026429927	False	2	0	0.9562355132149635
GO:0042246	tissue regeneration	1.0	False	0.912471026429927	False	2	0	0.9562355132149635
GO:0046641	positive regulation of alpha-beta T cell proliferation	1.0	False	0.912793477715788	False	2	0	0.956396738857894
GO:0000266	mitochondrial fission	1.0	False	0.912945186682122	False	2	0	0.9564725933410609
GO:0007272	ensheathment of neurons	1.0	False	0.912945186682122	False	2	0	0.9564725933410609
GO:0008366	axon ensheathment	1.0	False	0.912945186682122	False	2	0	0.9564725933410609
GO:0010526	transposable element silencing	1.0	False	0.913113152983035	False	2	0	0.9565565764915175
GO:0014048	regulation of glutamate secretion	1.0	False	0.913326219186406	False	2	0	0.956663109593203
GO:0140014	mitotic nuclear division	1.0	False	0.913326219186406	False	2	0	0.956663109593203
GO:0071453	cellular response to oxygen levels	1.0	False	0.913465887924913	False	2	0	0.9567329439624566
GO:0097120	receptor localization to synapse	1.0	False	0.913542902875835	False	2	0	0.9567714514379175
GO:0016239	positive regulation of macroautophagy	1.0	False	0.91366853814998	False	2	0	0.95683426907499
GO:0046883	regulation of hormone secretion	1.0	False	0.9137230421795	False	2	0	0.95686152108975
GO:1903826	L-arginine transmembrane transport	1.0	False	0.9137230421795	False	2	0	0.95686152108975
GO:2000831	regulation of steroid hormone secretion	1.0	False	0.91374564931598	False	2	0	0.9568728246579901
GO:0006488	dolichol-linked oligosaccharide biosynthetic process	1.0	False	0.91558361325522	False	2	0	0.95779180662761
GO:0044351	macropinocytosis	1.0	False	0.91558361325522	False	2	0	0.95779180662761
GO:0014033	neural crest cell differentiation	1.0	False	0.915592967747423	False	2	0	0.9577964838737115
GO:0006828	manganese ion transport	1.0	False	0.916629694007979	False	2	0	0.9583148470039895
GO:0071786	endoplasmic reticulum tubular network organization	1.0	False	0.916629694007979	False	2	0	0.9583148470039895
GO:0090140	regulation of mitochondrial fission	1.0	False	0.917031715807729	False	2	0	0.9585158579038645
GO:1901654	response to ketone	1.0	False	0.917031715807729	False	2	0	0.9585158579038645
GO:0030509	BMP signaling pathway	1.0	False	0.917359448350723	False	2	0	0.9586797241753615
GO:0030835	negative regulation of actin filament depolymerization	1.0	False	0.917359448350723	False	2	0	0.9586797241753615
GO:0050872	white fat cell differentiation	1.0	False	0.917359448350723	False	2	0	0.9586797241753615
GO:0007018	microtubule-based movement	1.0	False	0.917387931270025	False	2	0	0.9586939656350125
GO:0048709	oligodendrocyte differentiation	1.0	False	0.917387931270025	False	2	0	0.9586939656350125
GO:0062098	regulation of programmed necrotic cell death	1.0	False	0.918240505458647	False	2	0	0.9591202527293234
GO:0071772	response to BMP	1.0	False	0.918449939868976	False	2	0	0.959224969934488
GO:0071773	cellular response to BMP stimulus	1.0	False	0.918449939868976	False	2	0	0.959224969934488
GO:0048645	animal organ formation	1.0	False	0.918740530224381	False	2	0	0.9593702651121905
GO:0036490	regulation of translation in response to endoplasmic reticulum stress	1.0	False	0.918745022638533	False	2	0	0.9593725113192665
GO:0045624	positive regulation of T-helper cell differentiation	1.0	False	0.918933810474362	False	2	0	0.9594669052371809
GO:0006301	DNA damage tolerance	1.0	False	0.918984154247809	False	2	0	0.9594920771239045
GO:1902903	regulation of supramolecular fiber organization	1.0	False	0.918984154247809	False	2	0	0.9594920771239045
GO:1904179	positive regulation of adipose tissue development	1.0	False	0.918984154247809	False	2	0	0.9594920771239045
GO:0051248	negative regulation of protein metabolic process	1.0	False	0.919735257109247	False	2	0	0.9598676285546235
GO:1901800	positive regulation of proteasomal protein catabolic process	1.0	False	0.919735257109247	False	2	0	0.9598676285546235
GO:0014850	response to muscle activity	1.0	False	0.91981630418183	False	2	0	0.959908152090915
GO:0016237	microautophagy	1.0	False	0.91981630418183	False	2	0	0.959908152090915
GO:0090102	cochlea development	1.0	False	0.91981630418183	False	2	0	0.959908152090915
GO:1903115	regulation of actin filament-based movement	1.0	False	0.91981630418183	False	2	0	0.959908152090915
GO:0090267	positive regulation of mitotic cell cycle spindle assembly checkpoint	1.0	False	0.919960173324951	False	2	0	0.9599800866624755
GO:0140131	positive regulation of lymphocyte chemotaxis	1.0	False	0.919960173324951	False	2	0	0.9599800866624755
GO:0009953	dorsal/ventral pattern formation	1.0	False	0.920398406667919	False	2	0	0.9601992033339595
GO:0034616	response to laminar fluid shear stress	1.0	False	0.920538147205881	False	2	0	0.9602690736029404
GO:0042795	snRNA transcription by RNA polymerase II	1.0	False	0.920538147205881	False	2	0	0.9602690736029404
GO:0045646	regulation of erythrocyte differentiation	1.0	False	0.920538147205881	False	2	0	0.9602690736029404
GO:0050432	catecholamine secretion	1.0	False	0.920538147205881	False	2	0	0.9602690736029404
GO:0050896	response to stimulus	1.0	False	0.920538147205881	False	2	0	0.9602690736029404
GO:0071425	hematopoietic stem cell proliferation	1.0	False	0.920538147205881	False	2	0	0.9602690736029404
GO:0090136	epithelial cell-cell adhesion	1.0	False	0.920538147205881	False	2	0	0.9602690736029404
GO:0120261	regulation of heterochromatin organization	1.0	False	0.920538147205881	False	2	0	0.9602690736029404
GO:1904888	cranial skeletal system development	1.0	False	0.920538147205881	False	2	0	0.9602690736029404
GO:0042147	retrograde transport, endosome to Golgi	1.0	False	0.9206135740122	False	2	0	0.9603067870061
GO:0090287	regulation of cellular response to growth factor stimulus	1.0	False	0.9206135740122	False	2	0	0.9603067870061
GO:0019083	viral transcription	1.0	False	0.920799017877468	False	2	0	0.960399508938734
GO:0001656	metanephros development	1.0	False	0.921248064284391	False	2	0	0.9606240321421955
GO:0034763	negative regulation of transmembrane transport	1.0	False	0.921660677828047	False	2	0	0.9608303389140235
GO:0001655	urogenital system development	1.0	False	0.921763608161256	False	2	0	0.960881804080628
GO:0008544	epidermis development	1.0	False	0.921763608161256	False	2	0	0.960881804080628
GO:0009083	branched-chain amino acid catabolic process	1.0	False	0.921763608161256	False	2	0	0.960881804080628
GO:0003159	morphogenesis of an endothelium	1.0	False	0.922036193965778	False	2	0	0.961018096982889
GO:0006520	amino acid metabolic process	1.0	False	0.922415236215329	False	2	0	0.9612076181076645
GO:0072091	regulation of stem cell proliferation	1.0	False	0.922415236215329	False	2	0	0.9612076181076645
GO:1901978	positive regulation of cell cycle checkpoint	1.0	False	0.922415236215329	False	2	0	0.9612076181076645
GO:2000404	regulation of T cell migration	1.0	False	0.922415236215329	False	2	0	0.9612076181076645
GO:0007631	feeding behavior	1.0	False	0.923189083366086	False	2	0	0.9615945416830429
GO:0040020	regulation of meiotic nuclear division	1.0	False	0.925089971769839	False	2	0	0.9625449858849195
GO:0008053	mitochondrial fusion	1.0	False	0.92579656872506	False	2	0	0.96289828436253
GO:0031100	animal organ regeneration	1.0	False	0.926056179148519	False	2	0	0.9630280895742596
GO:0008089	anterograde axonal transport	1.0	False	0.926506223898545	False	2	0	0.9632531119492724
GO:0006704	glucocorticoid biosynthetic process	1.0	False	0.92678940882889	False	2	0	0.9633947044144451
GO:0006563	L-serine metabolic process	1.0	False	0.926880178904269	False	2	0	0.9634400894521344
GO:0035791	platelet-derived growth factor receptor-beta signaling pathway	1.0	False	0.926880178904269	False	2	0	0.9634400894521344
GO:0042026	protein refolding	1.0	False	0.926880178904269	False	2	0	0.9634400894521344
GO:0090504	epiboly	1.0	False	0.926880178904269	False	2	0	0.9634400894521344
GO:0032026	response to magnesium ion	1.0	False	0.928269242874723	False	2	0	0.9641346214373615
GO:0002323	natural killer cell activation involved in immune response	1.0	False	0.929994768623639	False	2	0	0.9649973843118195
GO:0010649	regulation of cell communication by electrical coupling	1.0	False	0.929994768623639	False	2	0	0.9649973843118195
GO:0170041	non-proteinogenic amino acid metabolic process	1.0	False	0.929994768623639	False	2	0	0.9649973843118195
GO:0060391	positive regulation of SMAD protein signal transduction	1.0	False	0.930115464134303	False	2	0	0.9650577320671515
GO:1905874	regulation of postsynaptic density organization	1.0	False	0.930554539092752	False	2	0	0.965277269546376
GO:0003333	amino acid transmembrane transport	1.0	False	0.931227448556767	False	2	0	0.9656137242783835
GO:0006596	polyamine biosynthetic process	1.0	False	0.931227448556767	False	2	0	0.9656137242783835
GO:0006699	bile acid biosynthetic process	1.0	False	0.931227448556767	False	2	0	0.9656137242783835
GO:0006921	cellular component disassembly involved in execution phase of apoptosis	1.0	False	0.931227448556767	False	2	0	0.9656137242783835
GO:0021695	cerebellar cortex development	1.0	False	0.931227448556767	False	2	0	0.9656137242783835
GO:0046425	regulation of receptor signaling pathway via JAK-STAT	1.0	False	0.931227448556767	False	2	0	0.9656137242783835
GO:0008154	actin polymerization or depolymerization	1.0	False	0.931389045793826	False	2	0	0.9656945228969129
GO:0045091	regulation of single stranded viral RNA replication via double stranded DNA intermediate	1.0	False	0.931389045793826	False	2	0	0.9656945228969129
GO:0101023	vascular endothelial cell proliferation	1.0	False	0.931389045793826	False	2	0	0.9656945228969129
GO:0002768	immune response-regulating cell surface receptor signaling pathway	1.0	False	0.93206035535588	False	2	0	0.9660301776779401
GO:0002836	positive regulation of response to tumor cell	1.0	False	0.93206035535588	False	2	0	0.9660301776779401
GO:0002839	positive regulation of immune response to tumor cell	1.0	False	0.93206035535588	False	2	0	0.9660301776779401
GO:0031399	regulation of protein modification process	1.0	False	0.93206035535588	False	2	0	0.9660301776779401
GO:0090030	regulation of steroid hormone biosynthetic process	1.0	False	0.932076841360489	False	2	0	0.9660384206802445
GO:0021761	limbic system development	1.0	False	0.93237544481949	False	2	0	0.966187722409745
GO:0006304	DNA modification	1.0	False	0.932603257581879	False	2	0	0.9663016287909395
GO:0060259	regulation of feeding behavior	1.0	False	0.932603257581879	False	2	0	0.9663016287909395
GO:0002347	response to tumor cell	1.0	False	0.932768992486008	False	2	0	0.9663844962430039
GO:0048608	reproductive structure development	1.0	False	0.934480891311436	False	2	0	0.967240445655718
GO:1905709	negative regulation of membrane permeability	1.0	False	0.934480891311436	False	2	0	0.967240445655718
GO:1990961	xenobiotic detoxification by transmembrane export across the plasma membrane	1.0	False	0.934718412413955	False	2	0	0.9673592062069776
GO:0098930	axonal transport	1.0	False	0.934957174186835	False	2	0	0.9674785870934175
GO:0048041	focal adhesion assembly	1.0	False	0.935150801495036	False	2	0	0.967575400747518
GO:0043649	dicarboxylic acid catabolic process	1.0	False	0.935644103417711	False	2	0	0.9678220517088555
GO:0071900	regulation of protein serine/threonine kinase activity	1.0	False	0.937863950011837	False	2	0	0.9689319750059184
GO:0002517	T cell tolerance induction	1.0	False	0.93876077669413	False	2	0	0.9693803883470651
GO:0072659	protein localization to plasma membrane	1.0	False	0.939814966891555	False	2	0	0.9699074834457775
GO:0021545	cranial nerve development	1.0	False	0.942033061399829	False	2	0	0.9710165306999146
GO:0060914	heart formation	1.0	False	0.942033061399829	False	2	0	0.9710165306999146
GO:1990928	response to amino acid starvation	1.0	False	0.942033061399829	False	2	0	0.9710165306999146
GO:0040013	negative regulation of locomotion	1.0	False	0.943003459600512	False	2	0	0.971501729800256
GO:0060350	endochondral bone morphogenesis	1.0	False	0.943034393754653	False	2	0	0.9715171968773265
GO:0002639	positive regulation of immunoglobulin production	1.0	False	0.944409960058667	False	2	0	0.9722049800293335
GO:0043254	regulation of protein-containing complex assembly	1.0	False	0.944409960058667	False	2	0	0.9722049800293335
GO:2000630	positive regulation of miRNA metabolic process	1.0	False	0.944409960058667	False	2	0	0.9722049800293335
GO:0051851	host-mediated perturbation of symbiont process	1.0	False	0.945594453243449	False	2	0	0.9727972266217245
GO:0006970	response to osmotic stress	1.0	False	0.945699914929502	False	2	0	0.972849957464751
GO:0009218	pyrimidine ribonucleotide metabolic process	1.0	False	0.945699914929502	False	2	0	0.972849957464751
GO:0071243	cellular response to arsenic-containing substance	1.0	False	0.945699914929502	False	2	0	0.972849957464751
GO:0097699	vascular endothelial cell response to fluid shear stress	1.0	False	0.945699914929502	False	2	0	0.972849957464751
GO:0050772	positive regulation of axonogenesis	1.0	False	0.94605062834837	False	2	0	0.9730253141741849
GO:0051984	positive regulation of chromosome segregation	1.0	False	0.946169380957862	False	2	0	0.973084690478931
GO:1902047	polyamine transmembrane transport	1.0	False	0.946314781359976	False	2	0	0.973157390679988
GO:0001945	lymph vessel development	1.0	False	0.946342808032099	False	2	0	0.9731714040160495
GO:0032891	negative regulation of organic acid transport	1.0	False	0.946342808032099	False	2	0	0.9731714040160495
GO:0051382	kinetochore assembly	1.0	False	0.946342808032099	False	2	0	0.9731714040160495
GO:0090329	regulation of DNA-templated DNA replication	1.0	False	0.946342808032099	False	2	0	0.9731714040160495
GO:1902423	regulation of attachment of mitotic spindle microtubules to kinetochore	1.0	False	0.946342808032099	False	2	0	0.9731714040160495
GO:0002028	regulation of sodium ion transport	1.0	False	0.946427070921322	False	2	0	0.973213535460661
GO:0007605	sensory perception of sound	1.0	False	0.946427070921322	False	2	0	0.973213535460661
GO:0045639	positive regulation of myeloid cell differentiation	1.0	False	0.946427070921322	False	2	0	0.973213535460661
GO:0045780	positive regulation of bone resorption	1.0	False	0.946427070921322	False	2	0	0.973213535460661
GO:0070670	response to interleukin-4	1.0	False	0.946427070921322	False	2	0	0.973213535460661
GO:0008542	visual learning	1.0	False	0.947051329896649	False	2	0	0.9735256649483245
GO:1990034	calcium ion export across plasma membrane	1.0	False	0.947051329896649	False	2	0	0.9735256649483245
GO:0043244	regulation of protein-containing complex disassembly	1.0	False	0.947424603947274	False	2	0	0.973712301973637
GO:0046324	regulation of D-glucose import across plasma membrane	1.0	False	0.947988902940001	False	2	0	0.9739944514700005
GO:0062237	protein localization to postsynapse	1.0	False	0.947988902940001	False	2	0	0.9739944514700005
GO:0070665	positive regulation of leukocyte proliferation	1.0	False	0.947988902940001	False	2	0	0.9739944514700005
GO:0001866	NK T cell proliferation	1.0	False	0.948117071832906	False	2	0	0.9740585359164531
GO:0070830	bicellular tight junction assembly	1.0	False	0.948117071832906	False	2	0	0.9740585359164531
GO:1904580	regulation of intracellular mRNA localization	1.0	False	0.948117071832906	False	2	0	0.9740585359164531
GO:0009084	L-glutamine family amino acid biosynthetic process	1.0	False	0.948214771777802	False	2	0	0.974107385888901
GO:0030323	respiratory tube development	1.0	False	0.948214771777802	False	2	0	0.974107385888901
GO:0043576	regulation of respiratory gaseous exchange	1.0	False	0.948257475313755	False	2	0	0.9741287376568775
GO:0009187	cyclic nucleotide metabolic process	1.0	False	0.948880579197307	False	2	0	0.9744402895986535
GO:0006386	termination of RNA polymerase III transcription	1.0	False	0.949203681261537	False	2	0	0.9746018406307685
GO:0032881	regulation of polysaccharide metabolic process	1.0	False	0.949203681261537	False	2	0	0.9746018406307685
GO:0043271	negative regulation of monoatomic ion transport	1.0	False	0.949203681261537	False	2	0	0.9746018406307685
GO:1901873	regulation of post-translational protein modification	1.0	False	0.949203681261537	False	2	0	0.9746018406307685
GO:0009147	pyrimidine nucleoside triphosphate metabolic process	1.0	False	0.949701078926566	False	2	0	0.9748505394632829
GO:0048585	negative regulation of response to stimulus	1.0	False	0.95023162778164	False	2	0	0.97511581389082
GO:2000766	negative regulation of cytoplasmic translation	1.0	False	0.95023162778164	False	2	0	0.97511581389082
GO:0031268	pseudopodium organization	1.0	False	0.950551820809822	False	2	0	0.975275910404911
GO:0086004	regulation of cardiac muscle cell contraction	1.0	False	0.950551820809822	False	2	0	0.975275910404911
GO:0099633	protein localization to postsynaptic specialization membrane	1.0	False	0.950551820809822	False	2	0	0.975275910404911
GO:0099645	neurotransmitter receptor localization to postsynaptic specialization membrane	1.0	False	0.950551820809822	False	2	0	0.975275910404911
GO:0032816	positive regulation of natural killer cell activation	1.0	False	0.950576483460394	False	2	0	0.975288241730197
GO:2000241	regulation of reproductive process	1.0	False	0.951942744249694	False	2	0	0.9759713721248471
GO:0032817	regulation of natural killer cell proliferation	1.0	False	0.952046837612156	False	2	0	0.976023418806078
GO:1990874	vascular associated smooth muscle cell proliferation	1.0	False	0.95207244918253	False	2	0	0.976036224591265
GO:0001787	natural killer cell proliferation	1.0	False	0.952114538824167	False	2	0	0.9760572694120835
GO:0009749	response to glucose	1.0	False	0.952114538824167	False	2	0	0.9760572694120835
GO:0017156	calcium-ion regulated exocytosis	1.0	False	0.952552266644583	False	2	0	0.9762761333222916
GO:0048854	brain morphogenesis	1.0	False	0.952552266644583	False	2	0	0.9762761333222916
GO:2000105	positive regulation of DNA-templated DNA replication	1.0	False	0.952729215122146	False	2	0	0.976364607561073
GO:0045838	positive regulation of membrane potential	1.0	False	0.95297836224299	False	2	0	0.9764891811214951
GO:0048846	axon extension involved in axon guidance	1.0	False	0.95297836224299	False	2	0	0.9764891811214951
GO:0009250	glucan biosynthetic process	1.0	False	0.953746254516035	False	2	0	0.9768731272580176
GO:0099505	regulation of presynaptic membrane potential	1.0	False	0.953746254516035	False	2	0	0.9768731272580176
GO:0021884	forebrain neuron development	1.0	False	0.95388893377453	False	2	0	0.976944466887265
GO:0060251	regulation of glial cell proliferation	1.0	False	0.95388893377453	False	2	0	0.976944466887265
GO:0045667	regulation of osteoblast differentiation	1.0	False	0.954366192718898	False	2	0	0.977183096359449
GO:0180064	protein O-linked glycosylation via xylose	1.0	False	0.954490024138797	False	2	0	0.9772450120693985
GO:2000739	regulation of mesenchymal stem cell differentiation	1.0	False	0.954696703809056	False	2	0	0.9773483519045281
GO:0046902	regulation of mitochondrial membrane permeability	1.0	False	0.954705742879339	False	2	0	0.9773528714396695
GO:0072530	purine-containing compound transmembrane transport	1.0	False	0.95650842781735	False	2	0	0.978254213908675
GO:0002792	negative regulation of peptide secretion	1.0	False	0.957359870034963	False	2	0	0.9786799350174815
GO:0048524	positive regulation of viral process	1.0	False	0.957359870034963	False	2	0	0.9786799350174815
GO:1903427	negative regulation of reactive oxygen species biosynthetic process	1.0	False	0.957606576070868	False	2	0	0.978803288035434
GO:0007218	neuropeptide signaling pathway	1.0	False	0.957732034220652	False	2	0	0.9788660171103261
GO:0048048	embryonic eye morphogenesis	1.0	False	0.957925599078576	False	2	0	0.978962799539288
GO:0007250	activation of NF-kappaB-inducing kinase activity	1.0	False	0.958180921357516	False	2	0	0.979090460678758
GO:0071732	cellular response to nitric oxide	1.0	False	0.958180921357516	False	2	0	0.979090460678758
GO:1902170	cellular response to reactive nitrogen species	1.0	False	0.958180921357516	False	2	0	0.979090460678758
GO:1903539	protein localization to postsynaptic membrane	1.0	False	0.958180921357516	False	2	0	0.979090460678758
GO:2000242	negative regulation of reproductive process	1.0	False	0.958180921357516	False	2	0	0.979090460678758
GO:0031400	negative regulation of protein modification process	1.0	False	0.9587543933643	False	2	0	0.9793771966821501
GO:0034605	cellular response to heat	1.0	False	0.9587543933643	False	2	0	0.9793771966821501
GO:1902965	regulation of protein localization to early endosome	1.0	False	0.9587543933643	False	2	0	0.9793771966821501
GO:0003177	pulmonary valve development	1.0	False	0.958830065738963	False	2	0	0.9794150328694815
GO:0098877	neurotransmitter receptor transport to plasma membrane	1.0	False	0.958830065738963	False	2	0	0.9794150328694815
GO:0098969	neurotransmitter receptor transport to postsynaptic membrane	1.0	False	0.958830065738963	False	2	0	0.9794150328694815
GO:0051932	synaptic transmission, GABAergic	1.0	False	0.959418120667235	False	2	0	0.9797090603336175
GO:0044060	regulation of endocrine process	1.0	False	0.959769454114177	False	2	0	0.9798847270570885
GO:0097106	postsynaptic density organization	1.0	False	0.95981839058703	False	2	0	0.9799091952935151
GO:1901992	positive regulation of mitotic cell cycle phase transition	1.0	False	0.95981839058703	False	2	0	0.9799091952935151
GO:1904779	regulation of protein localization to centrosome	1.0	False	0.95981839058703	False	2	0	0.9799091952935151
GO:0009163	nucleoside biosynthetic process	1.0	False	0.960808938770273	False	2	0	0.9804044693851365
GO:0034404	nucleobase-containing small molecule biosynthetic process	1.0	False	0.960808938770273	False	2	0	0.9804044693851365
GO:0010563	negative regulation of phosphorus metabolic process	1.0	False	0.960892011262023	False	2	0	0.9804460056310115
GO:0045936	negative regulation of phosphate metabolic process	1.0	False	0.960892011262023	False	2	0	0.9804460056310115
GO:0021680	cerebellar Purkinje cell layer development	1.0	False	0.960964282842152	False	2	0	0.980482141421076
GO:0071604	transforming growth factor beta production	1.0	False	0.960964282842152	False	2	0	0.980482141421076
GO:0042541	hemoglobin biosynthetic process	1.0	False	0.96127170620482	False	2	0	0.98063585310241
GO:0051957	positive regulation of amino acid transport	1.0	False	0.96127170620482	False	2	0	0.98063585310241
GO:0001941	postsynaptic membrane organization	1.0	False	0.961831705346022	False	2	0	0.9809158526730111
GO:0032006	regulation of TOR signaling	1.0	False	0.962116997264751	False	2	0	0.9810584986323755
GO:0042220	response to cocaine	1.0	False	0.962116997264751	False	2	0	0.9810584986323755
GO:0002708	positive regulation of lymphocyte mediated immunity	1.0	False	0.962692079899664	False	2	0	0.9813460399498319
GO:0018342	protein prenylation	1.0	False	0.962692079899664	False	2	0	0.9813460399498319
GO:0030901	midbrain development	1.0	False	0.962692079899664	False	2	0	0.9813460399498319
GO:0097354	prenylation	1.0	False	0.962692079899664	False	2	0	0.9813460399498319
GO:0030856	regulation of epithelial cell differentiation	1.0	False	0.96308712639514	False	2	0	0.98154356319757
GO:1902931	negative regulation of alcohol biosynthetic process	1.0	False	0.96308712639514	False	2	0	0.98154356319757
GO:0043405	regulation of MAP kinase activity	1.0	False	0.963395583524608	False	2	0	0.981697791762304
GO:0051098	regulation of binding	1.0	False	0.963639211316279	False	2	0	0.9818196056581395
GO:0006814	sodium ion transport	1.0	False	0.964165942491136	False	2	0	0.982082971245568
GO:0017062	respiratory chain complex III assembly	1.0	False	0.964165942491136	False	2	0	0.982082971245568
GO:0034551	mitochondrial respiratory chain complex III assembly	1.0	False	0.964165942491136	False	2	0	0.982082971245568
GO:0046580	negative regulation of Ras protein signal transduction	1.0	False	0.964165942491136	False	2	0	0.982082971245568
GO:0033047	regulation of mitotic sister chromatid segregation	1.0	False	0.964441990251655	False	2	0	0.9822209951258275
GO:0051258	protein polymerization	1.0	False	0.964795367096791	False	2	0	0.9823976835483955
GO:1904294	positive regulation of ERAD pathway	1.0	False	0.965303173529145	False	2	0	0.9826515867645724
GO:0046825	regulation of protein export from nucleus	1.0	False	0.965330344380771	False	2	0	0.9826651721903855
GO:0007219	Notch signaling pathway	1.0	False	0.965397937722663	False	2	0	0.9826989688613315
GO:0046006	regulation of activated T cell proliferation	1.0	False	0.965397937722663	False	2	0	0.9826989688613315
GO:0046471	phosphatidylglycerol metabolic process	1.0	False	0.965397937722663	False	2	0	0.9826989688613315
GO:0030262	apoptotic nuclear changes	1.0	False	0.965745550751291	False	2	0	0.9828727753756454
GO:0010463	mesenchymal cell proliferation	1.0	False	0.965929652011422	False	2	0	0.982964826005711
GO:0007143	female meiotic nuclear division	1.0	False	0.966045839765594	False	2	0	0.983022919882797
GO:0032354	response to follicle-stimulating hormone	1.0	False	0.967403380625318	False	2	0	0.983701690312659
GO:0032890	regulation of organic acid transport	1.0	False	0.967403380625318	False	2	0	0.983701690312659
GO:0033572	transferrin transport	1.0	False	0.967403380625318	False	2	0	0.983701690312659
GO:0097300	programmed necrotic cell death	1.0	False	0.967403380625318	False	2	0	0.983701690312659
GO:1901989	positive regulation of cell cycle phase transition	1.0	False	0.967924613793826	False	2	0	0.983962306896913
GO:0055089	fatty acid homeostasis	1.0	False	0.968436276608083	False	2	0	0.9842181383040415
GO:0006650	glycerophospholipid metabolic process	1.0	False	0.969020350537246	False	2	0	0.984510175268623
GO:0050847	progesterone receptor signaling pathway	1.0	False	0.969241316864994	False	2	0	0.984620658432497
GO:0030258	lipid modification	1.0	False	0.969432106384232	False	2	0	0.984716053192116
GO:0051438	regulation of ubiquitin-protein transferase activity	1.0	False	0.970017742289585	False	2	0	0.9850088711447925
GO:0055007	cardiac muscle cell differentiation	1.0	False	0.970917385601462	False	2	0	0.985458692800731
GO:2000300	regulation of synaptic vesicle exocytosis	1.0	False	0.971033280595039	False	2	0	0.9855166402975195
GO:0033674	positive regulation of kinase activity	1.0	False	0.971069921868882	False	2	0	0.985534960934441
GO:0052652	cyclic purine nucleotide metabolic process	1.0	False	0.971075812002733	False	2	0	0.9855379060013665
GO:1904627	response to phorbol 13-acetate 12-myristate	1.0	False	0.971075812002733	False	2	0	0.9855379060013665
GO:0009268	response to pH	1.0	False	0.972222345764126	False	2	0	0.9861111728820631
GO:0016553	base conversion or substitution editing	1.0	False	0.972222345764126	False	2	0	0.9861111728820631
GO:0006613	cotranslational protein targeting to membrane	1.0	False	0.972241026606618	False	2	0	0.9861205133033091
GO:0098900	regulation of action potential	1.0	False	0.972241026606618	False	2	0	0.9861205133033091
GO:0050953	sensory perception of light stimulus	1.0	False	0.973219691926469	False	2	0	0.9866098459632344
GO:0042552	myelination	1.0	False	0.973255996905589	False	2	0	0.9866279984527945
GO:0006617	SRP-dependent cotranslational protein targeting to membrane, signal sequence recognition	1.0	False	0.974014197353916	False	2	0	0.987007098676958
GO:0007141	male meiosis I	1.0	False	0.974014197353916	False	2	0	0.987007098676958
GO:0043392	negative regulation of DNA binding	1.0	False	0.974014197353916	False	2	0	0.987007098676958
GO:0065002	intracellular protein transmembrane transport	1.0	False	0.974014197353916	False	2	0	0.987007098676958
GO:0072170	metanephric tubule development	1.0	False	0.974014197353916	False	2	0	0.987007098676958
GO:0072207	metanephric epithelium development	1.0	False	0.974014197353916	False	2	0	0.987007098676958
GO:0072243	metanephric nephron epithelium development	1.0	False	0.974014197353916	False	2	0	0.987007098676958
GO:1902110	positive regulation of mitochondrial membrane permeability involved in apoptotic process	1.0	False	0.974014197353916	False	2	0	0.987007098676958
GO:0098712	L-glutamate import across plasma membrane	1.0	False	0.975516518291615	False	2	0	0.9877582591458075
GO:1902692	regulation of neuroblast proliferation	1.0	False	0.975516518291615	False	2	0	0.9877582591458075
GO:0016482	cytosolic transport	1.0	False	0.975952491837074	False	2	0	0.987976245918537
GO:0021772	olfactory bulb development	1.0	False	0.975952491837074	False	2	0	0.987976245918537
GO:0021988	olfactory lobe development	1.0	False	0.975952491837074	False	2	0	0.987976245918537
GO:0036500	ATF6-mediated unfolded protein response	1.0	False	0.975952491837074	False	2	0	0.987976245918537
GO:0170044	non-proteinogenic amino acid catabolic process	1.0	False	0.975952491837074	False	2	0	0.987976245918537
GO:0061734	type 2 mitophagy	1.0	False	0.976531967684846	False	2	0	0.988265983842423
GO:0009304	tRNA transcription	1.0	False	0.976567985991474	False	2	0	0.988283992995737
GO:0002732	positive regulation of dendritic cell cytokine production	1.0	False	0.97848120612002	False	2	0	0.98924060306001
GO:0008088	axo-dendritic transport	1.0	False	0.97848120612002	False	2	0	0.98924060306001
GO:0016081	synaptic vesicle docking	1.0	False	0.97848120612002	False	2	0	0.98924060306001
GO:0046337	phosphatidylethanolamine metabolic process	1.0	False	0.97848120612002	False	2	0	0.98924060306001
GO:2000027	regulation of animal organ morphogenesis	1.0	False	0.97848120612002	False	2	0	0.98924060306001
GO:0006817	phosphate ion transport	1.0	False	0.978523523886513	False	2	0	0.9892617619432564
GO:0010717	regulation of epithelial to mesenchymal transition	1.0	False	0.978701743805899	False	2	0	0.9893508719029496
GO:0070861	regulation of protein exit from endoplasmic reticulum	1.0	False	0.978701743805899	False	2	0	0.9893508719029496
GO:0090150	establishment of protein localization to membrane	1.0	False	0.978701743805899	False	2	0	0.9893508719029496
GO:0097553	calcium ion transmembrane import into cytosol	1.0	False	0.978701743805899	False	2	0	0.9893508719029496
GO:0031016	pancreas development	1.0	False	0.97874321584292	False	2	0	0.9893716079214601
GO:0000966	RNA 5'-end processing	1.0	False	0.978936420216381	False	2	0	0.9894682101081905
GO:0010811	positive regulation of cell-substrate adhesion	1.0	False	0.978936420216381	False	2	0	0.9894682101081905
GO:0120180	cell-substrate junction disassembly	1.0	False	0.978953630511603	False	2	0	0.9894768152558016
GO:0120181	focal adhesion disassembly	1.0	False	0.978953630511603	False	2	0	0.9894768152558016
GO:0043647	inositol phosphate metabolic process	1.0	False	0.979439254576732	False	2	0	0.9897196272883659
GO:0048660	regulation of smooth muscle cell proliferation	1.0	False	0.97974509424336	False	2	0	0.98987254712168
GO:0045651	positive regulation of macrophage differentiation	1.0	False	0.980158798742963	False	2	0	0.9900793993714815
GO:0001570	vasculogenesis	1.0	False	0.980431824696658	False	2	0	0.990215912348329
GO:0015810	aspartate transmembrane transport	1.0	False	0.980431824696658	False	2	0	0.990215912348329
GO:0030210	heparin proteoglycan biosynthetic process	1.0	False	0.980431824696658	False	2	0	0.990215912348329
GO:0036119	response to platelet-derived growth factor	1.0	False	0.980431824696658	False	2	0	0.990215912348329
GO:0071371	cellular response to gonadotropin stimulus	1.0	False	0.980431824696658	False	2	0	0.990215912348329
GO:0072583	clathrin-dependent endocytosis	1.0	False	0.980431824696658	False	2	0	0.990215912348329
GO:0086064	cell communication by electrical coupling involved in cardiac conduction	1.0	False	0.980431824696658	False	2	0	0.990215912348329
GO:0097009	energy homeostasis	1.0	False	0.980431824696658	False	2	0	0.990215912348329
GO:1901880	negative regulation of protein depolymerization	1.0	False	0.980431824696658	False	2	0	0.990215912348329
GO:1902686	mitochondrial outer membrane permeabilization involved in programmed cell death	1.0	False	0.980431824696658	False	2	0	0.990215912348329
GO:1905818	regulation of chromosome separation	1.0	False	0.980431824696658	False	2	0	0.990215912348329
GO:2000351	regulation of endothelial cell apoptotic process	1.0	False	0.980431824696658	False	2	0	0.990215912348329
GO:2000811	negative regulation of anoikis	1.0	False	0.980431824696658	False	2	0	0.990215912348329
GO:0060999	positive regulation of dendritic spine development	1.0	False	0.980738209178154	False	2	0	0.990369104589077
GO:0021879	forebrain neuron differentiation	1.0	False	0.980899941264329	False	2	0	0.9904499706321646
GO:0046823	negative regulation of nucleocytoplasmic transport	1.0	False	0.980899941264329	False	2	0	0.9904499706321646
GO:1902108	regulation of mitochondrial membrane permeability involved in apoptotic process	1.0	False	0.980899941264329	False	2	0	0.9904499706321646
GO:0035094	response to nicotine	1.0	False	0.981014785775371	False	2	0	0.9905073928876855
GO:0031269	pseudopodium assembly	1.0	False	0.981099871497589	False	2	0	0.9905499357487946
GO:0061951	establishment of protein localization to plasma membrane	1.0	False	0.981099871497589	False	2	0	0.9905499357487946
GO:0007154	cell communication	1.0	False	0.981602429990801	False	2	0	0.9908012149954005
GO:0043335	protein unfolding	1.0	False	0.981655712085616	False	2	0	0.990827856042808
GO:1904752	regulation of vascular associated smooth muscle cell migration	1.0	False	0.982003921668269	False	2	0	0.9910019608341345
GO:0046639	negative regulation of alpha-beta T cell differentiation	1.0	False	0.982094479070001	False	2	0	0.9910472395350005
GO:0070873	regulation of glycogen metabolic process	1.0	False	0.982094479070001	False	2	0	0.9910472395350005
GO:0006144	purine nucleobase metabolic process	1.0	False	0.982243610371629	False	2	0	0.9911218051858145
GO:0008045	motor neuron axon guidance	1.0	False	0.982243610371629	False	2	0	0.9911218051858145
GO:0072577	endothelial cell apoptotic process	1.0	False	0.982243610371629	False	2	0	0.9911218051858145
GO:0170034	L-amino acid biosynthetic process	1.0	False	0.982243610371629	False	2	0	0.9911218051858145
GO:2000145	regulation of cell motility	1.0	False	0.982846874426906	False	2	0	0.9914234372134529
GO:0070302	regulation of stress-activated protein kinase signaling cascade	1.0	False	0.982992523338905	False	2	0	0.9914962616694525
GO:0030836	positive regulation of actin filament depolymerization	1.0	False	0.98314017475633	False	2	0	0.991570087378165
GO:0090141	positive regulation of mitochondrial fission	1.0	False	0.983143741840696	False	2	0	0.991571870920348
GO:0071326	cellular response to monosaccharide stimulus	1.0	False	0.983223333421164	False	2	0	0.991611666710582
GO:0046621	negative regulation of organ growth	1.0	False	0.984336904870475	False	2	0	0.9921684524352374
GO:0010827	regulation of D-glucose transmembrane transport	1.0	False	0.984343766094567	False	2	0	0.9921718830472834
GO:0099068	postsynapse assembly	1.0	False	0.985016352642061	False	2	0	0.9925081763210305
GO:0051204	protein insertion into mitochondrial membrane	1.0	False	0.985224102819214	False	2	0	0.9926120514096071
GO:0071731	response to nitric oxide	1.0	False	0.985224102819214	False	2	0	0.9926120514096071
GO:0006362	transcription elongation by RNA polymerase I	1.0	False	0.985638670820521	False	2	0	0.9928193354102606
GO:0099170	postsynaptic modulation of chemical synaptic transmission	1.0	False	0.985928137866543	False	2	0	0.9929640689332715
GO:0048659	smooth muscle cell proliferation	1.0	False	0.986312545672995	False	2	0	0.9931562728364975
GO:0030837	negative regulation of actin filament polymerization	1.0	False	0.986664659012306	False	2	0	0.993332329506153
GO:0036499	PERK-mediated unfolded protein response	1.0	False	0.986664659012306	False	2	0	0.993332329506153
GO:0062125	regulation of mitochondrial gene expression	1.0	False	0.986664659012306	False	2	0	0.993332329506153
GO:0043462	regulation of ATP-dependent activity	1.0	False	0.986802263228298	False	2	0	0.993401131614149
GO:0002357	defense response to tumor cell	1.0	False	0.987013809401888	False	2	0	0.9935069047009439
GO:0030833	regulation of actin filament polymerization	1.0	False	0.987013809401888	False	2	0	0.9935069047009439
GO:0090169	regulation of spindle assembly	1.0	False	0.987013809401888	False	2	0	0.9935069047009439
GO:0090232	positive regulation of spindle checkpoint	1.0	False	0.987216267536904	False	2	0	0.9936081337684519
GO:0002285	lymphocyte activation involved in immune response	1.0	False	0.987619656002133	False	2	0	0.9938098280010665
GO:0048713	regulation of oligodendrocyte differentiation	1.0	False	0.987619656002133	False	2	0	0.9938098280010665
GO:0051306	mitotic sister chromatid separation	1.0	False	0.987653370776796	False	2	0	0.993826685388398
GO:0090049	regulation of cell migration involved in sprouting angiogenesis	1.0	False	0.987912439058569	False	2	0	0.9939562195292845
GO:0014032	neural crest cell development	1.0	False	0.988395839996164	False	2	0	0.9941979199980819
GO:0061036	positive regulation of cartilage development	1.0	False	0.988395839996164	False	2	0	0.9941979199980819
GO:0010644	cell communication by electrical coupling	1.0	False	0.989064934880729	False	2	0	0.9945324674403645
GO:0014823	response to activity	1.0	False	0.989064934880729	False	2	0	0.9945324674403645
GO:0016024	CDP-diacylglycerol biosynthetic process	1.0	False	0.989064934880729	False	2	0	0.9945324674403645
GO:0048714	positive regulation of oligodendrocyte differentiation	1.0	False	0.989064934880729	False	2	0	0.9945324674403645
GO:0061437	renal system vasculature development	1.0	False	0.989064934880729	False	2	0	0.9945324674403645
GO:0061440	kidney vasculature development	1.0	False	0.989064934880729	False	2	0	0.9945324674403645
GO:0061458	reproductive system development	1.0	False	0.989064934880729	False	2	0	0.9945324674403645
GO:0071331	cellular response to hexose stimulus	1.0	False	0.989064934880729	False	2	0	0.9945324674403645
GO:0071634	regulation of transforming growth factor beta production	1.0	False	0.989064934880729	False	2	0	0.9945324674403645
GO:0072527	pyrimidine-containing compound metabolic process	1.0	False	0.989064934880729	False	2	0	0.9945324674403645
GO:1901343	negative regulation of vasculature development	1.0	False	0.989064934880729	False	2	0	0.9945324674403645
GO:1903779	regulation of cardiac conduction	1.0	False	0.989064934880729	False	2	0	0.9945324674403645
GO:2000181	negative regulation of blood vessel morphogenesis	1.0	False	0.989064934880729	False	2	0	0.9945324674403645
GO:0009081	branched-chain amino acid metabolic process	1.0	False	0.989569205266342	False	2	0	0.994784602633171
GO:0045047	protein targeting to ER	1.0	False	0.989569205266342	False	2	0	0.994784602633171
GO:0097400	interleukin-17-mediated signaling pathway	1.0	False	0.989569205266342	False	2	0	0.994784602633171
GO:0051590	positive regulation of neurotransmitter transport	1.0	False	0.989570403026854	False	2	0	0.994785201513427
GO:0090205	positive regulation of cholesterol metabolic process	1.0	False	0.989570403026854	False	2	0	0.994785201513427
GO:0032197	retrotransposition	1.0	False	0.990884857661428	False	2	0	0.995442428830714
GO:0071391	cellular response to estrogen stimulus	1.0	False	0.990884857661428	False	2	0	0.995442428830714
GO:0006222	UMP biosynthetic process	1.0	False	0.991223996084444	False	2	0	0.995611998042222
GO:0006363	termination of RNA polymerase I transcription	1.0	False	0.991223996084444	False	2	0	0.995611998042222
GO:0072012	glomerulus vasculature development	1.0	False	0.991223996084444	False	2	0	0.995611998042222
GO:0098698	postsynaptic specialization assembly	1.0	False	0.991223996084444	False	2	0	0.995611998042222
GO:1902775	mitochondrial large ribosomal subunit assembly	1.0	False	0.991223996084444	False	2	0	0.995611998042222
GO:1905039	carboxylic acid transmembrane transport	1.0	False	0.991223996084444	False	2	0	0.995611998042222
GO:0002042	cell migration involved in sprouting angiogenesis	1.0	False	0.991310503233914	False	2	0	0.995655251616957
GO:0051338	regulation of transferase activity	1.0	False	0.992322972377376	False	2	0	0.996161486188688
GO:0046628	positive regulation of insulin receptor signaling pathway	1.0	False	0.992494269342064	False	2	0	0.996247134671032
GO:0048488	synaptic vesicle endocytosis	1.0	False	0.992494269342064	False	2	0	0.996247134671032
GO:0044342	type B pancreatic cell proliferation	1.0	False	0.99276107542054	False	2	0	0.99638053771027
GO:1904044	response to aldosterone	1.0	False	0.99276107542054	False	2	0	0.99638053771027
GO:0002262	myeloid cell homeostasis	1.0	False	0.993369677167644	False	2	0	0.9966848385838221
GO:0008156	negative regulation of DNA replication	1.0	False	0.993397379003663	False	2	0	0.9966986895018315
GO:0044794	host-mediated activation of viral process	1.0	False	0.993419480325203	False	2	0	0.9967097401626015
GO:0034309	primary alcohol biosynthetic process	1.0	False	0.993933174113777	False	2	0	0.9969665870568885
GO:0051153	regulation of striated muscle cell differentiation	1.0	False	0.993933174113777	False	2	0	0.9969665870568885
GO:0051304	chromosome separation	1.0	False	0.993933174113777	False	2	0	0.9969665870568885
GO:0036314	response to sterol	1.0	False	0.994463542101722	False	2	0	0.997231771050861
GO:0030007	intracellular potassium ion homeostasis	1.0	False	0.994704153016258	False	2	0	0.997352076508129
GO:0030334	regulation of cell migration	1.0	False	0.994704153016258	False	2	0	0.997352076508129
GO:0046519	sphingoid metabolic process	1.0	False	0.994704153016258	False	2	0	0.997352076508129
GO:0050926	regulation of positive chemotaxis	1.0	False	0.995513792104548	False	2	0	0.997756896052274
GO:0006614	SRP-dependent cotranslational protein targeting to membrane	1.0	False	0.995563361567147	False	2	0	0.9977816807835735
GO:0015740	C4-dicarboxylate transport	1.0	False	0.995563361567147	False	2	0	0.9977816807835735
GO:0015846	polyamine transport	1.0	False	0.995563361567147	False	2	0	0.9977816807835735
GO:0030497	fatty acid elongation	1.0	False	0.995563361567147	False	2	0	0.9977816807835735
GO:0032355	response to estradiol	1.0	False	0.995563361567147	False	2	0	0.9977816807835735
GO:0032401	establishment of melanosome localization	1.0	False	0.995563361567147	False	2	0	0.9977816807835735
GO:0032402	melanosome transport	1.0	False	0.995563361567147	False	2	0	0.9977816807835735
GO:0043242	negative regulation of protein-containing complex disassembly	1.0	False	0.995563361567147	False	2	0	0.9977816807835735
GO:0051904	pigment granule transport	1.0	False	0.995563361567147	False	2	0	0.9977816807835735
GO:0051905	establishment of pigment granule localization	1.0	False	0.995563361567147	False	2	0	0.9977816807835735
GO:0098815	modulation of excitatory postsynaptic potential	1.0	False	0.995563361567147	False	2	0	0.9977816807835735
GO:0099022	vesicle tethering	1.0	False	0.995563361567147	False	2	0	0.9977816807835735
GO:1903540	establishment of protein localization to postsynaptic membrane	1.0	False	0.995563361567147	False	2	0	0.9977816807835735
GO:2000048	negative regulation of cell-cell adhesion mediated by cadherin	1.0	False	0.995563361567147	False	2	0	0.9977816807835735
GO:0008212	mineralocorticoid metabolic process	1.0	False	0.996048107632387	False	2	0	0.9980240538161935
GO:0042451	purine nucleoside biosynthetic process	1.0	False	0.996048107632387	False	2	0	0.9980240538161935
GO:0046129	purine ribonucleoside biosynthetic process	1.0	False	0.996048107632387	False	2	0	0.9980240538161935
GO:0046635	positive regulation of alpha-beta T cell activation	1.0	False	0.996048107632387	False	2	0	0.9980240538161935
GO:0007158	neuron cell-cell adhesion	1.0	False	0.99649717803078	False	2	0	0.99824858901539
GO:0032196	transposition	1.0	False	0.99676454570025	False	2	0	0.998382272850125
GO:0002065	columnar/cuboidal epithelial cell differentiation	1.0	False	0.996826976913958	False	2	0	0.9984134884569791
GO:0015800	acidic amino acid transport	1.0	False	0.997697444944896	False	2	0	0.998848722472448
GO:0023052	signaling	1.0	False	0.997697444944896	False	2	0	0.998848722472448
GO:0051014	actin filament severing	1.0	False	0.997697444944896	False	2	0	0.998848722472448
GO:0150115	cell-substrate junction organization	1.0	False	0.997697444944896	False	2	0	0.998848722472448
GO:0009057	macromolecule catabolic process	1.0	False	0.998156401881619	False	2	0	0.9990782009408095
GO:0055075	potassium ion homeostasis	1.0	False	0.998156401881619	False	2	0	0.9990782009408095
GO:0072595	maintenance of protein localization in organelle	1.0	False	0.998726103004375	False	2	0	0.9993630515021875
GO:0000712	resolution of meiotic recombination intermediates	1.0	False	0.998867796851173	False	2	0	0.9994338984255865
GO:0008631	intrinsic apoptotic signaling pathway in response to oxidative stress	1.0	False	0.998867796851173	False	2	0	0.9994338984255865
GO:0070231	T cell apoptotic process	1.0	False	0.998867796851173	False	2	0	0.9994338984255865
GO:0071578	zinc ion import across plasma membrane	1.0	False	0.998867796851173	False	2	0	0.9994338984255865
GO:0055013	cardiac muscle cell development	1.0	False	0.999772208090532	False	2	0	0.999886104045266
GO:0090069	regulation of ribosome biogenesis	1.0	False	0.999786757016649	False	2	0	0.9998933785083245
GO:0090505	epiboly involved in wound healing	1.0	False	0.999786757016649	False	2	0	0.9998933785083245
GO:0001767	establishment of lymphocyte polarity	1.0	False	0.999955365899684	False	2	0	0.999977682949842
GO:0030325	adrenal gland development	1.0	False	0.999955365899684	False	2	0	0.999977682949842
GO:0098773	skin epidermis development	1.0	False	0.999955365899684	False	2	0	0.999977682949842
