GO_ID	term	annotated	significant_genes	expected	fold_enrichment	pvalue_weight01	pvalue_classic	padj_classic_BH	significant	n_higher_in_TB	n_lower_in_TB	genes_higher_in_TB	genes_lower_in_TB
GO:0045087	innate immune response	847	70	14.57	4.80439258750858	2.799016320515806e-14	7.674394156016808e-30	3.0138442192700295e-27	TRUE	65	5	C1QB;C1QA;C2;C1QC;NLRC4;H2BC21;H2BC12;AIM2;TLR5;FCER1G;TIFA;FCGR1A;SERPING1;VNN1;CD274;MARCO;GBP5;PLSCR1;PGLYRP1;GBP1;TREML1;IFITM1;CASP1;CLU;CR1;PSMB9;CEACAM1;CASP4;GBP2;CALHM6;TRIM21;MSRB1;APOL1;LCN2;UBE2L6;PSME2;CD177;IFITM3;FFAR2;LILRA5;S100A12;PARP9;CLEC4E;GBP4;STAT1;TRIM22;NAIP;DEFA1;LTF;IRF7;IFI35;IFIT3;PML;OAS1;S100A8;PARP14;RSAD2;IFI6;LY6E;OAS3;DEFA1;OASL;IFIT2;ISG15;DEFA3	CD6;NOP53;CD2;IGHM;OGT
GO:0042742	defense response to bacterium	190	32	3.27	9.785932721712538	4.413669360795004e-14	7.279623755009958e-23	2.1064932318444602e-20	TRUE	29	3	NLRC4;H2BC21;H2BC12;HP;IL18RAP;ADM;GBP5;PGLYRP1;GBP1;CASP1;IL1B;CASP4;GBP2;ANXA3;APOL1;LCN2;PPBP;S100A12;GBP4;NAIP;DEFA1;LTF;STAB1;OAS1;S100A8;OAS3;DEFA1;ISG15;DEFA3	IL7R;IGHM;GNLY
GO:0050830	defense response to Gram-positive bacterium	60	13	1.03	12.62135922330097	2.073132799733863e-11	2.073132799733863e-11	1.8685383824486524e-9	TRUE	12	1	H2BC21;H2BC12;IL18RAP;ADM;PGLYRP1;IL1B;CASP4;GBP2;GBP4;DEFA1;DEFA1;DEFA3	IL7R
GO:0031640	killing of cells of another organism	55	12	0.95	12.631578947368421	1.1480937061302518e-10	1.1480937061302518e-10	9.282675288682537e-9	TRUE	11	1	H2BC12;GBP5;PGLYRP1;GBP1;GBP2;PPBP;S100A12;DEFA1;LTF;DEFA1;DEFA3	GNLY
GO:0046631	alpha-beta T cell activation	168	19	2.89	6.5743944636678195	1.2625411959888748e-10	7.989171542788455e-11	6.972137324166813e-9	TRUE	7	12	IL18RAP;SOCS3;LILRB4;CD274;PSMB9;SEMA4A;RSAD2	TRAC;TRBC1;LCK;TRBC2;CD3G;CD3E;CD247;GPR183;CLEC2D;RORA;ITK;RUNX3
GO:0050729	positive regulation of inflammatory response	124	16	2.13	7.511737089201878	9.63674778918622e-10	3.640625593460194e-10	2.704886420654614e-8	TRUE	15	1	NLRC4;AIM2;CASP5;GBP5;GBP1;CASP1;IL1B;CASP4;GBP2;FFAR2;LILRA5;S100A12;NAIP;IFI35;S100A8	ETS1
GO:0002221	pattern recognition receptor signaling pathway	254	21	4.37	4.805491990846682	6.498996184228676e-9	2.7299439597478547e-9	1.9748989329860136e-7	TRUE	19	2	NLRC4;AIM2;TLR5;TIFA;CD274;GBP5;CASP1;GBP2;FFAR2;CLEC4E;NAIP;LTF;IRF7;IFI35;OAS1;S100A8;RSAD2;OAS3;OASL	NOP53;OGT
GO:0051607	defense response to virus	266	27	4.58	5.895196506550218	7.142105017217893e-9	9.447940865282776e-14	9.61940349580087e-12	TRUE	27	0	AIM2;GBP5;PLSCR1;GBP1;IFITM1;CASP1;IL1B;GBP2;TRIM21;IFITM3;PARP9;STAT1;TRIM22;DEFA1;IRF7;IFIT3;PML;OAS1;IFI44L;RSAD2;IFI6;OAS3;DEFA1;OASL;IFIT2;ISG15;DEFA3	
GO:0070269	pyroptotic inflammatory response	40	9	0.69	13.043478260869566	1.936541243662084e-8	1.936541243662084e-8	1.238035320657458e-6	TRUE	9	0	NLRC4;AIM2;GBP5;GBP1;CASP1;CASP4;GBP2;TRIM21;NAIP	
GO:0061844	antimicrobial humoral immune response mediated by antimicrobial peptide	69	11	1.19	9.243697478991598	2.326702845489408e-8	2.326702845489408e-8	1.4536604823296324e-6	TRUE	10	1	H2BC21;H2BC12;ADM;PGLYRP1;PPBP;S100A12;DEFA1;LTF;DEFA1;DEFA3	GNLY
GO:0050832	defense response to fungus	41	8	0.71	11.267605633802818	1.97902887960095e-7	3.971325709513534e-7	1.8822714440435696e-5	TRUE	7	1	S100A12;CLEC4E;DEFA1;LTF;S100A8;DEFA1;DEFA3	GNLY
GO:0050852	T cell receptor signaling pathway	130	18	2.24	8.035714285714285	6.295517538076233e-7	8.260412884156984e-12	7.697584752050017e-10	TRUE	6	12	DUSP3;PDCD1LG2;LILRB4;CD274;GBP1;CEACAM1	TRAC;TRBC1;LCK;TRBC2;ZAP70;CD3G;CD3E;EZR;CD247;CLEC2D;ITK;CD8A
GO:0006955	immune response	1713	122	29.47	4.139803189684425	6.684380955113724e-7	1.2968165140688175e-49	7.129897194350359e-46	TRUE	91	31	DUSP3;C1QB;C1QA;C2;C1QC;NLRC4;PDCD1LG2;H2BC21;H2BC12;LIMK1;MAPK14;AIM2;ASGR2;TLR5;FCER1G;IL18RAP;ICAM1;TIFA;FCGR1A;SERPING1;VNN1;TNFSF13;SOCS3;ADM;LILRB4;CD274;MARCO;GBP5;ANKRD22;SECTM1;C3AR1;PLSCR1;DYSF;PGLYRP1;GBP1;TREML1;IFITM1;CASP1;IL1B;CLU;CR1;PSMB9;CEACAM1;CASP4;GBP2;CALHM6;TRIM21;RHBDF2;MSRB1;ANXA3;APOL1;TAP1;LCN2;UBE2L6;PSME2;CD177;IFITM3;FFAR2;LILRA5;PPBP;S100A12;PARP9;SEMA4A;CLEC4E;LILRA6;GBP4;STAT1;TRIM22;TNFSF13B;NAIP;DEFA1;TNFSF10;LTF;IRF7;IFI44;IFI35;IFIT3;PML;OAS1;IFI44L;S100A8;PARP14;RSAD2;IFI6;LY6E;OAS3;DEFA1;OASL;IFIT2;ISG15;DEFA3	TRAC;TRBC1;FCMR;LCK;TRBC2;CD6;ZAP70;CD3G;CD3E;NOP53;ETS1;TCF7;CD5;CD79A;CD2;MS4A1;EZR;IL32;TNFRSF13C;CD247;GPR183;CLEC2D;RORA;ITK;CD22;IL7R;CD79B;IGHM;CD8A;OGT;GNLY
GO:0045071	negative regulation of viral genome replication	45	8	0.77	10.38961038961039	8.443968165498346e-7	8.443968165498346e-7	3.7139949579127926e-5	TRUE	8	0	PLSCR1;IFITM1;IFITM3;OAS1;RSAD2;OAS3;OASL;ISG15	
GO:0050860	negative regulation of T cell receptor signaling pathway	32	7	0.55	12.727272727272727	9.483524794177381e-7	9.483524794177381e-7	4.1381285173323204e-5	TRUE	6	1	DUSP3;PDCD1LG2;LILRB4;CD274;GBP1;CEACAM1	EZR
GO:0002227	innate immune response in mucosa	23	6	0.4	15	1.9165232149536036e-6	1.9165232149536036e-6	7.168057575384295e-5	TRUE	6	0	H2BC21;H2BC12;DEFA1;LTF;DEFA1;DEFA3	
GO:0019731	antibacterial humoral response	51	8	0.88	9.090909090909092	2.282528013773894e-6	2.282528013773894e-6	8.370627591692763e-5	TRUE	7	1	H2BC21;H2BC12;ADM;DEFA1;LTF;DEFA1;DEFA3	IGHM
GO:0035456	response to interferon-beta	30	7	0.52	13.461538461538462	2.737341847476858e-6	5.90647020541349e-7	2.706147765780281e-5	TRUE	7	0	AIM2;PLSCR1;IFITM1;IFITM3;STAT1;XAF1;OAS1	
GO:0071222	cellular response to lipopolysaccharide	172	14	2.96	4.72972972972973	6.277697527784129e-6	1.593396164971244e-6	6.169360644374577e-5	TRUE	13	1	PDCD1LG2;MAPK14;IL18RAP;CARD16;CD274;GBP5;CASP1;IL1B;GBP2;LCN2;PPBP;LTF;MMP9	CD6
GO:0002250	adaptive immune response	637	40	10.96	3.64963503649635	6.675180445080294e-6	7.651075572554799e-13	7.648293363255689e-11	TRUE	23	17	C1QB;C1QA;C2;C1QC;PDCD1LG2;FCER1G;IL18RAP;FCGR1A;TNFSF13;SOCS3;LILRB4;CD274;SECTM1;IL1B;CLU;CR1;PSMB9;CEACAM1;TAP1;SEMA4A;LILRA6;IRF7;RSAD2	TRAC;TRBC1;FCMR;TRBC2;CD6;ZAP70;CD3G;CD3E;CD79A;TNFRSF13C;CD247;GPR183;RORA;ITK;CD79B;IGHM;CD8A
GO:0038094	Fc-gamma receptor signaling pathway	32	5	0.55	9.09090909090909	9.93517734844517e-6	1.9864554289695846e-4	0.00436861277938991	TRUE	3	2	LIMK1;FCER1G;FCGR1A	LCK;CD247
GO:0006958	complement activation, classical pathway	30	6	0.52	11.538461538461538	1.019253749456264e-5	1.019253749456264e-5	3.181894476044817e-4	TRUE	6	0	C1QB;C1QA;C2;C1QC;CLU;CR1	
GO:0046629	gamma-delta T cell activation	18	5	0.31	16.129032258064516	1.0285633171390148e-5	1.0285633171390148e-5	3.181894476044817e-4	TRUE	0	5		CD3G;CD3E;TCF7;CD247;ITK
GO:0070106	interleukin-27-mediated signaling pathway	10	4	0.17	23.52941176470588	1.6508769721111405e-5	1.6508769721111405e-5	4.7521055458989793e-4	TRUE	4	0	STAT1;OAS1;OAS3;OASL	
GO:0050829	defense response to Gram-negative bacterium	49	7	0.84	8.333333333333334	1.8878072078582917e-5	1.8878072078582917e-5	5.350084550930354e-4	TRUE	6	1	H2BC12;ADM;DEFA1;LTF;DEFA1;DEFA3	IGHM
GO:0031295	T cell costimulation	38	6	0.65	9.23076923076923	4.2243854503842287e-5	4.2243854503842287e-5	0.0011274597672918684	TRUE	3	3	PDCD1LG2;LILRB4;CD274	LCK;CD5;TNFRSF13C
GO:0060337	type I interferon-mediated signaling pathway	62	8	1.07	7.4766355140186915	4.463046549532149e-5	1.0301513581956665e-5	3.181894476044817e-4	TRUE	8	0	IFITM1;IFITM3;STAT1;IRF7;OAS1;OAS3;OASL;ISG15	
GO:0006953	acute-phase response	27	5	0.46	10.869565217391305	8.541069568890241e-5	8.541069568890241e-5	0.00210577580671563	TRUE	5	0	HP;PLSCR1;IL1B;LCN2;APOL2	
GO:0046456	icosanoid biosynthetic process	41	5	0.71	7.042253521126761	9.49280034772464e-5	6.519280644496852e-4	0.0122750017066588	TRUE	5	0	NLRC4;CASP1;IL1B;LTA4H;NAIP	
GO:0042832	defense response to protozoan	15	4	0.26	15.384615384615383	1.0027310695690513e-4	1.0027310695690513e-4	0.0024393873541994	TRUE	4	0	BATF2;GBP1;GBP2;GBP4	
GO:0002230	positive regulation of defense response to virus by host	30	5	0.52	9.615384615384615	1.445638901406965e-4	1.445638901406965e-4	0.003297976215740869	TRUE	5	0	AIM2;PARP9;STAT1;TRIM22;PML	
GO:0033209	tumor necrosis factor-mediated signaling pathway	103	11	1.77	6.214689265536723	1.4745354916060642e-4	1.5238033643117706e-6	5.9417524092100105e-5	TRUE	9	2	MAPK14;AIM2;CARD16;TIFA;CASP1;CASP4;STAT1;TNFSF13B;NAIP	TMC8;TNFRSF13C
GO:0043368	positive T cell selection	35	4	0.6	6.666666666666667	1.6592633211473786e-4	0.002938162513808207	0.04450142562236232	TRUE	1	3	SOCS3	ZAP70;CD3G;CD3E
GO:0050853	B cell receptor signaling pathway	69	9	1.19	7.563025210084034	1.7146865333076723e-4	2.6032746489502114e-6	9.354773869234158e-5	TRUE	0	9		FCMR;LCK;CD5;CD79A;MS4A1;ITK;CD22;CD79B;IGHM
GO:0042058	regulation of epidermal growth factor receptor signaling pathway	58	5	1	5	2.5999787546984553e-4	0.003147647704908046	0.0474130604974916	TRUE	5	0	DUSP3;CEACAM1;RHBDF2;MMP9;IFI6	
GO:1903556	negative regulation of tumor necrosis factor superfamily cytokine production	50	3	0.86	3.488372093023256	2.941432086282405e-4	0.05454822171162133	0.4136636178903367	TRUE	3	0	LILRB4;CD274;LTF	
GO:0032731	positive regulation of interleukin-1 beta production	55	6	0.95	6.315789473684211	3.4776740882831194e-4	3.4776740882831194e-4	0.007055443593129368	TRUE	6	0	NLRC4;AIM2;GBP5;CASP1;LILRA5;NAIP	
GO:0010575	positive regulation of vascular endothelial growth factor production	21	4	0.36	11.11111111111111	4.0540336908781726e-4	4.0540336908781726e-4	0.008105118993617525	TRUE	3	1	HPSE;C3AR1;IL1B	RORA
GO:0071639	positive regulation of monocyte chemotactic protein-1 production	10	3	0.17	17.64705882352941	5.512436381571543e-4	5.512436381571543e-4	0.010596984344713406	TRUE	3	0	IL1B;OAS1;OAS3	
GO:0071346	cellular response to type II interferon	66	8	1.14	7.017543859649123	6.191860936575697e-4	1.649616824431749e-5	4.7521055458989793e-4	TRUE	8	0	GBP5;GBP1;CASP1;GBP2;PARP9;GBP4;STAT1;PARP14	
GO:0045061	thymic T cell selection	24	4	0.41	9.75609756097561	6.912288045359447e-4	6.912288045359447e-4	0.01297056644142875	TRUE	1	3	PSMB9	ZAP70;CD3G;CD3E
GO:0070486	leukocyte aggregation	11	3	0.19	15.789473684210526	7.48362777087993e-4	7.48362777087993e-4	0.013853530466093555	TRUE	2	1	IL1B;S100A8	ZAP70
GO:0031342	negative regulation of cell killing	30	3	0.52	5.769230769230769	8.696538116961933e-4	0.014484206801258196	0.1568604291473393	TRUE	3	0	CLU;CR1;CEACAM1	
GO:0032691	negative regulation of interleukin-1 beta production	26	4	0.45	8.88888888888889	9.466627048760144e-4	9.466627048760144e-4	0.01734917183802776	TRUE	4	0	CARD16;LILRB4;IL1B;PML	
GO:0046007	negative regulation of activated T cell proliferation	13	3	0.22	13.636363636363637	0.0012645610991072333	0.0012645610991072333	0.022141901028317097	TRUE	3	0	PDCD1LG2;LILRB4;CD274	
GO:0045916	negative regulation of complement activation	13	3	0.22	13.636363636363637	0.0012645610991072333	0.0012645610991072333	0.022141901028317097	TRUE	3	0	SERPING1;CLU;CR1	
GO:0140374	antiviral innate immune response	70	6	1.2	5	0.0012701829551011324	0.0012701829551011324	0.022169732975066747	TRUE	6	0	TRIM21;IFIT3;OAS1;OAS3;OASL;IFIT2	
GO:2001244	positive regulation of intrinsic apoptotic signaling pathway	48	5	0.83	6.024096385542169	0.0013512882471282287	0.0013512882471282287	0.02336283893934277	TRUE	4	1	SEPTIN4;VNN1;CLU;S100A8	LCK
GO:0042102	positive regulation of T cell proliferation	71	6	1.22	4.918032786885246	0.0013678461308294942	0.0013678461308294942	0.02357497814200802	TRUE	3	3	PDCD1LG2;CD274;IL1B	CD6;CD3E;TNFRSF13C
GO:0030890	positive regulation of B cell proliferation	29	4	0.5	8	0.001444486752570036	0.001444486752570036	0.024663938402577818	TRUE	2	2	TNFSF13;TNFSF13B	TNFRSF13C;GPR183
GO:0045648	positive regulation of erythrocyte differentiation	29	4	0.5	8	0.001444486752570036	0.001444486752570036	0.024663938402577818	TRUE	3	1	MAPK14;STAT1;ISG15	ETS1
GO:0098883	synapse pruning	14	3	0.24	12.5	0.0015891132911072042	0.0015891132911072042	0.02615851758834553	TRUE	3	0	C1QB;C1QA;C1QC	
GO:0002283	neutrophil activation involved in immune response	14	3	0.24	12.5	0.0015891132911072042	0.0015891132911072042	0.02615851758834553	TRUE	3	0	FCER1G;ANXA3;CD177	
GO:0016045	detection of bacterium	14	3	0.24	12.5	0.0015891132911072042	0.0015891132911072042	0.02615851758834553	TRUE	3	0	NLRC4;PGLYRP1;NAIP	
GO:0032689	negative regulation of type II interferon production	30	4	0.52	7.692307692307692	0.001644474885251474	0.001644474885251474	0.026908699164025607	TRUE	4	0	PDCD1LG2;LILRB4;CD274;CR1	
GO:0032760	positive regulation of tumor necrosis factor production	100	7	1.72	4.069767441860465	0.001678225617614361	0.001678225617614361	0.027298474691253717	TRUE	6	1	FCGR1A;CLU;PSMB9;LILRA5;OAS1;OAS3	CD2
GO:0030168	platelet activation	105	8	1.81	4.419889502762431	0.001782055138434268	4.512047906552503e-4	0.008891483652410631	TRUE	7	1	MAPK14;FCER1G;PLSCR1;TREML1;CEACAM1;MYL9;GP1BB	LCK
GO:0016525	negative regulation of angiogenesis	78	6	1.34	4.477611940298507	0.002221030632805494	0.002221030632805494	0.035190854233903765	TRUE	5	1	SEMA4A;STAT1;SPARC;STAB1;PML	KLF2
GO:0007155	cell adhesion	1053	43	18.11	2.3743787962451686	0.00225103614131666	7.511837092097161e-8	4.130008033235019e-6	TRUE	27	16	DUSP3;SMARCD3;PDCD1LG2;ST3GAL4;MAPK14;ICAM1;SCARF1;VNN1;LILRB4;CD274;VCAN;HPSE;GBP1;LRG1;IL1B;CR1;PSMB9;CEACAM1;CD177;ITGA2B;TNFAIP6;SIGLEC5;MYL9;STAB1;PML;GP1BB;S100A8	S1PR1;LCK;CD6;ZAP70;CD3E;ETS1;SPOCK2;CD5;CD2;EZR;IL32;TNFRSF13C;CD22;IL7R;RUNX3;ATM
GO:0002281	macrophage activation involved in immune response	16	3	0.28	10.714285714285714	0.0023834980189812037	0.0023834980189812037	0.03722861394420073	TRUE	3	0	DYSF;IL1B;IFI35	
GO:0061756	leukocyte adhesion to vascular endothelial cell	41	4	0.71	5.633802816901409	0.0028128237898002975	0.0052447246428341775	0.07033047825927392	TRUE	3	1	ST3GAL4;ICAM1;LRG1	ETS1
GO:0002637	regulation of immunoglobulin production	46	3	0.79	3.7974683544303796	0.002839504443766855	0.044381640646213145	0.3658324741722337	TRUE	2	1	TNFSF13;CR1	CD22
GO:0032693	negative regulation of interleukin-10 production	17	3	0.29	10.344827586206897	0.0028577834146773983	0.0028577834146773983	0.04352380391661035	TRUE	3	0	PDCD1LG2;LILRB4;CD274	
GO:0034341	response to type II interferon	102	12	1.75	6.857142857142857	0.0029200977405089952	1.7352238611338773e-7	9.000246026900054e-6	TRUE	12	0	GBP5;GBP1;IFITM1;CASP1;PSMB9;GBP2;TRIM21;IFITM3;PARP9;GBP4;STAT1;PARP14	
GO:0046597	host-mediated suppression of symbiont invasion	18	3	0.31	9.67741935483871	0.0033861708323200943	0.0033861708323200943	0.04972868955721957	TRUE	3	0	IFITM1;IFITM3;LY6E	
GO:0071356	cellular response to tumor necrosis factor	165	16	2.84	5.633802816901409	0.003522530826501778	2.444053377244525e-8	1.5098208391112807e-6	TRUE	12	4	MAPK14;AIM2;CARD16;TIFA;GBP1;CASP1;CASP4;GBP2;LCN2;STAT1;TNFSF13B;NAIP	ZFP36L2;KLF2;TMC8;TNFRSF13C
GO:2001185	regulation of CD8-positive, alpha-beta T cell activation	19	3	0.33	9.09090909090909	0.0039705025701128275	0.0039705025701128275	0.05595209146364467	TRUE	2	1	LILRB4;CD274	RUNX3
GO:0060339	negative regulation of type I interferon-mediated signaling pathway	19	3	0.33	9.09090909090909	0.0039705025701128275	0.0039705025701128275	0.05595209146364467	TRUE	3	0	OAS1;OAS3;ISG15	
GO:0002701	negative regulation of production of molecular mediator of immune response	27	3	0.46	6.521739130434782	0.004198671852443031	0.010835333599925225	0.12838936235428638	TRUE	2	1	LILRB4;CR1	CD22
GO:0030520	estrogen receptor signaling pathway	48	4	0.83	4.819277108433735	0.004583071331118695	0.009180294392770136	0.11166650126427037	TRUE	3	1	DEFA1;DEFA1;DEFA3	LBH
GO:0050995	negative regulation of lipid catabolic process	20	3	0.34	8.823529411764705	0.004612477507307319	0.004612477507307319	0.06324040233210883	TRUE	3	0	IL1B;HCAR3;HCAR2	
GO:0032682	negative regulation of chemokine production	20	3	0.34	8.823529411764705	0.004612477507307319	0.004612477507307319	0.06324040233210883	TRUE	3	0	LILRB4;OAS1;OAS3	
GO:0045582	positive regulation of T cell differentiation	91	7	1.57	4.45859872611465	0.00463962879828204	9.663666422440298e-4	0.017651441192882644	TRUE	4	3	SMARCD3;VNN1;LILRB4;CR1	ZAP70;IL7R;RUNX3
GO:0030217	T cell differentiation	238	24	4.09	5.8679706601467	0.004860887685577438	2.810635336858283e-12	2.7110303652713754e-10	TRUE	10	14	SMARCD3;IL18RAP;VNN1;SOCS3;LILRB4;IL1B;CR1;PSMB9;SEMA4A;RSAD2	ZFP36L2;IKZF3;LCK;ZAP70;CD3G;CD3E;TCF7;CD2;GPR183;RORA;ITK;IL7R;RUNX3;CD8A
GO:0007166	cell surface receptor signaling pathway	2063	90	35.49	2.53592561284869	0.005280804847160337	1.1824386133782962e-18	2.241740515984094e-16	TRUE	59	31	DUSP3;PDCD1LG2;LIMK1;MAPK14;AIM2;ASGR2;TLR5;FCER1G;IL18RAP;ICAM1;CARD16;TIFA;KREMEN1;OSCAR;FCGR1A;SOCS3;SORT1;LILRB4;CD274;MARCO;C3AR1;PLSCR1;GBP1;GRINA;LRG1;IFITM1;CASP1;IL1B;CR1;CEACAM1;CASP4;RHBDF2;CD177;IFITM3;ITGA2B;P2RY14;FFAR2;LILRA5;PARP9;SEMA4A;TNFAIP6;LILRA6;STAT1;TNFSF13B;NAIP;TNFSF10;LTF;IRF7;IFI35;PML;MMP9;GP1BB;OAS1;PARP14;IFI6;LY6E;OAS3;OASL;ISG15	TRAC;EVL;TRBC1;TMC8;FCMR;TLE5;LCK;CABIN1;TRBC2;CD6;ZAP70;CD3G;CD3E;TCF7;CD5;CD79A;CD2;MS4A1;EZR;BCL9L;TNFRSF13C;CD247;CLEC2D;RORA;ITK;CD22;IL7R;CD79B;IGHM;CD8A;OGT
GO:0010818	T cell chemotaxis	21	3	0.36	8.333333333333334	0.005313656530343899	0.005313656530343899	0.07073724843542556	TRUE	2	1	DEFA1;DEFA1	GPR183
GO:0045671	negative regulation of osteoclast differentiation	21	3	0.36	8.333333333333334	0.005313656530343899	0.005313656530343899	0.07073724843542556	TRUE	3	0	LILRB4;TNFAIP6;LTF	
GO:0045824	negative regulation of innate immune response	84	8	1.44	5.555555555555555	0.005435209178529739	9.603889601850363e-5	0.002357240403168451	TRUE	8	0	SERPING1;CR1;CEACAM1;TRIM21;OAS1;PARP14;OAS3;ISG15	
GO:0048525	negative regulation of viral process	66	11	1.14	9.649122807017545	0.005449938326673702	1.4337285050563663e-8	9.497155808192652e-7	TRUE	10	1	PLSCR1;IFITM1;TRIM21;IFITM3;STAT1;OAS1;RSAD2;OAS3;OASL;ISG15	IL32
GO:0032728	positive regulation of interferon-beta production	42	4	0.72	5.555555555555555	0.005719981567732132	0.005719981567732132	0.07559725639276746	TRUE	4	0	IRF7;OAS1;OAS3;ISG15	
GO:0050790	regulation of catalytic activity	449	10	7.72	1.2953367875647668	0.005822536302669547	0.24565554635615147	0.9531504543868178	TRUE	10	0	MAPK14;PLSCR1;IL1B;CR1;CEACAM1;LILRA5;S100A12;PARP9;OAS1;OAS3	
GO:0030316	osteoclast differentiation	74	7	1.27	5.511811023622047	0.005847836971554422	2.7485971669782605e-4	0.005767857719101709	TRUE	5	2	MAPK14;OSCAR;LILRB4;TNFAIP6;LTF	EEIG1;GPR183
GO:0032703	negative regulation of interleukin-2 production	22	3	0.38	7.894736842105263	0.006075467798466441	0.006075467798466441	0.07953076656182974	TRUE	3	0	LILRB4;GBP1;CR1	
GO:0071347	cellular response to interleukin-1	72	5	1.24	4.032258064516129	0.006175099030075243	0.007922649600941807	0.09877262473010898	TRUE	4	1	GBP1;IL1B;GBP2;LCN2	KLF2
GO:0045766	positive regulation of angiogenesis	128	7	2.2	3.1818181818181817	0.006626060872237	0.006626060872237	0.08612312689257452	TRUE	6	1	ADM;HPSE;C3AR1;LRG1;IL1B;ANXA3	ETS1
GO:0031334	positive regulation of protein-containing complex assembly	165	8	2.84	2.8169014084507045	0.006869488055954116	0.00774005740593591	0.09729044096555654	TRUE	6	2	CDK5RAP2;SH3GLB1;GBP5;CLU;GBP2;ISG15	EVL;ATM
GO:0035458	cellular response to interferon-beta	23	3	0.4	7.5	0.00689921185297501	0.00689921185297501	0.08883341163385622	TRUE	3	0	AIM2;STAT1;OAS1	
GO:0045577	regulation of B cell differentiation	23	3	0.4	7.5	0.00689921185297501	0.00689921185297501	0.08883341163385622	TRUE	1	2	CR1	ZFP36L2;IKZF3
GO:0090200	positive regulation of release of cytochrome c from mitochondria	23	3	0.4	7.5	0.00689921185297501	0.00689921185297501	0.08883341163385622	TRUE	3	0	CASP1;TNFSF10;MMP9	
GO:0032729	positive regulation of type II interferon production	70	5	1.2	4.166666666666667	0.0070445729639732795	0.0070445729639732795	0.08986325326200717	TRUE	4	1	IL18RAP;IL1B;PSMB9;ISG15	CD2
GO:0045580	regulation of T cell differentiation	149	10	2.56	3.90625	0.007339094845870444	2.527435072349032e-4	0.005406940866838513	TRUE	5	5	SMARCD3;VNN1;LILRB4;CR1;PSMB9	ZAP70;TCF7;CD2;IL7R;RUNX3
GO:0061028	establishment of endothelial barrier	41	4	0.71	5.633802816901409	0.007719760636083772	0.0052447246428341775	0.07033047825927392	TRUE	3	1	ICAM1;HPSE;IL1B	EZR
GO:0002726	positive regulation of T cell cytokine production	24	3	0.41	7.317073170731708	0.007786066574180589	0.007786066574180589	0.09729044096555654	TRUE	3	0	SECTM1;IL1B;RSAD2	
GO:0046426	negative regulation of receptor signaling pathway via JAK-STAT	24	3	0.41	7.317073170731708	0.007786066574180589	0.007786066574180589	0.09729044096555654	TRUE	2	1	SOCS3;PARP14	IL7R
GO:0043374	CD8-positive, alpha-beta T cell differentiation	24	3	0.41	7.317073170731708	0.007786066574180589	0.007786066574180589	0.09729044096555654	TRUE	2	1	LILRB4;PSMB9	RUNX3
GO:0042981	regulation of apoptotic process	1021	39	17.56	2.2209567198177678	0.009366506063201448	1.8090128347922339e-6	6.828390806802806e-5	TRUE	27	12	NLRC4;SEPTIN4;ICAM1;CARD16;VNN1;GADD45B;SOCS3;CD274;CASP5;GRINA;CASP1;IL1B;CLU;CASP4;LCN2;STAT1;NAIP;HCAR2;TNFSF10;LTF;IRF7;IFIT3;PML;MMP9;S100A8;IFI6;IFIT2	IKZF3;TMC8;FCMR;TLE5;LCK;CD3G;CD3E;NOP53;ETS1;IL7R;ATM;FBXO7
GO:0022406	membrane docking	79	4	1.36	2.941176470588235	0.009726957125494567	0.04714309902526897	0.37455600930770055	TRUE	2	2	ICAM1;STX11	ESYT1;EZR
GO:0002767	immune response-inhibiting cell surface receptor signaling pathway	26	3	0.45	6.666666666666666	0.009753234940266378	0.009753234940266378	0.1173376054739268	TRUE	3	0	LILRB4;LILRA5;LILRA6	
GO:0071345	cellular response to cytokine stimulus	583	42	10.03	4.187437686939183	0.009797745636405179	1.6333500005463345e-15	2.1902825129277432e-13	TRUE	35	7	MAPK14;AIM2;FCER1G;IL18RAP;CARD16;TIFA;SOCS3;LILRB4;GBP5;GBP1;IFITM1;CASP1;IL1B;CEACAM1;CASP4;GBP2;LCN2;PSME2;IFITM3;LILRA5;PARP9;LILRA6;GBP4;STAT1;TNFSF13B;NAIP;IRF7;IFIT3;MT2A;OAS1;PARP14;OAS3;OASL;IFIT2;ISG15	ZFP36L2;KLF2;TMC8;TCF7;EZR;TNFRSF13C;IL7R
GO:0043123	positive regulation of canonical NF-kappaB signal transduction	208	9	3.58	2.5139664804469275	0.009939479175995986	0.009939479175995986	0.11854068657185668	TRUE	9	0	CARD16;TIFA;SECTM1;CASP1;IL1B;S100A12;TRIM22;TNFSF10;LTF	
GO:0030183	B cell differentiation	104	10	1.79	5.58659217877095	0.010490019793820343	1.1837103242327533e-5	3.5956018578075567e-4	FALSE	2	8	CR1;TNFSF13B	ZFP36L2;IKZF3;CD79A;MS4A1;GPR183;ATM;CD79B;IGHM
GO:0043525	positive regulation of neuron apoptotic process	50	4	0.86	4.651162790697675	0.010580766566605546	0.010580766566605546	0.1259157025610331	FALSE	4	0	CASP5;CASP1;CASP4;LCN2	
GO:0051252	regulation of RNA metabolic process	2791	37	48.01	0.7706727765048949	0.01116941314962119	0.9732371734560745	1	FALSE	19	18	SMARCD3;CDK5RAP2;ZNF438;MAPK14;BATF2;LILRB4;CD274;PLSCR1;IL1B;TRIM21;ETV7;PARP9;STAT1;TRIM22;IRF7;PML;OAS1;PARP14;OAS3	ZFP36L2;KLF2;IKZF3;LBH;BCL11B;S1PR1;TLE5;CABIN1;NOP53;ETS1;PBXIP1;TCF7;EZR;BCL9L;RORA;RUNX3;ATM;OGT
GO:0006952	defense response	1413	98	24.31	4.031262854792267	0.011445128515162377	7.198763490022157e-37	1.3192933889380607e-33	FALSE	84	14	C1QB;C1QA;C2;C1QC;NLRC4;H2BC21;H2BC12;HP;MAPK14;AIM2;TLR5;FCER1G;IL18RAP;TIFA;FCGR1A;SERPING1;VNN1;ADM;BATF2;LILRB4;CD274;HPSE;CASP5;MARCO;GBP5;C3AR1;PLSCR1;PGLYRP1;GBP1;TREML1;IFITM1;CASP1;IL1B;CLU;CR1;PSMB9;CEACAM1;CASP4;GBP2;CALHM6;TRIM21;RHBDF2;MSRB1;ANXA3;APOL1;TAP1;LCN2;UBE2L6;PSME2;CD177;IFITM3;FFAR2;LILRA5;PPBP;S100A12;PARP9;TNFAIP6;CLEC4E;GBP4;APOL2;STAT1;TRIM22;NAIP;DEFA1;LTF;IRF7;STAB1;IFI35;IFIT3;PML;MMP9;OAS1;IFI44L;S100A8;PARP14;RSAD2;IFI6;LY6E;OAS3;DEFA1;OASL;IFIT2;ISG15;DEFA3	FCMR;CD6;PTPRCAP;NOP53;ETS1;CD2;IL32;RORA;ITK;IL7R;IGHM;OGT;HBA2;GNLY
GO:0030888	regulation of B cell proliferation	51	7	0.88	7.954545454545454	0.011669689060306958	2.471182075236916e-5	6.861898509925537e-4	FALSE	2	5	TNFSF13;TNFSF13B	IKZF3;TNFRSF13C;GPR183;CD22;ATM
GO:0001776	leukocyte homeostasis	71	7	1.22	5.737704918032787	0.011703510573269996	2.1216521804384768e-4	0.0046473480828887435	FALSE	5	2	AIM2;TNFSF13;PSMB9;TNFSF13B;HCAR2	GPR183;IL7R
GO:0072524	pyridine-containing compound metabolic process	143	6	2.46	2.4390243902439024	0.011928181161942365	0.037111266373576916	0.31930789127061954	FALSE	5	1	PFKFB3;HK3;PARP9;ALPL;PARP14	OGT
GO:0035455	response to interferon-alpha	20	3	0.34	8.823529411764705	0.012019617374513111	0.004612477507307319	0.06324040233210883	FALSE	3	0	IFITM1;IFITM3;OAS1	
GO:0039530	MDA-5 signaling pathway	10	2	0.17	11.76470588235294	0.01210364627151545	0.01210364627151545	0.13674337279598145	FALSE	2	0	IRF7;OAS3	
GO:2001214	positive regulation of vasculogenesis	10	2	0.17	11.76470588235294	0.01210364627151545	0.01210364627151545	0.13674337279598145	FALSE	2	0	ADM;CEACAM1	
GO:0002544	chronic inflammatory response	10	2	0.17	11.76470588235294	0.01210364627151545	0.01210364627151545	0.13674337279598145	FALSE	2	0	VNN1;S100A8	
GO:0035655	interleukin-18-mediated signaling pathway	10	2	0.17	11.76470588235294	0.01210364627151545	0.01210364627151545	0.13674337279598145	FALSE	2	0	IL18RAP;CASP4	
GO:0035630	bone mineralization involved in bone maturation	10	2	0.17	11.76470588235294	0.01210364627151545	0.01210364627151545	0.13674337279598145	FALSE	1	1	LTF	PHOSPHO1
GO:0050859	negative regulation of B cell receptor signaling pathway	10	2	0.17	11.76470588235294	0.01210364627151545	0.01210364627151545	0.13674337279598145	FALSE	0	2		CD5;CD22
GO:0002922	positive regulation of humoral immune response	10	2	0.17	11.76470588235294	0.01210364627151545	0.01210364627151545	0.13674337279598145	FALSE	2	0	IL1B;CR1	
GO:0043124	negative regulation of canonical NF-kappaB signal transduction	81	5	1.39	3.5971223021582737	0.012821569251260143	0.012821569251260143	0.14415743914811507	FALSE	2	3	LILRB4;STAT1	TMC8;RORA;FBXO7
GO:0032868	response to insulin	194	6	3.34	1.7964071856287427	0.013173322733243847	0.11832279286533516	0.7133099947079087	FALSE	5	1	MAPK14;SORT1;IL1B;CEACAM1;ALPL	OGT
GO:0045429	positive regulation of nitric oxide biosynthetic process	30	3	0.52	5.769230769230769	0.014484206801258196	0.014484206801258196	0.1568604291473393	FALSE	2	1	IL1B;CLU	KLF2
GO:0007157	heterophilic cell-cell adhesion	30	3	0.52	5.769230769230769	0.014484206801258196	0.014484206801258196	0.1568604291473393	FALSE	2	1	ICAM1;SCARF1	CD6
GO:0090085	regulation of protein deubiquitination	11	2	0.19	10.526315789473685	0.014627042603610446	0.014627042603610446	0.1568604291473393	FALSE	1	1	TRIM21	NOP53
GO:0042117	monocyte activation	11	2	0.19	10.526315789473685	0.014627042603610446	0.014627042603610446	0.1568604291473393	FALSE	2	0	LILRB4;DYSF	
GO:0030852	regulation of granulocyte differentiation	11	2	0.19	10.526315789473685	0.014627042603610446	0.014627042603610446	0.1568604291473393	FALSE	2	0	C1QC;CEACAM1	
GO:0002838	negative regulation of immune response to tumor cell	11	2	0.19	10.526315789473685	0.014627042603610446	0.014627042603610446	0.1568604291473393	FALSE	2	0	CD274;CEACAM1	
GO:0032661	regulation of interleukin-18 production	11	2	0.19	10.526315789473685	0.014627042603610446	0.014627042603610446	0.1568604291473393	FALSE	2	0	GBP5;CASP1	
GO:1901678	iron coordination entity transport	11	2	0.19	10.526315789473685	0.014627042603610446	0.014627042603610446	0.1568604291473393	FALSE	2	0	FLVCR2;LCN2	
GO:0032757	positive regulation of interleukin-8 production	55	4	0.95	4.2105263157894735	0.014664652706753803	0.014664652706753803	0.1568604291473393	FALSE	3	1	TLR5;IL1B;FFAR2	CD2
GO:0019082	viral protein processing	31	3	0.53	5.660377358490566	0.01583648750534746	0.01583648750534746	0.16711901785873384	FALSE	2	1	ST3GAL4;PARP9	ST6GAL1
GO:0007193	adenylate cyclase-inhibiting G protein-coupled receptor signaling pathway	57	4	0.98	4.081632653061225	0.016541323260966283	0.016541323260966283	0.17224279410756177	FALSE	3	1	MARCO;C3AR1;HCAR3	S1PR1
GO:0043367	CD4-positive, alpha-beta T cell differentiation	99	8	1.7	4.705882352941177	0.01679714220567008	3.025390308249485e-4	0.006253231546900627	FALSE	5	3	IL18RAP;SOCS3;PSMB9;SEMA4A;RSAD2	GPR183;RORA;RUNX3
GO:0141087	positive regulation of inflammasome-mediated signaling pathway	28	2	0.48	4.166666666666667	0.017160568491079498	0.08315894503275534	0.5618865958676292	FALSE	2	0	GBP5;GBP2	
GO:0046545	development of primary female sexual characteristics	38	2	0.65	3.0769230769230766	0.017173551218035987	0.13864345356695795	0.7742435746419716	FALSE	2	0	LHFPL2;TNFAIP6	
GO:0032733	positive regulation of interleukin-10 production	32	3	0.55	5.454545454545454	0.017257433755233146	0.017257433755233146	0.17769098301440187	FALSE	3	0	CD274;LILRA5;ISG15	
GO:0060334	regulation of type II interferon-mediated signaling pathway	12	2	0.21	9.523809523809524	0.017355412491584905	0.017355412491584905	0.17769098301440187	FALSE	2	0	PARP9;PARP14	
GO:0001773	myeloid dendritic cell activation	12	2	0.21	9.523809523809524	0.017355412491584905	0.017355412491584905	0.17769098301440187	FALSE	1	1	BATF2	CD2
GO:0043116	negative regulation of vascular permeability	12	2	0.21	9.523809523809524	0.017355412491584905	0.017355412491584905	0.17769098301440187	FALSE	2	0	ADM;CEACAM1	
GO:0017157	regulation of exocytosis	141	4	2.43	1.6460905349794237	0.01738665550903033	0.22485938581461948	0.916691905832938	FALSE	3	1	SEPTIN4;CEACAM1;CD177	SEPTIN1
GO:0008015	blood circulation	301	5	5.18	0.9652509652509653	0.017645042450870473	0.5940841884303302	1	FALSE	4	1	SERPING1;ADM;C3AR1;CEACAM1	KLF2
GO:0033077	T cell differentiation in thymus	48	7	0.83	8.433734939759036	0.019549752513010332	1.6419076609384956e-5	4.7521055458989793e-4	FALSE	3	4	VNN1;IL1B;PSMB9	ZFP36L2;ZAP70;CD3G;CD3E
GO:0002762	negative regulation of myeloid leukocyte differentiation	34	5	0.58	8.620689655172415	0.019841332432212856	2.66912793438284e-4	0.0056441789935526366	FALSE	5	0	C1QC;LILRB4;CEACAM1;TNFAIP6;LTF	
GO:0051781	positive regulation of cell division	71	4	1.22	3.278688524590164	0.020220935159304995	0.03384389780235516	0.29582472196716797	FALSE	2	2	IL1B;PPBP	LBH;CDC25B
GO:0055074	calcium ion homeostasis	127	4	2.18	1.8348623853211008	0.020273858051145514	0.17543079808137524	0.8361245757819981	FALSE	3	1	FAM20A;ALPL;PML	ANXA6
GO:0031665	negative regulation of lipopolysaccharide-mediated signaling pathway	13	2	0.22	9.090909090909092	0.020281021835671764	0.020281021835671764	0.2007989970103855	FALSE	2	0	CARD16;LTF	
GO:0035019	somatic stem cell population maintenance	13	2	0.22	9.090909090909092	0.020281021835671764	0.020281021835671764	0.2007989970103855	FALSE	0	2		ZFP36L2;LBH
GO:0002327	immature B cell differentiation	13	2	0.22	9.090909090909092	0.020281021835671764	0.020281021835671764	0.2007989970103855	FALSE	0	2		ATM;IGHM
GO:0072665	protein localization to vacuole	73	3	1.26	2.380952380952381	0.020286102016221517	0.130867818080146	0.7479327066576327	FALSE	3	0	SH3GLB1;GBP1;CLU	
GO:0050900	leukocyte migration	283	17	4.87	3.490759753593429	0.021403543117387108	8.01242883791831e-6	2.591313750051463e-4	FALSE	13	4	ST3GAL4;ICAM1;ANKRD22;C3AR1;CD177;ITGA2B;FFAR2;PPBP;S100A12;TNFAIP6;DEFA1;S100A8;DEFA1	S1PR1;LCK;ZAP70;GPR183
GO:0051259	protein complex oligomerization	229	8	3.94	2.030456852791878	0.021511052639883392	0.044592495549451196	0.36659930577740724	FALSE	5	3	NLRC4;TIFA;GBP5;OAS1;ISG15	EVL;MS4A1;CD247
GO:0031333	negative regulation of protein-containing complex assembly	124	5	2.13	2.347417840375587	0.021888221917328355	0.06289196127182757	0.4604261026265086	FALSE	1	4	CLU	TMC8;NOP53;SPTAN1;OGT
GO:0045063	T-helper 1 cell differentiation	35	3	0.6	5	0.02193460365882677	0.02193460365882677	0.21194455345558805	FALSE	3	0	IL18RAP;PSMB9;SEMA4A	
GO:1904646	cellular response to amyloid-beta	35	3	0.6	5	0.02193460365882677	0.02193460365882677	0.21194455345558805	FALSE	3	0	ICAM1;CASP4;LCN2	
GO:0030593	neutrophil chemotaxis	64	5	1.1	4.545454545454545	0.02322459424357749	0.0048206515157147925	0.0654418321812344	FALSE	5	0	C3AR1;PPBP;S100A12;TNFAIP6;S100A8	
GO:0002430	complement receptor mediated signaling pathway	14	2	0.24	8.333333333333334	0.02339633992643251	0.02339633992643251	0.22139944391656788	FALSE	2	0	C3AR1;CR1	
GO:0140367	antibacterial innate immune response	14	2	0.24	8.333333333333334	0.02339633992643251	0.02339633992643251	0.22139944391656788	FALSE	2	0	APOL1;LTF	
GO:0035743	CD4-positive, alpha-beta T cell cytokine production	14	2	0.24	8.333333333333334	0.02339633992643251	0.02339633992643251	0.22139944391656788	FALSE	2	0	IL1B;RSAD2	
GO:0030575	nuclear body organization	14	2	0.24	8.333333333333334	0.02339633992643251	0.02339633992643251	0.22139944391656788	FALSE	1	1	PML	ETS1
GO:0002523	leukocyte migration involved in inflammatory response	14	2	0.24	8.333333333333334	0.02339633992643251	0.02339633992643251	0.22139944391656788	FALSE	2	0	FFAR2;S100A8	
GO:0003376	sphingosine-1-phosphate receptor signaling pathway	14	2	0.24	8.333333333333334	0.02339633992643251	0.02339633992643251	0.22139944391656788	FALSE	0	2		S1PR1;EZR
GO:2000341	regulation of chemokine (C-X-C motif) ligand 2 production	14	2	0.24	8.333333333333334	0.02339633992643251	0.02339633992643251	0.22139944391656788	FALSE	2	0	OAS1;OAS3	
GO:0034145	positive regulation of toll-like receptor 4 signaling pathway	14	2	0.24	8.333333333333334	0.02339633992643251	0.02339633992643251	0.22139944391656788	FALSE	2	0	LTF;IFI35	
GO:0030953	astral microtubule organization	14	2	0.24	8.333333333333334	0.02339633992643251	0.02339633992643251	0.22139944391656788	FALSE	1	1	LIMK2	EZR
GO:0071360	cellular response to exogenous dsRNA	14	2	0.24	8.333333333333334	0.02339633992643251	0.02339633992643251	0.22139944391656788	FALSE	2	0	OAS1;OAS3	
GO:0001961	positive regulation of cytokine-mediated signaling pathway	53	5	0.91	5.4945054945054945	0.024904730822811	0.002112742050027063	0.03366914722043129	FALSE	4	1	CASP1;CASP4;PARP9;PARP14	EZR
GO:0001774	microglial cell activation	37	3	0.64	4.6875	0.025398980455530625	0.025398980455530625	0.23894874083567938	FALSE	3	0	C1QA;IL1B;CLU	
GO:0007159	leukocyte cell-cell adhesion	342	24	5.88	4.081632653061225	0.02617821260986044	5.109143041159132e-9	3.555704865859862e-7	FALSE	14	10	DUSP3;SMARCD3;PDCD1LG2;ST3GAL4;ICAM1;VNN1;LILRB4;CD274;LRG1;IL1B;CR1;PSMB9;CD177;S100A8	LCK;CD6;ZAP70;CD3E;ETS1;CD5;EZR;TNFRSF13C;IL7R;RUNX3
GO:0006954	inflammatory response	633	42	10.89	3.8567493112947657	0.026262639804921585	2.850849984458961e-14	3.0733280812853657e-12	FALSE	37	5	C1QA;NLRC4;HP;MAPK14;AIM2;TLR5;FCER1G;IL18RAP;FCGR1A;VNN1;ADM;LILRB4;HPSE;CASP5;GBP5;C3AR1;PLSCR1;GBP1;CASP1;IL1B;CLU;CASP4;GBP2;TRIM21;RHBDF2;LCN2;FFAR2;LILRA5;PPBP;S100A12;TNFAIP6;APOL2;NAIP;STAB1;IFI35;MMP9;S100A8	CD6;ETS1;RORA;OGT;HBA2
GO:0033631	cell-cell adhesion mediated by integrin	26	3	0.45	6.666666666666666	0.026517860020543526	0.009753234940266378	0.1173376054739268	FALSE	2	1	ICAM1;ITGA2B	CD3E
GO:0034505	tooth mineralization	15	2	0.26	7.692307692307692	0.026694034786322953	0.026694034786322953	0.24626204688159836	FALSE	2	0	FAM20A;ALPL	
GO:0034114	regulation of heterotypic cell-cell adhesion	15	2	0.26	7.692307692307692	0.026694034786322953	0.026694034786322953	0.24626204688159836	FALSE	1	1	IL1B	LCK
GO:0032897	negative regulation of viral transcription	15	2	0.26	7.692307692307692	0.026694034786322953	0.026694034786322953	0.24626204688159836	FALSE	2	0	TRIM21;IFITM3	
GO:0002675	positive regulation of acute inflammatory response	15	2	0.26	7.692307692307692	0.026694034786322953	0.026694034786322953	0.24626204688159836	FALSE	2	0	IL1B;FFAR2	
GO:0061684	chaperone-mediated autophagy	15	2	0.26	7.692307692307692	0.026694034786322953	0.026694034786322953	0.24626204688159836	FALSE	2	0	CTSA;CLU	
GO:0071260	cellular response to mechanical stimulus	66	4	1.14	3.5087719298245617	0.026805640502898555	0.026805640502898555	0.24686333582066375	FALSE	4	0	TLR5;CASP5;CASP1;IL1B	
GO:0006869	lipid transport	313	11	5.38	2.0446096654275094	0.028049505012254745	0.01970488728280272	0.19733601144052704	FALSE	9	2	NPC2;PLSCR1;IL1B;CLU;CEACAM1;APOL1;APOL6;APOL2;ACSL1	ATP8B2;ESYT1
GO:0034220	monoatomic ion transmembrane transport	703	16	12.09	1.3234077750206783	0.02858796489373695	0.15451923160723316	0.817969030746646	FALSE	10	6	SLC26A8;CACNA1E;GRINA;CALHM6;APOL1;KCNJ15;LCN2;PML;MMP9;GP1BB	TMC8;LCK;ATP8B2;SLC38A1;MS4A1;ANXA6
GO:0042100	B cell proliferation	67	9	1.15	7.82608695652174	0.028681551963020656	2.0235472468211686e-6	7.517204569609989e-5	FALSE	2	7	TNFSF13;TNFSF13B	IKZF3;CD79A;MS4A1;TNFRSF13C;GPR183;CD22;ATM
GO:0010594	regulation of endothelial cell migration	136	6	2.34	2.5641025641025643	0.02969078696169433	0.03009475818833075	0.2692499893166208	FALSE	5	1	CEACAM1;ANXA3;LCN2;SEMA4A;SPARC	ETS1
GO:0002260	lymphocyte homeostasis	49	4	0.84	4.761904761904762	0.02981703691001431	0.009864402899463522	0.11815792405501185	FALSE	4	0	AIM2;TNFSF13;PSMB9;TNFSF13B	
GO:0010043	response to zinc ion	28	3	0.48	6.25	0.029973235931552353	0.011984121865820879	0.13674337279598145	FALSE	3	0	LTA4H;MT2A;S100A8	
GO:0016540	protein autoprocessing	16	2	0.28	7.142857142857142	0.030166968610228884	0.030166968610228884	0.2692499893166208	FALSE	2	0	CASP1;CASP4	
GO:0033032	regulation of myeloid cell apoptotic process	16	2	0.28	7.142857142857142	0.030166968610228884	0.030166968610228884	0.2692499893166208	FALSE	2	0	HCAR2;IRF7	
GO:0044790	suppression of viral release by host	16	2	0.28	7.142857142857142	0.030166968610228884	0.030166968610228884	0.2692499893166208	FALSE	2	0	TRIM21;PML	
GO:1903265	positive regulation of tumor necrosis factor-mediated signaling pathway	16	2	0.28	7.142857142857142	0.030166968610228884	0.030166968610228884	0.2692499893166208	FALSE	2	0	CASP1;CASP4	
GO:1903729	regulation of plasma membrane organization	16	2	0.28	7.142857142857142	0.030166968610228884	0.030166968610228884	0.2692499893166208	FALSE	1	1	SH3GLB1	AHNAK
GO:2000737	negative regulation of stem cell differentiation	16	2	0.28	7.142857142857142	0.030166968610228884	0.030166968610228884	0.2692499893166208	FALSE	0	2		ZFP36L2;LBH
GO:0051668	localization within membrane	603	10	10.37	0.9643201542912248	0.030700334071326354	0.592947778090381	1	FALSE	6	4	LMNB1;VAMP5;SH3GLB1;SORT1;GBP1;TNFAIP6	ARL4C;CD2;EZR;OGT
GO:0043524	negative regulation of neuron apoptotic process	84	5	1.44	3.4722222222222223	0.03202003263764305	0.014827210573733946	0.15798450336121944	FALSE	4	1	GRINA;CLU;LCN2;NAIP	FBXO7
GO:0006508	proteolysis	546	18	9.39	1.9169329073482426	0.03218858564951778	0.00632898157158091	0.08245673147050199	FALSE	17	1	C2;NLRC4;HP;CARD16;FBXO6;CTSA;HPSE;CASP5;CASP1;IL1B;CR1;PSMB9;CASP4;LTA4H;LAP3;LTF;MMP9	OGT
GO:0040012	regulation of locomotion	771	24	13.26	1.8099547511312217	0.032568507164548066	0.003546943087318053	0.05186460929275174	FALSE	15	9	DUSP3;ST3GAL4;ICAM1;HPSE;C3AR1;IFITM1;IL1B;CEACAM1;ANXA3;LCN2;ITGA2B;SEMA4A;TNFAIP6;SPARC;MMP9	EVL;SUN2;S1PR1;ETS1;SPOCK2;GPR183;ATM;OGT;FBXO7
GO:0002456	T cell mediated immunity	108	8	1.86	4.301075268817204	0.032602050666776	5.451665842650132e-4	0.010516932913294887	FALSE	7	1	LILRB4;CD274;SECTM1;IL1B;CR1;CEACAM1;RSAD2	CD8A
GO:0002251	organ or tissue specific immune response	35	8	0.6	13.333333333333334	0.033150999637533984	1.0691772137384662e-7	5.65224646262893e-6	FALSE	8	0	H2BC21;H2BC12;CR1;FFAR2;DEFA1;LTF;DEFA1;DEFA3	
GO:0007229	integrin-mediated signaling pathway	89	5	1.53	3.2679738562091503	0.03352310931104658	0.018618481041527322	0.18886422281608342	FALSE	5	0	FCER1G;CEACAM1;CD177;ITGA2B;ISG15	
GO:0002718	regulation of cytokine production involved in immune response	84	6	1.44	4.166666666666667	0.03357181910223228	0.0032284301527075367	0.048268239409800004	FALSE	6	0	LILRB4;SECTM1;IL1B;CALHM6;FFAR2;RSAD2	
GO:0002710	negative regulation of T cell mediated immunity	28	3	0.48	6.25	0.03358773599306211	0.011984121865820879	0.13674337279598145	FALSE	3	0	LILRB4;CD274;CEACAM1	
GO:0033688	regulation of osteoblast proliferation	17	2	0.29	6.8965517241379315	0.03380819330296911	0.03380819330296911	0.29582472196716797	FALSE	2	0	HPSE;LTF	
GO:0050765	negative regulation of phagocytosis	17	2	0.29	6.8965517241379315	0.03380819330296911	0.03380819330296911	0.29582472196716797	FALSE	2	0	PLSCR1;DYSF	
GO:0090201	negative regulation of release of cytochrome c from mitochondria	17	2	0.29	6.8965517241379315	0.03380819330296911	0.03380819330296911	0.29582472196716797	FALSE	2	0	CLU;IFI6	
GO:0048762	mesenchymal cell differentiation	154	5	2.65	1.8867924528301887	0.03389967582212927	0.12671990850633982	0.7370233223889585	FALSE	4	1	LRG1;IL1B;SEMA4A;STAT1	BCL9L
GO:2000193	positive regulation of fatty acid transport	12	2	0.21	9.523809523809524	0.03398462792442114	0.017355412491584905	0.17769098301440187	FALSE	2	0	IL1B;ACSL1	
GO:0051546	keratinocyte migration	13	2	0.22	9.090909090909092	0.033987171878361755	0.020281021835671764	0.2007989970103855	FALSE	2	0	LRG1;MMP9	
GO:0010595	positive regulation of endothelial cell migration	92	4	1.58	2.531645569620253	0.035210790034657304	0.07407222421945871	0.5181286116521424	FALSE	3	1	ANXA3;LCN2;SPARC	ETS1
GO:0050709	negative regulation of protein secretion	42	3	0.72	4.166666666666667	0.035266501487387844	0.035266501487387844	0.30582843087958733	FALSE	3	0	IL1B;RHBDF2;RSAD2	
GO:0034097	response to cytokine	659	50	11.34	4.409171075837743	0.03558640038654463	2.1537788663097226e-19	4.9339484195711895e-17	FALSE	42	8	MAPK14;AIM2;FCER1G;IL18RAP;CARD16;TIFA;SOCS3;LILRB4;CD274;GBP5;PLSCR1;GBP1;IFITM1;CASP1;IL1B;PSMB9;CEACAM1;CASP4;GBP2;TRIM21;LCN2;PSME2;IFITM3;LILRA5;PARP9;ALPL;LILRA6;GBP4;STAT1;TNFSF13B;NAIP;IRF7;XAF1;IFIT3;MT2A;PML;OAS1;PARP14;OAS3;OASL;IFIT2;ISG15	ZFP36L2;KLF2;TMC8;TLE5;TCF7;EZR;TNFRSF13C;IL7R
GO:0051099	positive regulation of binding	35	3	0.6	5	0.03739800942151127	0.02193460365882677	0.21194455345558805	FALSE	3	0	TRIM21;PARP9;MMP9	
GO:0006968	cellular defense response	43	3	0.74	4.054054054054054	0.03744475510531992	0.03744475510531992	0.3205968708878725	FALSE	0	3		FCMR;ITK;GNLY
GO:0010165	response to X-ray	18	2	0.31	6.451612903225807	0.03761094611180024	0.03761094611180024	0.3205968708878725	FALSE	1	1	LCN2	ATM
GO:0010718	positive regulation of epithelial to mesenchymal transition	44	3	0.76	3.9473684210526314	0.039690359856085315	0.039690359856085315	0.335203684314527	FALSE	2	1	LRG1;IL1B	BCL9L
GO:0042542	response to hydrogen peroxide	73	5	1.26	3.9682539682539684	0.04088345339321037	0.008389000974806089	0.10364657833591882	FALSE	3	2	HP;IL18RAP;LCN2	KLF2;HBA2
GO:0039535	regulation of RIG-I signaling pathway	19	2	0.33	6.0606060606060606	0.041568645351998744	0.041568645351998744	0.34523325097475693	FALSE	1	1	OASL	NOP53
GO:0045591	positive regulation of regulatory T cell differentiation	19	2	0.33	6.0606060606060606	0.041568645351998744	0.041568645351998744	0.34523325097475693	FALSE	2	0	LILRB4;CR1	
GO:0010954	positive regulation of protein processing	19	2	0.33	6.0606060606060606	0.041568645351998744	0.041568645351998744	0.34523325097475693	FALSE	2	0	NLRC4;HPSE	
GO:0097398	cellular response to interleukin-17	19	2	0.33	6.0606060606060606	0.041568645351998744	0.041568645351998744	0.34523325097475693	FALSE	2	0	SOCS3;IL1B	
GO:0009615	response to virus	344	31	5.92	5.236486486486487	0.04177538603904897	3.22382018876156e-14	3.408569884194434e-12	FALSE	31	0	MAPK14;AIM2;NPC2;GBP5;PLSCR1;GBP1;IFITM1;CASP1;IL1B;CLU;GBP2;TRIM21;IFITM3;PARP9;STAT1;TRIM22;DEFA1;IRF7;IFI44;IFIT3;PML;OAS1;IFI44L;RSAD2;IFI6;OAS3;DEFA1;OASL;IFIT2;ISG15;DEFA3	
GO:0032787	monocarboxylic acid metabolic process	453	10	7.79	1.2836970474967908	0.04200225113807152	0.25405001779968794	0.9591439851868605	FALSE	8	2	PFKFB3;HK3;VNN1;DHRS9;IL1B;CEACAM1;PARP9;ACSL1	SLC38A1;OGT
GO:0001819	positive regulation of cytokine production	407	31	7	4.428571428571429	0.042282414263803046	2.904200104556285e-12	2.752981409456975e-10	FALSE	26	5	NLRC4;MAPK14;AIM2;TLR5;FCER1G;IL18RAP;FCGR1A;CD274;HPSE;GBP5;SECTM1;C3AR1;CASP1;IL1B;CLU;PSMB9;FFAR2;LILRA5;CLEC4E;STAT1;NAIP;IRF7;OAS1;RSAD2;OAS3;ISG15	CD6;CD2;IL32;RORA;ITK
GO:1904996	positive regulation of leukocyte adhesion to vascular endothelial cell	20	2	0.34	5.88235294117647	0.04567488622363113	0.04567488622363113	0.36659930577740724	FALSE	1	1	ST3GAL4	ETS1
GO:0051457	maintenance of protein location in nucleus	20	2	0.34	5.88235294117647	0.04567488622363113	0.04567488622363113	0.36659930577740724	FALSE	1	1	PML	SUN2
GO:0010804	negative regulation of tumor necrosis factor-mediated signaling pathway	20	2	0.34	5.88235294117647	0.04567488622363113	0.04567488622363113	0.36659930577740724	FALSE	2	0	CARD16;NAIP	
GO:0042744	hydrogen peroxide catabolic process	20	2	0.34	5.88235294117647	0.04567488622363113	0.04567488622363113	0.36659930577740724	FALSE	1	1	HP	HBA2
GO:1902042	negative regulation of extrinsic apoptotic signaling pathway via death domain receptors	20	2	0.34	5.88235294117647	0.04567488622363113	0.04567488622363113	0.36659930577740724	FALSE	2	0	ICAM1;GRINA	
GO:0017145	stem cell division	20	2	0.34	5.88235294117647	0.04567488622363113	0.04567488622363113	0.36659930577740724	FALSE	0	2		ZFP36L2;LBH
GO:0015867	ATP transport	20	2	0.34	5.88235294117647	0.04567488622363113	0.04567488622363113	0.36659930577740724	FALSE	2	0	CR1;CALHM6	
GO:1900745	positive regulation of p38MAPK cascade	20	2	0.34	5.88235294117647	0.04567488622363113	0.04567488622363113	0.36659930577740724	FALSE	2	0	GADD45B;IL1B	
GO:0120162	positive regulation of cold-induced thermogenesis	80	4	1.38	2.8985507246376816	0.048982413043339536	0.048982413043339536	0.3874896502334975	FALSE	3	1	LCN2;ALPL;ACSL1	OGT
GO:0046632	alpha-beta T cell differentiation	114	10	1.96	5.1020408163265305	0.04916026078269953	2.6575283222706154e-5	7.305545357921921e-4	FALSE	6	4	IL18RAP;SOCS3;LILRB4;PSMB9;SEMA4A;RSAD2	GPR183;RORA;ITK;RUNX3
GO:0002819	regulation of adaptive immune response	170	9	2.92	3.0821917808219177	0.04958869059001669	0.0027119992460370337	0.04164964205226707	FALSE	9	0	TNFSF13;LILRB4;CD274;SECTM1;IL1B;CR1;CEACAM1;IRF7;RSAD2	
GO:0030194	positive regulation of blood coagulation	21	2	0.36	5.555555555555555	0.049923436717661404	0.049923436717661404	0.3876822811775458	FALSE	2	0	ST3GAL4;HPSE	
GO:0030857	negative regulation of epithelial cell differentiation	21	2	0.36	5.555555555555555	0.049923436717661404	0.049923436717661404	0.3876822811775458	FALSE	2	0	STAT1;MMP9	
GO:2001240	negative regulation of extrinsic apoptotic signaling pathway in absence of ligand	21	2	0.36	5.555555555555555	0.049923436717661404	0.049923436717661404	0.3876822811775458	FALSE	2	0	IL1B;IFI6	
GO:0051642	centrosome localization	21	2	0.36	5.555555555555555	0.049923436717661404	0.049923436717661404	0.3876822811775458	FALSE	0	2		SUN2;EZR
GO:0006882	intracellular zinc ion homeostasis	21	2	0.36	5.555555555555555	0.049923436717661404	0.049923436717661404	0.3876822811775458	FALSE	1	1	MT2A	TMC8
GO:1904645	response to amyloid-beta	38	4	0.65	6.153846153846153	0.05019865674397861	0.003979132004780841	0.05595209146364467	FALSE	4	0	ICAM1;CASP4;LCN2;MMP9	
GO:0045620	negative regulation of lymphocyte differentiation	51	4	0.88	4.545454545454546	0.05024722565335915	0.011329928051469516	0.13310244535679358	FALSE	3	1	LILRB4;CR1;PSMB9	RUNX3
GO:0010810	regulation of cell-substrate adhesion	155	5	2.67	1.8726591760299627	0.05041799294416893	0.12923013132326241	0.7450839752392575	FALSE	3	2	DUSP3;HPSE;GBP1	CD3E;SPOCK2
GO:0072376	protein activation cascade	18	2	0.31	6.451612903225807	0.05056198371453957	0.03761094611180024	0.3205968708878725	FALSE	2	0	HPSE;GP1BB	
GO:0098586	cellular response to virus	49	3	0.84	3.5714285714285716	0.051910174402920395	0.051910174402920395	0.4008457006562589	FALSE	3	0	MAPK14;OAS1;IFI6	
GO:1901224	positive regulation of non-canonical NF-kappaB signal transduction	49	3	0.84	3.5714285714285716	0.051910174402920395	0.051910174402920395	0.4008457006562589	FALSE	3	0	IL1B;TRIM21;IFI35	
GO:0007267	cell-cell signaling	771	15	13.26	1.1312217194570136	0.05241815605390051	0.34875629568291083	1	FALSE	13	2	C1QA;CACNA1E;FCER1G;DYSF;IL1B;STX11;FFAR2;TNFAIP6;HCAR2;TNFSF10;STAB1;S100A8;LY6E	SLC38A1;PRKACB
GO:0051132	NK T cell activation	22	2	0.38	5.2631578947368425	0.05430823360958085	0.05430823360958085	0.41355494236215445	FALSE	0	2		LCK;CLEC2D
GO:0050732	negative regulation of peptidyl-tyrosine phosphorylation	22	2	0.38	5.2631578947368425	0.05430823360958085	0.05430823360958085	0.41355494236215445	FALSE	1	1	PARP14	IL7R
GO:0002313	mature B cell differentiation involved in immune response	22	2	0.38	5.2631578947368425	0.05430823360958085	0.05430823360958085	0.41355494236215445	FALSE	1	1	CR1	GPR183
GO:0010971	positive regulation of G2/M transition of mitotic cell cycle	22	2	0.38	5.2631578947368425	0.05430823360958085	0.05430823360958085	0.41355494236215445	FALSE	1	1	SMARCD3	CDC25B
GO:0030500	regulation of bone mineralization	53	4	0.91	4.395604395604395	0.05814607318629762	0.012928707923745501	0.1444756832616926	FALSE	2	2	LTF;ISG15	S1PR1;PHOSPHO1
GO:0046835	carbohydrate phosphorylation	23	2	0.4	5	0.0588233785387814	0.0588233785387814	0.4388208076068116	FALSE	2	0	PFKFB3;HK3	
GO:1900017	positive regulation of cytokine production involved in inflammatory response	23	2	0.4	5	0.0588233785387814	0.0588233785387814	0.4388208076068116	FALSE	1	1	GBP5	CD6
GO:0032727	positive regulation of interferon-alpha production	23	2	0.4	5	0.0588233785387814	0.0588233785387814	0.4388208076068116	FALSE	2	0	STAT1;IRF7	
GO:0007097	nuclear migration	23	2	0.4	5	0.0588233785387814	0.0588233785387814	0.4388208076068116	FALSE	1	1	LMNB1	SUN2
GO:0070373	negative regulation of ERK1 and ERK2 cascade	52	3	0.89	3.3707865168539324	0.06001285219514772	0.06001285219514772	0.4440789520443098	FALSE	2	1	DUSP3;GBP1	EZR
GO:0006898	receptor-mediated endocytosis	224	9	3.85	2.3376623376623376	0.06080252258231047	0.015532933853556459	0.16454734167023777	FALSE	8	1	FCER1G;SCARF1;ADM;LILRB4;MARCO;CLU;CEACAM1;STAB1	FCMR
GO:0002684	positive regulation of immune system process	911	73	15.67	4.658583280153159	0.06159694007424865	2.3253912019817858e-30	9.83461602191989e-28	FALSE	45	28	DUSP3;C1QB;C1QA;SMARCD3;C2;C1QC;NLRC4;PDCD1LG2;LIMK1;AIM2;TLR5;ICAM1;TIFA;SERPING1;VNN1;TNFSF13;LILRB4;CD274;GBP5;SECTM1;C3AR1;PLSCR1;GBP1;CASP1;IL1B;CLU;CR1;CEACAM1;GBP2;CD177;ITGA2B;FFAR2;PARP9;CLEC4E;TNFSF13B;NAIP;HCAR2;LTF;IRF7;IFI35;OAS1;S100A8;RSAD2;OAS3;OASL	TRAC;TRBC1;FCMR;LCK;TRBC2;CD6;ZAP70;CD3G;EEIG1;CD3E;NOP53;CD5;CD79A;CD2;MS4A1;EZR;TNFRSF13C;CD247;GPR183;CLEC2D;ITK;CD22;IL7R;RUNX3;CD79B;IGHM;CD8A;OGT
GO:0030335	positive regulation of cell migration	426	15	7.33	2.0463847203274215	0.06161640780688289	0.0069359951986227185	0.0890983682290367	FALSE	11	4	ICAM1;HPSE;C3AR1;IL1B;ANXA3;LCN2;ITGA2B;SEMA4A;TNFAIP6;SPARC;MMP9	SUN2;S1PR1;ETS1;ATM
GO:0002862	negative regulation of inflammatory response to antigenic stimulus	24	2	0.41	4.878048780487805	0.06346313417192695	0.06346313417192695	0.461534803805892	FALSE	2	0	MAPK14;RHBDF2	
GO:0042531	positive regulation of tyrosine phosphorylation of STAT protein	24	2	0.41	4.878048780487805	0.06346313417192695	0.06346313417192695	0.461534803805892	FALSE	2	0	PARP9;PARP14	
GO:1903900	regulation of viral life cycle	100	10	1.72	5.813953488372093	0.06493412962707257	8.335038483740568e-6	2.6798854727254763e-4	FALSE	9	1	PLSCR1;IFITM1;TRIM21;IFITM3;OAS1;RSAD2;OAS3;OASL;ISG15	IL32
GO:0060761	negative regulation of response to cytokine stimulus	70	8	1.2	6.666666666666667	0.06536688009627833	2.5560104765649185e-5	7.061781708620061e-4	FALSE	7	1	CARD16;IL1B;NAIP;OAS1;PARP14;OAS3;ISG15	TLE5
GO:0070301	cellular response to hydrogen peroxide	54	3	0.93	3.225806451612903	0.06572370067063286	0.06572370067063286	0.47421116310648226	FALSE	2	1	IL18RAP;LCN2	KLF2
GO:0038093	Fc receptor signaling pathway	54	6	0.93	6.451612903225806	0.06586551136068641	3.14286642817043e-4	0.006423598372520827	FALSE	3	3	LIMK1;FCER1G;FCGR1A	FCMR;LCK;CD247
GO:0002752	cell surface pattern recognition receptor signaling pathway	63	5	1.08	4.62962962962963	0.06619730700383142	0.004505839379736329	0.06240076803473637	FALSE	5	0	TLR5;FFAR2;LTF;IFI35;OAS1	
GO:1900015	regulation of cytokine production involved in inflammatory response	53	4	0.91	4.395604395604395	0.06643619115048849	0.012928707923745501	0.1444756832616926	FALSE	3	1	MAPK14;LILRB4;GBP5	CD6
GO:0019364	pyridine nucleotide catabolic process	78	4	1.34	2.9850746268656714	0.06655897697093882	0.0453430301104838	0.36659930577740724	FALSE	3	1	PFKFB3;HK3;PARP14	OGT
GO:0042509	regulation of tyrosine phosphorylation of STAT protein	28	3	0.48	6.25	0.06660101285677977	0.011984121865820879	0.13674337279598145	FALSE	2	1	PARP9;PARP14	IL7R
GO:0010543	regulation of platelet activation	44	3	0.76	3.9473684210526314	0.06667958415105757	0.039690359856085315	0.335203684314527	FALSE	3	0	FCER1G;CEACAM1;GP1BB	
GO:0071559	response to transforming growth factor beta	203	5	3.49	1.4326647564469912	0.06688890473919529	0.27139323649506925	0.9746048427497653	FALSE	1	4	LRG1	ZFP36L2;BCL9L;RUNX3;OGT
GO:0006720	isoprenoid metabolic process	76	2	1.31	1.5267175572519083	0.06712536386639067	0.3769912031319754	1	FALSE	2	0	NPC2;DHRS9	
GO:0006959	humoral immune response	165	23	2.84	8.098591549295776	0.06722550325049366	7.820572737471639e-15	9.148406151195547e-13	FALSE	18	5	C1QB;C1QA;C2;C1QC;H2BC21;H2BC12;SERPING1;ADM;PGLYRP1;IL1B;CLU;CR1;PPBP;S100A12;DEFA1;LTF;DEFA1;DEFA3	FCMR;MS4A1;GPR183;IGHM;GNLY
GO:0009746	response to hexose	116	2	2	1	0.06732437106876776	0.5962457490571814	1	FALSE	1	1	LCN2	OGT
GO:0150063	visual system development	158	2	2.72	0.7352941176470588	0.06753460206501061	0.7590500785703237	1	FALSE	2	0	C1QA;SMARCD3	
GO:0030212	hyaluronan metabolic process	25	2	0.43	4.651162790697675	0.06822192044861373	0.06822192044861373	0.48712223198243937	FALSE	2	0	IL1B;TNFAIP6	
GO:0046677	response to antibiotic	25	2	0.43	4.651162790697675	0.06822192044861373	0.06822192044861373	0.48712223198243937	FALSE	1	1	HPSE	ETS1
GO:0046164	alcohol catabolic process	25	2	0.43	4.651162790697675	0.06822192044861373	0.06822192044861373	0.48712223198243937	FALSE	2	0	SCARF1;GK	
GO:0006468	protein phosphorylation	550	16	9.46	1.6913319238900633	0.07324161569893868	0.02829034636995401	0.2575170932814688	FALSE	9	7	FAM20A;LIMK1;LIMK2;CEACAM1;LILRA5;S100A12;PARP9;MMP9;PARP14	ZAP70;NOP53;CDC25B;IL7R;RUNX3;ATM;PRKACB
GO:0019221	cytokine-mediated signaling pathway	404	30	6.95	4.316546762589928	0.0735927045491533	1.278632134122853e-11	1.1716532455679077e-9	FALSE	26	4	MAPK14;AIM2;FCER1G;IL18RAP;CARD16;TIFA;SOCS3;LILRB4;IFITM1;CASP1;IL1B;CEACAM1;CASP4;IFITM3;LILRA5;PARP9;LILRA6;STAT1;TNFSF13B;NAIP;IRF7;OAS1;PARP14;OAS3;OASL;ISG15	TMC8;EZR;TNFRSF13C;IL7R
GO:0032922	circadian regulation of gene expression	57	3	0.98	3.061224489795918	0.07473711914207126	0.07473711914207126	0.5214526409176495	FALSE	1	2	PML	RORA;OGT
GO:0045893	positive regulation of DNA-templated transcription	1296	23	22.29	1.031852848811126	0.0758513032055045	0.46978086314933465	1	FALSE	11	12	SMARCD3;CDK5RAP2;CD274;PLSCR1;IL1B;TRIM21;PARP9;STAT1;TRIM22;IRF7;PML	KLF2;IKZF3;LBH;BCL11B;S1PR1;ETS1;PBXIP1;BCL9L;RORA;RUNX3;ATM;OGT
GO:0009611	response to wounding	378	17	6.5	2.6153846153846154	0.07745388463677733	2.935297997484314e-4	0.006089912600063682	FALSE	14	3	ST3GAL4;MAPK14;FCER1G;KREMEN1;SCARF1;SERPING1;HPSE;ANKRD22;PLSCR1;LRG1;TREML1;CEACAM1;MYL9;GP1BB	ZFP36L2;LCK;AHNAK
GO:0072539	T-helper 17 cell differentiation	49	3	0.84	3.5714285714285716	0.07770735491741612	0.051910174402920395	0.4008457006562589	FALSE	2	1	SOCS3;PSMB9	RORA
GO:0070661	leukocyte proliferation	218	17	3.75	4.533333333333333	0.07868784930938	2.1953228585024758e-7	1.097262279640601e-5	FALSE	8	9	PDCD1LG2;TNFSF13;LILRB4;CD274;IL1B;CLU;CR1;TNFSF13B	IKZF3;CD6;CD3E;CD79A;MS4A1;TNFRSF13C;GPR183;CD22;ATM
GO:0001960	negative regulation of cytokine-mediated signaling pathway	66	7	1.14	6.140350877192983	0.08044813238574702	1.3360907465491905e-4	0.003086148727034774	FALSE	7	0	CARD16;IL1B;NAIP;OAS1;PARP14;OAS3;ISG15	
GO:0002699	positive regulation of immune effector process	187	8	3.22	2.484472049689441	0.08109940623463315	0.015649269556060087	0.16546093080618915	FALSE	8	0	C2;TNFSF13;SECTM1;IL1B;CR1;CD177;FFAR2;RSAD2	
GO:0002455	humoral immune response mediated by circulating immunoglobulin	35	7	0.6	11.666666666666668	0.08117288837639125	1.8132867548075837e-6	6.828390806802806e-5	FALSE	6	1	C1QB;C1QA;C2;C1QC;CLU;CR1	FCMR
GO:0150146	cell junction disassembly	30	5	0.52	9.615384615384615	0.08184950545250191	1.445638901406965e-4	0.003297976215740869	FALSE	5	0	DUSP3;C1QB;C1QA;C1QC;IL1B	
GO:0032692	negative regulation of interleukin-1 production	31	5	0.53	9.433962264150942	0.08185548395568454	1.6996880983104177e-4	0.0038298709690617527	FALSE	5	0	CARD16;LILRB4;IL1B;CEACAM1;PML	
GO:1903036	positive regulation of response to wounding	51	3	0.88	3.409090909090909	0.08268211733220099	0.05724936506538078	0.4305841438159556	FALSE	3	0	ST3GAL4;SCARF1;HPSE	
GO:0002756	MyD88-independent toll-like receptor signaling pathway	16	2	0.28	7.142857142857142	0.08282344634584471	0.030166968610228884	0.2692499893166208	FALSE	2	0	CD274;IRF7	
GO:0048679	regulation of axon regeneration	17	2	0.29	6.8965517241379315	0.08282948698256809	0.03380819330296911	0.29582472196716797	FALSE	2	0	KREMEN1;SCARF1	
GO:1902175	regulation of oxidative stress-induced intrinsic apoptotic signaling pathway	35	2	0.6	3.3333333333333335	0.08293836922114872	0.12123418237142373	0.7190350967401162	FALSE	1	1	VNN1	FBXO7
GO:0002715	regulation of natural killer cell mediated immunity	48	2	0.83	2.4096385542168677	0.08301718447915662	0.19976898600298554	0.8766098208394166	FALSE	2	0	CEACAM1;CALHM6	
GO:0002687	positive regulation of leukocyte migration	112	3	1.93	1.5544041450777202	0.08305259002833665	0.3031565314510613	1	FALSE	3	0	ICAM1;C3AR1;ITGA2B	
GO:0042551	neuron maturation	28	2	0.48	4.166666666666667	0.08315894503275534	0.08315894503275534	0.5618865958676292	FALSE	2	0	C1QA;SCARF1	
GO:0008284	positive regulation of cell population proliferation	578	22	9.94	2.2132796780684107	0.08360800908738292	4.106915329699401e-4	0.008151559741042348	FALSE	13	9	SMARCD3;PDCD1LG2;TNFSF13;CD274;HPSE;LRG1;IL1B;CR1;STAT1;TNFSF13B;LTF;PML;MMP9	LBH;S1PR1;CD6;CD3E;CDC25B;TNFRSF13C;GPR183;IL7R;RPS4X
GO:0043542	endothelial cell migration	180	8	3.1	2.5806451612903225	0.08607694566506344	0.012681894366201945	0.14287921152741453	FALSE	7	1	CEACAM1;ANXA3;LCN2;S100A12;SEMA4A;SPARC;S100A8	ETS1
GO:0045862	positive regulation of proteolysis	60	5	1.03	4.854368932038835	0.08671374253739514	0.0036493359466575333	0.05266154602289532	FALSE	4	1	NLRC4;HPSE;IL1B;CR1	OGT
GO:0016266	protein O-linked glycosylation via N-acetyl-galactosamine	29	2	0.5	4	0.08834107180483668	0.08834107180483668	0.5830722842532918	FALSE	1	1	ST3GAL4	ST6GAL1
GO:0002446	neutrophil mediated immunity	29	2	0.5	4	0.08834107180483668	0.08834107180483668	0.5830722842532918	FALSE	2	0	ANXA3;CD177	
GO:0035850	epithelial cell differentiation involved in kidney development	29	2	0.5	4	0.08834107180483668	0.08834107180483668	0.5830722842532918	FALSE	2	0	STAT1;MMP9	
GO:0008203	cholesterol metabolic process	99	4	1.7	2.3529411764705883	0.09119377905180148	0.09119377905180148	0.5997409057736897	FALSE	4	0	SCARF1;NPC2;APOL1;APOL2	
GO:0071466	cellular response to xenobiotic stimulus	112	5	1.93	2.5906735751295336	0.09250600173267097	0.04403839575898407	0.36464322271520244	FALSE	4	1	AIM2;IL1B;S100A12;ACSL1	RORA
GO:0030501	positive regulation of bone mineralization	30	2	0.52	3.846153846153846	0.0936165621622352	0.0936165621622352	0.6098386952227122	FALSE	2	0	LTF;ISG15	
GO:0032680	regulation of tumor necrosis factor production	149	9	2.56	3.515625	0.0965592888917095	0.0010933934788287004	0.019572267062173108	FALSE	8	1	FCGR1A;LILRB4;CLU;PSMB9;LILRA5;LTF;OAS1;OAS3	CD2
GO:0010508	positive regulation of autophagy	150	5	2.58	1.937984496124031	0.09721798793144627	0.11690985817692542	0.7055657522027837	FALSE	4	1	SH3GLB1;HPSE;TRIM21;TRIM22	FBXO7
GO:0042157	lipoprotein metabolic process	64	3	1.1	2.727272727272727	0.09772805321235223	0.09772805321235223	0.6291672559268298	FALSE	3	0	APOL1;APOL6;APOL2	
GO:0030449	regulation of complement activation	19	4	0.33	12.121212121212121	0.09773227599775036	2.6973489742547144e-4	0.005682001785613954	FALSE	4	0	SERPING1;IL1B;CLU;CR1	
GO:0039529	RIG-I signaling pathway	25	3	0.43	6.976744186046512	0.09819076920659175	0.008737091990029023	0.1065111568984026	FALSE	2	1	OAS3;OASL	NOP53
GO:0006925	inflammatory cell apoptotic process	17	2	0.29	6.8965517241379315	0.09854963999185196	0.03380819330296911	0.29582472196716797	FALSE	2	0	HCAR2;IRF7	
GO:0090022	regulation of neutrophil chemotaxis	28	2	0.48	4.166666666666667	0.09862807178453215	0.08315894503275534	0.5618865958676292	FALSE	2	0	C3AR1;TNFAIP6	
GO:0001937	negative regulation of endothelial cell proliferation	31	2	0.53	3.773584905660377	0.09898070524202046	0.09898070524202046	0.631106025380136	FALSE	2	0	STAT1;SPARC	
GO:0001503	ossification	244	12	4.2	2.857142857142857	0.09951749159489197	0.0010672953591321088	0.01930259830430373	FALSE	9	3	MAPK14;KREMEN1;SORT1;VCAN;IFITM1;TNFAIP6;ALPL;LTF;ISG15	S1PR1;RUNX3;PHOSPHO1
GO:0060986	endocrine hormone secretion	32	2	0.55	3.6363636363636362	0.10442892334113969	0.10442892334113969	0.6582891868285151	FALSE	2	0	IL1B;HCAR2	
GO:0009617	response to bacterium	438	41	7.53	5.444887118193891	0.10722166024404986	3.3695655338975003e-19	7.410348522147382e-17	FALSE	36	5	C2;NLRC4;PDCD1LG2;H2BC21;H2BC12;HP;MAPK14;IL18RAP;CARD16;ADM;CD274;GBP5;PGLYRP1;GBP1;CASP1;IL1B;CASP4;GBP2;ANXA3;APOL1;LCN2;PPBP;S100A12;ALPL;GBP4;NAIP;DEFA1;LTF;STAB1;MMP9;OAS1;S100A8;OAS3;DEFA1;ISG15;DEFA3	TRAC;CD6;IL7R;IGHM;GNLY
GO:0030100	regulation of endocytosis	239	7	4.11	1.70316301703163	0.1087706870236532	0.11884978081482878	0.7149191410502501	FALSE	6	1	C2;FCGR1A;PLSCR1;DYSF;CLU;CD177	CD22
GO:0009887	animal organ morphogenesis	389	11	6.69	1.6442451420029895	0.10923695111337729	0.07327684111736689	0.514528828177884	FALSE	8	3	FAM20A;MAPK14;ETV7;ALPL;STAT1;SPARC;LTF;PML	EVL;S1PR1;ABLIM1
GO:0034121	regulation of toll-like receptor signaling pathway	33	2	0.57	3.5087719298245617	0.10995676876271954	0.10995676876271954	0.6738044341006325	FALSE	2	0	IRF7;S100A8	
GO:0045663	positive regulation of myoblast differentiation	33	2	0.57	3.5087719298245617	0.10995676876271954	0.10995676876271954	0.6738044341006325	FALSE	2	0	SMARCD3;MAPK14	
GO:0007095	mitotic G2 DNA damage checkpoint signaling	33	2	0.57	3.5087719298245617	0.10995676876271954	0.10995676876271954	0.6738044341006325	FALSE	0	2		NOP53;ATM
GO:0019432	triglyceride biosynthetic process	33	2	0.57	3.5087719298245617	0.10995676876271954	0.10995676876271954	0.6738044341006325	FALSE	2	0	GK;ACSL1	
GO:0002526	acute inflammatory response	66	10	1.14	8.771929824561404	0.11056888789542796	1.691712613928978e-7	8.85812947750621e-6	FALSE	9	1	HP;FCGR1A;VNN1;HPSE;PLSCR1;IL1B;LCN2;FFAR2;APOL2	CD6
GO:0031647	regulation of protein stability	316	9	5.44	1.6544117647058822	0.11368652663328203	0.09586313019400956	0.6222614991814222	FALSE	5	4	SH3GLB1;CTSA;CLU;TRIM21;PML	TMC8;NOP53;ATM;FBXO7
GO:0045581	negative regulation of T cell differentiation	48	3	0.83	3.6144578313253013	0.11377534386293786	0.049335943494545495	0.3876822811775458	FALSE	2	1	LILRB4;PSMB9	RUNX3
GO:0002438	acute inflammatory response to antigenic stimulus	21	2	0.36	5.555555555555555	0.11403187031984041	0.049923436717661404	0.3876822811775458	FALSE	1	1	FCGR1A	CD6
GO:0008207	C21-steroid hormone metabolic process	22	2	0.38	5.2631578947368425	0.11404004442205418	0.05430823360958085	0.41355494236215445	FALSE	2	0	ADM;DHRS9	
GO:0043903	regulation of biological process involved in symbiotic interaction	28	2	0.48	4.166666666666667	0.11408911362410501	0.08315894503275534	0.5618865958676292	FALSE	2	0	TRIM21;LTF	
GO:0034113	heterotypic cell-cell adhesion	49	4	0.84	4.761904761904762	0.11410359421649423	0.009864402899463522	0.11815792405501185	FALSE	2	2	IL1B;ITGA2B	LCK;CD2
GO:0090276	regulation of peptide hormone secretion	121	3	2.08	1.4423076923076923	0.11437510178115085	0.3455882893317638	1	FALSE	2	1	IL1B;FFAR2	PRKACB
GO:1903670	regulation of sprouting angiogenesis	34	2	0.58	3.4482758620689657	0.11555992073070408	0.11555992073070408	0.7005959404637697	FALSE	1	1	CEACAM1	KLF2
GO:0001649	osteoblast differentiation	146	6	2.51	2.3904382470119523	0.11746368913026142	0.04041367002182135	0.34026701038280827	FALSE	6	0	MAPK14;VCAN;IFITM1;TNFAIP6;ALPL;LTF	
GO:0001525	angiogenesis	389	19	6.69	2.840059790732436	0.11790579282132226	4.326373795508497e-5	0.0011439491207619911	FALSE	15	4	ADM;HPSE;C3AR1;LRG1;IL1B;CEACAM1;ANXA3;TYMP;WARS1;ITGA2B;SEMA4A;STAT1;SPARC;STAB1;PML	KLF2;S1PR1;ETS1;RORA
GO:0008037	cell recognition	77	4	1.32	3.0303030303030303	0.12011754392709105	0.04358226277338607	0.36141067983118647	FALSE	2	2	C2;VCAN	CD6;CD5
GO:0032715	negative regulation of interleukin-6 production	35	2	0.6	3.3333333333333335	0.12123418237142373	0.12123418237142373	0.7190350967401162	FALSE	1	1	LILRB4	KLF2
GO:0031623	receptor internalization	110	4	1.89	2.1164021164021167	0.12150796071733184	0.12150796071733184	0.7191073929213031	FALSE	4	0	FCER1G;ADM;LILRB4;CEACAM1	
GO:0006796	phosphate-containing compound metabolic process	1543	27	26.54	1.0173323285606632	0.1221357701349819	0.49311271218818387	1	FALSE	19	8	FAM20A;DUSP3;LIMK1;PFKFB3;VPS9D1;HK3;VNN1;LIMK2;PLSCR1;CEACAM1;GK;TYMP;LILRA5;S100A12;PARP9;ALPL;ACSL1;MMP9;PARP14	ZAP70;NOP53;CDC25B;IL7R;RUNX3;ATM;PRKACB;OGT
GO:0006915	apoptotic process	1390	47	23.91	1.9657047260560434	0.12653092129629073	4.0639027338203385e-6	1.387784921151815e-4	FALSE	32	15	NLRC4;SEPTIN4;MAPK14;ICAM1;CARD16;SH3GLB1;KREMEN1;VNN1;GADD45B;SOCS3;CD274;CASP5;PLSCR1;GRINA;CASP1;IL1B;CLU;CASP4;LCN2;STAT1;NAIP;HCAR2;TNFSF10;LTF;IRF7;XAF1;IFIT3;PML;MMP9;S100A8;IFI6;IFIT2	IKZF3;TMC8;FCMR;TLE5;LCK;CD3G;CD3E;NOP53;ETS1;CD2;ANXA6;IL7R;ATM;OGT;FBXO7
GO:1990090	cellular response to nerve growth factor stimulus	36	2	0.62	3.2258064516129035	0.12697547776072468	0.12697547776072468	0.7370233223889585	FALSE	2	0	SORT1;LCN2	
GO:0032435	negative regulation of proteasomal ubiquitin-dependent protein catabolic process	36	2	0.62	3.2258064516129035	0.12697547776072468	0.12697547776072468	0.7370233223889585	FALSE	0	2		NOP53;OGT
GO:0045599	negative regulation of fat cell differentiation	36	2	0.62	3.2258064516129035	0.12697547776072468	0.12697547776072468	0.7370233223889585	FALSE	0	2		ZFP36L2;RORA
GO:0032479	regulation of type I interferon production	130	7	2.24	3.1249999999999996	0.12752786023857166	0.007195911847546784	0.09136979985637925	FALSE	7	0	TRIM21;STAT1;IRF7;XAF1;OAS1;OAS3;ISG15	
GO:0140895	cell surface toll-like receptor signaling pathway	59	4	1.01	3.9603960396039604	0.12849524147212588	0.018561928940971438	0.1886386050230332	FALSE	4	0	TLR5;LTF;IFI35;OAS1	
GO:0006195	purine nucleotide catabolic process	111	4	1.91	2.094240837696335	0.12897325600425358	0.12445614032453219	0.7341843986097404	FALSE	3	1	PFKFB3;HK3;PARP14	OGT
GO:1903321	negative regulation of protein modification by small protein conjugation or removal	73	3	1.26	2.380952380952381	0.12916126859299804	0.130867818080146	0.7479327066576327	FALSE	2	1	TRIM21;ISG15	OGT
GO:0071499	cellular response to laminar fluid shear stress	26	2	0.45	4.444444444444445	0.12926543102830101	0.07309431090764267	0.5139034800130683	FALSE	0	2		KLF2;PRKACB
GO:0014009	glial cell proliferation	30	2	0.52	3.846153846153846	0.1293021888498438	0.0936165621622352	0.6098386952227122	FALSE	2	0	IL1B;CLU	
GO:0045669	positive regulation of osteoblast differentiation	37	2	0.64	3.125	0.13277984903530723	0.13277984903530723	0.7510530967038264	FALSE	2	0	IFITM1;LTF	
GO:0050867	positive regulation of cell activation	299	21	5.14	4.0856031128404675	0.1355007137156763	4.830939211625131e-8	2.7381962665479347e-6	FALSE	11	10	SMARCD3;PDCD1LG2;VNN1;TNFSF13;LILRB4;CD274;IL1B;CR1;LILRA5;TNFSF13B;GP1BB	LCK;CD6;ZAP70;CD3E;CD5;CD2;TNFRSF13C;GPR183;IL7R;RUNX3
GO:0072678	T cell migration	59	5	1.01	4.9504950495049505	0.1360637826763353	0.0033918258610326187	0.04972868955721957	FALSE	2	3	DEFA1;DEFA1	S1PR1;ZAP70;GPR183
GO:0006935	chemotaxis	326	14	5.61	2.4955436720142603	0.13728512206362006	0.0015515313968313342	0.02615851758834553	FALSE	12	2	DUSP3;MAPK14;C3AR1;TYMP;FFAR2;PPBP;S100A12;SEMA4A;TNFAIP6;DEFA1;S100A8;DEFA1	S1PR1;GPR183
GO:0046638	positive regulation of alpha-beta T cell differentiation	38	2	0.65	3.0769230769230766	0.13864345356695795	0.13864345356695795	0.7742435746419716	FALSE	1	1	LILRB4	RUNX3
GO:2001238	positive regulation of extrinsic apoptotic signaling pathway	38	2	0.65	3.0769230769230766	0.13864345356695795	0.13864345356695795	0.7742435746419716	FALSE	2	0	TNFSF10;PML	
GO:0032743	positive regulation of interleukin-2 production	38	2	0.65	3.0769230769230766	0.13864345356695795	0.13864345356695795	0.7742435746419716	FALSE	2	0	IL1B;PSMB9	
GO:0002573	myeloid leukocyte differentiation	161	13	2.77	4.693140794223827	0.13898686001751248	4.135901088004602e-6	1.403653344558599e-4	FALSE	11	2	C1QC;MAPK14;OSCAR;BATF2;LILRB4;IL1B;CEACAM1;TNFAIP6;LTF;IRF7;MMP9	EEIG1;GPR183
GO:0002376	immune system process	2265	137	38.96	3.5164271047227924	0.14031176731466288	5.452832905727517e-49	1.4989837657844945e-45	FALSE	99	38	DUSP3;C1QB;C1QA;SMARCD3;C2;C1QC;NLRC4;PDCD1LG2;H2BC21;H2BC12;ST3GAL4;HP;LIMK1;MAPK14;AIM2;ASGR2;TLR5;FCER1G;IL18RAP;ICAM1;TIFA;FCGR1A;SERPING1;VNN1;TNFSF13;SOCS3;ADM;BATF2;LILRB4;CD274;MARCO;GBP5;ANKRD22;SECTM1;C3AR1;PLSCR1;DYSF;PGLYRP1;GBP1;TREML1;IFITM1;CASP1;IL1B;CLU;CR1;PSMB9;CEACAM1;CASP4;GBP2;IFI30;CALHM6;TRIM21;RHBDF2;MSRB1;ANXA3;APOL1;TAP1;LCN2;UBE2L6;PSME2;CD177;IFITM3;ITGA2B;FFAR2;LILRA5;PPBP;S100A12;PARP9;SEMA4A;TNFAIP6;CLEC4E;LILRA6;GBP4;STAT1;TRIM22;TNFSF13B;NAIP;DEFA1;HCAR2;TNFSF10;LTF;IRF7;IFI44;IFI35;IFIT3;PML;OAS1;IFI44L;S100A8;PARP14;RSAD2;IFI6;LY6E;OAS3;DEFA1;OASL;IFIT2;ISG15;DEFA3	ZFP36L2;TRAC;IKZF3;TRBC1;FCMR;S1PR1;LCK;TRBC2;CD6;ZAP70;CD3G;EEIG1;CD3E;NOP53;ETS1;TCF7;CD5;CD79A;CD2;MS4A1;EZR;IL32;TNFRSF13C;CD247;GPR183;CLEC2D;RORA;ITK;CD22;IL7R;RUNX3;ATM;CD79B;IGHM;CD8A;OGT;HBA2;GNLY
GO:0030595	leukocyte chemotaxis	171	9	2.94	3.061224489795918	0.14149071619618192	0.0028208964713723477	0.043201361558788766	FALSE	8	1	C3AR1;FFAR2;PPBP;S100A12;TNFAIP6;DEFA1;S100A8;DEFA1	GPR183
GO:0050691	regulation of defense response to virus by host	39	6	0.67	8.955223880597014	0.14195504129325764	4.921331435188533e-5	0.0012643682350778763	FALSE	6	0	AIM2;IL1B;PARP9;STAT1;TRIM22;PML	
GO:1902041	regulation of extrinsic apoptotic signaling pathway via death domain receptors	29	3	0.5	6	0.14363446356434628	0.01320023360965752	0.14691272142894138	FALSE	2	1	ICAM1;GRINA	TMC8
GO:0071479	cellular response to ionizing radiation	58	3	1	3	0.14387957371308513	0.07785731942020804	0.5399452955336422	FALSE	2	1	MAPK14;LCN2	ATM
GO:1901739	regulation of myoblast fusion	56	3	0.96	3.125	0.143908303221554	0.07167418251674998	0.508470523196247	FALSE	1	2	MAPK14	RPL18A;RPL23A
GO:0071353	cellular response to interleukin-4	21	2	0.36	5.555555555555555	0.14414567562157476	0.049923436717661404	0.3876822811775458	FALSE	1	1	PARP14	TCF7
GO:2000515	negative regulation of CD4-positive, alpha-beta T cell activation	28	2	0.48	4.166666666666667	0.14421676107325532	0.08315894503275534	0.5618865958676292	FALSE	1	1	CD274	RUNX3
GO:0048771	tissue remodeling	89	3	1.53	1.9607843137254901	0.14424441436453306	0.19748374179609537	0.8766098208394166	FALSE	2	1	CEACAM1;PML	S1PR1
GO:0032205	negative regulation of telomere maintenance	39	2	0.67	2.9850746268656714	0.1443286082403621	0.1445625611983777	0.7940109505181625	FALSE	1	1	PML	ATM
GO:0071826	protein-RNA complex organization	228	4	3.92	1.0204081632653061	0.14507692081971035	0.5542839358788554	1	FALSE	1	3	TRIM21	NOP53;RPS28;ATM
GO:0043434	response to peptide hormone	322	9	5.54	1.6245487364620939	0.14823134015137818	0.10448728136065713	0.6582891868285151	FALSE	7	2	MAPK14;SORT1;IL1B;CEACAM1;LTA4H;ALPL;STAT1	KLF2;OGT
GO:0031503	protein-containing complex localization	65	3	1.12	2.6785714285714284	0.14993483156923287	0.10122227272279924	0.6433757866242199	FALSE	1	2	LMNB1	EZR;OGT
GO:0051496	positive regulation of stress fiber assembly	40	2	0.69	2.8985507246376816	0.15053355153933923	0.15053355153933923	0.8118465594849227	FALSE	1	1	LIMK1	EVL
GO:0071364	cellular response to epidermal growth factor stimulus	40	2	0.69	2.8985507246376816	0.15053355153933923	0.15053355153933923	0.8118465594849227	FALSE	1	1	DUSP3	ZFP36L2
GO:0090398	cellular senescence	78	3	1.34	2.2388059701492535	0.15076306606658893	0.15076306606658893	0.8118465594849227	FALSE	2	1	MAPK14;PML	ATM
GO:0008104	intracellular protein localization	1972	37	33.92	1.0908018867924527	0.1523980023631381	0.3084219992998123	1	FALSE	27	10	SEPTIN4;LMNB1;VAMP5;SH3GLB1;RAB20;SORT1;LILRB4;CTSA;LIMK2;HPSE;GBP5;GBP1;RAB24;IL1B;CLU;GBP2;RHBDF2;TAP1;CD177;STX11;PARP9;TNFAIP6;TRIM22;HCAR2;PML;RSAD2;ISG15	SEPTIN1;SUN2;CD3G;ARL4C;NOP53;SEPTIN9;EZR;PRKACB;OGT;FBXO7
GO:0001501	skeletal system development	217	6	3.73	1.6085790884718498	0.15548363796174564	0.17145853961807292	0.8359865149344068	FALSE	4	2	MAPK14;VCAN;ALPL;LTF	RUNX3;PHOSPHO1
GO:0002385	mucosal immune response	33	7	0.57	12.280701754385966	0.15570769968041587	1.186186097555787e-6	4.9034971160614416e-5	FALSE	7	0	H2BC21;H2BC12;FFAR2;DEFA1;LTF;DEFA1;DEFA3	
GO:0002286	T cell activation involved in immune response	100	7	1.72	4.069767441860465	0.1564411173986031	0.001678225617614361	0.027298474691253717	FALSE	6	1	IL18RAP;ICAM1;SOCS3;PSMB9;CEACAM1;SEMA4A	RORA
GO:0006911	phagocytosis, engulfment	41	2	0.71	2.8169014084507045	0.156552911321929	0.156552911321929	0.817969030746646	FALSE	2	0	FCGR1A;MARCO	
GO:0042692	muscle cell differentiation	262	8	4.51	1.7738359201773837	0.15758419275593993	0.0832916652659363	0.5618865958676292	FALSE	5	3	SMARCD3;MAPK14;ADM;SORT1;MYL9	RPL18A;RPL23A;RORA
GO:0050855	regulation of B cell receptor signaling pathway	20	3	0.34	8.823529411764705	0.15815716988014827	0.004612477507307319	0.06324040233210883	FALSE	0	3		FCMR;CD5;CD22
GO:1900744	regulation of p38MAPK cascade	30	3	0.52	5.769230769230769	0.15826765661095643	0.014484206801258196	0.1568604291473393	FALSE	2	1	GADD45B;IL1B	EZR
GO:0008347	glial cell migration	38	3	0.65	4.615384615384615	0.1583561569063654	0.027234967465594877	0.24956308520973441	FALSE	1	2	VCAN	SUN2;GPR183
GO:2000108	positive regulation of leukocyte apoptotic process	22	2	0.38	5.2631578947368425	0.15882596363985368	0.05430823360958085	0.41355494236215445	FALSE	2	0	CD274;HCAR2	
GO:0050869	negative regulation of B cell activation	22	2	0.38	5.2631578947368425	0.15882596363985368	0.05430823360958085	0.41355494236215445	FALSE	1	1	CR1	ATM
GO:0002423	natural killer cell mediated immune response to tumor cell	10	1	0.17	5.88235294117647	0.1593388199217275	0.1593388199217275	0.817969030746646	FALSE	1	0	CEACAM1	
GO:0035988	chondrocyte proliferation	10	1	0.17	5.88235294117647	0.1593388199217275	0.1593388199217275	0.817969030746646	FALSE	1	0	LTF	
GO:0010464	regulation of mesenchymal cell proliferation	10	1	0.17	5.88235294117647	0.1593388199217275	0.1593388199217275	0.817969030746646	FALSE	1	0	STAT1	
GO:1990839	response to endothelin	10	1	0.17	5.88235294117647	0.1593388199217275	0.1593388199217275	0.817969030746646	FALSE	0	1		KLF2
GO:0035457	cellular response to interferon-alpha	10	1	0.17	5.88235294117647	0.1593388199217275	0.1593388199217275	0.817969030746646	FALSE	1	0	OAS1	
GO:0048227	plasma membrane to endosome transport	10	1	0.17	5.88235294117647	0.1593388199217275	0.1593388199217275	0.817969030746646	FALSE	1	0	SORT1	
GO:1903027	regulation of opsonization	10	1	0.17	5.88235294117647	0.1593388199217275	0.1593388199217275	0.817969030746646	FALSE	1	0	C2	
GO:0032305	positive regulation of icosanoid secretion	10	1	0.17	5.88235294117647	0.1593388199217275	0.1593388199217275	0.817969030746646	FALSE	1	0	IL1B	
GO:0051446	positive regulation of meiotic cell cycle	10	1	0.17	5.88235294117647	0.1593388199217275	0.1593388199217275	0.817969030746646	FALSE	0	1		CDC25B
GO:0031069	hair follicle morphogenesis	10	1	0.17	5.88235294117647	0.1593388199217275	0.1593388199217275	0.817969030746646	FALSE	1	0	RHBDF2	
GO:1901993	regulation of meiotic cell cycle phase transition	10	1	0.17	5.88235294117647	0.1593388199217275	0.1593388199217275	0.817969030746646	FALSE	0	1		CDC25B
GO:0030200	heparan sulfate proteoglycan catabolic process	10	1	0.17	5.88235294117647	0.1593388199217275	0.1593388199217275	0.817969030746646	FALSE	1	0	HPSE	
GO:0072697	protein localization to cell cortex	10	1	0.17	5.88235294117647	0.1593388199217275	0.1593388199217275	0.817969030746646	FALSE	0	1		EZR
GO:0046073	dTMP metabolic process	10	1	0.17	5.88235294117647	0.1593388199217275	0.1593388199217275	0.817969030746646	FALSE	1	0	TYMP	
GO:0052548	regulation of endopeptidase activity	10	1	0.17	5.88235294117647	0.1593388199217275	0.1593388199217275	0.817969030746646	FALSE	1	0	CR1	
GO:0060368	regulation of Fc receptor mediated stimulatory signaling pathway	10	1	0.17	5.88235294117647	0.1593388199217275	0.1593388199217275	0.817969030746646	FALSE	1	0	PLSCR1	
GO:0002890	negative regulation of immunoglobulin mediated immune response	10	1	0.17	5.88235294117647	0.1593388199217275	0.1593388199217275	0.817969030746646	FALSE	1	0	CR1	
GO:0120182	regulation of focal adhesion disassembly	10	1	0.17	5.88235294117647	0.1593388199217275	0.1593388199217275	0.817969030746646	FALSE	1	0	DUSP3	
GO:1901142	insulin metabolic process	10	1	0.17	5.88235294117647	0.1593388199217275	0.1593388199217275	0.817969030746646	FALSE	1	0	CEACAM1	
GO:0060428	lung epithelium development	10	1	0.17	5.88235294117647	0.1593388199217275	0.1593388199217275	0.817969030746646	FALSE	1	0	LTA4H	
GO:1903911	positive regulation of receptor clustering	10	1	0.17	5.88235294117647	0.1593388199217275	0.1593388199217275	0.817969030746646	FALSE	1	0	TNFAIP6	
GO:0032725	positive regulation of granulocyte macrophage colony-stimulating factor production	10	1	0.17	5.88235294117647	0.1593388199217275	0.1593388199217275	0.817969030746646	FALSE	1	0	IL1B	
GO:0034165	positive regulation of toll-like receptor 9 signaling pathway	10	1	0.17	5.88235294117647	0.1593388199217275	0.1593388199217275	0.817969030746646	FALSE	1	0	RSAD2	
GO:0010522	regulation of calcium ion transport into cytosol	10	1	0.17	5.88235294117647	0.1593388199217275	0.1593388199217275	0.817969030746646	FALSE	1	0	PML	
GO:0035809	regulation of urine volume	10	1	0.17	5.88235294117647	0.1593388199217275	0.1593388199217275	0.817969030746646	FALSE	1	0	ADM	
GO:0002052	positive regulation of neuroblast proliferation	10	1	0.17	5.88235294117647	0.1593388199217275	0.1593388199217275	0.817969030746646	FALSE	1	0	SMARCD3	
GO:0034111	negative regulation of homotypic cell-cell adhesion	10	1	0.17	5.88235294117647	0.1593388199217275	0.1593388199217275	0.817969030746646	FALSE	1	0	CEACAM1	
GO:0015871	choline transport	10	1	0.17	5.88235294117647	0.1593388199217275	0.1593388199217275	0.817969030746646	FALSE	1	0	FLVCR2	
GO:0097501	stress response to metal ion	10	1	0.17	5.88235294117647	0.1593388199217275	0.1593388199217275	0.817969030746646	FALSE	1	0	MT2A	
GO:0070234	positive regulation of T cell apoptotic process	10	1	0.17	5.88235294117647	0.1593388199217275	0.1593388199217275	0.817969030746646	FALSE	1	0	CD274	
GO:0036337	Fas signaling pathway	10	1	0.17	5.88235294117647	0.1593388199217275	0.1593388199217275	0.817969030746646	FALSE	0	1		IL7R
GO:0060231	mesenchymal to epithelial transition	10	1	0.17	5.88235294117647	0.1593388199217275	0.1593388199217275	0.817969030746646	FALSE	1	0	STAT1	
GO:0036462	TRAIL-activated apoptotic signaling pathway	10	1	0.17	5.88235294117647	0.1593388199217275	0.1593388199217275	0.817969030746646	FALSE	1	0	TNFSF10	
GO:1905907	negative regulation of amyloid fibril formation	10	1	0.17	5.88235294117647	0.1593388199217275	0.1593388199217275	0.817969030746646	FALSE	1	0	CLU	
GO:1902966	positive regulation of protein localization to early endosome	10	1	0.17	5.88235294117647	0.1593388199217275	0.1593388199217275	0.817969030746646	FALSE	0	1		EZR
GO:0030949	positive regulation of vascular endothelial growth factor receptor signaling pathway	10	1	0.17	5.88235294117647	0.1593388199217275	0.1593388199217275	0.817969030746646	FALSE	1	0	IL1B	
GO:0001910	regulation of leukocyte mediated cytotoxicity	75	2	1.29	1.5503875968992247	0.15941565753945164	0.3708253963634478	1	FALSE	2	0	ICAM1;CEACAM1	
GO:0061982	meiosis I cell cycle process	82	2	1.41	1.4184397163120568	0.15949386827277512	0.41343001641793875	1	FALSE	0	2		CDC25B;ATM
GO:0045786	negative regulation of cell cycle	326	9	5.61	1.6042780748663101	0.1602010935294633	0.11047502130499871	0.6756303305171111	FALSE	4	5	CDK5RAP2;FBXO6;PARP9;PML	ZFP36L2;NOP53;ETS1;RUNX3;ATM
GO:0010498	proteasomal protein catabolic process	570	9	9.8	0.9183673469387754	0.16044079301004976	0.6512296103503268	1	FALSE	6	3	FBXO6;CLU;PSMB9;TRIM21;PSME2;PML	NOP53;OGT;FBXO7
GO:0050680	negative regulation of epithelial cell proliferation	73	4	1.26	3.1746031746031744	0.16097496913891018	0.03693271630446644	0.318269708843192	FALSE	3	1	CEACAM1;STAT1;SPARC	RUNX3
GO:0019941	modification-dependent protein catabolic process	642	9	11.04	0.8152173913043479	0.16128552367173654	0.7807409570449972	1	FALSE	6	3	FBXO6;CLU;PSMB9;UBE2L6;PML;ISG15	NOP53;OGT;FBXO7
GO:0000077	DNA damage checkpoint signaling	107	4	1.84	2.1739130434782608	0.16162626073482744	0.1128492559721467	0.6893835659276251	FALSE	2	2	FBXO6;PARP9	NOP53;ATM
GO:0070374	positive regulation of ERK1 and ERK2 cascade	123	4	2.12	1.8867924528301885	0.16206471612255616	0.16206471612255616	0.8296385560910743	FALSE	3	1	ICAM1;MARCO;IL1B	GPR183
GO:0019637	organophosphate metabolic process	904	12	15.55	0.7717041800643086	0.162368009921391	0.8603086519946086	1	FALSE	10	2	PFKFB3;VPS9D1;HK3;VNN1;PLSCR1;GK;TYMP;ALPL;ACSL1;PARP14	ATM;OGT
GO:0060070	canonical Wnt signaling pathway	234	5	4.03	1.2406947890818858	0.162958103987718	0.3761029142676616	1	FALSE	2	3	MAPK14;KREMEN1	TLE5;TCF7;BCL9L
GO:0022407	regulation of cell-cell adhesion	387	21	6.66	3.153153153153153	0.1640394883543037	3.374722968149168e-6	1.1794946381685614e-4	FALSE	12	9	DUSP3;SMARCD3;PDCD1LG2;ST3GAL4;MAPK14;VNN1;LILRB4;CD274;IL1B;CR1;PSMB9;CEACAM1	LCK;CD6;ZAP70;CD3E;ETS1;CD5;TNFRSF13C;IL7R;RUNX3
GO:0016032	viral process	333	18	5.73	3.1413612565445024	0.16557635598693932	1.8270702520041045e-5	5.231891794540921e-4	FALSE	16	2	ST3GAL4;ICAM1;PLSCR1;IFITM1;CR1;TRIM21;IFITM3;PARP9;STAT1;LTF;IRF7;OAS1;RSAD2;OAS3;OASL;ISG15	ST6GAL1;IL32
GO:0046330	positive regulation of JNK cascade	82	3	1.41	2.127659574468085	0.16732733774797154	0.16732733774797154	0.8359865149344068	FALSE	3	0	GADD45B;IL1B;NAIP	
GO:0001932	regulation of protein phosphorylation	318	9	5.47	1.6453382084095065	0.17186654226808462	0.09868996969284996	0.631106025380136	FALSE	7	2	FAM20A;CEACAM1;LILRA5;S100A12;PARP9;MMP9;PARP14	NOP53;IL7R
GO:0072593	reactive oxygen species metabolic process	161	6	2.77	2.1660649819494586	0.17210092843074154	0.0596718673067441	0.44362891320867426	FALSE	5	1	HP;MAPK14;LCN2;CD177;IFI6	HBA2
GO:0043409	negative regulation of MAPK cascade	124	5	2.13	2.347417840375587	0.17293011489330878	0.06289196127182757	0.4604261026265086	FALSE	4	1	DUSP3;LILRB4;GBP1;IL1B	EZR
GO:0043393	regulation of protein binding	29	2	0.5	4	0.17332747700640005	0.08834107180483668	0.5830722842532918	FALSE	1	1	TRIM21	TMC8
GO:0015914	phospholipid transport	92	4	1.58	2.531645569620253	0.17346963714139454	0.07407222421945871	0.5181286116521424	FALSE	2	2	NPC2;PLSCR1	ATP8B2;ESYT1
GO:0071493	cellular response to UV-B	11	1	0.19	5.2631578947368425	0.17380999765353933	0.17380999765353933	0.8359865149344068	FALSE	1	0	MAPK14	
GO:0051341	regulation of oxidoreductase activity	11	1	0.19	5.2631578947368425	0.17380999765353933	0.17380999765353933	0.8359865149344068	FALSE	1	0	IL1B	
GO:0046598	positive regulation of viral entry into host cell	11	1	0.19	5.2631578947368425	0.17380999765353933	0.17380999765353933	0.8359865149344068	FALSE	1	0	TRIM21	
GO:0002291	T cell activation via T cell receptor contact with antigen bound to MHC molecule on antigen presenting cell	11	1	0.19	5.2631578947368425	0.17380999765353933	0.17380999765353933	0.8359865149344068	FALSE	1	0	ICAM1	
GO:2000659	regulation of interleukin-1-mediated signaling pathway	11	1	0.19	5.2631578947368425	0.17380999765353933	0.17380999765353933	0.8359865149344068	FALSE	1	0	IL1B	
GO:0090091	positive regulation of extracellular matrix disassembly	11	1	0.19	5.2631578947368425	0.17380999765353933	0.17380999765353933	0.8359865149344068	FALSE	1	0	HPSE	
GO:0170043	non-proteinogenic amino acid biosynthetic process	11	1	0.19	5.2631578947368425	0.17380999765353933	0.17380999765353933	0.8359865149344068	FALSE	0	1		SLC38A1
GO:0002725	negative regulation of T cell cytokine production	11	1	0.19	5.2631578947368425	0.17380999765353933	0.17380999765353933	0.8359865149344068	FALSE	1	0	LILRB4	
GO:0140105	interleukin-10-mediated signaling pathway	11	1	0.19	5.2631578947368425	0.17380999765353933	0.17380999765353933	0.8359865149344068	FALSE	1	0	LILRB4	
GO:0036035	osteoclast development	11	1	0.19	5.2631578947368425	0.17380999765353933	0.17380999765353933	0.8359865149344068	FALSE	1	0	LTF	
GO:0006957	complement activation, alternative pathway	11	1	0.19	5.2631578947368425	0.17380999765353933	0.17380999765353933	0.8359865149344068	FALSE	1	0	CR1	
GO:1905664	regulation of calcium ion import across plasma membrane	11	1	0.19	5.2631578947368425	0.17380999765353933	0.17380999765353933	0.8359865149344068	FALSE	0	1		MS4A1
GO:0010826	negative regulation of centrosome duplication	11	1	0.19	5.2631578947368425	0.17380999765353933	0.17380999765353933	0.8359865149344068	FALSE	1	0	CDK5RAP2	
GO:0071888	macrophage apoptotic process	11	1	0.19	5.2631578947368425	0.17380999765353933	0.17380999765353933	0.8359865149344068	FALSE	1	0	IRF7	
GO:2001279	regulation of unsaturated fatty acid biosynthetic process	11	1	0.19	5.2631578947368425	0.17380999765353933	0.17380999765353933	0.8359865149344068	FALSE	1	0	IL1B	
GO:0042753	positive regulation of circadian rhythm	11	1	0.19	5.2631578947368425	0.17380999765353933	0.17380999765353933	0.8359865149344068	FALSE	0	1		RORA
GO:0033632	regulation of cell-cell adhesion mediated by integrin	11	1	0.19	5.2631578947368425	0.17380999765353933	0.17380999765353933	0.8359865149344068	FALSE	0	1		CD3E
GO:0034154	toll-like receptor 7 signaling pathway	11	1	0.19	5.2631578947368425	0.17380999765353933	0.17380999765353933	0.8359865149344068	FALSE	1	0	RSAD2	
GO:0002664	regulation of T cell tolerance induction	11	1	0.19	5.2631578947368425	0.17380999765353933	0.17380999765353933	0.8359865149344068	FALSE	1	0	LILRB4	
GO:0002029	desensitization of G protein-coupled receptor signaling pathway	11	1	0.19	5.2631578947368425	0.17380999765353933	0.17380999765353933	0.8359865149344068	FALSE	1	0	ADM	
GO:0019370	leukotriene biosynthetic process	11	1	0.19	5.2631578947368425	0.17380999765353933	0.17380999765353933	0.8359865149344068	FALSE	1	0	LTA4H	
GO:0098974	postsynaptic actin cytoskeleton organization	11	1	0.19	5.2631578947368425	0.17380999765353933	0.17380999765353933	0.8359865149344068	FALSE	0	1		EZR
GO:0015816	glycine transport	11	1	0.19	5.2631578947368425	0.17380999765353933	0.17380999765353933	0.8359865149344068	FALSE	0	1		SLC38A1
GO:0051547	regulation of keratinocyte migration	11	1	0.19	5.2631578947368425	0.17380999765353933	0.17380999765353933	0.8359865149344068	FALSE	1	0	MMP9	
GO:0035666	TRIF-dependent toll-like receptor signaling pathway	11	1	0.19	5.2631578947368425	0.17380999765353933	0.17380999765353933	0.8359865149344068	FALSE	1	0	CD274	
GO:0090435	protein localization to nuclear envelope	11	1	0.19	5.2631578947368425	0.17380999765353933	0.17380999765353933	0.8359865149344068	FALSE	1	0	LMNB1	
GO:0072111	cell proliferation involved in kidney development	11	1	0.19	5.2631578947368425	0.17380999765353933	0.17380999765353933	0.8359865149344068	FALSE	1	0	STAT1	
GO:0015671	oxygen transport	11	1	0.19	5.2631578947368425	0.17380999765353933	0.17380999765353933	0.8359865149344068	FALSE	0	1		HBA2
GO:0048385	regulation of retinoic acid receptor signaling pathway	11	1	0.19	5.2631578947368425	0.17380999765353933	0.17380999765353933	0.8359865149344068	FALSE	0	1		KLF2
GO:0044828	host-mediated suppression of viral genome replication	11	1	0.19	5.2631578947368425	0.17380999765353933	0.17380999765353933	0.8359865149344068	FALSE	1	0	LTF	
GO:0022010	central nervous system myelination	11	1	0.19	5.2631578947368425	0.17380999765353933	0.17380999765353933	0.8359865149344068	FALSE	1	0	CLU	
GO:0072273	metanephric nephron morphogenesis	11	1	0.19	5.2631578947368425	0.17380999765353933	0.17380999765353933	0.8359865149344068	FALSE	1	0	STAT1	
GO:0072234	metanephric nephron tubule development	11	1	0.19	5.2631578947368425	0.17380999765353933	0.17380999765353933	0.8359865149344068	FALSE	1	0	STAT1	
GO:0001954	positive regulation of cell-matrix adhesion	44	2	0.76	2.6315789473684212	0.17486762754585947	0.17486762754585947	0.8359865149344068	FALSE	1	1	HPSE	CD3E
GO:1902459	positive regulation of stem cell population maintenance	44	2	0.76	2.6315789473684212	0.17486762754585947	0.17486762754585947	0.8359865149344068	FALSE	0	2		LBH;OGT
GO:0007200	phospholipase C-activating G protein-coupled receptor signaling pathway	84	3	1.44	2.0833333333333335	0.17580211160494538	0.17580211160494538	0.8361245757819981	FALSE	2	1	C3AR1;FFAR2	S1PR1
GO:2000147	positive regulation of cell motility	438	16	7.53	2.1248339973439574	0.18208389887668486	0.003781024928238453	0.054276958369334244	FALSE	11	5	ICAM1;HPSE;C3AR1;IL1B;ANXA3;LCN2;ITGA2B;SEMA4A;TNFAIP6;SPARC;MMP9	SUN2;S1PR1;ETS1;SPOCK2;ATM
GO:0062197	cellular response to chemical stress	256	7	4.4	1.5909090909090908	0.18665900662670076	0.1531000159357317	0.817969030746646	FALSE	5	2	IL18RAP;CASP1;TRIM21;LCN2;PML	KLF2;ATM
GO:0001909	leukocyte mediated cytotoxicity	112	4	1.93	2.072538860103627	0.18706816476517374	0.1274345753084413	0.7370233223889585	FALSE	3	1	ICAM1;FCGR1A;CEACAM1	CD2
GO:1904262	negative regulation of TORC1 signaling	46	2	0.79	2.531645569620253	0.1872594648145189	0.1872594648145189	0.8557998455231163	FALSE	0	2		ATM;PRKACB
GO:0006096	glycolytic process	74	3	1.27	2.3622047244094486	0.18733137649422416	0.13476915958202604	0.7615219315333804	FALSE	2	1	PFKFB3;HK3	OGT
GO:0071354	cellular response to interleukin-6	29	2	0.5	4	0.1875029312079075	0.08834107180483668	0.5830722842532918	FALSE	2	0	SOCS3;LCN2	
GO:0044319	wound healing, spreading of cells	32	2	0.55	3.6363636363636362	0.18754152081110154	0.10442892334113969	0.6582891868285151	FALSE	2	0	LRG1;CEACAM1	
GO:0070228	regulation of lymphocyte apoptotic process	35	2	0.6	3.3333333333333335	0.1875801262386534	0.12123418237142373	0.7190350967401162	FALSE	1	1	CD274	CD3G
GO:2000561	regulation of CD4-positive, alpha-beta T cell proliferation	12	1	0.21	4.761904761904762	0.1880331417591714	0.1880331417591714	0.8557998455231163	FALSE	1	0	CD274	
GO:0006000	fructose metabolic process	12	1	0.21	4.761904761904762	0.1880331417591714	0.1880331417591714	0.8557998455231163	FALSE	1	0	PFKFB3	
GO:0006002	fructose 6-phosphate metabolic process	12	1	0.21	4.761904761904762	0.1880331417591714	0.1880331417591714	0.8557998455231163	FALSE	1	0	HK3	
GO:0072574	hepatocyte proliferation	12	1	0.21	4.761904761904762	0.1880331417591714	0.1880331417591714	0.8557998455231163	FALSE	1	0	CEACAM1	
GO:0071294	cellular response to zinc ion	12	1	0.21	4.761904761904762	0.1880331417591714	0.1880331417591714	0.8557998455231163	FALSE	1	0	MT2A	
GO:0051152	positive regulation of smooth muscle cell differentiation	12	1	0.21	4.761904761904762	0.1880331417591714	0.1880331417591714	0.8557998455231163	FALSE	1	0	SMARCD3	
GO:1900025	negative regulation of substrate adhesion-dependent cell spreading	12	1	0.21	4.761904761904762	0.1880331417591714	0.1880331417591714	0.8557998455231163	FALSE	1	0	GBP1	
GO:0072672	neutrophil extravasation	12	1	0.21	4.761904761904762	0.1880331417591714	0.1880331417591714	0.8557998455231163	FALSE	1	0	CD177	
GO:0046642	negative regulation of alpha-beta T cell proliferation	12	1	0.21	4.761904761904762	0.1880331417591714	0.1880331417591714	0.8557998455231163	FALSE	1	0	CD274	
GO:0030889	negative regulation of B cell proliferation	12	1	0.21	4.761904761904762	0.1880331417591714	0.1880331417591714	0.8557998455231163	FALSE	0	1		ATM
GO:0035771	interleukin-4-mediated signaling pathway	12	1	0.21	4.761904761904762	0.1880331417591714	0.1880331417591714	0.8557998455231163	FALSE	1	0	PARP14	
GO:0002830	positive regulation of type 2 immune response	12	1	0.21	4.761904761904762	0.1880331417591714	0.1880331417591714	0.8557998455231163	FALSE	1	0	RSAD2	
GO:1903975	regulation of glial cell migration	12	1	0.21	4.761904761904762	0.1880331417591714	0.1880331417591714	0.8557998455231163	FALSE	0	1		GPR183
GO:0035855	megakaryocyte development	12	1	0.21	4.761904761904762	0.1880331417591714	0.1880331417591714	0.8557998455231163	FALSE	1	0	GP1BB	
GO:0015732	prostaglandin transport	12	1	0.21	4.761904761904762	0.1880331417591714	0.1880331417591714	0.8557998455231163	FALSE	1	0	IL1B	
GO:0048681	negative regulation of axon regeneration	12	1	0.21	4.761904761904762	0.1880331417591714	0.1880331417591714	0.8557998455231163	FALSE	1	0	KREMEN1	
GO:0010572	positive regulation of platelet activation	12	1	0.21	4.761904761904762	0.1880331417591714	0.1880331417591714	0.8557998455231163	FALSE	1	0	GP1BB	
GO:0090385	phagosome-lysosome fusion	12	1	0.21	4.761904761904762	0.1880331417591714	0.1880331417591714	0.8557998455231163	FALSE	1	0	RAB20	
GO:0060143	positive regulation of syncytium formation by plasma membrane fusion	12	1	0.21	4.761904761904762	0.1880331417591714	0.1880331417591714	0.8557998455231163	FALSE	1	0	MAPK14	
GO:0002021	response to dietary excess	12	1	0.21	4.761904761904762	0.1880331417591714	0.1880331417591714	0.8557998455231163	FALSE	1	0	MAPK14	
GO:0035589	G protein-coupled purinergic nucleotide receptor signaling pathway	12	1	0.21	4.761904761904762	0.1880331417591714	0.1880331417591714	0.8557998455231163	FALSE	1	0	P2RY14	
GO:0001780	neutrophil homeostasis	12	1	0.21	4.761904761904762	0.1880331417591714	0.1880331417591714	0.8557998455231163	FALSE	1	0	HCAR2	
GO:0006213	pyrimidine nucleoside metabolic process	12	1	0.21	4.761904761904762	0.1880331417591714	0.1880331417591714	0.8557998455231163	FALSE	1	0	TYMP	
GO:0090160	Golgi to lysosome transport	12	1	0.21	4.761904761904762	0.1880331417591714	0.1880331417591714	0.8557998455231163	FALSE	1	0	SORT1	
GO:0009820	alkaloid metabolic process	12	1	0.21	4.761904761904762	0.1880331417591714	0.1880331417591714	0.8557998455231163	FALSE	1	0	PARP9	
GO:0036295	cellular response to increased oxygen levels	12	1	0.21	4.761904761904762	0.1880331417591714	0.1880331417591714	0.8557998455231163	FALSE	1	0	LCN2	
GO:0033147	negative regulation of intracellular estrogen receptor signaling pathway	12	1	0.21	4.761904761904762	0.1880331417591714	0.1880331417591714	0.8557998455231163	FALSE	0	1		LBH
GO:0055001	muscle cell development	93	2	1.6	1.25	0.18832962180115254	0.47732116743921393	1	FALSE	2	0	ADM;MYL9	
GO:0030855	epithelial cell differentiation	341	12	5.87	2.0442930153321974	0.18936234490318613	0.015075079027618602	0.16000537547074725	FALSE	9	3	ICAM1;HPSE;DHRS9;IL1B;CEACAM1;RHBDF2;LTA4H;STAT1;MMP9	LBH;S1PR1;EZR
GO:0006914	autophagy	549	11	9.44	1.1652542372881356	0.19300722714105786	0.34554871422336336	1	FALSE	8	3	SH3GLB1;CTSA;HPSE;RAB24;CLU;TRIM21;TRIM22;S100A8	ATM;OGT;FBXO7
GO:0007498	mesoderm development	47	2	0.81	2.4691358024691357	0.19350094256513375	0.19350094256513375	0.8705958937995952	FALSE	1	1	SECTM1	IKZF3
GO:0051898	negative regulation of phosphatidylinositol 3-kinase/protein kinase B signal transduction	47	2	0.81	2.4691358024691357	0.19350094256513375	0.19350094256513375	0.8705958937995952	FALSE	1	1	AIM2	NOP53
GO:1901740	negative regulation of myoblast fusion	47	2	0.81	2.4691358024691357	0.19350094256513375	0.19350094256513375	0.8705958937995952	FALSE	0	2		RPL18A;RPL23A
GO:0001934	positive regulation of protein phosphorylation	186	6	3.2	1.875	0.19759964972574945	0.10209431350924916	0.6481692097850483	FALSE	6	0	FAM20A;LILRA5;S100A12;PARP9;MMP9;PARP14	
GO:0070371	ERK1 and ERK2 cascade	203	9	3.49	2.5787965616045843	0.19818053915670786	0.008552071602986171	0.10518856750160618	FALSE	6	3	DUSP3;ICAM1;MARCO;GBP1;IL1B;CEACAM1	ZFP36L2;EZR;GPR183
GO:0042770	signal transduction in response to DNA damage	177	6	3.04	1.9736842105263157	0.2002539395106021	0.08534763465193389	0.5708531573191393	FALSE	4	2	MAPK14;FBXO6;PARP9;PML	NOP53;ATM
GO:0060333	type II interferon-mediated signaling pathway	25	3	0.43	6.976744186046512	0.20058112852358878	0.008737091990029023	0.1065111568984026	FALSE	3	0	PARP9;STAT1;PARP14	
GO:0002474	antigen processing and presentation of peptide antigen via MHC class I	28	2	0.48	4.166666666666667	0.20142056651901696	0.08315894503275534	0.5618865958676292	FALSE	2	0	IFI30;TAP1	
GO:0050922	negative regulation of chemotaxis	29	2	0.5	4	0.20143425794072756	0.08834107180483668	0.5830722842532918	FALSE	2	0	DUSP3;TNFAIP6	
GO:0045601	regulation of endothelial cell differentiation	30	2	0.52	3.846153846153846	0.20144795121515102	0.0936165621622352	0.6098386952227122	FALSE	2	0	IL1B;CEACAM1	
GO:0043217	myelin maintenance	13	1	0.22	4.545454545454546	0.20201248508612968	0.20201248508612968	0.8766098208394166	FALSE	1	0	CLU	
GO:0006054	N-acetylneuraminate metabolic process	13	1	0.22	4.545454545454546	0.20201248508612968	0.20201248508612968	0.8766098208394166	FALSE	0	1		ST6GAL1
GO:0051900	regulation of mitochondrial depolarization	13	1	0.22	4.545454545454546	0.20201248508612968	0.20201248508612968	0.8766098208394166	FALSE	1	0	IFI6	
GO:0032352	positive regulation of hormone metabolic process	13	1	0.22	4.545454545454546	0.20201248508612968	0.20201248508612968	0.8766098208394166	FALSE	1	0	ADM	
GO:0032328	alanine transport	13	1	0.22	4.545454545454546	0.20201248508612968	0.20201248508612968	0.8766098208394166	FALSE	0	1		SLC38A1
GO:0018146	keratan sulfate proteoglycan biosynthetic process	13	1	0.22	4.545454545454546	0.20201248508612968	0.20201248508612968	0.8766098208394166	FALSE	1	0	ST3GAL4	
GO:0030202	heparin proteoglycan metabolic process	13	1	0.22	4.545454545454546	0.20201248508612968	0.20201248508612968	0.8766098208394166	FALSE	1	0	HPSE	
GO:0071276	cellular response to cadmium ion	13	1	0.22	4.545454545454546	0.20201248508612968	0.20201248508612968	0.8766098208394166	FALSE	1	0	MT2A	
GO:0043691	reverse cholesterol transport	13	1	0.22	4.545454545454546	0.20201248508612968	0.20201248508612968	0.8766098208394166	FALSE	1	0	CLU	
GO:0010744	positive regulation of macrophage derived foam cell differentiation	13	1	0.22	4.545454545454546	0.20201248508612968	0.20201248508612968	0.8766098208394166	FALSE	1	0	IL1B	
GO:0033081	regulation of T cell differentiation in thymus	13	1	0.22	4.545454545454546	0.20201248508612968	0.20201248508612968	0.8766098208394166	FALSE	1	0	VNN1	
GO:0009159	deoxyribonucleoside monophosphate catabolic process	13	1	0.22	4.545454545454546	0.20201248508612968	0.20201248508612968	0.8766098208394166	FALSE	1	0	TYMP	
GO:0090399	replicative senescence	13	1	0.22	4.545454545454546	0.20201248508612968	0.20201248508612968	0.8766098208394166	FALSE	0	1		ATM
GO:1903428	positive regulation of reactive oxygen species biosynthetic process	13	1	0.22	4.545454545454546	0.20201248508612968	0.20201248508612968	0.8766098208394166	FALSE	1	0	LCN2	
GO:0030033	microvillus assembly	13	1	0.22	4.545454545454546	0.20201248508612968	0.20201248508612968	0.8766098208394166	FALSE	0	1		EZR
GO:0060252	positive regulation of glial cell proliferation	13	1	0.22	4.545454545454546	0.20201248508612968	0.20201248508612968	0.8766098208394166	FALSE	1	0	IL1B	
GO:0045655	regulation of monocyte differentiation	13	1	0.22	4.545454545454546	0.20201248508612968	0.20201248508612968	0.8766098208394166	FALSE	1	0	IRF7	
GO:0010633	negative regulation of epithelial cell migration	13	1	0.22	4.545454545454546	0.20201248508612968	0.20201248508612968	0.8766098208394166	FALSE	0	1		EVL
GO:0042573	retinoic acid metabolic process	13	1	0.22	4.545454545454546	0.20201248508612968	0.20201248508612968	0.8766098208394166	FALSE	1	0	DHRS9	
GO:0061687	detoxification of inorganic compound	13	1	0.22	4.545454545454546	0.20201248508612968	0.20201248508612968	0.8766098208394166	FALSE	1	0	MT2A	
GO:1900153	positive regulation of nuclear-transcribed mRNA catabolic process, deadenylation-dependent decay	13	1	0.22	4.545454545454546	0.20201248508612968	0.20201248508612968	0.8766098208394166	FALSE	0	1		ZFP36L2
GO:0051044	positive regulation of membrane protein ectodomain proteolysis	13	1	0.22	4.545454545454546	0.20201248508612968	0.20201248508612968	0.8766098208394166	FALSE	1	0	IL1B	
GO:0032674	regulation of interleukin-5 production	13	1	0.22	4.545454545454546	0.20201248508612968	0.20201248508612968	0.8766098208394166	FALSE	1	0	LILRB4	
GO:0006878	intracellular copper ion homeostasis	13	1	0.22	4.545454545454546	0.20201248508612968	0.20201248508612968	0.8766098208394166	FALSE	1	0	MT2A	
GO:0010310	regulation of hydrogen peroxide metabolic process	13	1	0.22	4.545454545454546	0.20201248508612968	0.20201248508612968	0.8766098208394166	FALSE	1	0	HP	
GO:0051493	regulation of cytoskeleton organization	434	6	7.47	0.8032128514056225	0.2038577437498017	0.7616313364382707	1	FALSE	3	3	CDK5RAP2;LIMK1;S100A8	EVL;S1PR1;SPTAN1
GO:0043065	positive regulation of apoptotic process	392	19	6.74	2.8189910979228485	0.20485829425676788	4.7994230662296895e-5	0.0012446805668929637	FALSE	15	4	NLRC4;SEPTIN4;VNN1;GADD45B;CD274;CASP5;CASP1;CLU;CASP4;LCN2;HCAR2;TNFSF10;PML;S100A8;IFIT2	TMC8;TLE5;LCK;ATM
GO:0050868	negative regulation of T cell activation	108	7	1.86	3.7634408602150535	0.2120222124720751	0.0026049000409335463	0.04022960793554112	FALSE	6	1	DUSP3;PDCD1LG2;LILRB4;CD274;CR1;PSMB9	RUNX3
GO:0019538	protein metabolic process	3432	62	59.03	1.050313399966119	0.21327347918469186	0.34970616228036666	1	FALSE	44	18	FAM20A;DUSP3;C2;NLRC4;SEPTIN4;ST3GAL4;HP;LIMK1;CARD16;SOCS3;FBXO6;CTSA;LIMK2;HPSE;CASP5;CASP1;IL1B;CLU;CR1;PSMB9;CEACAM1;CASP4;TRIM21;RHBDF2;MSRB1;APOL1;LTA4H;UBE2L6;PSME2;WARS1;APOL6;LILRA5;S100A12;PARP9;LAP3;APOL2;TRIM22;LTF;PML;MMP9;GP1BB;S100A8;PARP14;ISG15	ZFP36L2;KLF2;RPL18A;ST6GAL1;ZAP70;NOP53;RPS28;CDC25B;EZR;RPL3;RPL23A;IL7R;RUNX3;RPS4X;ATM;PRKACB;OGT;FBXO7
GO:0002673	regulation of acute inflammatory response	29	3	0.5	6	0.21428043038319233	0.01320023360965752	0.14691272142894138	FALSE	3	0	HPSE;IL1B;FFAR2	
GO:0050920	regulation of chemotaxis	149	5	2.56	1.953125	0.21432254074368462	0.11451614477847884	0.697242263557117	FALSE	3	2	DUSP3;C3AR1;TNFAIP6	S1PR1;GPR183
GO:0030224	monocyte differentiation	27	2	0.46	4.3478260869565215	0.21509670015855875	0.07807502909226002	0.5399452955336422	FALSE	2	0	IL1B;IRF7	
GO:0051896	regulation of phosphatidylinositol 3-kinase/protein kinase B signal transduction	204	5	3.51	1.4245014245014247	0.2151272651752678	0.2746870787514411	0.9794722429446581	FALSE	4	1	AIM2;HPSE;IL1B;CEACAM1	NOP53
GO:0019218	regulation of steroid metabolic process	69	2	1.19	1.680672268907563	0.21570690466563258	0.33336642366615776	1	FALSE	1	1	ADM	RORA
GO:0008209	androgen metabolic process	14	1	0.24	4.166666666666667	0.21575218855995282	0.21575218855995282	0.8993218595167707	FALSE	1	0	DHRS9	
GO:1904353	regulation of telomere capping	14	1	0.24	4.166666666666667	0.21575218855995282	0.21575218855995282	0.8993218595167707	FALSE	0	1		ATM
GO:0006071	glycerol metabolic process	14	1	0.24	4.166666666666667	0.21575218855995282	0.21575218855995282	0.8993218595167707	FALSE	1	0	GK	
GO:0061154	endothelial tube morphogenesis	14	1	0.24	4.166666666666667	0.21575218855995282	0.21575218855995282	0.8993218595167707	FALSE	1	0	LCN2	
GO:0071280	cellular response to copper ion	14	1	0.24	4.166666666666667	0.21575218855995282	0.21575218855995282	0.8993218595167707	FALSE	1	0	MT2A	
GO:1902742	apoptotic process involved in development	14	1	0.24	4.166666666666667	0.21575218855995282	0.21575218855995282	0.8993218595167707	FALSE	1	0	PML	
GO:0044314	protein K27-linked ubiquitination	14	1	0.24	4.166666666666667	0.21575218855995282	0.21575218855995282	0.8993218595167707	FALSE	1	0	TRIM21	
GO:0150078	positive regulation of neuroinflammatory response	14	1	0.24	4.166666666666667	0.21575218855995282	0.21575218855995282	0.8993218595167707	FALSE	1	0	IL1B	
GO:0045717	negative regulation of fatty acid biosynthetic process	14	1	0.24	4.166666666666667	0.21575218855995282	0.21575218855995282	0.8993218595167707	FALSE	1	0	CEACAM1	
GO:1903377	negative regulation of oxidative stress-induced neuron intrinsic apoptotic signaling pathway	14	1	0.24	4.166666666666667	0.21575218855995282	0.21575218855995282	0.8993218595167707	FALSE	0	1		FBXO7
GO:0010829	negative regulation of D-glucose transmembrane transport	14	1	0.24	4.166666666666667	0.21575218855995282	0.21575218855995282	0.8993218595167707	FALSE	1	0	IL1B	
GO:0002524	hypersensitivity	14	1	0.24	4.166666666666667	0.21575218855995282	0.21575218855995282	0.8993218595167707	FALSE	1	0	FCGR1A	
GO:0002693	positive regulation of cellular extravasation	14	1	0.24	4.166666666666667	0.21575218855995282	0.21575218855995282	0.8993218595167707	FALSE	1	0	ICAM1	
GO:1904862	inhibitory synapse assembly	14	1	0.24	4.166666666666667	0.21575218855995282	0.21575218855995282	0.8993218595167707	FALSE	1	0	SEMA4A	
GO:0010544	negative regulation of platelet activation	14	1	0.24	4.166666666666667	0.21575218855995282	0.21575218855995282	0.8993218595167707	FALSE	1	0	CEACAM1	
GO:1904889	regulation of excitatory synapse assembly	14	1	0.24	4.166666666666667	0.21575218855995282	0.21575218855995282	0.8993218595167707	FALSE	1	0	SEMA4A	
GO:1901857	positive regulation of cellular respiration	14	1	0.24	4.166666666666667	0.21575218855995282	0.21575218855995282	0.8993218595167707	FALSE	1	0	OAS1	
GO:1990173	protein localization to nucleoplasm	14	1	0.24	4.166666666666667	0.21575218855995282	0.21575218855995282	0.8993218595167707	FALSE	0	1		NOP53
GO:0032695	negative regulation of interleukin-12 production	14	1	0.24	4.166666666666667	0.21575218855995282	0.21575218855995282	0.8993218595167707	FALSE	1	0	LILRA5	
GO:0042634	regulation of hair cycle	14	1	0.24	4.166666666666667	0.21575218855995282	0.21575218855995282	0.8993218595167707	FALSE	1	0	HPSE	
GO:0160165	CD8-positive, alpha-beta T cell homeostasis	14	1	0.24	4.166666666666667	0.21575218855995282	0.21575218855995282	0.8993218595167707	FALSE	1	0	PSMB9	
GO:0006706	steroid catabolic process	14	1	0.24	4.166666666666667	0.21575218855995282	0.21575218855995282	0.8993218595167707	FALSE	1	0	SCARF1	
GO:1900221	regulation of amyloid-beta clearance	14	1	0.24	4.166666666666667	0.21575218855995282	0.21575218855995282	0.8993218595167707	FALSE	1	0	CLU	
GO:0006837	serotonin transport	14	1	0.24	4.166666666666667	0.21575218855995282	0.21575218855995282	0.8993218595167707	FALSE	1	0	FCER1G	
GO:0030032	lamellipodium assembly	51	2	0.88	2.272727272727273	0.2187054892310539	0.2187054892310539	0.9061362319459942	FALSE	0	2		S1PR1;ABLIM1
GO:0030522	intracellular receptor signaling pathway	338	16	5.81	2.753872633390706	0.22061871289124246	2.5037148745562805e-4	0.005398205639337424	FALSE	11	5	TIFA;GBP5;GBP2;DEFA1;IRF7;OAS1;RSAD2;OAS3;DEFA1;OASL;DEFA3	KLF2;LBH;NOP53;RORA;OGT
GO:0042593	glucose homeostasis	156	4	2.68	1.4925373134328357	0.22474439195352133	0.28118837199891483	0.9794722429446581	FALSE	3	1	HK3;FFAR2;OAS1	OGT
GO:0051289	protein homotetramerization	52	2	0.89	2.247191011235955	0.22505319471249016	0.22505319471249016	0.916691905832938	FALSE	1	1	GBP5	EVL
GO:0030282	bone mineralization	71	5	1.22	4.098360655737705	0.22654442192878865	0.007474628027090222	0.09447242504124607	FALSE	3	2	ALPL;LTF;ISG15	S1PR1;PHOSPHO1
GO:0038066	p38MAPK cascade	45	4	0.77	5.194805194805195	0.22704296973098326	0.007315757254431717	0.09267749627849213	FALSE	3	1	MAPK14;GADD45B;IL1B	EZR
GO:0046718	symbiont entry into host cell	111	4	1.91	2.094240837696335	0.22740598689691663	0.12445614032453219	0.7341843986097404	FALSE	4	0	ICAM1;PLSCR1;CR1;TRIM21	
GO:0014902	myotube differentiation	104	4	1.79	2.2346368715083798	0.22794270124640825	0.10447804931898716	0.6582891868285151	FALSE	2	2	MAPK14;SORT1	RPL18A;RPL23A
GO:0002691	regulation of cellular extravasation	29	2	0.5	4	0.22858134544079012	0.08834107180483668	0.5830722842532918	FALSE	2	0	ST3GAL4;ICAM1	
GO:0120033	negative regulation of plasma membrane bounded cell projection assembly	40	2	0.69	2.8985507246376816	0.22874932204830123	0.15053355153933923	0.8118465594849227	FALSE	1	1	LIMK2	EVL
GO:0070542	response to fatty acid	44	2	0.76	2.6315789473684212	0.22881046528639082	0.17486762754585947	0.8359865149344068	FALSE	2	0	FFAR2;ACSL1	
GO:0030902	hindbrain development	65	2	1.12	1.7857142857142856	0.22913200086044982	0.3080396724237031	1	FALSE	0	2		CD3E;RORA
GO:0010460	positive regulation of heart rate	15	1	0.26	3.846153846153846	0.22925634240092574	0.22925634240092574	0.916691905832938	FALSE	1	0	ADM	
GO:0019885	antigen processing and presentation of endogenous peptide antigen via MHC class I	15	1	0.26	3.846153846153846	0.22925634240092574	0.22925634240092574	0.916691905832938	FALSE	1	0	TAP1	
GO:0043517	positive regulation of DNA damage response, signal transduction by p53 class mediator	15	1	0.26	3.846153846153846	0.22925634240092574	0.22925634240092574	0.916691905832938	FALSE	0	1		ATM
GO:0060325	face morphogenesis	15	1	0.26	3.846153846153846	0.22925634240092574	0.22925634240092574	0.916691905832938	FALSE	1	0	CRISPLD2	
GO:0036005	response to macrophage colony-stimulating factor	15	1	0.26	3.846153846153846	0.22925634240092574	0.22925634240092574	0.916691905832938	FALSE	1	0	ALPL	
GO:0061760	antifungal innate immune response	15	1	0.26	3.846153846153846	0.22925634240092574	0.22925634240092574	0.916691905832938	FALSE	1	0	CLEC4E	
GO:0002827	positive regulation of T-helper 1 type immune response	15	1	0.26	3.846153846153846	0.22925634240092574	0.22925634240092574	0.916691905832938	FALSE	1	0	IL1B	
GO:0050927	positive regulation of positive chemotaxis	15	1	0.26	3.846153846153846	0.22925634240092574	0.22925634240092574	0.916691905832938	FALSE	0	1		S1PR1
GO:0070198	protein localization to chromosome, telomeric region	15	1	0.26	3.846153846153846	0.22925634240092574	0.22925634240092574	0.916691905832938	FALSE	1	0	PML	
GO:0072378	blood coagulation, fibrin clot formation	15	1	0.26	3.846153846153846	0.22925634240092574	0.22925634240092574	0.916691905832938	FALSE	1	0	GP1BB	
GO:0045056	transcytosis	15	1	0.26	3.846153846153846	0.22925634240092574	0.22925634240092574	0.916691905832938	FALSE	0	1		FCMR
GO:0044793	host-mediated suppression of viral proces	15	1	0.26	3.846153846153846	0.22925634240092574	0.22925634240092574	0.916691905832938	FALSE	1	0	LTF	
GO:0061042	vascular wound healing	15	1	0.26	3.846153846153846	0.22925634240092574	0.22925634240092574	0.916691905832938	FALSE	1	0	HPSE	
GO:1901836	regulation of transcription of nucleolar large rRNA by RNA polymerase I	15	1	0.26	3.846153846153846	0.22925634240092574	0.22925634240092574	0.916691905832938	FALSE	0	1		NOP53
GO:0032530	regulation of microvillus organization	15	1	0.26	3.846153846153846	0.22925634240092574	0.22925634240092574	0.916691905832938	FALSE	0	1		EZR
GO:0006206	pyrimidine nucleobase metabolic process	15	1	0.26	3.846153846153846	0.22925634240092574	0.22925634240092574	0.916691905832938	FALSE	1	0	TYMP	
GO:0031281	positive regulation of cyclase activity	15	1	0.26	3.846153846153846	0.22925634240092574	0.22925634240092574	0.916691905832938	FALSE	1	0	MAPK14	
GO:0006700	C21-steroid hormone biosynthetic process	15	1	0.26	3.846153846153846	0.22925634240092574	0.22925634240092574	0.916691905832938	FALSE	1	0	ADM	
GO:0001556	oocyte maturation	15	1	0.26	3.846153846153846	0.22925634240092574	0.22925634240092574	0.916691905832938	FALSE	1	0	RAB24	
GO:0043171	peptide catabolic process	15	1	0.26	3.846153846153846	0.22925634240092574	0.22925634240092574	0.916691905832938	FALSE	1	0	LTA4H	
GO:0045892	negative regulation of DNA-templated transcription	1039	19	17.87	1.0632344711807498	0.23607120902127215	0.42503783056782934	1	FALSE	9	10	ZNF438;LILRB4;ETV7;PARP9;STAT1;TRIM22;IRF7;PML;PARP14	KLF2;LBH;TLE5;CABIN1;NOP53;PBXIP1;TCF7;EZR;RUNX3;OGT
GO:0045089	positive regulation of innate immune response	346	23	5.95	3.865546218487395	0.23669950344780755	2.994029575648175e-8	1.7700187749369535e-6	FALSE	21	2	NLRC4;AIM2;TLR5;TIFA;CD274;GBP5;PLSCR1;CASP1;GBP2;FFAR2;PARP9;CLEC4E;NAIP;LTF;IRF7;IFI35;OAS1;S100A8;RSAD2;OAS3;OASL	NOP53;OGT
GO:0090090	negative regulation of canonical Wnt signaling pathway	98	3	1.69	1.7751479289940828	0.23795084056730853	0.23795084056730853	0.9411897276540017	FALSE	2	1	MAPK14;KREMEN1	TLE5
GO:0043149	stress fiber assembly	86	4	1.48	2.7027027027027026	0.2408471928865672	0.06083715055556028	0.4489700050395576	FALSE	2	2	LIMK1;MYL9	EVL;S1PR1
GO:2000059	negative regulation of ubiquitin-dependent protein catabolic process	52	3	0.89	3.3707865168539324	0.24123944645482343	0.06001285219514772	0.4440789520443098	FALSE	1	2	PML	NOP53;OGT
GO:0001942	hair follicle development	26	2	0.45	4.444444444444445	0.24175735225523176	0.07309431090764267	0.5139034800130683	FALSE	2	0	HPSE;RHBDF2	
GO:0150077	regulation of neuroinflammatory response	30	2	0.52	3.846153846153846	0.24182132990963467	0.0936165621622352	0.6098386952227122	FALSE	2	0	IL1B;MMP9	
GO:0048477	oogenesis	42	2	0.72	2.7777777777777777	0.2420134647127956	0.16261723181365606	0.8316925958246335	FALSE	2	0	RAB24;TNFAIP6	
GO:0140056	organelle localization by membrane tethering	70	2	1.2	1.6666666666666667	0.24246296003507795	0.3396591409735764	1	FALSE	1	1	STX11	ESYT1
GO:0019755	one-carbon compound transport	16	1	0.28	3.571428571428571	0.24252896732030604	0.24252896732030604	0.9450520333598112	FALSE	0	1		HBA2
GO:0046885	regulation of hormone biosynthetic process	16	1	0.28	3.571428571428571	0.24252896732030604	0.24252896732030604	0.9450520333598112	FALSE	1	0	ADM	
GO:0085020	protein K6-linked ubiquitination	16	1	0.28	3.571428571428571	0.24252896732030604	0.24252896732030604	0.9450520333598112	FALSE	1	0	TRIM21	
GO:0010288	response to lead ion	16	1	0.28	3.571428571428571	0.24252896732030604	0.24252896732030604	0.9450520333598112	FALSE	1	0	PLSCR1	
GO:1900034	regulation of cellular response to heat	16	1	0.28	3.571428571428571	0.24252896732030604	0.24252896732030604	0.9450520333598112	FALSE	0	1		ATM
GO:0010759	positive regulation of macrophage chemotaxis	16	1	0.28	3.571428571428571	0.24252896732030604	0.24252896732030604	0.9450520333598112	FALSE	1	0	C3AR1	
GO:0034377	plasma lipoprotein particle assembly	16	1	0.28	3.571428571428571	0.24252896732030604	0.24252896732030604	0.9450520333598112	FALSE	0	1		PRKACB
GO:0141086	negative regulation of inflammasome-mediated signaling pathway	16	1	0.28	3.571428571428571	0.24252896732030604	0.24252896732030604	0.9450520333598112	FALSE	0	1		OGT
GO:0006337	nucleosome disassembly	16	1	0.28	3.571428571428571	0.24252896732030604	0.24252896732030604	0.9450520333598112	FALSE	1	0	SMARCD3	
GO:0033003	regulation of mast cell activation	16	1	0.28	3.571428571428571	0.24252896732030604	0.24252896732030604	0.9450520333598112	FALSE	1	0	PLSCR1	
GO:0032781	positive regulation of ATP-dependent activity	16	1	0.28	3.571428571428571	0.24252896732030604	0.24252896732030604	0.9450520333598112	FALSE	1	0	PLSCR1	
GO:0002689	negative regulation of leukocyte chemotaxis	16	1	0.28	3.571428571428571	0.24252896732030604	0.24252896732030604	0.9450520333598112	FALSE	1	0	TNFAIP6	
GO:0000425	pexophagy	16	1	0.28	3.571428571428571	0.24252896732030604	0.24252896732030604	0.9450520333598112	FALSE	0	1		ATM
GO:0044539	long-chain fatty acid import into cell	16	1	0.28	3.571428571428571	0.24252896732030604	0.24252896732030604	0.9450520333598112	FALSE	1	0	ACSL1	
GO:0051321	meiotic cell cycle	206	5	3.54	1.4124293785310735	0.24354139380944562	0.281299867517209	0.9794722429446581	FALSE	2	3	SLC26A8;RAB24	SUN2;CDC25B;ATM
GO:0050766	positive regulation of phagocytosis	56	2	0.96	2.0833333333333335	0.2505578131256704	0.2505578131256704	0.9591439851868605	FALSE	2	0	C2;FCGR1A	
GO:0071695	anatomical structure maturation	123	6	2.12	2.830188679245283	0.2524561281556189	0.019503533356248163	0.19608951266010724	FALSE	4	2	C1QA;SCARF1;RAB24;LTF	S1PR1;PHOSPHO1
GO:1901292	nucleoside phosphate catabolic process	152	6	2.61	2.298850574712644	0.25294118404841903	0.04756283763838412	0.37680184630523905	FALSE	5	1	PFKFB3;HK3;VNN1;TYMP;PARP14	OGT
GO:0006516	glycoprotein catabolic process	35	2	0.6	3.3333333333333335	0.2549019078267465	0.12123418237142373	0.7190350967401162	FALSE	2	0	FBXO6;HPSE	
GO:0043300	regulation of leukocyte degranulation	37	2	0.64	3.125	0.2549353456286344	0.13277984903530723	0.7510530967038264	FALSE	2	0	CEACAM1;CD177	
GO:0034103	regulation of tissue remodeling	53	2	0.91	2.1978021978021975	0.2552031615463204	0.23141457878547278	0.9239777444898543	FALSE	1	1	CEACAM1	S1PR1
GO:0035335	peptidyl-tyrosine dephosphorylation	17	1	0.29	3.4482758620689657	0.2555740156963897	0.2555740156963897	0.9591439851868605	FALSE	1	0	DUSP3	
GO:0035338	long-chain fatty-acyl-CoA biosynthetic process	17	1	0.29	3.4482758620689657	0.2555740156963897	0.2555740156963897	0.9591439851868605	FALSE	1	0	ACSL1	
GO:0021801	cerebral cortex radial glia-guided migration	17	1	0.29	3.4482758620689657	0.2555740156963897	0.2555740156963897	0.9591439851868605	FALSE	0	1		SUN2
GO:0046827	positive regulation of protein export from nucleus	17	1	0.29	3.4482758620689657	0.2555740156963897	0.2555740156963897	0.9591439851868605	FALSE	1	0	IL1B	
GO:0002115	store-operated calcium entry	17	1	0.29	3.4482758620689657	0.2555740156963897	0.2555740156963897	0.9591439851868605	FALSE	0	1		MS4A1
GO:0090083	regulation of inclusion body assembly	17	1	0.29	3.4482758620689657	0.2555740156963897	0.2555740156963897	0.9591439851868605	FALSE	1	0	CLU	
GO:0098696	regulation of neurotransmitter receptor localization to postsynaptic specialization membrane	17	1	0.29	3.4482758620689657	0.2555740156963897	0.2555740156963897	0.9591439851868605	FALSE	0	1		OGT
GO:0045723	positive regulation of fatty acid biosynthetic process	17	1	0.29	3.4482758620689657	0.2555740156963897	0.2555740156963897	0.9591439851868605	FALSE	1	0	IL1B	
GO:0033630	positive regulation of cell adhesion mediated by integrin	17	1	0.29	3.4482758620689657	0.2555740156963897	0.2555740156963897	0.9591439851868605	FALSE	0	1		CD3E
GO:1903306	negative regulation of regulated secretory pathway	17	1	0.29	3.4482758620689657	0.2555740156963897	0.2555740156963897	0.9591439851868605	FALSE	1	0	CEACAM1	
GO:0042730	fibrinolysis	17	1	0.29	3.4482758620689657	0.2555740156963897	0.2555740156963897	0.9591439851868605	FALSE	1	0	SERPING1	
GO:0040014	regulation of multicellular organism growth	17	1	0.29	3.4482758620689657	0.2555740156963897	0.2555740156963897	0.9591439851868605	FALSE	0	1		EZR
GO:0070102	interleukin-6-mediated signaling pathway	17	1	0.29	3.4482758620689657	0.2555740156963897	0.2555740156963897	0.9591439851868605	FALSE	1	0	SOCS3	
GO:1902001	fatty acid transmembrane transport	17	1	0.29	3.4482758620689657	0.2555740156963897	0.2555740156963897	0.9591439851868605	FALSE	1	0	ACSL1	
GO:0009223	pyrimidine deoxyribonucleotide catabolic process	17	1	0.29	3.4482758620689657	0.2555740156963897	0.2555740156963897	0.9591439851868605	FALSE	1	0	TYMP	
GO:1903140	regulation of establishment of endothelial barrier	17	1	0.29	3.4482758620689657	0.2555740156963897	0.2555740156963897	0.9591439851868605	FALSE	1	0	IL1B	
GO:0043388	positive regulation of DNA binding	17	1	0.29	3.4482758620689657	0.2555740156963897	0.2555740156963897	0.9591439851868605	FALSE	1	0	MMP9	
GO:0045649	regulation of macrophage differentiation	17	1	0.29	3.4482758620689657	0.2555740156963897	0.2555740156963897	0.9591439851868605	FALSE	1	0	C1QC	
GO:0090280	positive regulation of calcium ion import	17	1	0.29	3.4482758620689657	0.2555740156963897	0.2555740156963897	0.9591439851868605	FALSE	0	1		MS4A1
GO:0050862	positive regulation of T cell receptor signaling pathway	17	1	0.29	3.4482758620689657	0.2555740156963897	0.2555740156963897	0.9591439851868605	FALSE	0	1		LCK
GO:0050849	negative regulation of calcium-mediated signaling	17	1	0.29	3.4482758620689657	0.2555740156963897	0.2555740156963897	0.9591439851868605	FALSE	0	1		CD22
GO:1902430	negative regulation of amyloid-beta formation	17	1	0.29	3.4482758620689657	0.2555740156963897	0.2555740156963897	0.9591439851868605	FALSE	1	0	CLU	
GO:0001678	intracellular glucose homeostasis	104	2	1.79	1.1173184357541899	0.2560605609600085	0.5368194497301768	1	FALSE	1	1	HK3	OGT
GO:0042113	B cell activation	207	14	3.56	3.932584269662921	0.25832831843642534	1.3764024995313118e-5	4.135224558701176e-4	FALSE	3	11	TNFSF13;CR1;TNFSF13B	ZFP36L2;IKZF3;ZAP70;CD79A;MS4A1;TNFRSF13C;GPR183;CD22;ATM;CD79B;IGHM
GO:0007189	adenylate cyclase-activating G protein-coupled receptor signaling pathway	103	3	1.77	1.694915254237288	0.26101765079918615	0.26101765079918615	0.9689020087155695	FALSE	1	2	ADM	S1PR1;PRKACB
GO:0072523	purine-containing compound catabolic process	129	5	2.22	2.252252252252252	0.2662609834134809	0.07190339785746554	0.5094392801808576	FALSE	4	1	PFKFB3;HK3;VNN1;PARP14	OGT
GO:0050731	positive regulation of peptidyl-tyrosine phosphorylation	42	3	0.72	4.166666666666667	0.2667855476481986	0.035266501487387844	0.30582843087958733	FALSE	3	0	LILRA5;PARP9;PARP14	
GO:0045930	negative regulation of mitotic cell cycle	202	5	3.47	1.440922190201729	0.26754043639729874	0.26810817052618685	0.9689020087155695	FALSE	2	3	CDK5RAP2;PML	ZFP36L2;NOP53;ATM
GO:0098703	calcium ion import across plasma membrane	29	2	0.5	4	0.2675742248318035	0.08834107180483668	0.5830722842532918	FALSE	1	1	CACNA1E	MS4A1
GO:0048010	vascular endothelial growth factor receptor signaling pathway	44	2	0.76	2.6315789473684212	0.267835203647829	0.17486762754585947	0.8359865149344068	FALSE	2	0	MAPK14;IL1B	
GO:0015833	peptide transport	166	4	2.86	1.3986013986013988	0.2679322234967003	0.319884229533645	1	FALSE	3	1	IL1B;TAP1;FFAR2	PRKACB
GO:0051928	positive regulation of calcium ion transport	62	2	1.07	1.8691588785046729	0.26814904463721356	0.2889211484821834	0.9963607691239424	FALSE	1	1	LILRA5	MS4A1
GO:0048143	astrocyte activation	18	1	0.31	3.2258064516129035	0.26839537273077707	0.26839537273077707	0.9689020087155695	FALSE	1	0	C1QA	
GO:0006658	phosphatidylserine metabolic process	18	1	0.31	3.2258064516129035	0.26839537273077707	0.26839537273077707	0.9689020087155695	FALSE	1	0	PLSCR1	
GO:0015936	coenzyme A metabolic process	18	1	0.31	3.2258064516129035	0.26839537273077707	0.26839537273077707	0.9689020087155695	FALSE	1	0	VNN1	
GO:0032930	positive regulation of superoxide anion generation	18	1	0.31	3.2258064516129035	0.26839537273077707	0.26839537273077707	0.9689020087155695	FALSE	1	0	CD177	
GO:0031629	synaptic vesicle fusion to presynaptic active zone membrane	18	1	0.31	3.2258064516129035	0.26839537273077707	0.26839537273077707	0.9689020087155695	FALSE	1	0	STX11	
GO:0051155	positive regulation of striated muscle cell differentiation	18	1	0.31	3.2258064516129035	0.26839537273077707	0.26839537273077707	0.9689020087155695	FALSE	1	0	MAPK14	
GO:0042178	xenobiotic catabolic process	18	1	0.31	3.2258064516129035	0.26839537273077707	0.26839537273077707	0.9689020087155695	FALSE	1	0	ACSL1	
GO:0045217	cell-cell junction maintenance	18	1	0.31	3.2258064516129035	0.26839537273077707	0.26839537273077707	0.9689020087155695	FALSE	1	0	CD177	
GO:0050996	positive regulation of lipid catabolic process	18	1	0.31	3.2258064516129035	0.26839537273077707	0.26839537273077707	0.9689020087155695	FALSE	1	0	IL1B	
GO:0002888	positive regulation of myeloid leukocyte mediated immunity	18	1	0.31	3.2258064516129035	0.26839537273077707	0.26839537273077707	0.9689020087155695	FALSE	1	0	CD177	
GO:0002840	regulation of T cell mediated immune response to tumor cell	18	1	0.31	3.2258064516129035	0.26839537273077707	0.26839537273077707	0.9689020087155695	FALSE	1	0	CD274	
GO:0097700	vascular endothelial cell response to laminar fluid shear stress	18	1	0.31	3.2258064516129035	0.26839537273077707	0.26839537273077707	0.9689020087155695	FALSE	0	1		PRKACB
GO:0045830	positive regulation of isotype switching	18	1	0.31	3.2258064516129035	0.26839537273077707	0.26839537273077707	0.9689020087155695	FALSE	1	0	TNFSF13	
GO:0015721	bile acid and bile salt transport	18	1	0.31	3.2258064516129035	0.26839537273077707	0.26839537273077707	0.9689020087155695	FALSE	1	0	CEACAM1	
GO:0035886	vascular associated smooth muscle cell differentiation	18	1	0.31	3.2258064516129035	0.26839537273077707	0.26839537273077707	0.9689020087155695	FALSE	1	0	ADM	
GO:0010566	regulation of ketone biosynthetic process	18	1	0.31	3.2258064516129035	0.26839537273077707	0.26839537273077707	0.9689020087155695	FALSE	1	0	ADM	
GO:0060135	maternal process involved in female pregnancy	18	1	0.31	3.2258064516129035	0.26839537273077707	0.26839537273077707	0.9689020087155695	FALSE	1	0	APOL2	
GO:0036315	cellular response to sterol	18	1	0.31	3.2258064516129035	0.26839537273077707	0.26839537273077707	0.9689020087155695	FALSE	0	1		RORA
GO:0061621	canonical glycolysis	18	1	0.31	3.2258064516129035	0.26839537273077707	0.26839537273077707	0.9689020087155695	FALSE	1	0	HK3	
GO:0007616	long-term memory	18	1	0.31	3.2258064516129035	0.26839537273077707	0.26839537273077707	0.9689020087155695	FALSE	1	0	LCN2	
GO:0032091	negative regulation of protein binding	18	1	0.31	3.2258064516129035	0.26839537273077707	0.26839537273077707	0.9689020087155695	FALSE	0	1		TMC8
GO:2001044	regulation of integrin-mediated signaling pathway	18	1	0.31	3.2258064516129035	0.26839537273077707	0.26839537273077707	0.9689020087155695	FALSE	1	0	CD177	
GO:0097320	plasma membrane tubulation	18	1	0.31	3.2258064516129035	0.26839537273077707	0.26839537273077707	0.9689020087155695	FALSE	1	0	SH3GLB1	
GO:0061384	heart trabecula morphogenesis	18	1	0.31	3.2258064516129035	0.26839537273077707	0.26839537273077707	0.9689020087155695	FALSE	0	1		S1PR1
GO:0030097	hemopoiesis	675	47	11.61	4.04823428079242	0.2689188267230863	9.523989070957671e-17	1.4960826260607224e-14	FALSE	23	24	SMARCD3;C1QC;MAPK14;IL18RAP;OSCAR;VNN1;SOCS3;BATF2;LILRB4;IL1B;CR1;PSMB9;CEACAM1;SEMA4A;TNFAIP6;STAT1;TNFSF13B;LTF;IRF7;MMP9;GP1BB;RSAD2;ISG15	ZFP36L2;IKZF3;LCK;ZAP70;CD3G;EEIG1;CD3E;ETS1;PBXIP1;TCF7;CD79A;CD2;MS4A1;GPR183;RORA;ITK;IL7R;RUNX3;ATM;CD79B;IGHM;CD8A;OGT;HBA2
GO:0045765	regulation of angiogenesis	223	15	3.84	3.90625	0.2697352665594206	7.21529338309333e-6	2.3473185219081142e-4	FALSE	13	2	ADM;HPSE;C3AR1;LRG1;IL1B;CEACAM1;ANXA3;WARS1;SEMA4A;STAT1;SPARC;STAB1;PML	KLF2;ETS1
GO:0010628	positive regulation of gene expression	888	40	15.27	2.619515389652914	0.27041029581234943	1.6402610141869753e-8	1.0735898876190464e-6	FALSE	29	11	NLRC4;MAPK14;AIM2;TLR5;FCER1G;IL18RAP;FCGR1A;TNFSF13;CD274;HPSE;GBP5;SECTM1;C3AR1;PLSCR1;CASP1;IL1B;CLU;PSMB9;LCN2;FFAR2;LILRA5;CLEC4E;STAT1;NAIP;IRF7;OAS1;RSAD2;OAS3;ISG15	CD6;CD3E;ETS1;CD2;EZR;IL32;RORA;ITK;RPS4X;ATM;OGT
GO:0008285	negative regulation of cell population proliferation	453	16	7.79	2.053915275994865	0.2716933203970197	0.005213931142996101	0.07026027800047197	FALSE	13	3	PDCD1LG2;LILRB4;CD274;IFITM1;IL1B;CR1;CEACAM1;WARS1;STAT1;SPARC;IFI35;IFIT3;PML	ETS1;RUNX3;ATM
GO:0030155	regulation of cell adhesion	594	26	10.22	2.5440313111545985	0.2760249417783589	1.1477357842332359e-5	3.525280079170017e-4	FALSE	15	11	DUSP3;SMARCD3;PDCD1LG2;ST3GAL4;MAPK14;VNN1;LILRB4;CD274;HPSE;GBP1;IL1B;CR1;PSMB9;CEACAM1;PML	LCK;CD6;ZAP70;CD3E;ETS1;SPOCK2;CD5;TNFRSF13C;IL7R;RUNX3;ATM
GO:0070372	regulation of ERK1 and ERK2 cascade	190	8	3.27	2.4464831804281344	0.2766718990517122	0.01706388997228982	0.17701371144839517	FALSE	6	2	DUSP3;ICAM1;MARCO;GBP1;IL1B;CEACAM1	EZR;GPR183
GO:0010803	regulation of tumor necrosis factor-mediated signaling pathway	55	5	0.95	5.2631578947368425	0.2774315198987557	0.0024911069578133715	0.03868956512445739	FALSE	4	1	CARD16;CASP1;CASP4;NAIP	TMC8
GO:0097242	amyloid-beta clearance	33	2	0.57	3.5087719298245617	0.28019908025151774	0.10995676876271954	0.6738044341006325	FALSE	2	0	MARCO;CLU	
GO:0043029	T cell homeostasis	33	2	0.57	3.5087719298245617	0.28019908025151774	0.10995676876271954	0.6738044341006325	FALSE	2	0	AIM2;PSMB9	
GO:0035315	hair cell differentiation	19	1	0.33	3.0303030303030303	0.2809968575851538	0.2809968575851538	0.9794722429446581	FALSE	1	0	RHBDF2	
GO:0000729	DNA double-strand break processing	19	1	0.33	3.0303030303030303	0.2809968575851538	0.2809968575851538	0.9794722429446581	FALSE	0	1		ATM
GO:0071480	cellular response to gamma radiation	19	1	0.33	3.0303030303030303	0.2809968575851538	0.2809968575851538	0.9794722429446581	FALSE	0	1		ATM
GO:0018198	peptidyl-cysteine modification	19	1	0.33	3.0303030303030303	0.2809968575851538	0.2809968575851538	0.9794722429446581	FALSE	1	0	S100A8	
GO:2000641	regulation of early endosome to late endosome transport	19	1	0.33	3.0303030303030303	0.2809968575851538	0.2809968575851538	0.9794722429446581	FALSE	0	1		EZR
GO:0001974	blood vessel remodeling	19	1	0.33	3.0303030303030303	0.2809968575851538	0.2809968575851538	0.9794722429446581	FALSE	1	0	CEACAM1	
GO:0043555	regulation of translation in response to stress	19	1	0.33	3.0303030303030303	0.2809968575851538	0.2809968575851538	0.9794722429446581	FALSE	1	0	PML	
GO:0009312	oligosaccharide biosynthetic process	19	1	0.33	3.0303030303030303	0.2809968575851538	0.2809968575851538	0.9794722429446581	FALSE	1	0	ST3GAL4	
GO:0051788	response to misfolded protein	19	1	0.33	3.0303030303030303	0.2809968575851538	0.2809968575851538	0.9794722429446581	FALSE	1	0	CLU	
GO:0120255	olefinic compound biosynthetic process	19	1	0.33	3.0303030303030303	0.2809968575851538	0.2809968575851538	0.9794722429446581	FALSE	1	0	ADM	
GO:2000352	negative regulation of endothelial cell apoptotic process	19	1	0.33	3.0303030303030303	0.2809968575851538	0.2809968575851538	0.9794722429446581	FALSE	1	0	ICAM1	
GO:0045590	negative regulation of regulatory T cell differentiation	19	1	0.33	3.0303030303030303	0.2809968575851538	0.2809968575851538	0.9794722429446581	FALSE	1	0	PSMB9	
GO:1902004	positive regulation of amyloid-beta formation	19	1	0.33	3.0303030303030303	0.2809968575851538	0.2809968575851538	0.9794722429446581	FALSE	1	0	CLU	
GO:0010640	regulation of platelet-derived growth factor receptor signaling pathway	19	1	0.33	3.0303030303030303	0.2809968575851538	0.2809968575851538	0.9794722429446581	FALSE	1	0	IL1B	
GO:0045672	positive regulation of osteoclast differentiation	19	1	0.33	3.0303030303030303	0.2809968575851538	0.2809968575851538	0.9794722429446581	FALSE	0	1		EEIG1
GO:0043371	negative regulation of CD4-positive, alpha-beta T cell differentiation	19	1	0.33	3.0303030303030303	0.2809968575851538	0.2809968575851538	0.9794722429446581	FALSE	0	1		RUNX3
GO:0090183	regulation of kidney development	19	1	0.33	3.0303030303030303	0.2809968575851538	0.2809968575851538	0.9794722429446581	FALSE	1	0	STAT1	
GO:0032656	regulation of interleukin-13 production	19	1	0.33	3.0303030303030303	0.2809968575851538	0.2809968575851538	0.9794722429446581	FALSE	1	0	LILRA5	
GO:0006895	Golgi to endosome transport	19	1	0.33	3.0303030303030303	0.2809968575851538	0.2809968575851538	0.9794722429446581	FALSE	1	0	SORT1	
GO:0043153	entrainment of circadian clock by photoperiod	19	1	0.33	3.0303030303030303	0.2809968575851538	0.2809968575851538	0.9794722429446581	FALSE	1	0	PML	
GO:0022612	gland morphogenesis	19	1	0.33	3.0303030303030303	0.2809968575851538	0.2809968575851538	0.9794722429446581	FALSE	1	0	PML	
GO:0022602	ovulation cycle process	19	1	0.33	3.0303030303030303	0.2809968575851538	0.2809968575851538	0.9794722429446581	FALSE	1	0	TNFAIP6	
GO:1903532	positive regulation of secretion by cell	204	4	3.51	1.1396011396011396	0.2811930381138925	0.46709099229623996	1	FALSE	3	1	IL1B;CD177;HCAR2	PRKACB
GO:0002181	cytoplasmic translation	206	5	3.54	1.4124293785310735	0.281299867517209	0.281299867517209	0.9794722429446581	FALSE	0	5		RPL18A;RPS28;RPL3;RPL23A;RPS4X
GO:0050821	protein stabilization	206	5	3.54	1.4124293785310735	0.281299867517209	0.281299867517209	0.9794722429446581	FALSE	2	3	CLU;PML	TMC8;NOP53;ATM
GO:0007165	signal transduction	4267	131	73.4	1.7847411444141688	0.28380954110845685	2.1721118628221497e-15	2.6538380048435953e-13	FALSE	89	42	DUSP3;CDK5RAP2;NLRC4;PDCD1LG2;SEPTIN4;LIMK1;MAPK14;AIM2;ASGR2;TLR5;FCER1G;IL18RAP;ICAM1;CARD16;TIFA;KREMEN1;OSCAR;FCGR1A;VNN1;TNFSF13;GADD45B;SOCS3;ADM;BATF2;SORT1;LILRB4;FBXO6;CD274;HPSE;MARCO;GBP5;SECTM1;C3AR1;PLSCR1;PGLYRP1;GBP1;GRINA;LRG1;TREML1;IFITM1;CASP1;IL1B;CLU;CR1;CEACAM1;CASP4;GBP2;TRIM21;RHBDF2;CD177;TYMP;WARS1;IFITM3;ITGA2B;P2RY14;FFAR2;LILRA5;PPBP;S100A12;PARP9;HCAR3;SEMA4A;TNFAIP6;CLEC4E;LILRA6;STAT1;TRIM22;TNFSF13B;NAIP;DEFA1;HCAR2;TNFSF10;LTF;IRF7;IFI35;PML;MMP9;GP1BB;OAS1;S100A8;PARP14;RSAD2;IFI6;LY6E;OAS3;DEFA1;OASL;ISG15;DEFA3	ZFP36L2;KLF2;TRAC;EVL;TRBC1;LBH;TMC8;FCMR;S1PR1;TLE5;LCK;CABIN1;TRBC2;CD6;ZAP70;CD3G;CD3E;NOP53;TCF7;CD5;CD79A;CD2;MS4A1;EZR;BCL9L;ANXA6;IL32;TNFRSF13C;CD247;GPR183;CLEC2D;RORA;ITK;CD22;IL7R;ATM;PRKACB;CD79B;IGHM;CD8A;OGT;FBXO7
GO:1902476	chloride transmembrane transport	62	2	1.07	1.8691588785046729	0.2889211484821834	0.2889211484821834	0.9963607691239424	FALSE	2	0	SLC26A8;APOL1	
GO:0045446	endothelial cell differentiation	76	6	1.31	4.580152671755725	0.2889688711447018	0.0019448362716085672	0.03135692029707889	FALSE	4	2	ICAM1;HPSE;IL1B;CEACAM1	S1PR1;EZR
GO:0016192	vesicle-mediated transport	1359	30	23.38	1.2831479897348161	0.28899161071361285	0.0918710062777348	0.6034728703882747	FALSE	24	6	C2;SEPTIN4;LIMK1;ASGR2;FCER1G;VPS9D1;VAMP5;SH3GLB1;FCGR1A;SCARF1;RAB20;ADM;SORT1;LILRB4;NPC2;MARCO;PLSCR1;DYSF;CLU;CEACAM1;ANXA3;CD177;STX11;STAB1	SEPTIN1;FCMR;CD6;ARL4C;EZR;CD22
GO:0042093	T-helper cell differentiation	87	6	1.5	4	0.2891729830990589	0.0038440761314820077	0.05503836086168771	FALSE	4	2	IL18RAP;SOCS3;PSMB9;SEMA4A	GPR183;RORA
GO:0070555	response to interleukin-1	92	6	1.58	3.7974683544303796	0.2892658555131098	0.005057839822206006	0.06832433253682708	FALSE	4	2	GBP1;IL1B;GBP2;LCN2	KLF2;TLE5
GO:0009895	negative regulation of catabolic process	304	9	5.23	1.7208413001912044	0.2899223267239073	0.0799139112447344	0.5519681960094845	FALSE	7	2	HP;MAPK14;CTSA;IL1B;HCAR3;HCAR2;PML	NOP53;OGT
GO:0002532	production of molecular mediator involved in inflammatory response	73	5	1.26	3.9682539682539684	0.2900090033389773	0.008389000974806089	0.10364657833591882	FALSE	4	1	MAPK14;FCER1G;LILRB4;GBP5	CD6
GO:0050728	negative regulation of inflammatory response	134	5	2.3	2.173913043478261	0.2901439604666906	0.08158585104923155	0.559998762882241	FALSE	4	1	MAPK14;IL1B;RHBDF2;TNFAIP6	RORA
GO:0002224	toll-like receptor signaling pathway	74	4	1.27	3.149606299212598	0.2911217971409338	0.03853606920232172	0.3269618957937729	FALSE	4	0	TLR5;CD274;IRF7;S100A8	
GO:0001659	temperature homeostasis	155	5	2.67	1.8726591760299627	0.2915414674156849	0.12923013132326241	0.7450839752392575	FALSE	4	1	IL1B;LCN2;ALPL;ACSL1	OGT
GO:0006826	iron ion transport	47	3	0.81	3.7037037037037033	0.29171022303931915	0.04682621542568448	0.3731167136382801	FALSE	3	0	FLVCR2;LCN2;LTF	
GO:0007010	cytoskeleton organization	1188	14	20.43	0.6852667645619187	0.2930389799809212	0.9539152872387815	1	FALSE	7	7	CDK5RAP2;LIMK1;LMNB1;LIMK2;MSRB1;MYL9;S100A8	EVL;SUN2;S1PR1;SEPTIN9;SPTAN1;ABLIM1;EZR
GO:0060173	limb development	62	2	1.07	1.8691588785046729	0.2930804430578634	0.2889211484821834	0.9963607691239424	FALSE	1	1	KREMEN1	MBNL1
GO:1904659	D-glucose transmembrane transport	71	2	1.22	1.639344262295082	0.2932491251094892	0.3459336323544042	1	FALSE	2	0	IL1B;PPBP	
GO:0061351	neural precursor cell proliferation	73	2	1.26	1.5873015873015872	0.29328663606680594	0.35842305559245136	1	FALSE	1	1	SMARCD3	RORA
GO:0035313	wound healing, spreading of epidermal cells	20	1	0.34	2.941176470588235	0.2933822244989184	0.2933822244989184	0.99815313755882	FALSE	1	0	LRG1	
GO:0038179	neurotrophin signaling pathway	20	1	0.34	2.941176470588235	0.2933822244989184	0.2933822244989184	0.99815313755882	FALSE	1	0	SORT1	
GO:0006027	glycosaminoglycan catabolic process	20	1	0.34	2.941176470588235	0.2933822244989184	0.2933822244989184	0.99815313755882	FALSE	1	0	PGLYRP1	
GO:0051131	chaperone-mediated protein complex assembly	20	1	0.34	2.941176470588235	0.2933822244989184	0.2933822244989184	0.99815313755882	FALSE	1	0	CLU	
GO:0002755	MyD88-dependent toll-like receptor signaling pathway	20	1	0.34	2.941176470588235	0.2933822244989184	0.2933822244989184	0.99815313755882	FALSE	1	0	IRF7	
GO:0000028	ribosomal small subunit assembly	20	1	0.34	2.941176470588235	0.2933822244989184	0.2933822244989184	0.99815313755882	FALSE	0	1		RPS28
GO:0032228	regulation of synaptic transmission, GABAergic	20	1	0.34	2.941176470588235	0.2933822244989184	0.2933822244989184	0.99815313755882	FALSE	0	1		SLC38A1
GO:0032753	positive regulation of interleukin-4 production	20	1	0.34	2.941176470588235	0.2933822244989184	0.2933822244989184	0.99815313755882	FALSE	1	0	FCER1G	
GO:1902074	response to salt	20	1	0.34	2.941176470588235	0.2933822244989184	0.2933822244989184	0.99815313755882	FALSE	1	0	ALPL	
GO:0043302	positive regulation of leukocyte degranulation	20	1	0.34	2.941176470588235	0.2933822244989184	0.2933822244989184	0.99815313755882	FALSE	1	0	CD177	
GO:0099560	synaptic membrane adhesion	20	1	0.34	2.941176470588235	0.2933822244989184	0.2933822244989184	0.99815313755882	FALSE	1	0	MAPK14	
GO:1902455	negative regulation of stem cell population maintenance	20	1	0.34	2.941176470588235	0.2933822244989184	0.2933822244989184	0.99815313755882	FALSE	0	1		OGT
GO:0016114	terpenoid biosynthetic process	20	1	0.34	2.941176470588235	0.2933822244989184	0.2933822244989184	0.99815313755882	FALSE	1	0	DHRS9	
GO:0031669	cellular response to nutrient levels	210	3	3.61	0.8310249307479225	0.2947803423708997	0.7041292583649994	1	FALSE	2	1	SH3GLB1;LCN2	OGT
GO:0050778	positive regulation of immune response	662	60	11.39	5.267778753292362	0.29595138102251717	1.767540503567884e-27	6.073711055385142e-25	FALSE	39	21	DUSP3;C1QB;C1QA;C2;C1QC;NLRC4;PDCD1LG2;LIMK1;AIM2;TLR5;TIFA;SERPING1;TNFSF13;LILRB4;CD274;GBP5;SECTM1;C3AR1;PLSCR1;GBP1;CASP1;IL1B;CLU;CR1;CEACAM1;GBP2;CD177;FFAR2;PARP9;CLEC4E;NAIP;LTF;IRF7;IFI35;OAS1;S100A8;RSAD2;OAS3;OASL	TRAC;TRBC1;FCMR;LCK;TRBC2;ZAP70;CD3G;CD3E;NOP53;CD5;CD79A;MS4A1;EZR;CD247;CLEC2D;ITK;CD22;CD79B;IGHM;CD8A;OGT
GO:0002753	cytoplasmic pattern recognition receptor signaling pathway	177	10	3.04	3.289473684210526	0.29836114743014697	9.799401071319213e-4	0.01784010168546789	FALSE	8	2	TIFA;GBP5;GBP2;IRF7;OAS1;RSAD2;OAS3;OASL	NOP53;OGT
GO:0032103	positive regulation of response to external stimulus	531	33	9.13	3.614457831325301	0.3000240193707817	1.3093484147111793e-10	1.0433039976930528e-8	FALSE	29	4	NLRC4;AIM2;TLR5;TIFA;SCARF1;CD274;CASP5;GBP5;C3AR1;PLSCR1;GBP1;CASP1;IL1B;CASP4;GBP2;FFAR2;LILRA5;S100A12;PARP9;CLEC4E;NAIP;LTF;IRF7;IFI35;OAS1;S100A8;RSAD2;OAS3;OASL	S1PR1;NOP53;ETS1;OGT
GO:0006805	xenobiotic metabolic process	82	3	1.41	2.127659574468085	0.30043944285377855	0.16732733774797154	0.8359865149344068	FALSE	2	1	S100A12;ACSL1	RORA
GO:0016064	immunoglobulin mediated immune response	144	10	2.48	4.032258064516129	0.3020596909146408	1.9144962033724856e-4	0.004244314566992711	FALSE	9	1	C1QB;C1QA;C2;C1QC;FCER1G;FCGR1A;TNFSF13;CLU;CR1	FCMR
GO:0006816	calcium ion transport	286	8	4.92	1.6260162601626016	0.30276238335418226	0.12095762639598134	0.7190350967401162	FALSE	5	3	CACNA1E;GRINA;LILRA5;PML;GP1BB	LCK;MS4A1;ANXA6
GO:0051604	protein maturation	479	11	8.24	1.3349514563106797	0.3037724344890272	0.20346569317612292	0.8813645950415004	FALSE	10	1	C2;NLRC4;HP;HPSE;CASP5;CASP1;CLU;CASP4;RHBDF2;GP1BB	OGT
GO:1901798	positive regulation of signal transduction by p53 class mediator	36	2	0.62	3.2258064516129035	0.30472269756114045	0.12697547776072468	0.7370233223889585	FALSE	1	1	PML	ATM
GO:1902116	negative regulation of organelle assembly	46	2	0.79	2.531645569620253	0.30491548161787263	0.1872594648145189	0.8557998455231163	FALSE	2	0	CDK5RAP2;LIMK2	
GO:0002407	dendritic cell chemotaxis	21	1	0.36	2.7777777777777777	0.30555516388798076	0.30555516388798076	1	FALSE	0	1		GPR183
GO:0003091	renal water homeostasis	21	1	0.36	2.7777777777777777	0.30555516388798076	0.30555516388798076	1	FALSE	0	1		PRKACB
GO:0061180	mammary gland epithelium development	21	1	0.36	2.7777777777777777	0.30555516388798076	0.30555516388798076	1	FALSE	0	1		LBH
GO:0032469	endoplasmic reticulum calcium ion homeostasis	21	1	0.36	2.7777777777777777	0.30555516388798076	0.30555516388798076	1	FALSE	1	0	PML	
GO:0070935	3'-UTR-mediated mRNA stabilization	21	1	0.36	2.7777777777777777	0.30555516388798076	0.30555516388798076	1	FALSE	1	0	MAPK14	
GO:0010837	regulation of keratinocyte proliferation	21	1	0.36	2.7777777777777777	0.30555516388798076	0.30555516388798076	1	FALSE	1	0	LRG1	
GO:0051560	mitochondrial calcium ion homeostasis	21	1	0.36	2.7777777777777777	0.30555516388798076	0.30555516388798076	1	FALSE	0	1		ANXA6
GO:0061097	regulation of protein tyrosine kinase activity	21	1	0.36	2.7777777777777777	0.30555516388798076	0.30555516388798076	1	FALSE	1	0	LILRA5	
GO:0034755	iron ion transmembrane transport	21	1	0.36	2.7777777777777777	0.30555516388798076	0.30555516388798076	1	FALSE	1	0	LCN2	
GO:2000209	regulation of anoikis	21	1	0.36	2.7777777777777777	0.30555516388798076	0.30555516388798076	1	FALSE	0	1		TLE5
GO:2000786	positive regulation of autophagosome assembly	21	1	0.36	2.7777777777777777	0.30555516388798076	0.30555516388798076	1	FALSE	1	0	SH3GLB1	
GO:0032496	response to lipopolysaccharide	240	16	4.13	3.87409200968523	0.3058898252937716	3.986731152294935e-6	1.369940492207347e-4	FALSE	15	1	PDCD1LG2;MAPK14;IL18RAP;CARD16;CD274;GBP5;CASP1;IL1B;GBP2;LCN2;PPBP;ALPL;LTF;MMP9;S100A8	CD6
GO:0045926	negative regulation of growth	141	2	2.43	0.8230452674897119	0.3067590056424577	0.7013120147572163	1	FALSE	2	0	MT2A;PML	
GO:0031397	negative regulation of protein ubiquitination	65	2	1.12	1.7857142857142856	0.3080396724237031	0.3080396724237031	1	FALSE	1	1	ISG15	OGT
GO:0071456	cellular response to hypoxia	114	3	1.96	1.530612244897959	0.3125800527451753	0.3125800527451753	1	FALSE	1	2	LCN2	NOP53;RORA
GO:0006629	lipid metabolic process	1000	18	17.2	1.0465116279069768	0.3145302715325803	0.4561600935712833	1	FALSE	16	2	ST3GAL4;SCARF1;ADM;NPC2;DHRS9;PLSCR1;IL1B;CLU;CEACAM1;APOL1;LTA4H;GK;HCAR3;APOL2;HCAR2;ACSL1	RORA;ATM
GO:0045445	myoblast differentiation	70	3	1.2	2.5	0.31615922645257966	0.11941403521391927	0.7159633212716774	FALSE	2	1	SMARCD3;MAPK14	MBNL1
GO:0042267	natural killer cell mediated cytotoxicity	65	2	1.12	1.7857142857142856	0.31721862106773735	0.3080396724237031	1	FALSE	1	1	CEACAM1	CD2
GO:0051497	negative regulation of stress fiber assembly	22	1	0.38	2.6315789473684212	0.31751930342504753	0.31751930342504753	1	FALSE	0	1		S1PR1
GO:1903077	negative regulation of protein localization to plasma membrane	22	1	0.38	2.6315789473684212	0.31751930342504753	0.31751930342504753	1	FALSE	1	0	GBP1	
GO:0061158	3'-UTR-mediated mRNA destabilization	22	1	0.38	2.6315789473684212	0.31751930342504753	0.31751930342504753	1	FALSE	0	1		ZFP36L2
GO:0072540	T-helper 17 cell lineage commitment	22	1	0.38	2.6315789473684212	0.31751930342504753	0.31751930342504753	1	FALSE	1	0	SOCS3	
GO:0090023	positive regulation of neutrophil chemotaxis	22	1	0.38	2.6315789473684212	0.31751930342504753	0.31751930342504753	1	FALSE	1	0	C3AR1	
GO:0036092	phosphatidylinositol-3-phosphate biosynthetic process	22	1	0.38	2.6315789473684212	0.31751930342504753	0.31751930342504753	1	FALSE	0	1		ATM
GO:1902894	negative regulation of miRNA transcription	22	1	0.38	2.6315789473684212	0.31751930342504753	0.31751930342504753	1	FALSE	1	0	LILRB4	
GO:0010893	positive regulation of steroid biosynthetic process	22	1	0.38	2.6315789473684212	0.31751930342504753	0.31751930342504753	1	FALSE	1	0	ADM	
GO:0032211	negative regulation of telomere maintenance via telomerase	22	1	0.38	2.6315789473684212	0.31751930342504753	0.31751930342504753	1	FALSE	1	0	PML	
GO:1902570	protein localization to nucleolus	22	1	0.38	2.6315789473684212	0.31751930342504753	0.31751930342504753	1	FALSE	0	1		NOP53
GO:0010830	regulation of myotube differentiation	22	1	0.38	2.6315789473684212	0.31751930342504753	0.31751930342504753	1	FALSE	1	0	MAPK14	
GO:0045665	negative regulation of neuron differentiation	22	1	0.38	2.6315789473684212	0.31751930342504753	0.31751930342504753	1	FALSE	1	0	CDK5RAP2	
GO:0071044	histone mRNA catabolic process	22	1	0.38	2.6315789473684212	0.31751930342504753	0.31751930342504753	1	FALSE	0	1		ATM
GO:1901526	positive regulation of mitophagy	22	1	0.38	2.6315789473684212	0.31751930342504753	0.31751930342504753	1	FALSE	0	1		FBXO7
GO:0099558	maintenance of synapse structure	22	1	0.38	2.6315789473684212	0.31751930342504753	0.31751930342504753	1	FALSE	1	0	SORT1	
GO:0046887	positive regulation of hormone secretion	89	2	1.53	1.3071895424836601	0.3176971109939295	0.4545643106298073	1	FALSE	1	1	HCAR2	PRKACB
GO:1903322	positive regulation of protein modification by small protein conjugation or removal	107	2	1.84	1.0869565217391304	0.31805691277459924	0.5522230220590001	1	FALSE	1	1	SEPTIN4	NOP53
GO:0060560	developmental growth involved in morphogenesis	124	2	2.13	0.9389671361502347	0.31839746356659215	0.6325996767348898	1	FALSE	1	1	LIMK1	S1PR1
GO:0051130	positive regulation of cellular component organization	866	24	14.9	1.610738255033557	0.318452325889788	0.014105662284048845	0.15548477490085064	FALSE	20	4	DUSP3;C2;CDK5RAP2;LIMK1;MAPK14;SH3GLB1;FCGR1A;SCARF1;HPSE;GBP5;CASP1;IL1B;CLU;GBP2;LCN2;SEMA4A;TNFSF10;PML;MMP9;ISG15	EVL;SEPTIN9;AHNAK;ATM
GO:0023061	signal release	297	7	5.11	1.36986301369863	0.3277237566144321	0.2511565738551085	0.9591439851868605	FALSE	6	1	FCER1G;DYSF;IL1B;STX11;FFAR2;HCAR2	PRKACB
GO:0045931	positive regulation of mitotic cell cycle	97	3	1.67	1.7964071856287427	0.32841230633901597	0.2333801126979204	0.9291266181123579	FALSE	2	1	DUSP3;SMARCD3	CDC25B
GO:0030225	macrophage differentiation	40	2	0.69	2.8985507246376816	0.32843828850496304	0.15053355153933923	0.8118465594849227	FALSE	2	0	C1QC;MMP9	
GO:0046626	regulation of insulin receptor signaling pathway	56	2	0.96	2.0833333333333335	0.32876486119734305	0.2505578131256704	0.9591439851868605	FALSE	1	1	IL1B	OGT
GO:0034067	protein localization to Golgi apparatus	23	1	0.4	2.5	0.32927820910169614	0.32927820910169614	1	FALSE	1	0	GBP5	
GO:0051156	glucose 6-phosphate metabolic process	23	1	0.4	2.5	0.32927820910169614	0.32927820910169614	1	FALSE	1	0	HK3	
GO:0032212	positive regulation of telomere maintenance via telomerase	23	1	0.4	2.5	0.32927820910169614	0.32927820910169614	1	FALSE	0	1		ATM
GO:0050901	leukocyte tethering or rolling	23	1	0.4	2.5	0.32927820910169614	0.32927820910169614	1	FALSE	1	0	ST3GAL4	
GO:0051703	biological process involved in intraspecies interaction between organisms	23	1	0.4	2.5	0.32927820910169614	0.32927820910169614	1	FALSE	1	0	LTF	
GO:0038096	Fc-gamma receptor signaling pathway involved in phagocytosis	23	1	0.4	2.5	0.32927820910169614	0.32927820910169614	1	FALSE	1	0	LIMK1	
GO:0034138	toll-like receptor 3 signaling pathway	23	1	0.4	2.5	0.32927820910169614	0.32927820910169614	1	FALSE	1	0	OAS1	
GO:0090330	regulation of platelet aggregation	23	1	0.4	2.5	0.32927820910169614	0.32927820910169614	1	FALSE	1	0	CEACAM1	
GO:0001755	neural crest cell migration	23	1	0.4	2.5	0.32927820910169614	0.32927820910169614	1	FALSE	1	0	SEMA4A	
GO:0001516	prostaglandin biosynthetic process	23	1	0.4	2.5	0.32927820910169614	0.32927820910169614	1	FALSE	1	0	IL1B	
GO:0001541	ovarian follicle development	23	1	0.4	2.5	0.32927820910169614	0.32927820910169614	1	FALSE	1	0	TNFAIP6	
GO:0045953	negative regulation of natural killer cell mediated cytotoxicity	23	1	0.4	2.5	0.32927820910169614	0.32927820910169614	1	FALSE	1	0	CEACAM1	
GO:0048872	homeostasis of number of cells	198	13	3.41	3.8123167155425217	0.32965520501100043	3.82472950591479e-5	0.0010358799420452963	FALSE	9	4	SEPTIN4;MAPK14;AIM2;TNFSF13;PSMB9;STAT1;TNFSF13B;HCAR2;ISG15	ETS1;GPR183;IL7R;HBA2
GO:0098869	cellular oxidant detoxification	69	2	1.19	1.680672268907563	0.33336642366615776	0.33336642366615776	1	FALSE	1	1	HP	HBA2
GO:0030154	cell differentiation	2791	84	48.01	1.7496354926057072	0.3344033638626665	2.5531898582947004e-8	1.5425755869125563e-6	FALSE	49	35	C1QA;SMARCD3;CDK5RAP2;C1QC;SLC26A8;SEPTIN4;LIMK1;MAPK14;IL18RAP;VAMP5;ICAM1;KREMEN1;OSCAR;SCARF1;VNN1;GADD45B;SOCS3;ADM;BATF2;SORT1;LILRB4;VCAN;HPSE;DHRS9;RAB24;LRG1;IFITM1;IL1B;CLU;CR1;PSMB9;CEACAM1;RHBDF2;LTA4H;ETV7;TYMP;FFAR2;SEMA4A;TNFAIP6;ALPL;STAT1;TNFSF13B;MYL9;LTF;IRF7;MMP9;GP1BB;RSAD2;ISG15	ZFP36L2;EVL;RPL18A;IKZF3;LBH;SUN2;S1PR1;LCK;ZAP70;CD3G;EEIG1;CD3E;ETS1;SPOCK2;PBXIP1;TCF7;CD79A;CD2;MS4A1;EZR;BCL9L;RPL23A;GPR183;RORA;ITK;IL7R;RUNX3;ATM;MBNL1;CD79B;IGHM;CD8A;OGT;FBXO7;HBA2
GO:0034142	toll-like receptor 4 signaling pathway	51	3	0.88	3.409090909090909	0.3389630795402707	0.05724936506538078	0.4305841438159556	FALSE	3	0	LTF;IFI35;OAS1	
GO:0045055	regulated exocytosis	172	5	2.96	1.6891891891891893	0.33904822085193453	0.1751648718087371	0.8359865149344068	FALSE	5	0	FCER1G;CEACAM1;ANXA3;CD177;STX11	
GO:0006334	nucleosome assembly	70	2	1.2	1.6666666666666667	0.3396591409735764	0.3396591409735764	1	FALSE	1	1	H2BC21	CABIN1
GO:2000785	regulation of autophagosome assembly	45	2	0.77	2.5974025974025974	0.3400576803982933	0.18104738550285343	0.855153372418117	FALSE	1	1	SH3GLB1	ATM
GO:0140962	multicellular organismal-level chemical homeostasis	47	2	0.81	2.4691358024691357	0.34009953270171256	0.19350094256513375	0.8705958937995952	FALSE	1	1	OAS1	PRKACB
GO:0045332	phospholipid translocation	48	2	0.83	2.4096385542168677	0.34012046264820295	0.19976898600298554	0.8766098208394166	FALSE	1	1	PLSCR1	ATP8B2
GO:0007094	mitotic spindle assembly checkpoint signaling	54	2	0.93	2.150537634408602	0.3402460954823223	0.23778730486681285	0.9411897276540017	FALSE	1	1	CDK5RAP2	ATM
GO:0035331	negative regulation of hippo signaling	24	1	0.41	2.4390243902439024	0.3408353862725555	0.3408353862725555	1	FALSE	1	0	MAPK14	
GO:0046599	regulation of centriole replication	24	1	0.41	2.4390243902439024	0.3408353862725555	0.3408353862725555	1	FALSE	1	0	CDK5RAP2	
GO:1900027	regulation of ruffle assembly	24	1	0.41	2.4390243902439024	0.3408353862725555	0.3408353862725555	1	FALSE	0	1		EVL
GO:0017121	plasma membrane phospholipid scrambling	24	1	0.41	2.4390243902439024	0.3408353862725555	0.3408353862725555	1	FALSE	1	0	PLSCR1	
GO:0061640	cytoskeleton-dependent cytokinesis	120	3	2.06	1.4563106796116505	0.34087604254462966	0.34087604254462966	1	FALSE	1	2	SEPTIN4	SEPTIN1;SEPTIN9
GO:0042274	ribosomal small subunit biogenesis	107	2	1.84	1.0869565217391304	0.3413598237850307	0.5522230220590001	1	FALSE	0	2		RPS28;RPS4X
GO:0065003	protein-containing complex assembly	1408	30	24.22	1.2386457473162675	0.3425266336576649	0.12748439061329567	0.7370233223889585	FALSE	17	13	CDK5RAP2;NLRC4;H2BC21;AIM2;TIFA;SH3GLB1;CASP5;GBP5;GBP1;CASP1;CLU;CASP4;GBP2;MSRB1;PML;OAS1;ISG15	EVL;TMC8;CABIN1;CD3G;CD3E;NOP53;RPS28;SPTAN1;MS4A1;CD247;ATM;PRKACB;OGT
GO:0002696	positive regulation of leukocyte activation	281	19	4.83	3.9337474120082816	0.3454716032019962	3.89174326388323e-7	1.860591692593913e-5	FALSE	9	10	SMARCD3;PDCD1LG2;VNN1;TNFSF13;LILRB4;CD274;IL1B;CR1;TNFSF13B	LCK;CD6;ZAP70;CD3E;CD5;CD2;TNFRSF13C;GPR183;IL7R;RUNX3
GO:0032436	positive regulation of proteasomal ubiquitin-dependent protein catabolic process	71	2	1.22	1.639344262295082	0.3459336323544042	0.3459336323544042	1	FALSE	1	1	CLU	NOP53
GO:0070534	protein K63-linked ubiquitination	71	2	1.22	1.639344262295082	0.3459336323544042	0.3459336323544042	1	FALSE	2	0	TRIM21;TRIM22	
GO:0031663	lipopolysaccharide-mediated signaling pathway	52	3	0.89	3.3707865168539324	0.35027740429215626	0.06001285219514772	0.4440789520443098	FALSE	2	1	CARD16;LTF	CD6
GO:0006893	Golgi to plasma membrane transport	65	2	1.12	1.7857142857142856	0.35180558838581244	0.3080396724237031	1	FALSE	2	0	VAMP5;SORT1	
GO:0042632	cholesterol homeostasis	72	2	1.24	1.6129032258064517	0.3521886655236208	0.3521886655236208	1	FALSE	1	1	NPC2	RORA
GO:0150104	transport across blood-brain barrier	72	2	1.24	1.6129032258064517	0.3521886655236208	0.3521886655236208	1	FALSE	1	1	FLVCR2	SLC38A1
GO:0033280	response to vitamin D	25	1	0.43	2.3255813953488373	0.35219428068188696	0.35219428068188696	1	FALSE	1	0	ALPL	
GO:0019886	antigen processing and presentation of exogenous peptide antigen via MHC class II	25	1	0.43	2.3255813953488373	0.35219428068188696	0.35219428068188696	1	FALSE	1	0	IFI30	
GO:0042475	odontogenesis of dentin-containing tooth	25	1	0.43	2.3255813953488373	0.35219428068188696	0.35219428068188696	1	FALSE	1	0	FAM20A	
GO:0030511	positive regulation of transforming growth factor beta receptor signaling pathway	25	1	0.43	2.3255813953488373	0.35219428068188696	0.35219428068188696	1	FALSE	1	0	LRG1	
GO:0038095	Fc-epsilon receptor signaling pathway	25	1	0.43	2.3255813953488373	0.35219428068188696	0.35219428068188696	1	FALSE	1	0	FCER1G	
GO:1902018	negative regulation of cilium assembly	25	1	0.43	2.3255813953488373	0.35219428068188696	0.35219428068188696	1	FALSE	1	0	LIMK2	
GO:0001778	plasma membrane repair	25	1	0.43	2.3255813953488373	0.35219428068188696	0.35219428068188696	1	FALSE	0	1		AHNAK
GO:1905332	positive regulation of morphogenesis of an epithelium	25	1	0.43	2.3255813953488373	0.35219428068188696	0.35219428068188696	1	FALSE	1	0	LCN2	
GO:0043406	positive regulation of MAP kinase activity	25	1	0.43	2.3255813953488373	0.35219428068188696	0.35219428068188696	1	FALSE	1	0	S100A12	
GO:0000132	establishment of mitotic spindle orientation	25	1	0.43	2.3255813953488373	0.35219428068188696	0.35219428068188696	1	FALSE	1	0	CDK5RAP2	
GO:0150117	positive regulation of cell-substrate junction organization	25	1	0.43	2.3255813953488373	0.35219428068188696	0.35219428068188696	1	FALSE	1	0	DUSP3	
GO:0097193	intrinsic apoptotic signaling pathway	261	11	4.49	2.4498886414253898	0.35560381692418896	0.005560727903950162	0.0736695952190795	FALSE	8	3	SEPTIN4;VNN1;CLU;CASP4;PML;MMP9;S100A8;IFI6	LCK;ATM;FBXO7
GO:0030512	negative regulation of transforming growth factor beta receptor signaling pathway	73	2	1.26	1.5873015873015872	0.35842305559245136	0.35842305559245136	1	FALSE	0	2		BCL9L;OGT
GO:0006006	glucose metabolic process	138	5	2.37	2.109704641350211	0.36069559031945964	0.08980685670706157	0.5913270636831431	FALSE	3	2	PFKFB3;HK3;OAS1	RORA;OGT
GO:1902905	positive regulation of supramolecular fiber organization	132	4	2.27	1.7621145374449338	0.36185010782365945	0.1926450194212484	0.8705958937995952	FALSE	3	1	CDK5RAP2;LIMK1;CLU	EVL
GO:0019882	antigen processing and presentation	91	3	1.57	1.910828025477707	0.36223144077330693	0.20633269602459525	0.890437333393426	FALSE	2	1	IFI30;TAP1	CD8A
GO:2000243	positive regulation of reproductive process	36	2	0.62	3.2258064516129035	0.36230376060972425	0.12697547776072468	0.7370233223889585	FALSE	1	1	LHFPL2	CDC25B
GO:0030041	actin filament polymerization	128	3	2.2	1.3636363636363635	0.3630456731720607	0.3784575177261734	1	FALSE	1	2	MSRB1	EVL;SPTAN1
GO:0006024	glycosaminoglycan biosynthetic process	26	1	0.45	2.2222222222222223	0.36335827947285637	0.36335827947285637	1	FALSE	1	0	IL1B	
GO:0031579	membrane raft organization	26	1	0.45	2.2222222222222223	0.36335827947285637	0.36335827947285637	1	FALSE	0	1		CD2
GO:1902230	negative regulation of intrinsic apoptotic signaling pathway in response to DNA damage	26	1	0.45	2.2222222222222223	0.36335827947285637	0.36335827947285637	1	FALSE	1	0	CLU	
GO:0072088	nephron epithelium morphogenesis	26	1	0.45	2.2222222222222223	0.36335827947285637	0.36335827947285637	1	FALSE	1	0	STAT1	
GO:0000027	ribosomal large subunit assembly	26	1	0.45	2.2222222222222223	0.36335827947285637	0.36335827947285637	1	FALSE	0	1		NOP53
GO:0045724	positive regulation of cilium assembly	26	1	0.45	2.2222222222222223	0.36335827947285637	0.36335827947285637	1	FALSE	0	1		SEPTIN9
GO:0045742	positive regulation of epidermal growth factor receptor signaling pathway	26	1	0.45	2.2222222222222223	0.36335827947285637	0.36335827947285637	1	FALSE	1	0	MMP9	
GO:0095500	acetylcholine receptor signaling pathway	26	1	0.45	2.2222222222222223	0.36335827947285637	0.36335827947285637	1	FALSE	1	0	LY6E	
GO:0010039	response to iron ion	26	1	0.45	2.2222222222222223	0.36335827947285637	0.36335827947285637	1	FALSE	1	0	LCN2	
GO:0050892	intestinal absorption	26	1	0.45	2.2222222222222223	0.36335827947285637	0.36335827947285637	1	FALSE	0	1		EZR
GO:1903715	regulation of aerobic respiration	26	1	0.45	2.2222222222222223	0.36335827947285637	0.36335827947285637	1	FALSE	0	1		NOP53
GO:0045595	regulation of cell differentiation	1024	33	17.61	1.8739352640545146	0.3635123111892734	3.362691331468391e-4	0.006847435903856746	FALSE	20	13	SMARCD3;CDK5RAP2;C1QC;LIMK1;MAPK14;VNN1;ADM;LILRB4;LRG1;IFITM1;IL1B;CR1;PSMB9;CEACAM1;TNFAIP6;STAT1;LTF;IRF7;MMP9;ISG15	ZFP36L2;IKZF3;LBH;ZAP70;EEIG1;ETS1;SPOCK2;TCF7;CD2;BCL9L;RORA;IL7R;RUNX3
GO:0032755	positive regulation of interleukin-6 production	74	2	1.27	1.574803149606299	0.3646356638149624	0.3646356638149624	1	FALSE	2	0	IL1B;LILRA5	
GO:0031146	SCF-dependent proteasomal ubiquitin-dependent protein catabolic process	74	2	1.27	1.574803149606299	0.3646356638149624	0.3646356638149624	1	FALSE	1	1	FBXO6	FBXO7
GO:0043408	regulation of MAPK cascade	457	14	7.86	1.7811704834605597	0.3667790014511342	0.026695558374214737	0.24626204688159836	FALSE	11	3	DUSP3;ICAM1;GADD45B;LILRB4;MARCO;GBP1;IL1B;CEACAM1;LILRA5;S100A12;NAIP	LBH;EZR;GPR183
GO:0022604	regulation of cell morphogenesis	181	4	3.11	1.2861736334405145	0.3704651546221709	0.37851651428393607	1	FALSE	2	2	SEMA4A;SPARC	EZR;BCL9L
GO:0051346	negative regulation of hydrolase activity	27	1	0.46	2.1739130434782608	0.3743307121798023	0.3743307121798023	1	FALSE	1	0	CR1	
GO:0140353	lipid export from cell	27	1	0.46	2.1739130434782608	0.3743307121798023	0.3743307121798023	1	FALSE	1	0	IL1B	
GO:0071404	cellular response to low-density lipoprotein particle stimulus	27	1	0.46	2.1739130434782608	0.3743307121798023	0.3743307121798023	1	FALSE	1	0	FCER1G	
GO:0009988	cell-cell recognition	27	1	0.46	2.1739130434782608	0.3743307121798023	0.3743307121798023	1	FALSE	0	1		CD6
GO:0060349	bone morphogenesis	27	1	0.46	2.1739130434782608	0.3743307121798023	0.3743307121798023	1	FALSE	1	0	LTF	
GO:1901223	negative regulation of non-canonical NF-kappaB signal transduction	27	1	0.46	2.1739130434782608	0.3743307121798023	0.3743307121798023	1	FALSE	1	0	IFI35	
GO:0031116	positive regulation of microtubule polymerization	27	1	0.46	2.1739130434782608	0.3743307121798023	0.3743307121798023	1	FALSE	1	0	CDK5RAP2	
GO:0042059	negative regulation of epidermal growth factor receptor signaling pathway	27	1	0.46	2.1739130434782608	0.3743307121798023	0.3743307121798023	1	FALSE	1	0	DUSP3	
GO:1900227	positive regulation of NLRP3 inflammasome complex assembly	27	1	0.46	2.1739130434782608	0.3743307121798023	0.3743307121798023	1	FALSE	1	0	GBP5	
GO:1900182	positive regulation of protein localization to nucleus	76	2	1.31	1.5267175572519083	0.3769912031319754	0.3769912031319754	1	FALSE	2	0	LIMK2;PARP9	
GO:0051247	positive regulation of protein metabolic process	658	17	11.32	1.5017667844522968	0.37791759505765177	0.06181796824225344	0.45498686666119065	FALSE	12	5	FAM20A;NLRC4;SEPTIN4;HPSE;IL1B;CLU;CR1;LILRA5;S100A12;PARP9;MMP9;PARP14	KLF2;NOP53;EZR;RPS4X;OGT
GO:0045785	positive regulation of cell adhesion	359	19	6.18	3.074433656957929	0.3784688150994917	1.4313183513446918e-5	4.276841465050606e-4	FALSE	9	10	SMARCD3;PDCD1LG2;ST3GAL4;VNN1;LILRB4;CD274;HPSE;IL1B;CR1	LCK;CD6;ZAP70;CD3E;ETS1;CD5;TNFRSF13C;IL7R;RUNX3;ATM
GO:0051701	biological process involved in interaction with host	143	5	2.46	2.032520325203252	0.38241347020388716	0.10066343266575625	0.640564297217972	FALSE	5	0	ICAM1;PLSCR1;CR1;TRIM21;LTF	
GO:0070585	protein localization to mitochondrion	123	3	2.12	1.4150943396226414	0.3826989823225233	0.3550034741521517	1	FALSE	2	1	SH3GLB1;ISG15	FBXO7
GO:0006487	protein N-linked glycosylation	77	2	1.32	1.5151515151515151	0.3831320765675206	0.3831320765675206	1	FALSE	1	1	ST3GAL4	ST6GAL1
GO:0006094	gluconeogenesis	65	2	1.12	1.7857142857142856	0.38463319445163924	0.3080396724237031	1	FALSE	1	1	PFKFB3	OGT
GO:2000819	regulation of nucleotide-excision repair	28	1	0.48	2.0833333333333335	0.385114851703767	0.385114851703767	1	FALSE	1	0	SMARCD3	
GO:0006622	protein targeting to lysosome	28	1	0.48	2.0833333333333335	0.385114851703767	0.385114851703767	1	FALSE	1	0	CLU	
GO:1900016	negative regulation of cytokine production involved in inflammatory response	28	1	0.48	2.0833333333333335	0.385114851703767	0.385114851703767	1	FALSE	1	0	LILRB4	
GO:0055008	cardiac muscle tissue morphogenesis	28	1	0.48	2.0833333333333335	0.385114851703767	0.385114851703767	1	FALSE	0	1		S1PR1
GO:0000038	very long-chain fatty acid metabolic process	28	1	0.48	2.0833333333333335	0.385114851703767	0.385114851703767	1	FALSE	1	0	ACSL1	
GO:0044273	sulfur compound catabolic process	28	1	0.48	2.0833333333333335	0.385114851703767	0.385114851703767	1	FALSE	1	0	VNN1	
GO:0032801	receptor catabolic process	28	1	0.48	2.0833333333333335	0.385114851703767	0.385114851703767	1	FALSE	1	0	SH3GLB1	
GO:0097028	dendritic cell differentiation	28	1	0.48	2.0833333333333335	0.385114851703767	0.385114851703767	1	FALSE	1	0	BATF2	
GO:2000107	negative regulation of leukocyte apoptotic process	28	1	0.48	2.0833333333333335	0.385114851703767	0.385114851703767	1	FALSE	1	0	IRF7	
GO:0019226	transmission of nerve impulse	28	1	0.48	2.0833333333333335	0.385114851703767	0.385114851703767	1	FALSE	0	1		S1PR1
GO:0070536	protein K63-linked deubiquitination	28	1	0.48	2.0833333333333335	0.385114851703767	0.385114851703767	1	FALSE	0	1		NOP53
GO:0060544	regulation of necroptotic process	28	1	0.48	2.0833333333333335	0.385114851703767	0.385114851703767	1	FALSE	0	1		OGT
GO:0062208	positive regulation of pattern recognition receptor signaling pathway	75	6	1.29	4.651162790697675	0.3900015519235508	0.0018169036735585754	0.029380401168308964	FALSE	6	0	GBP5;GBP2;LTF;IFI35;RSAD2;OASL	
GO:0042130	negative regulation of T cell proliferation	52	4	0.89	4.49438202247191	0.3921912492759938	0.012112408612521457	0.13674337279598145	FALSE	4	0	PDCD1LG2;LILRB4;CD274;CR1	
GO:0019216	regulation of lipid metabolic process	231	7	3.97	1.7632241813602014	0.39225585985611466	0.10427047609438628	0.6582891868285151	FALSE	6	1	ADM;NPC2;IL1B;CEACAM1;HCAR3;HCAR2	RORA
GO:2000379	positive regulation of reactive oxygen species metabolic process	59	3	1.01	2.9702970297029703	0.3937084826588665	0.08103385819588141	0.5576021931926858	FALSE	3	0	MAPK14;LCN2;CD177	
GO:0043299	leukocyte degranulation	66	3	1.14	2.6315789473684212	0.39387069464106894	0.10476592187612781	0.6582891868285151	FALSE	3	0	CEACAM1;ANXA3;CD177	
GO:0002444	myeloid leukocyte mediated immunity	91	3	1.57	1.910828025477707	0.3944510863459435	0.20633269602459525	0.890437333393426	FALSE	3	0	FCGR1A;ANXA3;CD177	
GO:0007041	lysosomal transport	125	3	2.15	1.3953488372093024	0.39524309476341124	0.36440195603170356	1	FALSE	3	0	SORT1;NPC2;CLU	
GO:1990573	potassium ion import across plasma membrane	29	1	0.5	2	0.3957139152715863	0.3957139152715863	1	FALSE	1	0	KCNJ15	
GO:0030279	negative regulation of ossification	29	1	0.5	2	0.3957139152715863	0.3957139152715863	1	FALSE	1	0	KREMEN1	
GO:0140448	signaling receptor ligand precursor processing	29	1	0.5	2	0.3957139152715863	0.3957139152715863	1	FALSE	1	0	CASP1	
GO:1905820	positive regulation of chromosome separation	29	1	0.5	2	0.3957139152715863	0.3957139152715863	1	FALSE	1	0	PLSCR1	
GO:0030574	collagen catabolic process	29	1	0.5	2	0.3957139152715863	0.3957139152715863	1	FALSE	1	0	MMP9	
GO:2000378	negative regulation of reactive oxygen species metabolic process	29	1	0.5	2	0.3957139152715863	0.3957139152715863	1	FALSE	1	0	HP	
GO:0003407	neural retina development	29	1	0.5	2	0.3957139152715863	0.3957139152715863	1	FALSE	1	0	SMARCD3	
GO:1900181	negative regulation of protein localization to nucleus	29	1	0.5	2	0.3957139152715863	0.3957139152715863	1	FALSE	1	0	LILRB4	
GO:0071398	cellular response to fatty acid	29	1	0.5	2	0.3957139152715863	0.3957139152715863	1	FALSE	1	0	FFAR2	
GO:0045947	negative regulation of translational initiation	29	1	0.5	2	0.3957139152715863	0.3957139152715863	1	FALSE	1	0	PML	
GO:0032535	regulation of cellular component size	257	4	4.42	0.9049773755656109	0.3969814887230324	0.648677166349946	1	FALSE	1	3	LIMK1	EVL;SPTAN1;EZR
GO:0090407	organophosphate biosynthetic process	549	5	9.44	0.5296610169491526	0.40261969482371884	0.9623978766286347	1	FALSE	4	1	VPS9D1;PLSCR1;GK;ACSL1	ATM
GO:0098659	inorganic cation import across plasma membrane	88	4	1.51	2.6490066225165565	0.4033728301269607	0.06509743588285231	0.4709285558998974	FALSE	3	1	CACNA1E;KCNJ15;LCN2	MS4A1
GO:0006897	endocytosis	585	21	10.06	2.0874751491053676	0.4037096747150889	0.0011726597394395996	0.02079768789496425	FALSE	19	2	C2;LIMK1;ASGR2;FCER1G;SH3GLB1;FCGR1A;SCARF1;RAB20;ADM;SORT1;LILRB4;MARCO;PLSCR1;DYSF;CLU;CEACAM1;ANXA3;CD177;STAB1	FCMR;CD22
GO:0045787	positive regulation of cell cycle	255	6	4.39	1.3667425968109341	0.4045614165691569	0.2758190812634474	0.9794722429446581	FALSE	5	1	DUSP3;SMARCD3;PLSCR1;IL1B;TRIM21	CDC25B
GO:0042311	vasodilation	30	1	0.52	1.923076923076923	0.4061310653788047	0.4061310653788047	1	FALSE	0	1		KLF2
GO:0070328	triglyceride homeostasis	30	1	0.52	1.923076923076923	0.4061310653788047	0.4061310653788047	1	FALSE	0	1		RORA
GO:0045773	positive regulation of axon extension	30	1	0.52	1.923076923076923	0.4061310653788047	0.4061310653788047	1	FALSE	1	0	LIMK1	
GO:0050919	negative chemotaxis	30	1	0.52	1.923076923076923	0.4061310653788047	0.4061310653788047	1	FALSE	1	0	SEMA4A	
GO:0032735	positive regulation of interleukin-12 production	30	1	0.52	1.923076923076923	0.4061310653788047	0.4061310653788047	1	FALSE	1	0	MAPK14	
GO:0042572	retinol metabolic process	30	1	0.52	1.923076923076923	0.4061310653788047	0.4061310653788047	1	FALSE	1	0	DHRS9	
GO:1901889	negative regulation of cell junction assembly	30	1	0.52	1.923076923076923	0.4061310653788047	0.4061310653788047	1	FALSE	1	0	IL1B	
GO:0030326	embryonic limb morphogenesis	30	1	0.52	1.923076923076923	0.4061310653788047	0.4061310653788047	1	FALSE	0	1		MBNL1
GO:0090266	regulation of mitotic cell cycle spindle assembly checkpoint	30	1	0.52	1.923076923076923	0.4061310653788047	0.4061310653788047	1	FALSE	1	0	CDK5RAP2	
GO:0031346	positive regulation of cell projection organization	272	4	4.68	0.8547008547008548	0.40775676055978927	0.6920092091146899	1	FALSE	3	1	LIMK1;SCARF1;LCN2	SEPTIN9
GO:0051209	release of sequestered calcium ion into cytosol	82	2	1.41	1.4184397163120568	0.41343001641793875	0.41343001641793875	1	FALSE	1	1	GP1BB	LCK
GO:0051262	protein tetramerization	83	3	1.43	2.097902097902098	0.41482558571357153	0.17154955025684682	0.8359865149344068	FALSE	1	2	GBP5	EVL;MS4A1
GO:0030879	mammary gland development	52	2	0.89	2.247191011235955	0.41547972485465956	0.22505319471249016	0.916691905832938	FALSE	1	1	PML	LBH
GO:1902275	regulation of chromatin organization	31	1	0.53	1.8867924528301885	0.41636941071669764	0.41636941071669764	1	FALSE	0	1		CABIN1
GO:0045124	regulation of bone resorption	31	1	0.53	1.8867924528301885	0.41636941071669764	0.41636941071669764	1	FALSE	0	1		S1PR1
GO:0042472	inner ear morphogenesis	31	1	0.53	1.8867924528301885	0.41636941071669764	0.41636941071669764	1	FALSE	1	0	SPARC	
GO:1900026	positive regulation of substrate adhesion-dependent cell spreading	31	1	0.53	1.8867924528301885	0.41636941071669764	0.41636941071669764	1	FALSE	1	0	HPSE	
GO:0070316	regulation of G0 to G1 transition	31	1	0.53	1.8867924528301885	0.41636941071669764	0.41636941071669764	1	FALSE	1	0	SMARCD3	
GO:1904707	positive regulation of vascular associated smooth muscle cell proliferation	31	1	0.53	1.8867924528301885	0.41636941071669764	0.41636941071669764	1	FALSE	1	0	MMP9	
GO:0001504	neurotransmitter uptake	31	1	0.53	1.8867924528301885	0.41636941071669764	0.41636941071669764	1	FALSE	0	1		SLC38A1
GO:0007259	cell surface receptor signaling pathway via JAK-STAT	113	5	1.94	2.577319587628866	0.4227230570198881	0.04545974128276694	0.36659930577740724	FALSE	4	1	SOCS3;PARP9;STAT1;PARP14	IL7R
GO:0022617	extracellular matrix disassembly	51	2	0.88	2.272727272727273	0.4254808240419681	0.2187054892310539	0.9061362319459942	FALSE	2	0	HPSE;MMP9	
GO:0048661	positive regulation of smooth muscle cell proliferation	63	2	1.08	1.8518518518518516	0.42577255046547224	0.29530268490918676	1	FALSE	1	1	MMP9	S1PR1
GO:0043086	negative regulation of catalytic activity	123	3	2.12	1.4150943396226414	0.4258168501745102	0.3550034741521517	1	FALSE	3	0	CR1;CEACAM1;PARP9	
GO:0048146	positive regulation of fibroblast proliferation	32	1	0.55	1.8181818181818181	0.4264320070836515	0.4264320070836515	1	FALSE	1	0	PML	
GO:0048821	erythrocyte development	32	1	0.55	1.8181818181818181	0.4264320070836515	0.4264320070836515	1	FALSE	0	1		HBA2
GO:0046329	negative regulation of JNK cascade	32	1	0.55	1.8181818181818181	0.4264320070836515	0.4264320070836515	1	FALSE	1	0	DUSP3	
GO:0045668	negative regulation of osteoblast differentiation	32	1	0.55	1.8181818181818181	0.4264320070836515	0.4264320070836515	1	FALSE	1	0	TNFAIP6	
GO:0046427	positive regulation of receptor signaling pathway via JAK-STAT	32	1	0.55	1.8181818181818181	0.4264320070836515	0.4264320070836515	1	FALSE	0	1		IL7R
GO:0019229	regulation of vasoconstriction	32	1	0.55	1.8181818181818181	0.4264320070836515	0.4264320070836515	1	FALSE	1	0	ADM	
GO:0035556	intracellular signal transduction	2466	67	42.42	1.5794436586515794	0.43008224532814276	4.539905267961527e-5	0.0011942774719259559	FALSE	51	16	DUSP3;CDK5RAP2;SEPTIN4;LIMK1;MAPK14;AIM2;ICAM1;CARD16;TIFA;VNN1;GADD45B;SOCS3;BATF2;LILRB4;FBXO6;HPSE;MARCO;GBP5;SECTM1;C3AR1;GBP1;TREML1;CASP1;IL1B;CLU;CEACAM1;CASP4;GBP2;TRIM21;WARS1;LILRA5;S100A12;PARP9;STAT1;TRIM22;NAIP;DEFA1;TNFSF10;LTF;IRF7;IFI35;PML;MMP9;OAS1;S100A8;RSAD2;IFI6;OAS3;DEFA1;OASL;DEFA3	ZFP36L2;KLF2;LBH;TMC8;LCK;ZAP70;NOP53;EZR;GPR183;RORA;ITK;CD22;ATM;PRKACB;OGT;FBXO7
GO:0018108	peptidyl-tyrosine phosphorylation	100	5	1.72	2.9069767441860463	0.4322177178237966	0.029073576382716664	0.2637731401851093	FALSE	3	2	LILRA5;PARP9;PARP14	ZAP70;IL7R
GO:0043277	apoptotic cell clearance	33	1	0.57	1.7543859649122808	0.43632185828118053	0.43632185828118053	1	FALSE	1	0	C2	
GO:0035987	endodermal cell differentiation	33	1	0.57	1.7543859649122808	0.43632185828118053	0.43632185828118053	1	FALSE	1	0	MMP9	
GO:0046627	negative regulation of insulin receptor signaling pathway	33	1	0.57	1.7543859649122808	0.43632185828118053	0.43632185828118053	1	FALSE	1	0	IL1B	
GO:0035020	regulation of Rac protein signal transduction	33	1	0.57	1.7543859649122808	0.43632185828118053	0.43632185828118053	1	FALSE	0	1		OGT
GO:1903749	positive regulation of protein localization to mitochondrion	33	1	0.57	1.7543859649122808	0.43632185828118053	0.43632185828118053	1	FALSE	1	0	SH3GLB1	
GO:0000289	nuclear-transcribed mRNA poly(A) tail shortening	33	1	0.57	1.7543859649122808	0.43632185828118053	0.43632185828118053	1	FALSE	0	1		ZFP36L2
GO:0071385	cellular response to glucocorticoid stimulus	33	1	0.57	1.7543859649122808	0.43632185828118053	0.43632185828118053	1	FALSE	0	1		ZFP36L2
GO:0051094	positive regulation of developmental process	879	31	15.12	2.0502645502645502	0.44416538381351545	1.0634228310365771e-4	0.002564341546069781	FALSE	22	9	SMARCD3;LIMK1;MAPK14;SCARF1;VNN1;TNFSF13;ADM;LILRB4;HPSE;C3AR1;LRG1;IFITM1;IL1B;CR1;CEACAM1;ANXA3;LCN2;SEMA4A;STAT1;LTF;PML;ISG15	LBH;ZAP70;EEIG1;ETS1;EZR;BCL9L;IL7R;RUNX3;OGT
GO:2001243	negative regulation of intrinsic apoptotic signaling pathway	84	3	1.44	2.0833333333333335	0.44438457923652497	0.17580211160494538	0.8361245757819981	FALSE	2	1	CLU;MMP9	FBXO7
GO:0030324	lung development	44	2	0.76	2.6315789473684212	0.44484142622842093	0.17486762754585947	0.8359865149344068	FALSE	2	0	LTA4H;CRISPLD2	
GO:0070527	platelet aggregation	57	2	0.98	2.0408163265306123	0.4451655163405398	0.2569512929068924	0.9603794754602953	FALSE	2	0	CEACAM1;MYL9	
GO:0030330	DNA damage response, signal transduction by p53 class mediator	66	2	1.14	1.7543859649122808	0.4453901523526349	0.3143919771283149	1	FALSE	1	1	PML	ATM
GO:0051965	positive regulation of synapse assembly	34	1	0.58	1.7241379310344829	0.446041916994831	0.446041916994831	1	FALSE	1	0	SEMA4A	
GO:0032367	intracellular cholesterol transport	34	1	0.58	1.7241379310344829	0.446041916994831	0.446041916994831	1	FALSE	1	0	NPC2	
GO:0001914	regulation of T cell mediated cytotoxicity	34	1	0.58	1.7241379310344829	0.446041916994831	0.446041916994831	1	FALSE	1	0	CEACAM1	
GO:0030866	cortical actin cytoskeleton organization	34	1	0.58	1.7241379310344829	0.446041916994831	0.446041916994831	1	FALSE	0	1		EZR
GO:0007566	embryo implantation	34	1	0.58	1.7241379310344829	0.446041916994831	0.446041916994831	1	FALSE	1	0	IL1B	
GO:0005978	glycogen biosynthetic process	34	1	0.58	1.7241379310344829	0.446041916994831	0.446041916994831	1	FALSE	1	0	GYG1	
GO:0050805	negative regulation of synaptic transmission	34	1	0.58	1.7241379310344829	0.446041916994831	0.446041916994831	1	FALSE	1	0	IL1B	
GO:0050890	cognition	156	2	2.68	0.7462686567164178	0.4476485478192581	0.7527933427179597	1	FALSE	2	0	ST3GAL4;LCN2	
GO:0016052	carbohydrate catabolic process	141	4	2.43	1.6460905349794237	0.453858596799959	0.22485938581461948	0.916691905832938	FALSE	3	1	PFKFB3;HK3;GK	OGT
GO:0060348	bone development	89	3	1.53	1.9607843137254901	0.4540194306911437	0.19748374179609537	0.8766098208394166	FALSE	2	1	MAPK14;LTF	PHOSPHO1
GO:0071357	cellular response to type I interferon	98	9	1.69	5.325443786982249	0.45457571249078865	4.69515243503191e-5	0.0012234098619813005	FALSE	9	0	IFITM1;PSME2;IFITM3;STAT1;IRF7;OAS1;OAS3;OASL;ISG15	
GO:0071560	cellular response to transforming growth factor beta stimulus	199	4	3.42	1.1695906432748537	0.4553349144043318	0.44813902928188587	1	FALSE	1	3	LRG1	ZFP36L2;BCL9L;OGT
GO:0051216	cartilage development	90	2	1.55	1.2903225806451613	0.45551753685983	0.46030675770545004	1	FALSE	1	1	MAPK14	RUNX3
GO:1904427	positive regulation of calcium ion transmembrane transport	35	1	0.6	1.6666666666666667	0.45559508566022555	0.45559508566022555	1	FALSE	0	1		MS4A1
GO:0089718	amino acid import across plasma membrane	35	1	0.6	1.6666666666666667	0.45559508566022555	0.45559508566022555	1	FALSE	0	1		SLC38A1
GO:0045747	positive regulation of Notch signaling pathway	35	1	0.6	1.6666666666666667	0.45559508566022555	0.45559508566022555	1	FALSE	1	0	RHBDF2	
GO:0030514	negative regulation of BMP signaling pathway	35	1	0.6	1.6666666666666667	0.45559508566022555	0.45559508566022555	1	FALSE	1	0	TNFAIP6	
GO:0048589	developmental growth	266	4	4.58	0.8733624454148472	0.45705180816768887	0.675143390240742	1	FALSE	2	2	LIMK1;TNFAIP6	S1PR1;EZR
GO:0008630	intrinsic apoptotic signaling pathway in response to DNA damage	88	3	1.51	1.9867549668874172	0.4633403103013205	0.19309500940352692	0.8705958937995952	FALSE	2	1	CLU;PML	ATM
GO:0042180	ketone metabolic process	154	4	2.65	1.509433962264151	0.4635369155813953	0.27353432424072516	0.9794722429446581	FALSE	4	0	ADM;DHRS9;IL1B;CEACAM1	
GO:0048705	skeletal system morphogenesis	63	2	1.08	1.8518518518518516	0.4641900216794974	0.29530268490918676	1	FALSE	2	0	MAPK14;LTF	
GO:0010906	regulation of glucose metabolic process	73	2	1.26	1.5873015873015872	0.4644454430042153	0.35842305559245136	1	FALSE	0	2		RORA;OGT
GO:0042398	modified amino acid biosynthetic process	36	1	0.62	1.6129032258064517	0.4649842173144969	0.4649842173144969	1	FALSE	1	0	PLSCR1	
GO:0019674	NAD+ metabolic process	36	1	0.62	1.6129032258064517	0.4649842173144969	0.4649842173144969	1	FALSE	1	0	PARP14	
GO:0030838	positive regulation of actin filament polymerization	36	1	0.62	1.6129032258064517	0.4649842173144969	0.4649842173144969	1	FALSE	0	1		EVL
GO:0045840	positive regulation of mitotic nuclear division	36	1	0.62	1.6129032258064517	0.4649842173144969	0.4649842173144969	1	FALSE	1	0	IL1B	
GO:0071526	semaphorin-plexin signaling pathway	36	1	0.62	1.6129032258064517	0.4649842173144969	0.4649842173144969	1	FALSE	1	0	SEMA4A	
GO:0010634	positive regulation of epithelial cell migration	36	1	0.62	1.6129032258064517	0.4649842173144969	0.4649842173144969	1	FALSE	1	0	MMP9	
GO:0097190	apoptotic signaling pathway	449	18	7.72	2.3316062176165806	0.4676003421413766	7.672482489430999e-4	0.014155472727144843	FALSE	13	5	SEPTIN4;ICAM1;VNN1;GRINA;CASP1;IL1B;CLU;CASP4;TNFSF10;PML;MMP9;S100A8;IFI6	TMC8;LCK;ANXA6;ATM;FBXO7
GO:0051017	actin filament bundle assembly	134	5	2.3	2.173913043478261	0.4706917709990428	0.08158585104923155	0.559998762882241	FALSE	2	3	LIMK1;MYL9	EVL;S1PR1;EZR
GO:0032467	positive regulation of cytokinesis	37	1	0.64	1.5625	0.47421211643336325	0.47421211643336325	1	FALSE	0	1		CDC25B
GO:0031670	cellular response to nutrient	37	1	0.64	1.5625	0.47421211643336325	0.47421211643336325	1	FALSE	0	1		OGT
GO:0002548	monocyte chemotaxis	37	1	0.64	1.5625	0.47421211643336325	0.47421211643336325	1	FALSE	1	0	S100A12	
GO:1901797	negative regulation of signal transduction by p53 class mediator	37	1	0.64	1.5625	0.47421211643336325	0.47421211643336325	1	FALSE	0	1		NOP53
GO:0006111	regulation of gluconeogenesis	37	1	0.64	1.5625	0.47421211643336325	0.47421211643336325	1	FALSE	0	1		OGT
GO:0006302	double-strand break repair	298	4	5.13	0.7797270955165693	0.4764888512796669	0.7578715094117603	1	FALSE	3	1	SMARCD3;PARP9;PML	ATM
GO:0008637	apoptotic mitochondrial changes	88	6	1.51	3.9735099337748343	0.4769735495733879	0.004067430917196883	0.057047793833542	FALSE	6	0	CASP1;CLU;TNFSF10;MMP9;IFI6;IFIT2	
GO:2000781	positive regulation of double-strand break repair	94	2	1.62	1.2345679012345678	0.48292010833645604	0.48292010833645604	1	FALSE	1	1	SMARCD3	ATM
GO:0042771	intrinsic apoptotic signaling pathway in response to DNA damage by p53 class mediator	38	1	0.65	1.5384615384615383	0.48328153975407717	0.48328153975407717	1	FALSE	1	0	PML	
GO:0021762	substantia nigra development	38	1	0.65	1.5384615384615383	0.48328153975407717	0.48328153975407717	1	FALSE	1	0	CASP5	
GO:0070050	neuron cellular homeostasis	38	1	0.65	1.5384615384615383	0.48328153975407717	0.48328153975407717	1	FALSE	1	0	AIM2	
GO:0140013	meiotic nuclear division	110	2	1.89	1.0582010582010584	0.4836459739105976	0.5672636985312128	1	FALSE	1	1	RAB24	ATM
GO:0007169	cell surface receptor protein tyrosine kinase signaling pathway	439	11	7.55	1.456953642384106	0.4868330151894401	0.13670012959622194	0.7700587218442911	FALSE	7	4	DUSP3;MAPK14;IL1B;CEACAM1;RHBDF2;MMP9;IFI6	LCK;CD3E;CD8A;OGT
GO:0002720	positive regulation of cytokine production involved in immune response	63	4	1.08	3.7037037037037033	0.4882350596152567	0.02304602553075377	0.22139944391656788	FALSE	4	0	SECTM1;IL1B;FFAR2;RSAD2	
GO:0045576	mast cell activation	55	2	0.95	2.1052631578947367	0.4910898270663404	0.24416911203249475	0.9487221045615944	FALSE	2	0	PLSCR1;S100A12	
GO:0007584	response to nutrient	115	3	1.98	1.5151515151515151	0.4911362575383793	0.31729522412256245	1	FALSE	2	1	ALPL;ACSL1	OGT
GO:0048260	positive regulation of receptor-mediated endocytosis	39	1	0.67	1.4925373134328357	0.49219519708449	0.49219519708449	1	FALSE	1	0	CLU	
GO:0030239	myofibril assembly	39	1	0.67	1.4925373134328357	0.49219519708449	0.49219519708449	1	FALSE	1	0	MYL9	
GO:0031638	zymogen activation	39	1	0.67	1.4925373134328357	0.49219519708449	0.49219519708449	1	FALSE	1	0	HP	
GO:0051693	actin filament capping	39	1	0.67	1.4925373134328357	0.49219519708449	0.49219519708449	1	FALSE	0	1		SPTAN1
GO:0033344	cholesterol efflux	39	1	0.67	1.4925373134328357	0.49219519708449	0.49219519708449	1	FALSE	1	0	NPC2	
GO:0010467	gene expression	4963	89	85.37	1.042520791847253	0.49309070025485724	0.3311953246796204	1	FALSE	57	32	SMARCD3;C2;CDK5RAP2;NLRC4;PDCD1LG2;ZNF438;HP;MAPK14;AIM2;TLR5;FCER1G;IL18RAP;LMNB1;CARD16;FCGR1A;TNFSF13;BATF2;LILRB4;CD274;HPSE;CASP5;GBP5;SECTM1;C3AR1;PLSCR1;GBP1;CASP1;IL1B;CLU;CR1;PSMB9;CEACAM1;CASP4;CALHM6;TRIM21;RHBDF2;ETV7;LCN2;WARS1;FFAR2;LILRA5;PARP9;CLEC4E;STAT1;TRIM22;TNFSF13B;NAIP;LTF;IRF7;XAF1;PML;GP1BB;OAS1;PARP14;RSAD2;OAS3;ISG15	ZFP36L2;KLF2;RPL18A;IKZF3;LBH;BCL11B;S1PR1;TLE5;CABIN1;CD6;CD3E;NOP53;ETS1;PBXIP1;RPS28;TCF7;CD2;EZR;BCL9L;RPL3;RPL23A;AHNAK;IL32;RORA;ITK;CD22;RUNX3;RPS4X;ATM;MBNL1;IGHM;OGT
GO:0030071	regulation of mitotic metaphase/anaphase transition	96	3	1.65	1.8181818181818183	0.4993576712713669	0.22882574762048044	0.916691905832938	FALSE	2	1	SMARCD3;CDK5RAP2	ATM
GO:0043085	positive regulation of catalytic activity	251	5	4.32	1.1574074074074074	0.5003858685486211	0.4340212903893488	1	FALSE	5	0	MAPK14;PLSCR1;CR1;LILRA5;S100A12	
GO:0046888	negative regulation of hormone secretion	40	1	0.69	1.4492753623188408	0.5009557520984682	0.5009557520984682	1	FALSE	1	0	IL1B	
GO:0010761	fibroblast migration	40	1	0.69	1.4492753623188408	0.5009557520984682	0.5009557520984682	1	FALSE	1	0	PML	
GO:0043001	Golgi to plasma membrane protein transport	40	1	0.69	1.4492753623188408	0.5009557520984682	0.5009557520984682	1	FALSE	1	0	VAMP5	
GO:0048013	ephrin receptor signaling pathway	40	1	0.69	1.4492753623188408	0.5009557520984682	0.5009557520984682	1	FALSE	1	0	MMP9	
GO:0007416	synapse assembly	170	3	2.92	1.0273972602739727	0.5013267086473743	0.5628088465019222	1	FALSE	1	2	SEMA4A	SPOCK2;OGT
GO:0007565	female pregnancy	89	3	1.53	1.9607843137254901	0.5077424005229167	0.19748374179609537	0.8766098208394166	FALSE	2	1	IL1B;APOL2	SLC38A1
GO:0072330	monocarboxylic acid biosynthetic process	174	4	2.99	1.3377926421404682	0.5084577324794964	0.35113739868654936	1	FALSE	4	0	DHRS9;IL1B;CEACAM1;ACSL1	
GO:0061136	regulation of proteasomal protein catabolic process	197	4	3.39	1.1799410029498525	0.5090766033751709	0.44049987915306654	1	FALSE	2	2	CLU;PSME2	NOP53;OGT
GO:0051403	stress-activated MAPK cascade	41	1	0.71	1.4084507042253522	0.509565823117882	0.509565823117882	1	FALSE	1	0	MAPK14	
GO:0007131	reciprocal meiotic recombination	41	1	0.71	1.4084507042253522	0.509565823117882	0.509565823117882	1	FALSE	0	1		ATM
GO:0071300	cellular response to retinoic acid	41	1	0.71	1.4084507042253522	0.509565823117882	0.509565823117882	1	FALSE	0	1		ATM
GO:0070936	protein K48-linked ubiquitination	99	2	1.7	1.1764705882352942	0.5103527783834692	0.5103527783834692	1	FALSE	1	1	TRIM21	FBXO7
GO:0032388	positive regulation of intracellular transport	132	2	2.27	0.8810572687224669	0.510448687374866	0.6663591990333827	1	FALSE	1	1	IL1B	EZR
GO:0032722	positive regulation of chemokine production	52	4	0.89	4.49438202247191	0.513603990157393	0.012112408612521457	0.13674337279598145	FALSE	4	0	IL1B;FFAR2;OAS1;OAS3	
GO:1905515	non-motile cilium assembly	42	1	0.72	1.3888888888888888	0.5180279838813997	0.5180279838813997	1	FALSE	0	1		SEPTIN9
GO:0045861	negative regulation of proteolysis	42	1	0.72	1.3888888888888888	0.5180279838813997	0.5180279838813997	1	FALSE	1	0	CR1	
GO:0032509	endosome transport via multivesicular body sorting pathway	42	1	0.72	1.3888888888888888	0.5180279838813997	0.5180279838813997	1	FALSE	1	0	SORT1	
GO:0030198	extracellular matrix organization	183	4	3.15	1.2698412698412698	0.5196622112836111	0.38632478819196914	1	FALSE	3	1	HPSE;MARCO;MMP9	SPOCK2
GO:0007009	plasma membrane organization	125	5	2.15	2.3255813953488373	0.5222506899723866	0.0646401287373251	0.4694734845413651	FALSE	4	1	SH3GLB1;PLSCR1;CLU;CR1	AHNAK
GO:0007420	brain development	373	6	6.42	0.9345794392523364	0.5227076693189995	0.6234383832505679	1	FALSE	3	3	CDK5RAP2;AIM2;CASP5	SUN2;CD3E;RORA
GO:0034764	positive regulation of transmembrane transport	126	3	2.17	1.3824884792626728	0.5254456172525797	0.36909336935925696	1	FALSE	2	1	LCN2;ACSL1	MS4A1
GO:0007422	peripheral nervous system development	43	1	0.74	1.3513513513513513	0.5263447643003082	0.5263447643003082	1	FALSE	0	1		RUNX3
GO:0055017	cardiac muscle tissue growth	43	1	0.74	1.3513513513513513	0.5263447643003082	0.5263447643003082	1	FALSE	0	1		S1PR1
GO:0006110	regulation of glycolytic process	43	1	0.74	1.3513513513513513	0.5263447643003082	0.5263447643003082	1	FALSE	0	1		OGT
GO:0032835	glomerulus development	43	1	0.74	1.3513513513513513	0.5263447643003082	0.5263447643003082	1	FALSE	1	0	CR1	
GO:0120009	intermembrane lipid transfer	43	1	0.74	1.3513513513513513	0.5263447643003082	0.5263447643003082	1	FALSE	0	1		ESYT1
GO:0019722	calcium-mediated signaling	165	4	2.84	1.4084507042253522	0.529383190288675	0.3159902262858096	1	FALSE	3	1	C3AR1;GBP1;TREML1	CD22
GO:0042177	negative regulation of protein catabolic process	108	4	1.86	2.150537634408602	0.53150669389577	0.1157040949329034	0.7005959404637697	FALSE	2	2	CTSA;PML	NOP53;OGT
GO:0032206	positive regulation of telomere maintenance	70	2	1.2	1.6666666666666667	0.5336467763101533	0.3396591409735764	1	FALSE	1	1	PML	ATM
GO:1904064	positive regulation of cation transmembrane transport	79	2	1.36	1.4705882352941175	0.5338914064211187	0.3953351991671513	1	FALSE	1	1	LCN2	MS4A1
GO:2000779	regulation of double-strand break repair	138	3	2.37	1.2658227848101264	0.5339148128999796	0.424759010020731	1	FALSE	2	1	SMARCD3;PML	ATM
GO:0032465	regulation of cytokinesis	81	2	1.39	1.4388489208633095	0.5339457969322849	0.4074275120601345	1	FALSE	1	1	SH3GLB1	CDC25B
GO:0003073	regulation of systemic arterial blood pressure	44	1	0.76	1.3157894736842106	0.5345186512015745	0.5345186512015745	1	FALSE	1	0	ADM	
GO:0006418	tRNA aminoacylation for protein translation	44	1	0.76	1.3157894736842106	0.5345186512015745	0.5345186512015745	1	FALSE	1	0	WARS1	
GO:0090148	membrane fission	44	1	0.76	1.3157894736842106	0.5345186512015745	0.5345186512015745	1	FALSE	1	0	SH3GLB1	
GO:0010506	regulation of autophagy	334	7	5.75	1.2173913043478262	0.5408975953890843	0.3519078651286083	1	FALSE	5	2	SH3GLB1;CTSA;HPSE;TRIM21;TRIM22	ATM;FBXO7
GO:0050848	regulation of calcium-mediated signaling	62	2	1.07	1.8691588785046729	0.5414300686928513	0.2889211484821834	0.9963607691239424	FALSE	1	1	GBP1	CD22
GO:0050714	positive regulation of protein secretion	99	2	1.7	1.1764705882352942	0.5424414619779094	0.5103527783834692	1	FALSE	1	1	HCAR2	PRKACB
GO:1902895	positive regulation of miRNA transcription	45	1	0.77	1.2987012987012987	0.5425520890583637	0.5425520890583637	1	FALSE	0	1		ETS1
GO:0000018	regulation of DNA recombination	110	2	1.89	1.0582010582010584	0.542742819805816	0.5672636985312128	1	FALSE	1	1	TNFSF13	IL7R
GO:0008360	regulation of cell shape	106	2	1.82	1.0989010989010988	0.5471286357899648	0.5471286357899648	1	FALSE	1	1	SEMA4A	EZR
GO:1901991	negative regulation of mitotic cell cycle phase transition	165	4	2.84	1.4084507042253522	0.5489212348727357	0.3159902262858096	1	FALSE	1	3	CDK5RAP2	ZFP36L2;NOP53;ATM
GO:0051384	response to glucocorticoid	79	2	1.36	1.4705882352941175	0.5497592509823317	0.3953351991671513	1	FALSE	1	1	ALPL	ZFP36L2
GO:0042149	cellular response to glucose starvation	46	1	0.79	1.2658227848101264	0.5504474807082268	0.5504474807082268	1	FALSE	1	0	SH3GLB1	
GO:0141156	cAMP/PKA signal transduction	46	1	0.79	1.2658227848101264	0.5504474807082268	0.5504474807082268	1	FALSE	0	1		EZR
GO:0001558	regulation of cell growth	290	4	4.99	0.8016032064128256	0.5523942123314343	0.7388487436624109	1	FALSE	4	0	LIMK1;CEACAM1;PML;S100A8	
GO:0032880	regulation of protein localization	682	15	11.73	1.278772378516624	0.5530483601211692	0.19721898766327334	0.8766098208394166	FALSE	12	3	SH3GLB1;LILRB4;LIMK2;GBP1;IL1B;RHBDF2;PARP9;TNFAIP6;TRIM22;HCAR2;PML;RSAD2	EZR;PRKACB;OGT
GO:1903829	positive regulation of protein localization	381	9	6.55	1.3740458015267176	0.5545148598344658	0.21071627775977586	0.8993218595167707	FALSE	7	2	SH3GLB1;LIMK2;IL1B;PARP9;TNFAIP6;HCAR2;PML	EZR;PRKACB
GO:0009966	regulation of signal transduction	2404	73	41.35	1.7654171704957677	0.5546044114146025	2.473696812213181e-7	1.2143200958525063e-5	FALSE	54	19	DUSP3;CDK5RAP2;PDCD1LG2;SEPTIN4;MAPK14;AIM2;ICAM1;CARD16;TIFA;KREMEN1;VNN1;GADD45B;SOCS3;ADM;LILRB4;CD274;HPSE;MARCO;GBP5;SECTM1;PLSCR1;GBP1;GRINA;LRG1;CASP1;IL1B;CLU;CEACAM1;CASP4;GBP2;TRIM21;RHBDF2;CD177;LILRA5;S100A12;PARP9;TNFAIP6;STAT1;TRIM22;NAIP;TNFSF10;LTF;IRF7;IFI35;PML;MMP9;OAS1;S100A8;PARP14;RSAD2;IFI6;OAS3;OASL;ISG15	KLF2;LBH;TMC8;FCMR;TLE5;LCK;CD3E;NOP53;CD5;EZR;BCL9L;GPR183;RORA;CD22;IL7R;ATM;PRKACB;OGT;FBXO7
GO:0030336	negative regulation of cell migration	216	5	3.72	1.3440860215053763	0.5552257760855304	0.3147870974626674	1	FALSE	3	2	DUSP3;IFITM1;TNFAIP6	EVL;OGT
GO:0000423	mitophagy	92	2	1.58	1.2658227848101264	0.5578471795559473	0.4716856650085257	1	FALSE	0	2		OGT;FBXO7
GO:0050796	regulation of insulin secretion	101	2	1.74	1.1494252873563218	0.5580957022423514	0.5210572949342587	1	FALSE	1	1	IL1B	PRKACB
GO:0006513	protein monoubiquitination	47	1	0.81	1.2345679012345678	0.5582071880591637	0.5582071880591637	1	FALSE	1	0	TRIM21	
GO:1903573	negative regulation of response to endoplasmic reticulum stress	47	1	0.81	1.2345679012345678	0.5582071880591637	0.5582071880591637	1	FALSE	1	0	CLU	
GO:0032480	negative regulation of type I interferon production	47	1	0.81	1.2345679012345678	0.5582071880591637	0.5582071880591637	1	FALSE	1	0	XAF1	
GO:1904063	negative regulation of cation transmembrane transport	47	1	0.81	1.2345679012345678	0.5582071880591637	0.5582071880591637	1	FALSE	1	0	MMP9	
GO:0050795	regulation of behavior	47	1	0.81	1.2345679012345678	0.5582071880591637	0.5582071880591637	1	FALSE	1	0	AIM2	
GO:0006909	phagocytosis	197	8	3.39	2.359882005899705	0.5585904039190018	0.020719495749049376	0.20424702783359766	FALSE	8	0	C2;LIMK1;FCGR1A;RAB20;MARCO;PLSCR1;DYSF;ANXA3	
GO:1902115	regulation of organelle assembly	205	6	3.53	1.6997167138810199	0.5620962280507227	0.14259459040867858	0.7852979194311175	FALSE	3	3	CDK5RAP2;SH3GLB1;LIMK2	SEPTIN9;EZR;ATM
GO:0006997	nucleus organization	116	4	2	2	0.5628785587876659	0.13964199203276345	0.7774963081927909	FALSE	2	2	LMNB1;PML	SUN2;ETS1
GO:0021549	cerebellum development	48	1	0.83	1.2048192771084338	0.5658335327837629	0.5658335327837629	1	FALSE	0	1		CD3E
GO:0031648	protein destabilization	48	1	0.83	1.2048192771084338	0.5658335327837629	0.5658335327837629	1	FALSE	1	0	TRIM21	
GO:0032720	negative regulation of tumor necrosis factor production	48	1	0.83	1.2048192771084338	0.5658335327837629	0.5658335327837629	1	FALSE	1	0	LILRB4	
GO:0010629	negative regulation of gene expression	1005	24	17.29	1.3880855986119145	0.5694180395377488	0.06343337567010213	0.461534803805892	FALSE	18	6	PDCD1LG2;MAPK14;LMNB1;CARD16;LILRB4;CD274;GBP1;IL1B;CR1;CEACAM1;LILRA5;PARP9;LTF;XAF1;PML;OAS1;PARP14;OAS3	ZFP36L2;KLF2;TLE5;CD3E;CD22;ATM
GO:0043687	post-translational protein modification	851	12	14.64	0.819672131147541	0.5706476950786293	0.8011328686139009	1	FALSE	9	3	SEPTIN4;SOCS3;FBXO6;TRIM21;UBE2L6;TRIM22;PML;PARP14;ISG15	NOP53;OGT;FBXO7
GO:1902475	L-alpha-amino acid transmembrane transport	49	1	0.84	1.1904761904761905	0.5733287970016249	0.5733287970016249	1	FALSE	0	1		SLC38A1
GO:0010468	regulation of gene expression	3772	77	64.88	1.1868064118372381	0.574271433430545	0.04436768389094453	0.3658324741722337	FALSE	49	28	SMARCD3;CDK5RAP2;NLRC4;PDCD1LG2;ZNF438;MAPK14;AIM2;TLR5;FCER1G;IL18RAP;LMNB1;CARD16;FCGR1A;TNFSF13;BATF2;LILRB4;CD274;HPSE;GBP5;SECTM1;C3AR1;PLSCR1;GBP1;CASP1;IL1B;CLU;CR1;PSMB9;CEACAM1;CALHM6;TRIM21;ETV7;LCN2;FFAR2;LILRA5;PARP9;CLEC4E;STAT1;TRIM22;NAIP;LTF;IRF7;XAF1;PML;OAS1;PARP14;RSAD2;OAS3;ISG15	ZFP36L2;KLF2;IKZF3;LBH;BCL11B;S1PR1;TLE5;CABIN1;CD6;CD3E;NOP53;ETS1;PBXIP1;TCF7;CD2;EZR;BCL9L;AHNAK;IL32;RORA;ITK;CD22;RUNX3;RPS4X;ATM;MBNL1;IGHM;OGT
GO:0006979	response to oxidative stress	342	9	5.88	1.530612244897959	0.5744366843970201	0.13629310301285413	0.7693423823045914	FALSE	6	3	HP;IL18RAP;VNN1;LCN2;PSME2;PML	KLF2;ATM;HBA2
GO:0016477	cell migration	1063	38	18.28	2.0787746170678334	0.5745673410720806	1.1758505972751844e-5	3.5915703243438686e-4	FALSE	28	10	DUSP3;SEPTIN4;ST3GAL4;ICAM1;VCAN;HPSE;ANKRD22;C3AR1;LRG1;IFITM1;IL1B;CEACAM1;ANXA3;LCN2;CD177;ITGA2B;FFAR2;PPBP;S100A12;PARP9;SEMA4A;TNFAIP6;DEFA1;SPARC;PML;MMP9;S100A8;DEFA1	EVL;SUN2;BCL11B;S1PR1;LCK;ZAP70;ETS1;GPR183;ATM;OGT
GO:0050807	regulation of synapse organization	230	4	3.96	1.0101010101010102	0.5771694657447861	0.5612126924893779	1	FALSE	3	1	MAPK14;SEMA4A;SPARC	OGT
GO:0009416	response to light stimulus	196	4	3.37	1.1869436201780414	0.5799054026063912	0.43666892219346853	1	FALSE	4	0	MAPK14;LCN2;PML;MMP9	
GO:0071470	cellular response to osmotic stress	50	1	0.86	1.1627906976744187	0.5806952239502567	0.5806952239502567	1	FALSE	1	0	CASP1	
GO:1903078	positive regulation of protein localization to plasma membrane	50	1	0.86	1.1627906976744187	0.5806952239502567	0.5806952239502567	1	FALSE	0	1		EZR
GO:0043536	positive regulation of blood vessel endothelial cell migration	50	1	0.86	1.1627906976744187	0.5806952239502567	0.5806952239502567	1	FALSE	0	1		ETS1
GO:0015850	organic hydroxy compound transport	168	5	2.89	1.7301038062283736	0.5846876964101116	0.16383384059234601	0.8348085779209624	FALSE	5	0	FLVCR2;FCER1G;NPC2;CLU;CEACAM1	
GO:0048666	neuron development	703	9	12.09	0.7444168734491315	0.586177458787348	0.8601688812914031	1	FALSE	5	4	C1QA;LIMK1;KREMEN1;SCARF1;SEMA4A	EVL;CD3E;RUNX3;FBXO7
GO:0140029	exocytic process	69	2	1.19	1.680672268907563	0.5868170886446176	0.33336642366615776	1	FALSE	2	0	FCER1G;STX11	
GO:0035924	cellular response to vascular endothelial growth factor stimulus	51	1	0.88	1.1363636363636365	0.587935018644641	0.587935018644641	1	FALSE	1	0	MAPK14	
GO:0046847	filopodium assembly	51	1	0.88	1.1363636363636365	0.587935018644641	0.587935018644641	1	FALSE	0	1		EZR
GO:0034394	protein localization to cell surface	51	1	0.88	1.1363636363636365	0.587935018644641	0.587935018644641	1	FALSE	1	0	CD177	
GO:0072348	sulfur compound transport	51	1	0.88	1.1363636363636365	0.587935018644641	0.587935018644641	1	FALSE	1	0	SLC26A8	
GO:0051260	protein homooligomerization	167	4	2.87	1.3937282229965156	0.5888516743407997	0.32378203460109667	1	FALSE	3	1	NLRC4;TIFA;GBP5	EVL
GO:1901264	carbohydrate derivative transport	82	3	1.41	2.127659574468085	0.592636015898667	0.16732733774797154	0.8359865149344068	FALSE	3	0	NPC2;CR1;CALHM6	
GO:0051452	intracellular pH reduction	52	1	0.89	1.1235955056179776	0.5950503485256633	0.5950503485256633	1	FALSE	1	0	RAB20	
GO:0140467	integrated stress response signaling	52	1	0.89	1.1235955056179776	0.5950503485256633	0.5950503485256633	1	FALSE	1	0	BATF2	
GO:0046546	development of primary male sexual characteristics	52	1	0.89	1.1235955056179776	0.5950503485256633	0.5950503485256633	1	FALSE	1	0	LHFPL2	
GO:0034198	cellular response to amino acid starvation	52	1	0.89	1.1235955056179776	0.5950503485256633	0.5950503485256633	1	FALSE	1	0	SH3GLB1	
GO:0120193	tight junction organization	53	1	0.91	1.0989010989010988	0.60204334409759	0.60204334409759	1	FALSE	1	0	IL1B	
GO:0015837	amine transport	53	1	0.91	1.0989010989010988	0.60204334409759	0.60204334409759	1	FALSE	1	0	FLVCR2	
GO:0072657	protein localization to membrane	349	6	6	1	0.6022117981998047	0.5583611403738944	1	FALSE	4	2	VAMP5;SH3GLB1;GBP1;TNFAIP6	EZR;OGT
GO:0032869	cellular response to insulin stimulus	165	3	2.84	1.0563380281690142	0.6087737933397597	0.5425346819043034	1	FALSE	2	1	IL1B;CEACAM1	OGT
GO:0048278	vesicle docking	54	1	0.93	1.075268817204301	0.6089160995547745	0.6089160995547745	1	FALSE	1	0	STX11	
GO:0008652	amino acid biosynthetic process	54	1	0.93	1.075268817204301	0.6089160995547745	0.6089160995547745	1	FALSE	0	1		SLC38A1
GO:1904263	positive regulation of TORC1 signaling	54	1	0.93	1.075268817204301	0.6089160995547745	0.6089160995547745	1	FALSE	0	1		OGT
GO:0051893	regulation of focal adhesion assembly	54	1	0.93	1.075268817204301	0.6089160995547745	0.6089160995547745	1	FALSE	1	0	DUSP3	
GO:0032024	positive regulation of insulin secretion	54	1	0.93	1.075268817204301	0.6089160995547745	0.6089160995547745	1	FALSE	0	1		PRKACB
GO:0045727	positive regulation of translation	119	2	2.05	0.9756097560975611	0.6101847690484519	0.6101847690484519	1	FALSE	0	2		RPS4X;OGT
GO:0007163	establishment or maintenance of cell polarity	162	2	2.79	0.7168458781362007	0.6103244840945099	0.7711550292653458	1	FALSE	1	1	CDK5RAP2	CD3G
GO:0006998	nuclear envelope organization	55	1	0.95	1.0526315789473684	0.6156706733977799	0.6156706733977799	1	FALSE	1	0	LMNB1	
GO:0008608	attachment of spindle microtubules to kinetochore	55	1	0.95	1.0526315789473684	0.6156706733977799	0.6156706733977799	1	FALSE	1	0	RAB24	
GO:0002062	chondrocyte differentiation	55	1	0.95	1.0526315789473684	0.6156706733977799	0.6156706733977799	1	FALSE	0	1		RUNX3
GO:1901137	carbohydrate derivative biosynthetic process	517	6	8.89	0.6749156355455568	0.6206314215572488	0.88464282976251285	1	FALSE	4	2	ST3GAL4;VPS9D1;IL1B;GK	ST6GAL1;OGT
GO:0070059	intrinsic apoptotic signaling pathway in response to endoplasmic reticulum stress	56	1	0.96	1.0416666666666667	0.6223090890390909	0.6223090890390909	1	FALSE	1	0	CASP4	
GO:0051649	establishment of localization in cell	1597	21	27.47	0.7644703312704769	0.622843338993389	0.928060051120964	1	FALSE	18	3	CDK5RAP2;FCER1G;LMNB1;RAB20;SORT1;CTSA;LIMK2;NPC2;DYSF;RAB24;IL1B;CLU;CEACAM1;ANXA3;TAP1;LCN2;CD177;STX11	SUN2;ARL4C;EZR
GO:0010608	post-transcriptional regulation of gene expression	496	6	8.53	0.7033997655334115	0.6266338981606576	0.8599813237900822	1	FALSE	3	3	MAPK14;PARP9;PML	ZFP36L2;RPS4X;OGT
GO:0009636	response to toxic substance	185	4	3.18	1.2578616352201257	0.6275268405562937	0.3941212834560974	1	FALSE	3	1	HP;LCN2;MT2A	HBA2
GO:0048639	positive regulation of developmental growth	87	2	1.5	1.3333333333333333	0.6280448246119995	0.44297603260916407	1	FALSE	1	1	LIMK1	EZR
GO:0044344	cellular response to fibroblast growth factor stimulus	57	1	0.98	1.0204081632653061	0.6288333353985944	0.6288333353985944	1	FALSE	0	1		ZFP36L2
GO:0034614	cellular response to reactive oxygen species	112	4	1.93	2.072538860103627	0.6318484708703391	0.1274345753084413	0.7370233223889585	FALSE	2	2	IL18RAP;LCN2	KLF2;ATM
GO:0006469	negative regulation of protein kinase activity	58	1	1	1	0.635245367488996	0.635245367488996	1	FALSE	1	0	CEACAM1	
GO:0007411	axon guidance	125	2	2.15	0.9302325581395349	0.6369606152829093	0.6369606152829093	1	FALSE	1	1	SEMA4A	EVL
GO:0043066	negative regulation of apoptotic process	573	15	9.86	1.5212981744421907	0.6389943063982354	0.06997835513199506	0.49836916647112545	FALSE	12	3	ICAM1;SOCS3;GRINA;IL1B;CLU;LCN2;NAIP;LTF;IRF7;IFIT3;MMP9;IFI6	FCMR;IL7R;FBXO7
GO:0071229	cellular response to acid chemical	59	1	1.01	0.9900990099009901	0.6415471069913457	0.6415471069913457	1	FALSE	0	1		KLF2
GO:0016925	protein sumoylation	59	1	1.01	0.9900990099009901	0.6415471069913457	0.6415471069913457	1	FALSE	1	0	PML	
GO:0006835	dicarboxylic acid transport	59	1	1.01	0.9900990099009901	0.6415471069913457	0.6415471069913457	1	FALSE	1	0	SLC26A8	
GO:0009410	response to xenobiotic stimulus	240	7	4.13	1.6949152542372883	0.6423937308030303	0.12074337454885326	0.7190350967401162	FALSE	5	2	AIM2;IL1B;LCN2;S100A12;ACSL1	LCK;RORA
GO:0000902	cell morphogenesis	578	7	9.94	0.7042253521126761	0.6465038700146479	0.8739570513047876	1	FALSE	4	3	LIMK1;CLU;SEMA4A;SPARC	EVL;EZR;BCL9L
GO:0097435	supramolecular fiber organization	632	11	10.87	1.0119595216191353	0.6475040902274111	0.5280919702024488	1	FALSE	7	4	CDK5RAP2;LIMK1;LIMK2;CLU;MSRB1;TNFAIP6;MYL9	EVL;S1PR1;SPTAN1;EZR
GO:0006081	aldehyde metabolic process	60	1	1.03	0.970873786407767	0.6477404428208373	0.6477404428208373	1	FALSE	1	0	ALPL	
GO:0018105	peptidyl-serine phosphorylation	60	1	1.03	0.970873786407767	0.6477404428208373	0.6477404428208373	1	FALSE	0	1		ATM
GO:0046928	regulation of neurotransmitter secretion	60	1	1.03	0.970873786407767	0.6477404428208373	0.6477404428208373	1	FALSE	1	0	DYSF	
GO:0001701	in utero embryonic development	60	1	1.03	0.970873786407767	0.6477404428208373	0.6477404428208373	1	FALSE	0	1		MBNL1
GO:0060341	regulation of cellular localization	420	7	7.22	0.9695290858725762	0.6480849913529948	0.5875246122082276	1	FALSE	5	2	GBP1;IL1B;LCN2;TNFAIP6;PML	EZR;OGT
GO:0008283	cell population proliferation	1195	39	20.56	1.896887159533074	0.6483627296460474	6.878678948907421e-5	0.0017217363992128756	FALSE	22	17	SMARCD3;PDCD1LG2;TNFSF13;LILRB4;CD274;HPSE;LRG1;IFITM1;IL1B;CLU;CR1;CEACAM1;RHBDF2;WARS1;STAT1;TNFSF13B;SPARC;LTF;IFI35;IFIT3;PML;MMP9	IKZF3;LBH;S1PR1;CD6;CD3E;ETS1;CDC25B;CD79A;MS4A1;TNFRSF13C;GPR183;RORA;CD22;IL7R;RUNX3;RPS4X;ATM
GO:0097194	execution phase of apoptosis	62	1	1.07	0.9345794392523364	0.6598092986207658	0.6598092986207658	1	FALSE	1	0	PLSCR1	
GO:0008589	regulation of smoothened signaling pathway	62	1	1.07	0.9345794392523364	0.6598092986207658	0.6598092986207658	1	FALSE	0	1		RORA
GO:0042127	regulation of cell population proliferation	1049	35	18.04	1.9401330376940134	0.6625602934265793	1.110143041598038e-4	0.0026537245403069616	FALSE	21	14	SMARCD3;PDCD1LG2;TNFSF13;LILRB4;CD274;HPSE;LRG1;IFITM1;IL1B;CLU;CR1;CEACAM1;WARS1;STAT1;TNFSF13B;SPARC;LTF;IFI35;IFIT3;PML;MMP9	IKZF3;LBH;S1PR1;CD6;CD3E;ETS1;CDC25B;TNFRSF13C;GPR183;CD22;IL7R;RUNX3;RPS4X;ATM
GO:0019725	cellular homeostasis	515	10	8.86	1.1286681715575622	0.6636572906239822	0.39335704430329715	1	FALSE	6	4	AIM2;HK3;RAB20;LCN2;MT2A;PML	TMC8;ANXA6;IL7R;OGT
GO:0007160	cell-matrix adhesion	174	4	2.99	1.3377926421404682	0.6639085656632515	0.35113739868654936	1	FALSE	3	1	DUSP3;HPSE;ITGA2B	CD3E
GO:0034644	cellular response to UV	74	2	1.27	1.574803149606299	0.6643715326843666	0.3646356638149624	1	FALSE	2	0	MAPK14;MMP9	
GO:0045444	fat cell differentiation	146	3	2.51	1.1952191235059761	0.6647592731616302	0.46093708563209157	1	FALSE	1	2	FFAR2	ZFP36L2;RORA
GO:0006974	DNA damage response	878	10	15.1	0.6622516556291391	0.6661820458248823	0.9412735287231941	1	FALSE	8	2	SMARCD3;MAPK14;AIM2;FBXO6;CLU;PARP9;IRF7;PML	NOP53;ATM
GO:0045732	positive regulation of protein catabolic process	191	4	3.29	1.21580547112462	0.6701401136645934	0.4174121956003354	1	FALSE	2	2	IL1B;CLU	NOP53;EZR
GO:0001938	positive regulation of endothelial cell proliferation	64	1	1.1	0.9090909090909091	0.6714664117964606	0.6714664117964606	1	FALSE	1	0	LRG1	
GO:0008333	endosome to lysosome transport	64	1	1.1	0.9090909090909091	0.6714664117964606	0.6714664117964606	1	FALSE	1	0	SORT1	
GO:0050768	negative regulation of neurogenesis	64	1	1.1	0.9090909090909091	0.6714664117964606	0.6714664117964606	1	FALSE	1	0	IL1B	
GO:0016485	protein processing	162	6	2.79	2.150537634408602	0.6716868162924885	0.0611209514908742	0.4504597738563356	FALSE	5	1	NLRC4;HP;HPSE;CASP1;CASP4	OGT
GO:0051656	establishment of organelle localization	338	5	5.81	0.8605851979345955	0.6726610113691818	0.6948287189037325	1	FALSE	3	2	CDK5RAP2;LMNB1;LIMK2	SUN2;EZR
GO:0010975	regulation of neuron projection development	297	4	5.11	0.7827788649706457	0.6731378644912462	0.7555532568549137	1	FALSE	3	1	LIMK1;KREMEN1;SCARF1	FBXO7
GO:0007186	G protein-coupled receptor signaling pathway	560	12	9.63	1.2461059190031152	0.6734525878313515	0.2576794378354614	0.9624467046327219	FALSE	7	5	ADM;MARCO;C3AR1;P2RY14;FFAR2;HCAR3;HCAR2	S1PR1;CD3E;EZR;GPR183;PRKACB
GO:0006633	fatty acid biosynthetic process	133	3	2.29	1.3100436681222707	0.6813547394292934	0.4017321019993447	1	FALSE	3	0	IL1B;CEACAM1;ACSL1	
GO:0007338	single fertilization	66	1	1.14	0.8771929824561404	0.6827257696371731	0.6827257696371731	1	FALSE	1	0	LHFPL2	
GO:0019915	lipid storage	66	1	1.14	0.8771929824561404	0.6827257696371731	0.6827257696371731	1	FALSE	1	0	FFAR2	
GO:0098739	import across plasma membrane	190	6	3.27	1.8348623853211008	0.6835040000179693	0.11005390720668753	0.6738044341006325	FALSE	4	2	CACNA1E;KCNJ15;LCN2;ACSL1	SLC38A1;MS4A1
GO:0006790	sulfur compound metabolic process	217	3	3.73	0.8042895442359249	0.6891629858713106	0.7249234283235204	1	FALSE	3	0	SQOR;VNN1;ACSL1	
GO:0006879	intracellular iron ion homeostasis	68	1	1.17	0.8547008547008548	0.6936008863018237	0.6936008863018237	1	FALSE	1	0	LCN2	
GO:2000045	regulation of G1/S transition of mitotic cell cycle	139	2	2.39	0.8368200836820083	0.6938161045466968	0.6938161045466968	1	FALSE	2	0	SMARCD3;PSME2	
GO:0045860	positive regulation of protein kinase activity	109	2	1.87	1.06951871657754	0.6984005494639157	0.5622906706466496	1	FALSE	2	0	LILRA5;S100A12	
GO:0030101	natural killer cell activation	69	1	1.19	0.8403361344537815	0.6988984519288188	0.6988984519288188	1	FALSE	0	1		CD2
GO:0006303	double-strand break repair via nonhomologous end joining	69	1	1.19	0.8403361344537815	0.6988984519288188	0.6988984519288188	1	FALSE	0	1		ATM
GO:0071806	protein transmembrane transport	69	1	1.19	0.8403361344537815	0.6988984519288188	0.6988984519288188	1	FALSE	1	0	HPSE	
GO:0030490	maturation of SSU-rRNA	69	1	1.19	0.8403361344537815	0.6988984519288188	0.6988984519288188	1	FALSE	0	1		RPS28
GO:0043500	muscle adaptation	71	1	1.22	0.819672131147541	0.7092215499885406	0.7092215499885406	1	FALSE	1	0	IL1B	
GO:0051865	protein autoubiquitination	71	1	1.22	0.819672131147541	0.7092215499885406	0.7092215499885406	1	FALSE	1	0	TRIM21	
GO:0046474	glycerophospholipid biosynthetic process	188	2	3.23	0.6191950464396285	0.7108489491884241	0.8376305274397515	1	FALSE	1	1	PLSCR1	ATM
GO:0007283	spermatogenesis	398	5	6.85	0.7299270072992701	0.711732769108461	0.8190824109920866	1	FALSE	2	3	SLC26A8;SEPTIN4	RPL18A;RPL3;RPL23A
GO:0070588	calcium ion transmembrane transport	218	6	3.75	1.6	0.7151771062196834	0.1739678275061106	0.8359865149344068	FALSE	4	2	CACNA1E;GRINA;PML;GP1BB	LCK;MS4A1
GO:0006605	protein targeting	186	3	3.2	0.9375	0.7151825232167037	0.6239014048824183	1	FALSE	3	0	GBP5;CLU;PML	
GO:0032984	protein-containing complex disassembly	228	3	3.92	0.7653061224489796	0.7153547779053344	0.7552808409357539	1	FALSE	2	1	SMARCD3;TRIM21	SPTAN1
GO:0051240	positive regulation of multicellular organismal process	1206	64	20.74	3.085824493731919	0.7219588661958647	7.532589538647169e-17	1.2180640377494746e-14	FALSE	45	19	SMARCD3;NLRC4;PDCD1LG2;ST3GAL4;LIMK1;MAPK14;AIM2;TLR5;FCER1G;IL18RAP;FCGR1A;VNN1;TNFSF13;ADM;LILRB4;CD274;HPSE;GBP5;SECTM1;C3AR1;LRG1;CASP1;IL1B;CLU;CR1;PSMB9;ANXA3;LCN2;FFAR2;LILRA5;SEMA4A;ALPL;CLEC4E;STAT1;TNFSF13B;NAIP;HCAR2;LTF;ACSL1;IRF7;GP1BB;OAS1;RSAD2;OAS3;ISG15	LBH;LCK;CD6;ZAP70;EEIG1;CD3E;ETS1;CD5;CD2;EZR;BCL9L;IL32;TNFRSF13C;GPR183;RORA;ITK;IL7R;RUNX3;OGT
GO:0051963	regulation of synapse assembly	118	2	2.03	0.9852216748768474	0.723668706999612	0.6055793372206665	1	FALSE	1	1	SEMA4A	OGT
GO:0015986	proton motive force-driven ATP synthesis	74	1	1.27	0.7874015748031495	0.7240491647910892	0.7240491647910892	1	FALSE	1	0	VPS9D1	
GO:0051897	positive regulation of phosphatidylinositol 3-kinase/protein kinase B signal transduction	148	2	2.55	0.7843137254901962	0.7263588502795562	0.7263588502795562	1	FALSE	2	0	HPSE;IL1B	
GO:0010959	regulation of metal ion transport	222	4	3.82	1.0471204188481675	0.7280862633465721	0.5331604259330918	1	FALSE	3	1	LCN2;LILRA5;PML	MS4A1
GO:1903008	organelle disassembly	75	1	1.29	0.7751937984496123	0.7288224589590304	0.7288224589590304	1	FALSE	1	0	TRIM21	
GO:0009247	glycolipid biosynthetic process	75	1	1.29	0.7751937984496123	0.7288224589590304	0.7288224589590304	1	FALSE	1	0	ST3GAL4	
GO:0043200	response to amino acid	76	1	1.31	0.7633587786259541	0.7335135423700576	0.7335135423700576	1	FALSE	1	0	LCN2	
GO:0000122	negative regulation of transcription by RNA polymerase II	744	11	12.8	0.859375	0.7399816040793744	0.7399816040793744	1	FALSE	4	7	ETV7;PARP9;STAT1;IRF7	KLF2;TLE5;CABIN1;NOP53;EZR;RUNX3;OGT
GO:0010507	negative regulation of autophagy	79	1	1.36	0.7352941176470588	0.7471075060242061	0.7471075060242061	1	FALSE	1	0	CTSA	
GO:0065008	regulation of biological quality	2096	41	36.05	1.1373092926490986	0.7504398909550617	0.20579667575977753	0.8902203960088568	FALSE	27	14	ST3GAL4;LIMK1;MAPK14;FCER1G;SH3GLB1;SERPING1;RAB20;ADM;CTSA;HPSE;DHRS9;C3AR1;PLSCR1;TREML1;IL1B;CLU;CEACAM1;TRIM21;FFAR2;SEMA4A;STAT1;HCAR2;SPARC;MYL9;PML;GP1BB;IFI6	ZFP36L2;KLF2;EVL;TMC8;LCK;ATP8B2;NOP53;SLC38A1;SPTAN1;EZR;ATM;PRKACB;OGT;FBXO7
GO:0007156	homophilic cell-cell adhesion	80	1	1.38	0.7246376811594204	0.7514836056467379	0.7514836056467379	1	FALSE	1	0	CEACAM1	
GO:0016358	dendrite development	156	2	2.68	0.7462686567164178	0.7527933427179597	0.7527933427179597	1	FALSE	1	1	SCARF1	CD3E
GO:0045471	response to ethanol	81	1	1.39	0.7194244604316548	0.7557843068165706	0.7557843068165706	1	FALSE	1	0	S100A8	
GO:0001676	long-chain fatty acid metabolic process	81	1	1.39	0.7194244604316548	0.7557843068165706	0.7557843068165706	1	FALSE	1	0	ACSL1	
GO:0006575	modified amino acid metabolic process	133	2	2.29	0.8733624454148472	0.7598282082767891	0.6703993073850473	1	FALSE	2	0	VNN1;PLSCR1	
GO:0030163	protein catabolic process	952	16	16.38	0.9768009768009769	0.7600285582009475	0.5761386689444015	1	FALSE	12	4	FBXO6;CTSA;HPSE;IL1B;CLU;PSMB9;CEACAM1;TRIM21;UBE2L6;PSME2;PML;ISG15	NOP53;EZR;OGT;FBXO7
GO:0043588	skin development	127	3	2.18	1.3761467889908257	0.7622807061756935	0.3737787541482387	1	FALSE	3	0	HPSE;RHBDF2;TNFSF13B	
GO:0006325	chromatin organization	756	8	13	0.6153846153846154	0.7625249931605738	0.9522717760866242	1	FALSE	5	3	SMARCD3;H2BC21;H2BC12;LMNB1;PML	CABIN1;ATM;OGT
GO:0007029	endoplasmic reticulum organization	84	1	1.44	0.6944444444444444	0.7682468441277837	0.7682468441277837	1	FALSE	0	1		ESYT1
GO:0034599	cellular response to oxidative stress	197	5	3.39	1.4749262536873156	0.7691292585784062	0.2518252488928516	0.9591439851868605	FALSE	3	2	IL18RAP;LCN2;PML	KLF2;ATM
GO:0031398	positive regulation of protein ubiquitination	85	1	1.46	0.684931506849315	0.7722586670371198	0.7722586670371198	1	FALSE	1	0	SEPTIN4	
GO:0007204	positive regulation of cytosolic calcium ion concentration	103	2	1.77	1.1299435028248588	0.7751501172383529	0.5316049861186781	1	FALSE	2	0	C3AR1;PML	
GO:0001764	neuron migration	86	1	1.48	0.6756756756756757	0.7762013415941081	0.7762013415941081	1	FALSE	1	0	SEPTIN4	
GO:0001578	microtubule bundle formation	86	1	1.48	0.6756756756756757	0.7762013415941081	0.7762013415941081	1	FALSE	1	0	CDK5RAP2	
GO:0030182	neuron differentiation	837	12	14.4	0.8333333333333333	0.7792602983150129	0.7828440243503425	1	FALSE	7	5	C1QA;CDK5RAP2;LIMK1;KREMEN1;SCARF1;RHBDF2;SEMA4A	EVL;S1PR1;CD3E;RUNX3;FBXO7
GO:0071333	cellular response to glucose stimulus	87	1	1.5	0.6666666666666666	0.7800760544892819	0.7800760544892819	1	FALSE	0	1		OGT
GO:0006493	protein O-linked glycosylation	117	3	2.01	1.492537313432836	0.781671511608502	0.32672869959193607	1	FALSE	1	2	ST3GAL4	ST6GAL1;OGT
GO:0055085	transmembrane transport	1095	22	18.84	1.167728237791932	0.7821686450628277	0.2528061940490757	0.9591439851868605	FALSE	16	6	FLVCR2;SLC26A8;CACNA1E;HPSE;GRINA;IL1B;CALHM6;APOL1;KCNJ15;TAP1;LCN2;PPBP;ACSL1;PML;MMP9;GP1BB	TMC8;LCK;ATP8B2;SLC38A1;MS4A1;ANXA6
GO:0072384	organelle transport along microtubule	88	1	1.51	0.6622516556291391	0.7838839721363386	0.7838839721363386	1	FALSE	0	1		SUN2
GO:0062013	positive regulation of small molecule metabolic process	117	2	2.01	0.9950248756218907	0.7868709879707398	0.6009330020913591	1	FALSE	2	0	ADM;IL1B	
GO:0000209	protein polyubiquitination	246	4	4.23	0.9456264775413711	0.7871979220574693	0.6144629094113319	1	FALSE	3	1	TRIM21;UBE2L6;TRIM22	FBXO7
GO:0071375	cellular response to peptide hormone stimulus	254	4	4.37	0.9153318077803203	0.7874015173983179	0.639547208971446	1	FALSE	2	2	IL1B;CEACAM1	KLF2;OGT
GO:0051345	positive regulation of hydrolase activity	89	1	1.53	0.6535947712418301	0.7876262410170947	0.7876262410170947	1	FALSE	1	0	CR1	
GO:0006941	striated muscle contraction	169	2	2.91	0.6872852233676976	0.7910703785238591	0.7910703785238591	1	FALSE	0	2		RPL18A;RPL23A
GO:0030036	actin cytoskeleton organization	561	8	9.65	0.8290155440414507	0.7929910832145792	0.754552886013252	1	FALSE	4	4	LIMK1;LIMK2;MSRB1;MYL9	EVL;S1PR1;SPTAN1;EZR
GO:1902533	positive regulation of intracellular signal transduction	900	31	15.48	2.0025839793281652	0.7932377779461547	1.6279085435284547e-4	0.003683226819884545	FALSE	26	5	SEPTIN4;ICAM1;CARD16;TIFA;VNN1;GADD45B;HPSE;MARCO;GBP5;SECTM1;CASP1;IL1B;CLU;GBP2;TRIM21;LILRA5;S100A12;TRIM22;NAIP;TNFSF10;LTF;IFI35;PML;S100A8;RSAD2;OASL	KLF2;LCK;GPR183;ATM;OGT
GO:0030307	positive regulation of cell growth	122	2	2.1	0.9523809523809523	0.7977789075193751	0.6237559617290984	1	FALSE	2	0	LIMK1;S100A8	
GO:0043484	regulation of RNA splicing	173	2	2.98	0.6711409395973155	0.8017542254796435	0.8017542254796435	1	FALSE	0	2		AHNAK;MBNL1
GO:0043410	positive regulation of MAPK cascade	307	8	5.28	1.5151515151515151	0.8072740347599261	0.1601867993100854	0.8215550584019119	FALSE	7	1	ICAM1;GADD45B;MARCO;IL1B;LILRA5;S100A12;NAIP	GPR183
GO:0017148	negative regulation of translation	124	2	2.13	0.9389671361502347	0.808061220444589	0.6325996767348898	1	FALSE	1	1	PML	ZFP36L2
GO:0006886	intracellular protein transport	575	7	9.89	0.7077856420626896	0.8123249439198362	0.8706233788155116	1	FALSE	6	1	RAB20;CTSA;RAB24;IL1B;CLU;STX11	ARL4C
GO:0032456	endocytic recycling	97	1	1.67	0.5988023952095809	0.8153323001180062	0.8153323001180062	1	FALSE	0	1		ARL4C
GO:0007268	chemical synaptic transmission	464	5	7.98	0.6265664160401002	0.8154106136186238	0.9052950660935799	1	FALSE	4	1	CACNA1E;DYSF;IL1B;STX11	SLC38A1
GO:0007043	cell-cell junction assembly	98	1	1.69	0.591715976331361	0.8185321964223908	0.8185321964223908	1	FALSE	1	0	IL1B	
GO:0046777	protein autophosphorylation	98	1	1.69	0.591715976331361	0.8185321964223908	0.8185321964223908	1	FALSE	0	1		ATM
GO:0034504	protein localization to nucleus	253	8	4.35	1.8390804597701151	0.8217697138251072	0.07123440513749214	0.5066581622845172	FALSE	6	2	LMNB1;LILRB4;LIMK2;GBP2;PARP9;PML	SUN2;NOP53
GO:0007399	nervous system development	1573	26	27.06	0.9608277900960829	0.8217985523369453	0.6173547411592516	1	FALSE	15	11	C1QA;SMARCD3;CDK5RAP2;SEPTIN4;LIMK1;AIM2;KREMEN1;SCARF1;VCAN;CASP5;IL1B;CLU;RHBDF2;SEMA4A;NAIP	EVL;SUN2;S1PR1;CD3E;SPOCK2;GPR183;RORA;RUNX3;MBNL1;OGT;FBXO7
GO:0046907	intracellular transport	1220	13	20.99	0.6193425440686041	0.8229975024820321	0.9807858186794641	1	FALSE	10	3	LMNB1;RAB20;SORT1;CTSA;NPC2;RAB24;IL1B;CLU;TAP1;STX11	SUN2;ARL4C;EZR
GO:0001666	response to hypoxia	214	4	3.68	1.0869565217391304	0.8233564830909352	0.5042592215921211	1	FALSE	2	2	LCN2;PML	NOP53;RORA
GO:0001894	tissue homeostasis	141	2	2.43	0.8230452674897119	0.824371213894173	0.7013120147572163	1	FALSE	1	1	ALPL	S1PR1
GO:0030048	actin filament-based movement	100	1	1.72	0.5813953488372093	0.824767312330974	0.824767312330974	1	FALSE	0	1		SUN2
GO:0007601	visual perception	100	1	1.72	0.5813953488372093	0.824767312330974	0.824767312330974	1	FALSE	0	1		ABLIM1
GO:0007417	central nervous system development	545	9	9.37	0.96051227321238	0.8332194170448426	0.5976978502584396	1	FALSE	6	3	C1QA;CDK5RAP2;AIM2;VCAN;CASP5;CLU	SUN2;CD3E;RORA
GO:0043412	macromolecule modification	1830	30	31.48	0.9529860228716646	0.8340754313381038	0.641856327925594	1	FALSE	20	10	FAM20A;DUSP3;SEPTIN4;ST3GAL4;LIMK1;SOCS3;FBXO6;LIMK2;CEACAM1;TRIM21;UBE2L6;LILRA5;S100A12;PARP9;TRIM22;PML;MMP9;S100A8;PARP14;ISG15	ST6GAL1;ZAP70;NOP53;CDC25B;IL7R;RUNX3;ATM;PRKACB;OGT;FBXO7
GO:0036503	ERAD pathway	105	1	1.81	0.5524861878453039	0.8394376263315729	0.8394376263315729	1	FALSE	1	0	FBXO6	
GO:0071705	nitrogen compound transport	572	9	9.84	0.9146341463414634	0.8528585655182839	0.6553371305312294	1	FALSE	6	3	FLVCR2;FCER1G;IL1B;CR1;CALHM6;FFAR2	SLC38A1;PRKACB;HBA2
GO:0006937	regulation of muscle contraction	110	1	1.89	0.5291005291005292	0.8528846901843836	0.8528846901843836	1	FALSE	1	0	MYL9	
GO:0006281	DNA repair	595	6	10.23	0.5865102639296187	0.8554129319685296	0.9466955348997528	1	FALSE	4	2	SMARCD3;FBXO6;PARP9;PML	NOP53;ATM
GO:0007266	Rho protein signal transduction	112	1	1.93	0.5181347150259068	0.8579440510025387	0.8579440510025387	1	FALSE	1	0	LIMK1	
GO:0045944	positive regulation of transcription by RNA polymerase II	903	12	15.53	0.7726980038634901	0.8593341721633341	0.8593341721633341	1	FALSE	3	9	PLSCR1;STAT1;IRF7	KLF2;IKZF3;BCL11B;S1PR1;ETS1;BCL9L;RORA;ATM;OGT
GO:0010976	positive regulation of neuron projection development	114	1	1.96	0.5102040816326531	0.8628301550964583	0.8628301550964583	1	FALSE	1	0	SCARF1	
GO:0048515	spermatid differentiation	120	1	2.06	0.4854368932038835	0.8765070098035866	0.8765070098035866	1	FALSE	1	0	SEPTIN4	
GO:0030308	negative regulation of cell growth	120	1	2.06	0.4854368932038835	0.8765070098035866	0.8765070098035866	1	FALSE	1	0	PML	
GO:0035725	sodium ion transmembrane transport	121	1	2.08	0.4807692307692307	0.8786506262302926	0.8786506262302926	1	FALSE	0	1		SLC38A1
GO:0007052	mitotic spindle organization	127	1	2.18	0.4587155963302752	0.8907562329357515	0.8907562329357515	1	FALSE	0	1		SUN2
GO:0030317	flagellated sperm motility	128	1	2.2	0.45454545454545453	0.8926535195666662	0.8926535195666662	1	FALSE	1	0	SEPTIN4	
GO:0048167	regulation of synaptic plasticity	129	1	2.22	0.4504504504504504	0.8945179971730348	0.8945179971730348	1	FALSE	0	1		SLC38A1
GO:0007030	Golgi organization	131	1	2.25	0.4444444444444444	0.8981507752166475	0.8981507752166475	1	FALSE	0	1		ATP8B2
GO:0006986	response to unfolded protein	133	1	2.29	0.4366812227074236	0.9016589710250164	0.9016589710250164	1	FALSE	1	0	FBXO6	
GO:0048646	anatomical structure formation involved in morphogenesis	716	25	12.32	2.029220779220779	0.9044755719354203	5.983689318413516e-4	0.011345289565012797	FALSE	19	6	FAM20A;MAPK14;ADM;HPSE;C3AR1;LRG1;IL1B;CEACAM1;ANXA3;TYMP;WARS1;ITGA2B;SEMA4A;STAT1;SPARC;MYL9;STAB1;PML;MMP9	KLF2;RPL18A;S1PR1;ETS1;RPL23A;RORA
GO:0007517	muscle organ development	171	2	2.94	0.6802721088435374	0.9110516864817888	0.7964740444109253	1	FALSE	1	1	VAMP5	S1PR1
GO:0003002	regionalization	141	1	2.43	0.4115226337448559	0.9145288760780781	0.9145288760780781	1	FALSE	1	0	C1QA	
GO:0051726	regulation of cell cycle	899	18	15.46	1.1642949547218628	0.9178957692659387	0.2853443465524511	0.9910443571354239	FALSE	12	6	DUSP3;SMARCD3;CDK5RAP2;SH3GLB1;GADD45B;FBXO6;PLSCR1;IL1B;TRIM21;PSME2;PARP9;PML	ZFP36L2;NOP53;ETS1;CDC25B;RUNX3;ATM
GO:0016567	protein ubiquitination	639	9	10.99	0.818926296633303	0.9186900507851539	0.7761251447179321	1	FALSE	7	2	SEPTIN4;SOCS3;FBXO6;TRIM21;UBE2L6;TRIM22;ISG15	OGT;FBXO7
GO:0006511	ubiquitin-dependent protein catabolic process	632	8	10.87	0.735970561177553	0.9229835902598781	0.856868472117825	1	FALSE	5	3	FBXO6;CLU;PSMB9;UBE2L6;PML	NOP53;OGT;FBXO7
GO:0006338	chromatin remodeling	590	6	10.15	0.5911330049261083	0.9277128837381444	0.9438625381134735	1	FALSE	4	2	SMARCD3;H2BC21;LMNB1;PML	CABIN1;ATM
GO:0051236	establishment of RNA localization	153	1	2.63	0.3802281368821293	0.930756965673239	0.930756965673239	1	FALSE	0	1		ATM
GO:0006364	rRNA processing	232	2	3.99	0.5012531328320802	0.9420516287436858	0.9115505337350664	1	FALSE	0	2		NOP53;RPS28
GO:0015031	protein transport	1169	16	20.11	0.7956240676280457	0.9420570796568071	0.8628796410480739	1	FALSE	13	3	VAMP5;RAB20;SORT1;CTSA;HPSE;RAB24;IL1B;CLU;RHBDF2;TAP1;STX11;HCAR2;RSAD2	CD3G;ARL4C;PRKACB
GO:0051241	negative regulation of multicellular organismal process	762	30	13.11	2.288329519450801	0.9484044744022493	1.844497931944217e-5	5.254429860015184e-4	FALSE	25	5	DUSP3;C1QC;PDCD1LG2;CARD16;KREMEN1;SERPING1;ADM;LILRB4;CD274;GBP1;IL1B;CR1;PSMB9;CEACAM1;LILRA5;SEMA4A;TNFAIP6;STAT1;SPARC;LTF;STAB1;XAF1;PML;OAS1;OAS3	KLF2;EVL;RUNX3;ATM;OGT
GO:0022618	protein-RNA complex assembly	219	3	3.77	0.7957559681697612	0.9513256412034397	0.730651959798081	1	FALSE	0	3		NOP53;RPS28;ATM
GO:0043161	proteasome-mediated ubiquitin-dependent protein catabolic process	459	7	7.9	0.8860759493670886	0.9521765485618836	0.6799143385437036	1	FALSE	4	3	FBXO6;CLU;PSMB9;PML	NOP53;OGT;FBXO7
GO:0051650	establishment of vesicle localization	177	1	3.04	0.32894736842105265	0.9545811948537285	0.9545811948537285	1	FALSE	1	0	LIMK2	
GO:0000724	double-strand break repair via homologous recombination	179	1	3.08	0.3246753246753247	0.9561510998180008	0.9561510998180008	1	FALSE	0	1		ATM
GO:0031507	heterochromatin formation	179	1	3.08	0.3246753246753247	0.9561510998180008	0.9561510998180008	1	FALSE	1	0	LMNB1	
GO:0098655	monoatomic cation transmembrane transport	605	11	10.41	1.0566762728146013	0.9582136430590568	0.46926538830360165	1	FALSE	8	3	CACNA1E;GRINA;CALHM6;KCNJ15;LCN2;PML;MMP9;GP1BB	LCK;SLC38A1;MS4A1
GO:0006457	protein folding	195	1	3.35	0.29850746268656714	0.9669129706201369	0.9669129706201369	1	FALSE	1	0	CLU	
GO:0032259	methylation	202	1	3.47	0.2881844380403458	0.9707515010359138	0.9707515010359138	1	FALSE	1	0	TMT1B	
GO:0006357	regulation of transcription by RNA polymerase II	1961	24	33.73	0.7115327601541654	0.9756559178863348	0.9769150598801585	1	FALSE	9	15	SMARCD3;ZNF438;MAPK14;BATF2;PLSCR1;ETV7;PARP9;STAT1;IRF7	KLF2;IKZF3;BCL11B;S1PR1;TLE5;CABIN1;NOP53;ETS1;TCF7;EZR;BCL9L;RORA;RUNX3;ATM;OGT
GO:0016050	vesicle organization	331	3	5.69	0.5272407732864675	0.9794053704477899	0.9271054727243248	1	FALSE	3	0	RAB20;SORT1;STX11	
GO:0140694	membraneless organelle assembly	371	5	6.38	0.7836990595611285	0.9799939981518959	0.7691349174581837	1	FALSE	2	3	CDK5RAP2;MYL9	NOP53;RPS28;EZR
GO:0060271	cilium assembly	332	3	5.71	0.5253940455341506	0.9817644946340192	0.9280185403049264	1	FALSE	1	2	LIMK2	SEPTIN9;ABLIM1
GO:0006397	mRNA processing	465	1	8	0.125	0.9997291584516567	0.9997291584516567	1	FALSE	0	1		MBNL1
GO:0061951	establishment of protein localization to plasma membrane	61	1	1.05	0.9523809523809523	1	0.6538272316830465	1	FALSE	1	0	VAMP5	
GO:0070663	regulation of leukocyte proliferation	184	14	3.16	4.430379746835443	1	3.540653894364137e-6	1.2243091264914482e-4	FALSE	7	7	PDCD1LG2;TNFSF13;LILRB4;CD274;IL1B;CR1;TNFSF13B	IKZF3;CD6;CD3E;TNFRSF13C;GPR183;CD22;ATM
GO:0043276	anoikis	29	1	0.5	2	1	0.3957139152715863	1	FALSE	0	1		TLE5
GO:0070664	negative regulation of leukocyte proliferation	66	5	1.14	4.385964912280702	1	0.005496597146448008	0.07299587224920567	FALSE	4	1	PDCD1LG2;LILRB4;CD274;CR1	ATM
GO:0002424	T cell mediated immune response to tumor cell	19	1	0.33	3.0303030303030303	1	0.2809968575851538	0.9794722429446581	FALSE	1	0	CD274	
GO:0070665	positive regulation of leukocyte proliferation	112	9	1.93	4.663212435233161	1	1.331782993014771e-4	0.003086148727034774	FALSE	5	4	PDCD1LG2;TNFSF13;CD274;IL1B;TNFSF13B	CD6;CD3E;TNFRSF13C;GPR183
GO:0019751	polyol metabolic process	83	1	1.43	0.6993006993006994	1	0.7641646655478342	1	FALSE	1	0	GK	
GO:0019752	carboxylic acid metabolic process	668	15	11.49	1.3054830287206267	1	0.1767242542341069	0.8397838805351078	FALSE	12	3	NLRC4;PFKFB3;HK3;VNN1;DHRS9;CASP1;IL1B;CEACAM1;LTA4H;PARP9;NAIP;ACSL1	ST6GAL1;SLC38A1;OGT
GO:0045934	negative regulation of nucleobase-containing compound metabolic process	1253	21	21.55	0.974477958236659	1	0.5838976909800379	1	FALSE	10	11	ZNF438;MAPK14;LILRB4;ETV7;PARP9;STAT1;TRIM22;IRF7;PML;PARP14	KLF2;LBH;TLE5;CABIN1;NOP53;PBXIP1;TCF7;EZR;RUNX3;ATM;OGT
GO:0044057	regulation of system process	347	2	5.97	0.33500837520938026	1	0.9837864851104507	1	FALSE	2	0	ADM;MYL9	
GO:0002429	immune response-activating cell surface receptor signaling pathway	291	34	5.01	6.786427145708583	1	5.222212565407934e-19	1.0633972105412155e-16	FALSE	15	19	DUSP3;PDCD1LG2;LIMK1;TLR5;LILRB4;CD274;C3AR1;PLSCR1;GBP1;CR1;CEACAM1;FFAR2;LTF;IFI35;OAS1	TRAC;TRBC1;FCMR;LCK;TRBC2;ZAP70;CD3G;CD3E;CD5;CD79A;MS4A1;EZR;CD247;CLEC2D;ITK;CD22;CD79B;IGHM;CD8A
GO:0045936	negative regulation of phosphate metabolic process	134	3	2.3	1.3043478260869565	1	0.4063593530599431	1	FALSE	2	1	CEACAM1;PARP14	IL7R
GO:0045937	positive regulation of phosphate metabolic process	251	6	4.32	1.3888888888888888	1	0.2641160392712018	0.9689020087155695	FALSE	6	0	FAM20A;LILRA5;S100A12;PARP9;MMP9;PARP14	
GO:0035966	response to topologically incorrect protein	149	2	2.56	0.78125	1	0.7297888256106453	1	FALSE	2	0	FBXO6;CLU	
GO:0061326	renal tubule development	41	1	0.71	1.4084507042253522	1	0.509565823117882	1	FALSE	1	0	STAT1	
GO:0044085	cellular component biogenesis	2947	44	50.69	0.8680213059775104	1	0.8771596347939457	1	FALSE	25	19	DUSP3;CDK5RAP2;NLRC4;H2BC21;LIMK1;AIM2;LMNB1;TIFA;SH3GLB1;RAB20;LIMK2;CASP5;GBP5;GBP1;CASP1;IL1B;CLU;CASP4;GBP2;MSRB1;SEMA4A;MYL9;PML;OAS1;ISG15	EVL;TMC8;S1PR1;CABIN1;CD3G;CD3E;NOP53;SPOCK2;RPS28;SEPTIN9;SPTAN1;MS4A1;ABLIM1;EZR;CD247;RPS4X;ATM;PRKACB;OGT
GO:0098771	inorganic ion homeostasis	286	7	4.92	1.4227642276422765	1	0.22304240411466572	0.916691905832938	FALSE	5	2	FAM20A;LCN2;ALPL;MT2A;PML	TMC8;ANXA6
GO:0009620	response to fungus	46	8	0.79	10.126582278481012	1	1.0071470885758011e-6	4.326011478898246e-5	FALSE	7	1	S100A12;CLEC4E;DEFA1;LTF;S100A8;DEFA1;DEFA3	GNLY
GO:0098773	skin epidermis development	44	2	0.76	2.6315789473684212	1	0.17486762754585947	0.8359865149344068	FALSE	2	0	HPSE;RHBDF2	
GO:0002418	immune response to tumor cell	33	2	0.57	3.5087719298245617	1	0.10995676876271954	0.6738044341006325	FALSE	2	0	CD274;CEACAM1	
GO:0044087	regulation of cellular component biogenesis	851	20	14.64	1.366120218579235	1	0.09641532332759863	0.6229041688074468	FALSE	11	9	DUSP3;CDK5RAP2;LIMK1;SH3GLB1;LIMK2;GBP5;IL1B;CLU;GBP2;SEMA4A;ISG15	EVL;TMC8;S1PR1;NOP53;SEPTIN9;SPTAN1;EZR;ATM;OGT
GO:0044088	regulation of vacuole organization	55	2	0.95	2.1052631578947367	1	0.24416911203249475	0.9487221045615944	FALSE	1	1	SH3GLB1	ATM
GO:0007369	gastrulation	79	1	1.36	0.7352941176470588	1	0.7471075060242061	1	FALSE	1	0	MMP9	
GO:0044089	positive regulation of cellular component biogenesis	398	11	6.85	1.6058394160583942	1	0.08296178932365292	0.5618865958676292	FALSE	8	3	CDK5RAP2;LIMK1;SH3GLB1;GBP5;CLU;GBP2;SEMA4A;ISG15	EVL;SEPTIN9;ATM
GO:0009628	response to abiotic stimulus	776	11	13.35	0.8239700374531835	1	0.7872448155795624	1	FALSE	8	3	MAPK14;TLR5;CASP5;CASP1;IL1B;LCN2;PML;MMP9	NOP53;RORA;ATM
GO:0071900	regulation of protein serine/threonine kinase activity	97	1	1.67	0.5988023952095809	1	0.8153323001180062	1	FALSE	1	0	S100A12	
GO:0002440	production of molecular mediator of immune response	157	9	2.7	3.333333333333333	1	0.0015759315531492053	0.02615851758834553	FALSE	8	1	TNFSF13;LILRB4;SECTM1;IL1B;CR1;CALHM6;FFAR2;RSAD2	CD22
GO:0071902	positive regulation of protein serine/threonine kinase activity	40	1	0.69	1.4492753623188408	1	0.5009557520984682	1	FALSE	1	0	S100A12	
GO:0002443	leukocyte mediated immunity	370	22	6.36	3.4591194968553456	1	4.2231210376533115e-7	1.9757173836048235e-5	FALSE	19	3	C1QB;C1QA;C2;C1QC;FCER1G;ICAM1;FCGR1A;TNFSF13;LILRB4;CD274;SECTM1;IL1B;CLU;CR1;CEACAM1;CALHM6;ANXA3;CD177;RSAD2	FCMR;CD2;CD8A
GO:0000768	syncytium formation by plasma membrane fusion	75	3	1.29	2.3255813953488373	1	0.13871042579526047	0.7742435746419716	FALSE	1	2	MAPK14	RPL18A;RPL23A
GO:0009612	response to mechanical stimulus	151	4	2.6	1.5384615384615383	1	0.262123947473923	0.9689020087155695	FALSE	4	0	TLR5;CASP5;CASP1;IL1B	
GO:0034502	protein localization to chromosome	103	1	1.77	0.5649717514124294	1	0.8337222787108659	1	FALSE	1	0	PML	
GO:0002449	lymphocyte mediated immunity	291	19	5.01	3.792415169660679	1	6.639133491677643e-7	3.0166905733259246e-5	FALSE	16	3	C1QB;C1QA;C2;C1QC;FCER1G;FCGR1A;TNFSF13;LILRB4;CD274;SECTM1;IL1B;CLU;CR1;CEACAM1;CALHM6;RSAD2	FCMR;CD2;CD8A
GO:0035329	hippo signaling	53	1	0.91	1.0989010989010988	1	0.60204334409759	1	FALSE	1	0	MAPK14	
GO:0030193	regulation of blood coagulation	51	4	0.88	4.545454545454546	1	0.011329928051469516	0.13310244535679358	FALSE	4	0	ST3GAL4;SERPING1;HPSE;CEACAM1	
GO:0098727	maintenance of cell number	101	3	1.74	1.7241379310344829	1	0.25175192794576456	0.9591439851868605	FALSE	0	3		ZFP36L2;LBH;OGT
GO:0030195	negative regulation of blood coagulation	35	2	0.6	3.3333333333333335	1	0.12123418237142373	0.7190350967401162	FALSE	2	0	SERPING1;CEACAM1	
GO:0006520	amino acid metabolic process	223	2	3.84	0.5208333333333334	1	0.89961264983535	1	FALSE	1	1	WARS1	SLC38A1
GO:0043242	negative regulation of protein-containing complex disassembly	71	1	1.22	0.819672131147541	1	0.7092215499885406	1	FALSE	0	1		SPTAN1
GO:0070670	response to interleukin-4	21	2	0.36	5.555555555555555	1	0.049923436717661404	0.3876822811775458	FALSE	1	1	PARP14	TCF7
GO:0071495	cellular response to endogenous stimulus	861	16	14.81	1.0803511141120863	1	0.41152702550158354	1	FALSE	11	5	DUSP3;MAPK14;SORT1;LRG1;IL1B;CEACAM1;LCN2;TNFAIP6;DEFA1;DEFA1;DEFA3	ZFP36L2;KLF2;LBH;BCL9L;OGT
GO:0002431	Fc receptor mediated stimulatory signaling pathway	31	2	0.53	3.773584905660377	1	0.09898070524202046	0.631106025380136	FALSE	2	0	LIMK1;PLSCR1	
GO:0071496	cellular response to external stimulus	67	4	1.15	3.4782608695652177	1	0.028135617249352148	0.2565333725322356	FALSE	4	0	TLR5;CASP5;CASP1;IL1B	
GO:0043244	regulation of protein-containing complex disassembly	114	1	1.96	0.5102040816326531	1	0.8628301550964583	1	FALSE	0	1		SPTAN1
GO:0070673	response to interleukin-18	11	2	0.19	10.526315789473685	1	0.014627042603610446	0.1568604291473393	FALSE	2	0	IL18RAP;CASP4	
GO:0071498	cellular response to fluid shear stress	36	2	0.62	3.2258064516129035	1	0.12697547776072468	0.7370233223889585	FALSE	0	2		KLF2;PRKACB
GO:0002437	inflammatory response to antigenic stimulus	52	4	0.89	4.49438202247191	1	0.012112408612521457	0.13674337279598145	FALSE	3	1	MAPK14;FCGR1A;RHBDF2	CD6
GO:0019724	B cell mediated immunity	149	10	2.56	3.90625	1	2.527435072349032e-4	0.005406940866838513	FALSE	9	1	C1QB;C1QA;C2;C1QC;FCER1G;FCGR1A;TNFSF13;CLU;CR1	FCMR
GO:0007389	pattern specification process	160	1	2.75	0.36363636363636365	1	0.9387656479215629	1	FALSE	1	0	C1QA	
GO:0009648	photoperiodism	20	1	0.34	2.941176470588235	1	0.2933822244989184	0.99815313755882	FALSE	1	0	PML	
GO:0010463	mesenchymal cell proliferation	12	1	0.21	4.761904761904762	1	0.1880331417591714	0.8557998455231163	FALSE	1	0	STAT1	
GO:0097300	programmed necrotic cell death	47	1	0.81	1.2345679012345678	1	0.5582071880591637	1	FALSE	0	1		OGT
GO:0009649	entrainment of circadian clock	22	1	0.38	2.6315789473684212	1	0.31751930342504753	1	FALSE	1	0	PML	
GO:0097305	response to alcohol	177	1	3.04	0.32894736842105265	1	0.9545811948537285	1	FALSE	1	0	S100A8	
GO:0006518	peptide metabolic process	41	1	0.71	1.4084507042253522	1	0.509565823117882	1	FALSE	1	0	LTA4H	
GO:1903599	positive regulation of autophagy of mitochondrion	25	1	0.43	2.3255813953488373	1	0.35219428068188696	1	FALSE	0	1		FBXO7
GO:0061919	process utilizing autophagic mechanism	549	11	9.44	1.1652542372881356	1	0.34554871422336336	1	FALSE	8	3	SH3GLB1;CTSA;HPSE;RAB24;CLU;TRIM21;TRIM22;S100A8	ATM;OGT;FBXO7
GO:1990874	vascular associated smooth muscle cell proliferation	46	1	0.79	1.2658227848101264	1	0.5504474807082268	1	FALSE	1	0	MMP9	
GO:2000816	negative regulation of mitotic sister chromatid separation	56	2	0.96	2.0833333333333335	1	0.2505578131256704	0.9591439851868605	FALSE	1	1	CDK5RAP2	ATM
GO:0035330	regulation of hippo signaling	41	1	0.71	1.4084507042253522	1	0.509565823117882	1	FALSE	1	0	MAPK14	
GO:0070613	regulation of protein processing	40	2	0.69	2.8985507246376816	1	0.15053355153933923	0.8118465594849227	FALSE	2	0	NLRC4;HPSE	
GO:0044042	glucan metabolic process	63	1	1.08	0.9259259259259258	1	0.6656884375515975	1	FALSE	1	0	GYG1	
GO:0035336	long-chain fatty-acyl-CoA metabolic process	23	1	0.4	2.5	1	0.32927820910169614	1	FALSE	1	0	ACSL1	
GO:0042391	regulation of membrane potential	267	1	4.59	0.2178649237472767	1	0.990722595486706	1	FALSE	1	0	IFI6	
GO:0035337	fatty-acyl-CoA metabolic process	43	1	0.74	1.3513513513513513	1	0.5263447643003082	1	FALSE	1	0	ACSL1	
GO:0030162	regulation of proteolysis	116	5	2	2.5	1	0.049886874774851014	0.3876822811775458	FALSE	4	1	NLRC4;HPSE;IL1B;CR1	OGT
GO:0030166	proteoglycan biosynthetic process	59	1	1.01	0.9900990099009901	1	0.6415471069913457	1	FALSE	1	0	ST3GAL4	
GO:0030167	proteoglycan catabolic process	18	1	0.31	3.2258064516129035	1	0.26839537273077707	0.9689020087155695	FALSE	1	0	HPSE	
GO:1902176	negative regulation of oxidative stress-induced intrinsic apoptotic signaling pathway	25	1	0.43	2.3255813953488373	1	0.35219428068188696	1	FALSE	0	1		FBXO7
GO:0000723	telomere maintenance	158	2	2.72	0.7352941176470588	1	0.7590500785703237	1	FALSE	1	1	PML	ATM
GO:0000725	recombinational repair	185	1	3.18	0.31446540880503143	1	0.9605439543352312	1	FALSE	0	1		ATM
GO:0051960	regulation of nervous system development	258	4	4.44	0.9009009009009008	1	0.6516864985048566	1	FALSE	4	0	SMARCD3;LIMK1;IL1B;SEMA4A	
GO:0060055	angiogenesis involved in wound healing	19	1	0.33	3.0303030303030303	1	0.2809968575851538	0.9794722429446581	FALSE	1	0	HPSE	
GO:0051961	negative regulation of nervous system development	69	1	1.19	0.8403361344537815	1	0.6988984519288188	1	FALSE	1	0	IL1B	
GO:0019730	antimicrobial humoral response	96	12	1.65	7.272727272727273	1	8.785767783909549e-8	4.6897234248480295e-6	FALSE	10	2	H2BC21;H2BC12;ADM;PGLYRP1;PPBP;S100A12;DEFA1;LTF;DEFA1;DEFA3	IGHM;GNLY
GO:0051962	positive regulation of nervous system development	164	4	2.82	1.4184397163120568	1	0.3121004602558723	1	FALSE	4	0	SMARCD3;LIMK1;IL1B;SEMA4A	
GO:0070646	protein modification by small protein removal	111	2	1.91	1.0471204188481675	1	0.5721960655989403	1	FALSE	1	1	TRIM21	NOP53
GO:0070647	protein modification by small protein conjugation or removal	798	11	13.73	0.8011653313911143	1	0.8160052429250111	1	FALSE	8	3	SEPTIN4;SOCS3;FBXO6;TRIM21;UBE2L6;TRIM22;PML;ISG15	NOP53;OGT;FBXO7
GO:0016241	regulation of macroautophagy	179	2	3.08	0.6493506493506493	1	0.8168747892702733	1	FALSE	1	1	SH3GLB1	FBXO7
GO:0021885	forebrain cell migration	29	1	0.5	2	1	0.3957139152715863	1	FALSE	0	1		SUN2
GO:0071453	cellular response to oxygen levels	135	3	2.32	1.293103448275862	1	0.4109761632490113	1	FALSE	1	2	LCN2	NOP53;RORA
GO:0033273	response to vitamin	58	1	1	1	1	0.635245367488996	1	FALSE	1	0	ALPL	
GO:0043207	response to external biotic stimulus	1209	89	20.8	4.278846153846153	1	5.879165145329231e-35	5.387274994836686e-32	FALSE	81	8	C1QB;C1QA;C2;C1QC;NLRC4;PDCD1LG2;H2BC21;H2BC12;HP;MAPK14;AIM2;TLR5;FCER1G;IL18RAP;CARD16;TIFA;FCGR1A;SERPING1;VNN1;ADM;BATF2;CD274;NPC2;MARCO;GBP5;PLSCR1;PGLYRP1;GBP1;TREML1;IFITM1;CASP1;IL1B;CLU;CR1;PSMB9;CEACAM1;CASP4;GBP2;CALHM6;TRIM21;MSRB1;ANXA3;APOL1;LCN2;UBE2L6;PSME2;CD177;IFITM3;FFAR2;LILRA5;PPBP;S100A12;PARP9;ALPL;CLEC4E;GBP4;STAT1;TRIM22;NAIP;DEFA1;LTF;IRF7;IFI44;STAB1;IFI35;IFIT3;PML;MMP9;OAS1;IFI44L;S100A8;PARP14;RSAD2;IFI6;LY6E;OAS3;DEFA1;OASL;IFIT2;ISG15;DEFA3	TRAC;CD6;NOP53;CD2;IL7R;IGHM;OGT;GNLY
GO:0007346	regulation of mitotic cell cycle	422	10	7.26	1.3774104683195594	1	0.19192021003884807	0.8705958937995952	FALSE	6	4	DUSP3;SMARCD3;CDK5RAP2;IL1B;PSME2;PML	ZFP36L2;NOP53;CDC25B;ATM
GO:0009605	response to external stimulus	1756	104	30.21	3.4425686858656075	1	2.0941163360355537e-33	1.4391814519404342e-30	FALSE	92	12	DUSP3;C1QB;C1QA;C2;C1QC;NLRC4;PDCD1LG2;H2BC21;H2BC12;ST3GAL4;HP;MAPK14;AIM2;TLR5;FCER1G;IL18RAP;CARD16;TIFA;KREMEN1;FCGR1A;SCARF1;SERPING1;VNN1;ADM;BATF2;CD274;NPC2;HPSE;CASP5;MARCO;GBP5;C3AR1;PLSCR1;PGLYRP1;GBP1;TREML1;IFITM1;CASP1;IL1B;CLU;CR1;PSMB9;CEACAM1;CASP4;GBP2;CALHM6;TRIM21;RHBDF2;MSRB1;ANXA3;APOL1;LCN2;UBE2L6;PSME2;CD177;TYMP;IFITM3;FFAR2;LILRA5;PPBP;S100A12;PARP9;SEMA4A;TNFAIP6;ALPL;CLEC4E;GBP4;STAT1;TRIM22;NAIP;DEFA1;LTF;IRF7;IFI44;STAB1;IFI35;IFIT3;PML;MMP9;OAS1;IFI44L;S100A8;PARP14;RSAD2;IFI6;LY6E;OAS3;DEFA1;OASL;IFIT2;ISG15;DEFA3	TRAC;S1PR1;CD6;NOP53;ETS1;CD2;GPR183;RORA;IL7R;IGHM;OGT;GNLY
GO:1990845	adaptive thermogenesis	135	4	2.32	1.7241379310344829	1	0.20321970474092638	0.8811529468971714	FALSE	3	1	LCN2;ALPL;ACSL1	OGT
GO:0009607	response to biotic stimulus	1248	89	21.47	4.145319049836982	1	7.056379508303829e-34	5.5422820766649215e-31	FALSE	81	8	C1QB;C1QA;C2;C1QC;NLRC4;PDCD1LG2;H2BC21;H2BC12;HP;MAPK14;AIM2;TLR5;FCER1G;IL18RAP;CARD16;TIFA;FCGR1A;SERPING1;VNN1;ADM;BATF2;CD274;NPC2;MARCO;GBP5;PLSCR1;PGLYRP1;GBP1;TREML1;IFITM1;CASP1;IL1B;CLU;CR1;PSMB9;CEACAM1;CASP4;GBP2;CALHM6;TRIM21;MSRB1;ANXA3;APOL1;LCN2;UBE2L6;PSME2;CD177;IFITM3;FFAR2;LILRA5;PPBP;S100A12;PARP9;ALPL;CLEC4E;GBP4;STAT1;TRIM22;NAIP;DEFA1;LTF;IRF7;IFI44;STAB1;IFI35;IFIT3;PML;MMP9;OAS1;IFI44L;S100A8;PARP14;RSAD2;IFI6;LY6E;OAS3;DEFA1;OASL;IFIT2;ISG15;DEFA3	TRAC;CD6;NOP53;CD2;IL7R;IGHM;OGT;GNLY
GO:0071482	cellular response to light stimulus	85	2	1.46	1.36986301369863	1	0.431253719743554	1	FALSE	2	0	MAPK14;MMP9	
GO:0016233	telomere capping	26	1	0.45	2.2222222222222223	1	0.36335827947285637	1	FALSE	0	1		ATM
GO:1902117	positive regulation of organelle assembly	76	2	1.31	1.5267175572519083	1	0.3769912031319754	1	FALSE	1	1	SH3GLB1	SEPTIN9
GO:0016236	macroautophagy	353	4	6.07	0.6589785831960461	1	0.8609155920008729	1	FALSE	1	3	SH3GLB1	ATM;OGT;FBXO7
GO:0048144	fibroblast proliferation	54	1	0.93	1.075268817204301	1	0.6089160995547745	1	FALSE	1	0	PML	
GO:0045453	bone resorption	41	1	0.71	1.4084507042253522	1	0.509565823117882	1	FALSE	0	1		S1PR1
GO:0048145	regulation of fibroblast proliferation	53	1	0.91	1.0989010989010988	1	0.60204334409759	1	FALSE	1	0	PML	
GO:0017015	regulation of transforming growth factor beta receptor signaling pathway	109	3	1.87	1.6042780748663101	1	0.2890497320394122	0.9963607691239424	FALSE	1	2	LRG1	BCL9L;OGT
GO:0016239	positive regulation of macroautophagy	84	2	1.44	1.3888888888888888	1	0.4253438434120327	1	FALSE	1	1	SH3GLB1	FBXO7
GO:1903555	regulation of tumor necrosis factor superfamily cytokine production	153	10	2.63	3.802281368821293	1	3.1291456965671304e-4	0.006419419044673911	FALSE	9	1	FCGR1A;LILRB4;CD274;CLU;PSMB9;LILRA5;LTF;OAS1;OAS3	CD2
GO:0046890	regulation of lipid biosynthetic process	143	3	2.46	1.2195121951219512	1	0.44747718453426866	1	FALSE	3	0	ADM;IL1B;CEACAM1	
GO:0051983	regulation of chromosome segregation	130	4	2.24	1.7857142857142856	1	0.1856952775927226	0.8557998455231163	FALSE	3	1	SMARCD3;CDK5RAP2;PLSCR1	ATM
GO:1903557	positive regulation of tumor necrosis factor superfamily cytokine production	103	7	1.77	3.9548022598870056	1	0.0019892797494081233	0.031886472484681815	FALSE	6	1	FCGR1A;CLU;PSMB9;LILRA5;OAS1;OAS3	CD2
GO:0051985	negative regulation of chromosome segregation	58	2	1	2	1	0.26334750624570247	0.9689020087155695	FALSE	1	1	CDK5RAP2	ATM
GO:1904994	regulation of leukocyte adhesion to vascular endothelial cell	23	2	0.4	5	1	0.0588233785387814	0.4388208076068116	FALSE	1	1	ST3GAL4	ETS1
GO:0051310	metaphase chromosome alignment	100	1	1.72	0.5813953488372093	1	0.824767312330974	1	FALSE	1	0	RAB24	
GO:0030178	negative regulation of Wnt signaling pathway	119	3	2.05	1.4634146341463417	1	0.33616157529522095	1	FALSE	2	1	MAPK14;KREMEN1	TLE5
GO:0061900	glial cell activation	43	3	0.74	4.054054054054054	1	0.03744475510531992	0.3205968708878725	FALSE	3	0	C1QA;IL1B;CLU	
GO:0071478	cellular response to radiation	132	4	2.27	1.7621145374449338	1	0.1926450194212484	0.8705958937995952	FALSE	3	1	MAPK14;LCN2;MMP9	ATM
GO:0006509	membrane protein ectodomain proteolysis	40	1	0.69	1.4492753623188408	1	0.5009557520984682	1	FALSE	1	0	IL1B	
GO:0034654	nucleobase-containing compound biosynthetic process	3751	39	64.52	0.6044637321760695	1	0.9999740423511776	1	FALSE	19	20	SMARCD3;CDK5RAP2;ZNF438;MAPK14;VPS9D1;BATF2;LILRB4;CD274;PLSCR1;IL1B;TRIM21;ETV7;PARP9;STAT1;TRIM22;ACSL1;IRF7;PML;PARP14	KLF2;IKZF3;LBH;BCL11B;S1PR1;TLE5;CABIN1;NOP53;ETS1;PBXIP1;RPS28;TCF7;EZR;BCL9L;AHNAK;RORA;RUNX3;ATM;MBNL1;OGT
GO:0006090	pyruvate metabolic process	96	3	1.65	1.8181818181818183	1	0.22882574762048044	0.916691905832938	FALSE	2	1	PFKFB3;HK3	OGT
GO:0034655	nucleobase-containing compound catabolic process	515	9	8.86	1.0158013544018059	1	0.5288185937502223	1	FALSE	6	3	PFKFB3;MAPK14;HK3;VNN1;TYMP;PARP14	ZFP36L2;ATM;OGT
GO:0006091	generation of precursor metabolites and energy	382	6	6.57	0.91324200913242	1	0.6463950400928961	1	FALSE	4	2	GYG1;PFKFB3;HK3;OAS1	NOP53;OGT
GO:0051924	regulation of calcium ion transport	147	3	2.53	1.1857707509881423	1	0.4653928111850134	1	FALSE	2	1	LILRA5;PML	MS4A1
GO:1903578	regulation of ATP metabolic process	64	1	1.1	0.9090909090909091	1	0.6714664117964606	1	FALSE	0	1		OGT
GO:0030111	regulation of Wnt signaling pathway	241	3	4.15	0.7228915662650601	1	0.7876328579420719	1	FALSE	2	1	MAPK14;KREMEN1	TLE5
GO:1904356	regulation of telomere maintenance via telomere lengthening	54	2	0.93	2.150537634408602	1	0.23778730486681285	0.9411897276540017	FALSE	1	1	PML	ATM
GO:1904357	negative regulation of telomere maintenance via telomere lengthening	30	1	0.52	1.923076923076923	1	0.4061310653788047	1	FALSE	1	0	PML	
GO:1904358	positive regulation of telomere maintenance via telomere lengthening	26	1	0.45	2.2222222222222223	1	0.36335827947285637	1	FALSE	0	1		ATM
GO:0060041	retina development in camera-type eye	56	1	0.96	1.0416666666666667	1	0.6223090890390909	1	FALSE	1	0	SMARCD3	
GO:1903522	regulation of blood circulation	151	1	2.6	0.3846153846153846	1	0.9282829345302338	1	FALSE	1	0	ADM	
GO:1903524	positive regulation of blood circulation	21	1	0.36	2.7777777777777777	1	0.30555516388798076	1	FALSE	1	0	ADM	
GO:0140352	export from cell	634	14	10.91	1.2832263978001832	1	0.20358912981133243	0.8813645950415004	FALSE	12	2	SEPTIN4;FCER1G;DYSF;IL1B;CEACAM1;RHBDF2;ANXA3;CD177;STX11;FFAR2;HCAR2;RSAD2	SEPTIN1;PRKACB
GO:0051336	regulation of hydrolase activity	139	1	2.39	0.41841004184100417	1	0.9114778890447135	1	FALSE	1	0	CR1	
GO:0060047	heart contraction	142	1	2.44	0.4098360655737705	1	0.9160148770125145	1	FALSE	1	0	ADM	
GO:0140354	lipid import into cell	16	1	0.28	3.571428571428571	1	0.24252896732030604	0.9450520333598112	FALSE	1	0	ACSL1	
GO:0051338	regulation of transferase activity	257	3	4.42	0.6787330316742082	1	0.82252294123674	1	FALSE	3	0	CEACAM1;LILRA5;S100A12	
GO:0045428	regulation of nitric oxide biosynthetic process	47	3	0.81	3.7037037037037033	1	0.04682621542568448	0.3731167136382801	FALSE	2	1	IL1B;CLU	KLF2
GO:0060627	regulation of vesicle-mediated transport	441	11	7.59	1.4492753623188406	1	0.1397174158774968	0.7774963081927909	FALSE	8	3	C2;SEPTIN4;FCGR1A;PLSCR1;DYSF;CLU;CEACAM1;CD177	SEPTIN1;EZR;CD22
GO:0006690	icosanoid metabolic process	82	5	1.41	3.546099290780142	1	0.01346835912048652	0.1495940170594644	FALSE	5	0	NLRC4;CASP1;IL1B;LTA4H;NAIP	
GO:0006691	leukotriene metabolic process	22	1	0.38	2.6315789473684212	1	0.31751930342504753	1	FALSE	1	0	LTA4H	
GO:0006692	prostanoid metabolic process	38	1	0.65	1.5384615384615383	1	0.48328153975407717	1	FALSE	1	0	IL1B	
GO:0006693	prostaglandin metabolic process	36	1	0.62	1.6129032258064517	1	0.4649842173144969	1	FALSE	1	0	IL1B	
GO:0006694	steroid biosynthetic process	113	1	1.94	0.5154639175257733	1	0.860408386114113	1	FALSE	1	0	ADM	
GO:0097485	neuron projection guidance	126	2	2.17	0.9216589861751152	1	0.6412810547332906	1	FALSE	1	1	SEMA4A	EVL
GO:1904950	negative regulation of establishment of protein localization	83	3	1.43	2.097902097902098	1	0.17154955025684682	0.8359865149344068	FALSE	3	0	IL1B;RHBDF2;RSAD2	
GO:0046850	regulation of bone remodeling	36	1	0.62	1.6129032258064517	1	0.4649842173144969	1	FALSE	0	1		S1PR1
GO:1904951	positive regulation of establishment of protein localization	222	3	3.82	0.7853403141361257	1	0.7390694580456085	1	FALSE	2	1	IL1B;HCAR2	PRKACB
GO:1904375	regulation of protein localization to cell periphery	127	3	2.18	1.3761467889908257	1	0.3737787541482387	1	FALSE	1	2	GBP1	EZR;OGT
GO:1904376	negative regulation of protein localization to cell periphery	27	1	0.46	2.1739130434782608	1	0.3743307121798023	1	FALSE	1	0	GBP1	
GO:1902100	negative regulation of metaphase/anaphase transition of cell cycle	57	2	0.98	2.0408163265306123	1	0.2569512929068924	0.9603794754602953	FALSE	1	1	CDK5RAP2	ATM
GO:0046854	phosphatidylinositol phosphate biosynthetic process	56	1	0.96	1.0416666666666667	1	0.6223090890390909	1	FALSE	0	1		ATM
GO:1904377	positive regulation of protein localization to cell periphery	61	1	1.05	0.9523809523809523	1	0.6538272316830465	1	FALSE	0	1		EZR
GO:0042982	amyloid precursor protein metabolic process	69	1	1.19	0.8403361344537815	1	0.6988984519288188	1	FALSE	1	0	CLU	
GO:0042325	regulation of phosphorylation	357	9	6.14	1.4657980456026058	1	0.163097971056469	0.8320265456183588	FALSE	7	2	FAM20A;CEACAM1;LILRA5;S100A12;PARP9;MMP9;PARP14	NOP53;IL7R
GO:0042326	negative regulation of phosphorylation	103	3	1.77	1.694915254237288	1	0.26101765079918615	0.9689020087155695	FALSE	2	1	CEACAM1;PARP14	IL7R
GO:1902105	regulation of leukocyte differentiation	251	18	4.32	4.166666666666666	1	3.356472657457311e-7	1.6187619886579207e-5	FALSE	10	8	SMARCD3;C1QC;VNN1;LILRB4;CR1;PSMB9;CEACAM1;TNFAIP6;LTF;IRF7	ZFP36L2;IKZF3;ZAP70;EEIG1;TCF7;CD2;IL7R;RUNX3
GO:0042327	positive regulation of phosphorylation	205	6	3.53	1.6997167138810199	1	0.14259459040867858	0.7852979194311175	FALSE	6	0	FAM20A;LILRA5;S100A12;PARP9;MMP9;PARP14	
GO:1902106	negative regulation of leukocyte differentiation	86	8	1.48	5.405405405405405	1	1.1350127379273737e-4	0.0026897844970365085	FALSE	7	1	C1QC;LILRB4;CR1;PSMB9;CEACAM1;TNFAIP6;LTF	RUNX3
GO:0061462	protein localization to lysosome	48	1	0.83	1.2048192771084338	1	0.5658335327837629	1	FALSE	1	0	CLU	
GO:0006066	alcohol metabolic process	247	6	4.25	1.411764705882353	1	0.2525480999916658	0.9591439851868605	FALSE	6	0	SCARF1;NPC2;DHRS9;APOL1;GK;APOL2	
GO:1902107	positive regulation of leukocyte differentiation	147	8	2.53	3.16205533596838	1	0.003904278266891805	0.055466981683129565	FALSE	4	4	SMARCD3;VNN1;LILRB4;CR1	ZAP70;EEIG1;IL7R;RUNX3
GO:0042987	amyloid precursor protein catabolic process	55	1	0.95	1.0526315789473684	1	0.6156706733977799	1	FALSE	1	0	CLU	
GO:0051932	synaptic transmission, GABAergic	28	1	0.48	2.0833333333333335	1	0.385114851703767	1	FALSE	0	1		SLC38A1
GO:0038127	ERBB signaling pathway	113	5	1.94	2.577319587628866	1	0.04545974128276694	0.36659930577740724	FALSE	5	0	DUSP3;CEACAM1;RHBDF2;MMP9;IFI6	
GO:0042310	vasoconstriction	39	1	0.67	1.4925373134328357	1	0.49219519708449	1	FALSE	1	0	ADM	
GO:0034612	response to tumor necrosis factor	179	16	3.08	5.194805194805195	1	7.723887550524563e-8	4.2045478963152515e-6	FALSE	12	4	MAPK14;AIM2;CARD16;TIFA;GBP1;CASP1;CASP4;GBP2;LCN2;STAT1;TNFSF13B;NAIP	ZFP36L2;KLF2;TMC8;TNFRSF13C
GO:0046883	regulation of hormone secretion	155	4	2.67	1.4981273408239701	1	0.27735695186767756	0.9794722429446581	FALSE	3	1	IL1B;FFAR2;HCAR2	PRKACB
GO:0034616	response to laminar fluid shear stress	30	2	0.52	3.846153846153846	1	0.0936165621622352	0.6098386952227122	FALSE	0	2		KLF2;PRKACB
GO:0046889	positive regulation of lipid biosynthetic process	76	2	1.31	1.5267175572519083	1	0.3769912031319754	1	FALSE	2	0	ADM;IL1B	
GO:1903530	regulation of secretion by cell	375	11	6.45	1.7054263565891472	1	0.05970996649225517	0.44362891320867426	FALSE	9	2	SEPTIN4;DYSF;IL1B;CEACAM1;RHBDF2;CD177;FFAR2;HCAR2;RSAD2	SEPTIN1;PRKACB
GO:0051301	cell division	562	9	9.67	0.9307135470527405	1	0.6345318069202345	1	FALSE	4	5	SEPTIN4;SH3GLB1;IL1B;PPBP	ZFP36L2;SEPTIN1;LBH;CDC25B;SEPTIN9
GO:1903531	negative regulation of secretion by cell	96	4	1.65	2.4242424242424243	1	0.08363983800038094	0.5621660505208979	FALSE	4	0	IL1B;CEACAM1;RHBDF2;RSAD2	
GO:0051302	regulation of cell division	149	5	2.56	1.953125	1	0.11451614477847884	0.697242263557117	FALSE	3	2	SH3GLB1;IL1B;PPBP	LBH;CDC25B
GO:0007492	endoderm development	41	1	0.71	1.4084507042253522	1	0.509565823117882	1	FALSE	1	0	MMP9	
GO:0051304	chromosome separation	84	3	1.44	2.0833333333333335	1	0.17580211160494538	0.8361245757819981	FALSE	2	1	CDK5RAP2;PLSCR1	ATM
GO:0051306	mitotic sister chromatid separation	69	2	1.19	1.680672268907563	1	0.33336642366615776	1	FALSE	1	1	CDK5RAP2	ATM
GO:0061458	reproductive system development	99	1	1.7	0.5882352941176471	1	0.8216768843615636	1	FALSE	1	0	TNFAIP6	
GO:1903539	protein localization to postsynaptic membrane	39	1	0.67	1.4925373134328357	1	0.49219519708449	1	FALSE	0	1		OGT
GO:0006082	organic acid metabolic process	691	15	11.89	1.2615643397813288	1	0.21096732592396367	0.8993218595167707	FALSE	12	3	NLRC4;PFKFB3;HK3;VNN1;DHRS9;CASP1;IL1B;CEACAM1;LTA4H;PARP9;NAIP;ACSL1	ST6GAL1;SLC38A1;OGT
GO:0046879	hormone secretion	180	4	3.1	1.2903225806451613	1	0.3746088649124185	1	FALSE	3	1	IL1B;FFAR2;HCAR2	PRKACB
GO:0006661	phosphatidylinositol biosynthetic process	117	1	2.01	0.49751243781094534	1	0.8698473233637694	1	FALSE	0	1		ATM
GO:0006664	glycolipid metabolic process	95	1	1.63	0.6134969325153374	1	0.8087630060353375	1	FALSE	1	0	ST3GAL4	
GO:0042330	taxis	326	14	5.61	2.4955436720142603	1	0.0015515313968313342	0.02615851758834553	FALSE	12	2	DUSP3;MAPK14;C3AR1;TYMP;FFAR2;PPBP;S100A12;SEMA4A;TNFAIP6;DEFA1;S100A8;DEFA1	S1PR1;GPR183
GO:0046822	regulation of nucleocytoplasmic transport	92	1	1.58	0.6329113924050632	1	0.7984703279827287	1	FALSE	1	0	IL1B	
GO:0046824	positive regulation of nucleocytoplasmic transport	54	1	0.93	1.075268817204301	1	0.6089160995547745	1	FALSE	1	0	IL1B	
GO:0046825	regulation of protein export from nucleus	29	1	0.5	2	1	0.3957139152715863	1	FALSE	1	0	IL1B	
GO:0071402	cellular response to lipoprotein particle stimulus	31	1	0.53	1.8867924528301885	1	0.41636941071669764	1	FALSE	1	0	FCER1G	
GO:0006650	glycerophospholipid metabolic process	262	2	4.51	0.4434589800443459	1	0.9424333830068381	1	FALSE	1	1	PLSCR1	ATM
GO:0032365	intracellular lipid transport	46	1	0.79	1.2658227848101264	1	0.5504474807082268	1	FALSE	1	0	NPC2	
GO:0031589	cell-substrate adhesion	260	6	4.47	1.342281879194631	1	0.2906169072772273	0.99815313755882	FALSE	4	2	DUSP3;HPSE;GBP1;ITGA2B	CD3E;SPOCK2
GO:0032366	intracellular sterol transport	34	1	0.58	1.7241379310344829	1	0.446041916994831	1	FALSE	1	0	NPC2	
GO:0042339	keratan sulfate proteoglycan metabolic process	15	1	0.26	3.846153846153846	1	0.22925634240092574	0.916691905832938	FALSE	1	0	ST3GAL4	
GO:0032368	regulation of lipid transport	93	2	1.6	1.25	1	0.47732116743921393	1	FALSE	2	0	IL1B;ACSL1	
GO:0031570	DNA integrity checkpoint signaling	120	4	2.06	1.941747572815534	1	0.15229735256828877	0.817969030746646	FALSE	2	2	FBXO6;PARP9	NOP53;ATM
GO:0015980	energy derivation by oxidation of organic compounds	339	6	5.83	1.0291595197255574	1	0.529779138778298	1	FALSE	4	2	GYG1;PFKFB3;HK3;OAS1	NOP53;OGT
GO:0032350	regulation of hormone metabolic process	26	1	0.45	2.2222222222222223	1	0.36335827947285637	1	FALSE	1	0	ADM	
GO:0050688	regulation of defense response to virus	56	6	0.96	6.25	1	3.8397685726949856e-4	0.007704761902436873	FALSE	6	0	AIM2;IL1B;PARP9;STAT1;TRIM22;PML	
GO:0006022	aminoglycan metabolic process	60	3	1.03	2.912621359223301	1	0.08426579209277779	0.5643036844410381	FALSE	3	0	PGLYRP1;IL1B;TNFAIP6	
GO:0006023	aminoglycan biosynthetic process	31	1	0.53	1.8867924528301885	1	0.41636941071669764	1	FALSE	1	0	IL1B	
GO:0031577	spindle checkpoint signaling	55	2	0.95	2.1052631578947367	1	0.24416911203249475	0.9487221045615944	FALSE	1	1	CDK5RAP2	ATM
GO:0006026	aminoglycan catabolic process	25	1	0.43	2.3255813953488373	1	0.35219428068188696	1	FALSE	1	0	PGLYRP1	
GO:0051492	regulation of stress fiber assembly	70	3	1.2	2.5	1	0.11941403521391927	0.7159633212716774	FALSE	1	2	LIMK1	EVL;S1PR1
GO:0051494	negative regulation of cytoskeleton organization	126	3	2.17	1.3824884792626728	1	0.36909336935925696	1	FALSE	1	2	CDK5RAP2	S1PR1;SPTAN1
GO:0006029	proteoglycan metabolic process	81	2	1.39	1.4388489208633095	1	0.4074275120601345	1	FALSE	2	0	ST3GAL4;HPSE	
GO:0050670	regulation of lymphocyte proliferation	165	14	2.84	4.929577464788733	1	9.672519349908945e-7	4.187363101244045e-5	FALSE	7	7	PDCD1LG2;TNFSF13;LILRB4;CD274;IL1B;CR1;TNFSF13B	IKZF3;CD6;CD3E;TNFRSF13C;GPR183;CD22;ATM
GO:1903504	regulation of mitotic spindle checkpoint	30	1	0.52	1.923076923076923	1	0.4061310653788047	1	FALSE	1	0	CDK5RAP2	
GO:0051495	positive regulation of cytoskeleton organization	146	3	2.51	1.1952191235059761	1	0.46093708563209157	1	FALSE	2	1	CDK5RAP2;LIMK1	EVL
GO:0050671	positive regulation of lymphocyte proliferation	98	9	1.69	5.325443786982249	1	4.69515243503191e-5	0.0012234098619813005	FALSE	5	4	PDCD1LG2;TNFSF13;CD274;IL1B;TNFSF13B	CD6;CD3E;TNFRSF13C;GPR183
GO:0050672	negative regulation of lymphocyte proliferation	60	5	1.03	4.854368932038835	1	0.0036493359466575333	0.05266154602289532	FALSE	4	1	PDCD1LG2;LILRB4;CD274;CR1	ATM
GO:0019883	antigen processing and presentation of endogenous antigen	23	1	0.4	2.5	1	0.32927820910169614	1	FALSE	1	0	TAP1	
GO:0050673	epithelial cell proliferation	221	5	3.8	1.3157894736842106	1	0.33173193549305957	1	FALSE	4	1	LRG1;CEACAM1;STAT1;SPARC	RUNX3
GO:0019884	antigen processing and presentation of exogenous antigen	43	1	0.74	1.3513513513513513	1	0.5263447643003082	1	FALSE	1	0	IFI30	
GO:1903509	liposaccharide metabolic process	96	1	1.65	0.6060606060606061	1	0.8120762305508347	1	FALSE	1	0	ST3GAL4	
GO:0098876	vesicle-mediated transport to the plasma membrane	159	3	2.73	1.098901098901099	1	0.5175113136754435	1	FALSE	2	1	VAMP5;SORT1	ARL4C
GO:0050678	regulation of epithelial cell proliferation	192	5	3.3	1.5151515151515151	1	0.2358079772861089	0.9367574126582563	FALSE	4	1	LRG1;CEACAM1;STAT1;SPARC	RUNX3
GO:0050679	positive regulation of epithelial cell proliferation	109	1	1.87	0.53475935828877	1	0.8502881357148093	1	FALSE	1	0	LRG1	
GO:0046849	bone remodeling	50	1	0.86	1.1627906976744187	1	0.5806952239502567	1	FALSE	0	1		S1PR1
GO:0032963	collagen metabolic process	74	1	1.27	0.7874015748031495	1	0.7240491647910892	1	FALSE	1	0	MMP9	
GO:0032386	regulation of intracellular transport	234	2	4.03	0.4962779156327543	1	0.9140170959996938	1	FALSE	1	1	IL1B	EZR
GO:0031529	ruffle organization	41	1	0.71	1.4084507042253522	1	0.509565823117882	1	FALSE	0	1		EVL
GO:0032370	positive regulation of lipid transport	59	2	1.01	1.9801980198019802	1	0.2697444763527138	0.9718578840021104	FALSE	2	0	IL1B;ACSL1	
GO:0042303	molting cycle	33	2	0.57	3.5087719298245617	1	0.10995676876271954	0.6738044341006325	FALSE	2	0	HPSE;RHBDF2	
GO:0006040	amino sugar metabolic process	38	1	0.65	1.5384615384615383	1	0.48328153975407717	1	FALSE	0	1		ST6GAL1
GO:0034605	cellular response to heat	52	1	0.89	1.1235955056179776	1	0.5950503485256633	1	FALSE	0	1		ATM
GO:0042304	regulation of fatty acid biosynthetic process	36	2	0.62	3.2258064516129035	1	0.12697547776072468	0.7370233223889585	FALSE	2	0	IL1B;CEACAM1	
GO:2000573	positive regulation of DNA biosynthetic process	41	1	0.71	1.4084507042253522	1	0.509565823117882	1	FALSE	0	1		ATM
GO:0006623	protein targeting to vacuole	41	1	0.71	1.4084507042253522	1	0.509565823117882	1	FALSE	1	0	CLU	
GO:0032956	regulation of actin cytoskeleton organization	273	4	4.7	0.851063829787234	1	0.6947592815824322	1	FALSE	1	3	LIMK1	EVL;S1PR1;SPTAN1
GO:0048255	mRNA stabilization	63	1	1.08	0.9259259259259258	1	0.6656884375515975	1	FALSE	1	0	MAPK14	
GO:0061448	connective tissue development	147	2	2.53	0.790513833992095	1	0.722892277399484	1	FALSE	1	1	MAPK14	RUNX3
GO:0098813	nuclear chromosome segregation	273	4	4.7	0.851063829787234	1	0.6947592815824322	1	FALSE	3	1	SMARCD3;CDK5RAP2;RAB24	ATM
GO:0048259	regulation of receptor-mediated endocytosis	92	1	1.58	0.6329113924050632	1	0.7984703279827287	1	FALSE	1	0	CLU	
GO:0035418	protein localization to synapse	66	1	1.14	0.8771929824561404	1	0.6827257696371731	1	FALSE	0	1		OGT
GO:0019827	stem cell population maintenance	99	3	1.7	1.7647058823529411	1	0.24253699873966783	0.9450520333598112	FALSE	0	3		ZFP36L2;LBH;OGT
GO:0006611	protein export from nucleus	52	1	0.89	1.1235955056179776	1	0.5950503485256633	1	FALSE	1	0	IL1B	
GO:0045190	isotype switching	36	1	0.62	1.6129032258064517	1	0.4649842173144969	1	FALSE	1	0	TNFSF13	
GO:0045191	regulation of isotype switching	22	1	0.38	2.6315789473684212	1	0.31751930342504753	1	FALSE	1	0	TNFSF13	
GO:0015918	sterol transport	87	2	1.5	1.3333333333333333	1	0.44297603260916407	1	FALSE	2	0	NPC2;CLU	
GO:0048284	organelle fusion	151	2	2.6	0.7692307692307692	1	0.7365398942263501	1	FALSE	2	0	RAB20;STX11	
GO:0032986	protein-DNA complex disassembly	18	1	0.31	3.2258064516129035	1	0.26839537273077707	0.9689020087155695	FALSE	1	0	SMARCD3	
GO:0048285	organelle fission	390	4	6.71	0.5961251862891207	1	0.9070111640737957	1	FALSE	3	1	CDK5RAP2;RAB24;IL1B	ATM
GO:0032989	cellular anatomical entity morphogenesis	68	1	1.17	0.8547008547008548	1	0.6936008863018237	1	FALSE	1	0	MYL9	
GO:0018193	peptidyl-amino acid modification	340	8	5.85	1.3675213675213675	1	0.2320089874277258	0.9256788192145402	FALSE	5	3	LILRA5;PARP9;PML;S100A8;PARP14	ZAP70;IL7R;ATM
GO:0032970	regulation of actin filament-based process	306	4	5.26	0.7604562737642586	1	0.7758125166396119	1	FALSE	1	3	LIMK1	EVL;S1PR1;SPTAN1
GO:2000514	regulation of CD4-positive, alpha-beta T cell activation	63	2	1.08	1.8518518518518516	1	0.29530268490918676	1	FALSE	1	1	CD274	RUNX3
GO:0006641	triglyceride metabolic process	67	2	1.15	1.7391304347826089	1	0.3207314851197859	1	FALSE	2	0	GK;ACSL1	
GO:0006644	phospholipid metabolic process	324	2	5.57	0.3590664272890485	1	0.9770117652455632	1	FALSE	1	1	PLSCR1	ATM
GO:0051453	regulation of intracellular pH	81	1	1.39	0.7194244604316548	1	0.7557843068165706	1	FALSE	1	0	RAB20	
GO:0007423	sensory organ development	225	2	3.87	0.5167958656330749	1	0.902388228870393	1	FALSE	2	0	SMARCD3;SPARC	
GO:0015931	nucleobase-containing compound transport	213	2	3.66	0.5464480874316939	1	0.8846043003666598	1	FALSE	2	0	CR1;CALHM6	
GO:0006631	fatty acid metabolic process	297	3	5.11	0.5870841487279843	1	0.8890639974398727	1	FALSE	3	0	IL1B;CEACAM1;ACSL1	
GO:1903053	regulation of extracellular matrix organization	51	1	0.88	1.1363636363636365	1	0.587935018644641	1	FALSE	1	0	HPSE	
GO:0050000	chromosome localization	111	1	1.91	0.5235602094240838	1	0.8554364049533423	1	FALSE	1	0	RAB24	
GO:1903055	positive regulation of extracellular matrix organization	26	1	0.45	2.2222222222222223	1	0.36335827947285637	1	FALSE	1	0	HPSE	
GO:0006636	unsaturated fatty acid biosynthetic process	43	1	0.74	1.3513513513513513	1	0.5263447643003082	1	FALSE	1	0	IL1B	
GO:0032928	regulation of superoxide anion generation	18	1	0.31	3.2258064516129035	1	0.26839537273077707	0.9689020087155695	FALSE	1	0	CD177	
GO:0006637	acyl-CoA metabolic process	94	1	1.62	0.6172839506172839	1	0.8053916278072434	1	FALSE	1	0	ACSL1	
GO:0006638	neutral lipid metabolic process	88	2	1.51	1.3245033112582782	1	0.44878721919534137	1	FALSE	2	0	GK;ACSL1	
GO:0006639	acylglycerol metabolic process	88	2	1.51	1.3245033112582782	1	0.44878721919534137	1	FALSE	2	0	GK;ACSL1	
GO:0010171	body morphogenesis	22	1	0.38	2.6315789473684212	1	0.31751930342504753	1	FALSE	1	0	CRISPLD2	
GO:0097191	extrinsic apoptotic signaling pathway	161	7	2.77	2.527075812274368	1	0.021345887196274442	0.20957087108056588	FALSE	6	1	ICAM1;GRINA;IL1B;TNFSF10;PML;IFI6	TMC8
GO:0097192	extrinsic apoptotic signaling pathway in absence of ligand	36	2	0.62	3.2258064516129035	1	0.12697547776072468	0.7370233223889585	FALSE	2	0	IL1B;IFI6	
GO:0006007	glucose catabolic process	22	1	0.38	2.6315789473684212	1	0.31751930342504753	1	FALSE	1	0	HK3	
GO:1902229	regulation of intrinsic apoptotic signaling pathway in response to DNA damage	30	1	0.52	1.923076923076923	1	0.4061310653788047	1	FALSE	1	0	CLU	
GO:0045165	cell fate commitment	124	1	2.13	0.4694835680751174	1	0.884861721113926	1	FALSE	1	0	SOCS3	
GO:0072594	establishment of protein localization to organelle	329	1	5.66	0.17667844522968199	1	0.9969138751303075	1	FALSE	1	0	CLU	
GO:0072595	maintenance of protein localization in organelle	33	2	0.57	3.5087719298245617	1	0.10995676876271954	0.6738044341006325	FALSE	1	1	PML	SUN2
GO:0000819	sister chromatid segregation	231	3	3.97	0.7556675062972292	1	0.7630792218545679	1	FALSE	2	1	SMARCD3;CDK5RAP2	ATM
GO:0032940	secretion by cell	571	14	9.82	1.4256619144602851	1	0.11613668950853186	0.7024417149811971	FALSE	12	2	SEPTIN4;FCER1G;DYSF;IL1B;CEACAM1;RHBDF2;ANXA3;CD177;STX11;FFAR2;HCAR2;RSAD2	SEPTIN1;PRKACB
GO:0032943	mononuclear cell proliferation	195	16	3.35	4.776119402985074	1	2.525524245727056e-7	1.228790469292686e-5	FALSE	7	9	PDCD1LG2;TNFSF13;LILRB4;CD274;IL1B;CR1;TNFSF13B	IKZF3;CD6;CD3E;CD79A;MS4A1;TNFRSF13C;GPR183;CD22;ATM
GO:0032944	regulation of mononuclear cell proliferation	166	14	2.86	4.895104895104895	1	1.0404281110553365e-6	4.430606754001335e-5	FALSE	7	7	PDCD1LG2;TNFSF13;LILRB4;CD274;IL1B;CR1;TNFSF13B	IKZF3;CD6;CD3E;TNFRSF13C;GPR183;CD22;ATM
GO:0039531	regulation of cytoplasmic pattern recognition receptor signaling pathway	122	6	2.1	2.857142857142857	1	0.018813051635470014	0.19013631965407013	FALSE	4	2	GBP5;GBP2;RSAD2;OASL	NOP53;OGT
GO:0090596	sensory organ morphogenesis	92	1	1.58	0.6329113924050632	1	0.7984703279827287	1	FALSE	1	0	SPARC	
GO:0032945	negative regulation of mononuclear cell proliferation	60	5	1.03	4.854368932038835	1	0.0036493359466575333	0.05266154602289532	FALSE	4	1	PDCD1LG2;LILRB4;CD274;CR1	ATM
GO:0039532	negative regulation of cytoplasmic pattern recognition receptor signaling pathway	57	1	0.98	1.0204081632653061	1	0.6288333353985944	1	FALSE	0	1		OGT
GO:0032946	positive regulation of mononuclear cell proliferation	99	9	1.7	5.294117647058823	1	5.08852026653202e-5	0.0013012411360647928	FALSE	5	4	PDCD1LG2;TNFSF13;CD274;IL1B;TNFSF13B	CD6;CD3E;TNFRSF13C;GPR183
GO:1903076	regulation of protein localization to plasma membrane	91	2	1.57	1.2738853503184713	1	0.466014039990413	1	FALSE	1	1	GBP1	EZR
GO:0048246	macrophage chemotaxis	30	1	0.52	1.923076923076923	1	0.4061310653788047	1	FALSE	1	0	C3AR1	
GO:0048247	lymphocyte chemotaxis	34	3	0.58	5.172413793103448	1	0.020306337274968052	0.2007989970103855	FALSE	2	1	DEFA1;DEFA1	GPR183
GO:0104004	cellular response to environmental stimulus	262	8	4.51	1.7738359201773837	1	0.0832916652659363	0.5618865958676292	FALSE	7	1	MAPK14;TLR5;CASP5;CASP1;IL1B;LCN2;MMP9	ATM
GO:0046596	regulation of viral entry into host cell	15	1	0.26	3.846153846153846	1	0.22925634240092574	0.916691905832938	FALSE	1	0	TRIM21	
GO:0031098	stress-activated protein kinase signaling cascade	43	1	0.74	1.3513513513513513	1	0.5263447643003082	1	FALSE	1	0	MAPK14	
GO:0031099	regeneration	100	2	1.72	1.1627906976744187	1	0.5157245153899316	1	FALSE	2	0	KREMEN1;SCARF1	
GO:0071173	spindle assembly checkpoint signaling	54	2	0.93	2.150537634408602	1	0.23778730486681285	0.9411897276540017	FALSE	1	1	CDK5RAP2	ATM
GO:0071174	mitotic spindle checkpoint signaling	54	2	0.93	2.150537634408602	1	0.23778730486681285	0.9411897276540017	FALSE	1	1	CDK5RAP2	ATM
GO:0030278	regulation of ossification	75	5	1.29	3.875968992248062	1	0.009378121800459596	0.1135702944029226	FALSE	3	2	KREMEN1;LTF;ISG15	S1PR1;PHOSPHO1
GO:0015908	fatty acid transport	72	2	1.24	1.6129032258064517	1	0.3521886655236208	1	FALSE	2	0	IL1B;ACSL1	
GO:0048232	male gamete generation	404	5	6.95	0.7194244604316546	1	0.82892451890498	1	FALSE	2	3	SLC26A8;SEPTIN4	RPL18A;RPL3;RPL23A
GO:0015909	long-chain fatty acid transport	44	1	0.76	1.3157894736842106	1	0.5345186512015745	1	FALSE	1	0	ACSL1	
GO:0002292	T cell differentiation involved in immune response	79	5	1.36	3.676470588235294	1	0.011591737958262661	0.13502410020027142	FALSE	4	1	IL18RAP;SOCS3;PSMB9;SEMA4A	RORA
GO:0045184	establishment of protein localization	1359	18	23.38	0.7698887938408897	1	0.9061096049270174	1	FALSE	15	3	VAMP5;RAB20;SORT1;CTSA;HPSE;GBP5;RAB24;IL1B;CLU;RHBDF2;TAP1;STX11;HCAR2;PML;RSAD2	CD3G;ARL4C;PRKACB
GO:0002295	T-helper cell lineage commitment	25	1	0.43	2.3255813953488373	1	0.35219428068188696	1	FALSE	1	0	SOCS3	
GO:0045185	maintenance of protein location	41	2	0.71	2.8169014084507045	1	0.156552911321929	0.817969030746646	FALSE	1	1	PML	SUN2
GO:0014013	regulation of gliogenesis	53	1	0.91	1.0989010989010988	1	0.60204334409759	1	FALSE	1	0	IL1B	
GO:0014015	positive regulation of gliogenesis	37	1	0.64	1.5625	1	0.47421211643336325	1	FALSE	1	0	IL1B	
GO:0032303	regulation of icosanoid secretion	12	1	0.21	4.761904761904762	1	0.1880331417591714	0.8557998455231163	FALSE	1	0	IL1B	
GO:0032309	icosanoid secretion	23	1	0.4	2.5	1	0.32927820910169614	1	FALSE	1	0	IL1B	
GO:0051445	regulation of meiotic cell cycle	40	1	0.69	1.4492753623188408	1	0.5009557520984682	1	FALSE	0	1		CDC25B
GO:0072567	chemokine (C-X-C motif) ligand 2 production	14	2	0.24	8.333333333333334	1	0.02339633992643251	0.22139944391656788	FALSE	2	0	OAS1;OAS3	
GO:0021543	pallium development	104	1	1.79	0.5586592178770949	1	0.8366048304485426	1	FALSE	0	1		SUN2
GO:0030218	erythrocyte differentiation	102	5	1.75	2.857142857142857	1	0.03130324462799845	0.2780375427540153	FALSE	3	2	MAPK14;STAT1;ISG15	ETS1;HBA2
GO:0030219	megakaryocyte differentiation	50	1	0.86	1.1627906976744187	1	0.5806952239502567	1	FALSE	1	0	GP1BB	
GO:0045123	cellular extravasation	56	3	0.96	3.125	1	0.07167418251674998	0.508470523196247	FALSE	3	0	ST3GAL4;ICAM1;CD177	
GO:1903046	meiotic cell cycle process	131	3	2.25	1.3333333333333333	1	0.39244833228371967	1	FALSE	1	2	RAB24	CDC25B;ATM
GO:1903047	mitotic cell cycle process	668	9	11.49	0.783289817232376	1	0.8179029074308409	1	FALSE	4	5	SMARCD3;CDK5RAP2;IL1B;PSME2	ZFP36L2;SUN2;NOP53;CDC25B;ATM
GO:0007405	neuroblast proliferation	29	1	0.5	2	1	0.3957139152715863	1	FALSE	1	0	SMARCD3	
GO:0042471	ear morphogenesis	33	1	0.57	1.7543859649122808	1	0.43632185828118053	1	FALSE	1	0	SPARC	
GO:0014032	neural crest cell development	34	1	0.58	1.7241379310344829	1	0.446041916994831	1	FALSE	1	0	SEMA4A	
GO:0014033	neural crest cell differentiation	41	1	0.71	1.4084507042253522	1	0.509565823117882	1	FALSE	1	0	SEMA4A	
GO:0007409	axonogenesis	261	3	4.49	0.6681514476614699	1	0.8304466193429361	1	FALSE	2	1	LIMK1;SEMA4A	EVL
GO:0030242	autophagy of peroxisome	16	1	0.28	3.571428571428571	1	0.24252896732030604	0.9450520333598112	FALSE	0	1		ATM
GO:0042476	odontogenesis	50	2	0.86	2.3255813953488373	1	0.21237387651867448	0.8993218595167707	FALSE	2	0	FAM20A;ALPL	
GO:0021537	telencephalon development	139	1	2.39	0.41841004184100417	1	0.9114778890447135	1	FALSE	0	1		SUN2
GO:1903034	regulation of response to wounding	122	6	2.1	2.857142857142857	1	0.018813051635470014	0.19013631965407013	FALSE	6	0	ST3GAL4;KREMEN1;SCARF1;SERPING1;HPSE;CEACAM1	
GO:0002262	myeloid cell homeostasis	120	6	2.06	2.912621359223301	1	0.01748264415554127	0.17851646976761398	FALSE	4	2	MAPK14;STAT1;HCAR2;ISG15	ETS1;HBA2
GO:1903035	negative regulation of response to wounding	70	3	1.2	2.5	1	0.11941403521391927	0.7159633212716774	FALSE	3	0	KREMEN1;SERPING1;CEACAM1	
GO:0002263	cell activation involved in immune response	241	16	4.15	3.8554216867469875	1	4.205791346319117e-6	1.418616001353528e-4	FALSE	14	2	FCER1G;IL18RAP;ICAM1;TNFSF13;SOCS3;DYSF;IL1B;CR1;PSMB9;CEACAM1;ANXA3;CD177;SEMA4A;IFI35	GPR183;RORA
GO:1903037	regulation of leukocyte cell-cell adhesion	304	19	5.23	3.6328871892925427	1	1.2829900391758246e-6	5.225095729917544e-5	FALSE	10	9	DUSP3;SMARCD3;PDCD1LG2;ST3GAL4;VNN1;LILRB4;CD274;IL1B;CR1;PSMB9	LCK;CD6;ZAP70;CD3E;ETS1;CD5;TNFRSF13C;IL7R;RUNX3
GO:1903038	negative regulation of leukocyte cell-cell adhesion	116	7	2	3.5	1	0.0038825286782481773	0.055444526423398643	FALSE	6	1	DUSP3;PDCD1LG2;LILRB4;CD274;CR1;PSMB9	RUNX3
GO:1903039	positive regulation of leukocyte cell-cell adhesion	219	17	3.77	4.5092838196286475	1	2.3441410538775115e-7	1.1610889652449153e-5	FALSE	8	9	SMARCD3;PDCD1LG2;ST3GAL4;VNN1;LILRB4;CD274;IL1B;CR1	LCK;CD6;ZAP70;CD3E;ETS1;CD5;TNFRSF13C;IL7R;RUNX3
GO:0002269	leukocyte activation involved in inflammatory response	37	3	0.64	4.6875	1	0.025398980455530625	0.23894874083567938	FALSE	3	0	C1QA;IL1B;CLU	
GO:0002252	immune effector process	527	33	9.06	3.642384105960265	1	1.0741102605223771e-10	8.947663958109136e-9	FALSE	27	6	C1QB;C1QA;C2;C1QC;FCER1G;IL18RAP;ICAM1;FCGR1A;SERPING1;TNFSF13;SOCS3;LILRB4;CD274;SECTM1;DYSF;IL1B;CLU;CR1;PSMB9;CEACAM1;CALHM6;ANXA3;CD177;FFAR2;SEMA4A;IFI35;RSAD2	FCMR;CD2;GPR183;RORA;CD22;CD8A
GO:0002253	activation of immune response	521	56	8.96	6.249999999999999	1	2.2369951198045094e-29	8.199332779123463e-27	FALSE	35	21	DUSP3;C1QB;C1QA;C2;C1QC;NLRC4;PDCD1LG2;LIMK1;AIM2;TLR5;TIFA;SERPING1;LILRB4;CD274;GBP5;C3AR1;PLSCR1;GBP1;CASP1;IL1B;CLU;CR1;CEACAM1;GBP2;FFAR2;CLEC4E;NAIP;LTF;IRF7;IFI35;OAS1;S100A8;RSAD2;OAS3;OASL	TRAC;TRBC1;FCMR;LCK;TRBC2;ZAP70;CD3G;CD3E;NOP53;CD5;CD79A;MS4A1;EZR;CD247;CLEC2D;ITK;CD22;CD79B;IGHM;CD8A;OGT
GO:2000060	positive regulation of ubiquitin-dependent protein catabolic process	91	2	1.57	1.2738853503184713	1	0.466014039990413	1	FALSE	1	1	CLU	NOP53
GO:0097178	ruffle assembly	31	1	0.53	1.8867924528301885	1	0.41636941071669764	1	FALSE	0	1		EVL
GO:1901990	regulation of mitotic cell cycle phase transition	299	7	5.14	1.3618677042801557	1	0.25638291610030556	0.9603794754602953	FALSE	3	4	SMARCD3;CDK5RAP2;PSME2	ZFP36L2;NOP53;CDC25B;ATM
GO:0072577	endothelial cell apoptotic process	45	1	0.77	1.2987012987012987	1	0.5425520890583637	1	FALSE	1	0	ICAM1	
GO:1901992	positive regulation of mitotic cell cycle phase transition	74	2	1.27	1.574803149606299	1	0.3646356638149624	1	FALSE	1	1	SMARCD3	CDC25B
GO:0031664	regulation of lipopolysaccharide-mediated signaling pathway	27	2	0.46	4.3478260869565215	1	0.07807502909226002	0.5399452955336422	FALSE	2	0	CARD16;LTF	
GO:0031667	response to nutrient levels	366	6	6.3	0.9523809523809524	1	0.6050160342644251	1	FALSE	5	1	MAPK14;SH3GLB1;LCN2;ALPL;ACSL1	OGT
GO:0097120	receptor localization to synapse	60	1	1.03	0.970873786407767	1	0.6477404428208373	1	FALSE	0	1		OGT
GO:0051402	neuron apoptotic process	167	8	2.87	2.787456445993031	1	0.008297292122561976	0.10297632525924548	FALSE	7	1	CASP5;GRINA;CASP1;CLU;CASP4;LCN2;NAIP	FBXO7
GO:0072521	purine-containing compound metabolic process	476	7	8.19	0.8547008547008548	1	0.7158685248311553	1	FALSE	6	1	PFKFB3;VPS9D1;HK3;VNN1;ACSL1;PARP14	OGT
GO:0072522	purine-containing compound biosynthetic process	233	2	4.01	0.49875311720698257	1	0.9127919584316657	1	FALSE	2	0	VPS9D1;ACSL1	
GO:0002285	lymphocyte activation involved in immune response	163	10	2.8	3.5714285714285716	1	5.174757799446262e-4	0.010053292714259912	FALSE	8	2	IL18RAP;ICAM1;TNFSF13;SOCS3;CR1;PSMB9;CEACAM1;SEMA4A	GPR183;RORA
GO:0061157	mRNA destabilization	109	1	1.87	0.53475935828877	1	0.8502881357148093	1	FALSE	0	1		ZFP36L2
GO:0002287	alpha-beta T cell activation involved in immune response	75	5	1.29	3.875968992248062	1	0.009378121800459596	0.1135702944029226	FALSE	4	1	IL18RAP;SOCS3;PSMB9;SEMA4A	RORA
GO:0045137	development of primary sexual characteristics	83	2	1.43	1.3986013986013988	1	0.41940237360710164	1	FALSE	2	0	LHFPL2;TNFAIP6	
GO:0072526	pyridine-containing compound catabolic process	81	4	1.39	2.877697841726619	1	0.05086089843513588	0.39440510521350786	FALSE	3	1	PFKFB3;HK3;PARP14	OGT
GO:0072527	pyrimidine-containing compound metabolic process	64	1	1.1	0.9090909090909091	1	0.6714664117964606	1	FALSE	1	0	TYMP	
GO:0014002	astrocyte development	23	1	0.4	2.5	1	0.32927820910169614	1	FALSE	1	0	C1QA	
GO:1905897	regulation of response to endoplasmic reticulum stress	88	1	1.51	0.6622516556291391	1	0.7838839721363386	1	FALSE	1	0	CLU	
GO:1900542	regulation of purine nucleotide metabolic process	69	1	1.19	0.8403361344537815	1	0.6988984519288188	1	FALSE	0	1		OGT
GO:0014003	oligodendrocyte development	25	1	0.43	2.3255813953488373	1	0.35219428068188696	1	FALSE	1	0	CLU	
GO:0072529	pyrimidine-containing compound catabolic process	22	1	0.38	2.6315789473684212	1	0.31751930342504753	1	FALSE	1	0	TYMP	
GO:0090520	sphingolipid mediated signaling pathway	15	2	0.26	7.692307692307692	1	0.026694034786322953	0.24626204688159836	FALSE	0	2		S1PR1;EZR
GO:0042445	hormone metabolic process	127	2	2.18	0.9174311926605504	1	0.6455610915426514	1	FALSE	2	0	ADM;DHRS9	
GO:0042446	hormone biosynthetic process	41	1	0.71	1.4084507042253522	1	0.509565823117882	1	FALSE	1	0	ADM	
GO:2000058	regulation of ubiquitin-dependent protein catabolic process	150	4	2.58	1.5503875968992247	1	0.2583412549424103	0.9642635571441763	FALSE	2	2	CLU;PML	NOP53;OGT
GO:0035150	regulation of tube size	79	2	1.36	1.4705882352941175	1	0.3953351991671513	1	FALSE	1	1	ADM	KLF2
GO:0002274	myeloid leukocyte activation	187	13	3.22	4.037267080745341	1	2.097098540618454e-5	5.912742449395006e-4	FALSE	12	1	C1QA;FCER1G;BATF2;LILRB4;PLSCR1;DYSF;IL1B;CLU;ANXA3;CD177;S100A12;IFI35	CD2
GO:0002275	myeloid cell activation involved in immune response	80	6	1.38	4.347826086956522	1	0.002525817103288356	0.039118147701068674	FALSE	6	0	FCER1G;DYSF;IL1B;ANXA3;CD177;IFI35	
GO:0031023	microtubule organizing center organization	143	1	2.46	0.4065040650406504	1	0.9174751536876572	1	FALSE	1	0	CDK5RAP2	
GO:0048799	animal organ maturation	19	2	0.33	6.0606060606060606	1	0.041568645351998744	0.34523325097475693	FALSE	1	1	LTF	PHOSPHO1
GO:0030201	heparan sulfate proteoglycan metabolic process	34	1	0.58	1.7241379310344829	1	0.446041916994831	1	FALSE	1	0	HPSE	
GO:0030203	glycosaminoglycan metabolic process	50	3	0.86	3.488372093023256	1	0.05454822171162133	0.4136636178903367	FALSE	3	0	PGLYRP1;IL1B;TNFAIP6	
GO:0002220	innate immune response activating cell surface receptor signaling pathway	79	5	1.36	3.676470588235294	1	0.011591737958262661	0.13502410020027142	FALSE	5	0	TLR5;FFAR2;LTF;IFI35;OAS1	
GO:0098581	detection of external biotic stimulus	22	3	0.38	7.894736842105263	1	0.006075467798466441	0.07953076656182974	FALSE	3	0	NLRC4;PGLYRP1;NAIP	
GO:0002228	natural killer cell mediated immunity	71	3	1.22	2.459016393442623	1	0.12318918833501752	0.7282732875977702	FALSE	2	1	CEACAM1;CALHM6	CD2
GO:0007162	negative regulation of cell adhesion	227	9	3.9	2.307692307692308	1	0.016797536627445035	0.17458006876690513	FALSE	8	1	DUSP3;PDCD1LG2;LILRB4;CD274;GBP1;CR1;PSMB9;CEACAM1	RUNX3
GO:0002218	activation of innate immune response	288	21	4.95	4.242424242424242	1	2.5263305777812697e-8	1.5425755869125563e-6	FALSE	19	2	NLRC4;AIM2;TLR5;TIFA;CD274;GBP5;CASP1;GBP2;FFAR2;CLEC4E;NAIP;LTF;IRF7;IFI35;OAS1;S100A8;RSAD2;OAS3;OASL	NOP53;OGT
GO:0007167	enzyme-linked receptor protein signaling pathway	679	14	11.68	1.1986301369863015	1	0.28026249639462697	0.9794722429446581	FALSE	9	5	DUSP3;MAPK14;LRG1;IL1B;CEACAM1;RHBDF2;TNFAIP6;MMP9;IFI6	LCK;CD3E;BCL9L;CD8A;OGT
GO:0072538	T-helper 17 type immune response	64	3	1.1	2.727272727272727	1	0.09772805321235223	0.6291672559268298	FALSE	2	1	SOCS3;PSMB9	RORA
GO:0055090	acylglycerol homeostasis	30	1	0.52	1.923076923076923	1	0.4061310653788047	1	FALSE	0	1		RORA
GO:0032481	positive regulation of type I interferon production	76	5	1.31	3.8167938931297707	1	0.00990159261235051	0.11834555691891978	FALSE	5	0	STAT1;IRF7;OAS1;OAS3;ISG15	
GO:1990089	response to nerve growth factor	37	2	0.64	3.125	1	0.13277984903530723	0.7510530967038264	FALSE	2	0	SORT1;LCN2	
GO:2000026	regulation of multicellular organismal development	961	38	16.53	2.2988505747126435	1	1.0890353195081206e-6	4.565801574027485e-5	FALSE	26	12	SMARCD3;C1QC;LIMK1;MAPK14;VNN1;ADM;LILRB4;HPSE;C3AR1;LRG1;IL1B;CR1;PSMB9;CEACAM1;ANXA3;WARS1;SEMA4A;TNFAIP6;STAT1;SPARC;LTF;IRF7;STAB1;PML;MMP9;ISG15	ZFP36L2;KLF2;IKZF3;S1PR1;ZAP70;EEIG1;ETS1;TCF7;CD2;IL7R;RUNX3;PHOSPHO1
GO:0055092	sterol homeostasis	73	2	1.26	1.5873015873015872	1	0.35842305559245136	1	FALSE	1	1	NPC2	RORA
GO:0055094	response to lipoprotein particle	28	1	0.48	2.0833333333333335	1	0.385114851703767	1	FALSE	1	0	FCER1G	
GO:0007154	cell communication	4582	137	78.82	1.7381375285460545	1	2.027727781557503e-15	2.533738032500716e-13	FALSE	94	43	DUSP3;C1QA;CDK5RAP2;NLRC4;CACNA1E;PDCD1LG2;SEPTIN4;LIMK1;MAPK14;AIM2;ASGR2;TLR5;FCER1G;IL18RAP;ICAM1;CARD16;TIFA;KREMEN1;OSCAR;FCGR1A;VNN1;TNFSF13;GADD45B;SOCS3;ADM;BATF2;SORT1;LILRB4;FBXO6;CD274;HPSE;MARCO;GBP5;SECTM1;C3AR1;PLSCR1;DYSF;PGLYRP1;GBP1;GRINA;LRG1;TREML1;IFITM1;CASP1;IL1B;CLU;CR1;CEACAM1;CASP4;GBP2;TRIM21;RHBDF2;CD177;STX11;TYMP;WARS1;IFITM3;ITGA2B;P2RY14;FFAR2;LILRA5;PPBP;S100A12;PARP9;HCAR3;SEMA4A;TNFAIP6;CLEC4E;LILRA6;STAT1;TRIM22;TNFSF13B;NAIP;DEFA1;HCAR2;TNFSF10;LTF;IRF7;STAB1;IFI35;PML;MMP9;GP1BB;OAS1;S100A8;PARP14;RSAD2;IFI6;LY6E;OAS3;DEFA1;OASL;ISG15;DEFA3	ZFP36L2;KLF2;TRAC;EVL;TRBC1;LBH;TMC8;FCMR;S1PR1;TLE5;LCK;CABIN1;TRBC2;CD6;ZAP70;CD3G;CD3E;NOP53;TCF7;CD5;SLC38A1;CD79A;CD2;MS4A1;EZR;BCL9L;ANXA6;IL32;TNFRSF13C;CD247;GPR183;CLEC2D;RORA;ITK;CD22;IL7R;ATM;PRKACB;CD79B;IGHM;CD8A;OGT;FBXO7
GO:0031032	actomyosin structure organization	148	4	2.55	1.5686274509803924	1	0.25080992267295404	0.9591439851868605	FALSE	2	2	LIMK1;MYL9	EVL;S1PR1
GO:0008593	regulation of Notch signaling pathway	77	1	1.32	0.7575757575757576	1	0.7381238248148279	1	FALSE	1	0	RHBDF2	
GO:1901987	regulation of cell cycle phase transition	397	9	6.83	1.3177159590043923	1	0.24524931215258675	0.9522462699257923	FALSE	5	4	SMARCD3;CDK5RAP2;FBXO6;PSME2;PARP9	ZFP36L2;NOP53;CDC25B;ATM
GO:1901988	negative regulation of cell cycle phase transition	236	6	4.06	1.4778325123152711	1	0.22154468348362083	0.9158290750322913	FALSE	3	3	CDK5RAP2;FBXO6;PARP9	ZFP36L2;NOP53;ATM
GO:1901989	positive regulation of cell cycle phase transition	89	2	1.53	1.3071895424836601	1	0.4545643106298073	1	FALSE	1	1	SMARCD3	CDC25B
GO:0038202	TORC1 signaling	107	3	1.84	1.6304347826086956	1	0.2796733566656141	0.9794722429446581	FALSE	0	3		ATM;PRKACB;OGT
GO:0003012	muscle system process	329	4	5.66	0.7067137809187279	1	0.8216050830670497	1	FALSE	2	2	IL1B;MYL9	RPL18A;RPL23A
GO:0035113	embryonic appendage morphogenesis	30	1	0.52	1.923076923076923	1	0.4061310653788047	1	FALSE	0	1		MBNL1
GO:0003013	circulatory system process	370	7	6.36	1.10062893081761	1	0.45330239765587	1	FALSE	5	2	FLVCR2;SERPING1;ADM;C3AR1;CEACAM1	KLF2;SLC38A1
GO:0003014	renal system process	77	2	1.32	1.5151515151515151	1	0.3831320765675206	1	FALSE	1	1	ADM	PRKACB
GO:0002237	response to molecule of bacterial origin	250	16	4.3	3.7209302325581395	1	6.719134562263011e-6	2.2254097483928934e-4	FALSE	15	1	PDCD1LG2;MAPK14;IL18RAP;CARD16;CD274;GBP5;CASP1;IL1B;GBP2;LCN2;PPBP;ALPL;LTF;MMP9;S100A8	CD6
GO:0003015	heart process	147	1	2.53	0.3952569169960475	1	0.9230677721659322	1	FALSE	1	0	ADM	
GO:0007188	adenylate cyclase-modulating G protein-coupled receptor signaling pathway	157	6	2.7	2.222222222222222	1	0.054083232510005144	0.41355494236215445	FALSE	4	2	ADM;MARCO;C3AR1;HCAR3	S1PR1;PRKACB
GO:1902750	negative regulation of cell cycle G2/M phase transition	69	2	1.19	1.680672268907563	1	0.33336642366615776	1	FALSE	0	2		NOP53;ATM
GO:1902751	positive regulation of cell cycle G2/M phase transition	25	2	0.43	4.651162790697675	1	0.06822192044861373	0.48712223198243937	FALSE	1	1	SMARCD3	CDC25B
GO:0003018	vascular process in circulatory system	179	5	3.08	1.6233766233766234	1	0.19568326862974864	0.8766098208394166	FALSE	3	2	FLVCR2;ADM;CEACAM1	KLF2;SLC38A1
GO:1901976	regulation of cell cycle checkpoint	54	1	0.93	1.075268817204301	1	0.6089160995547745	1	FALSE	1	0	CDK5RAP2	
GO:2000628	regulation of miRNA metabolic process	69	2	1.19	1.680672268907563	1	0.33336642366615776	1	FALSE	1	1	LILRB4	ETS1
GO:2000629	negative regulation of miRNA metabolic process	24	1	0.41	2.4390243902439024	1	0.3408353862725555	1	FALSE	1	0	LILRB4	
GO:0007173	epidermal growth factor receptor signaling pathway	98	5	1.69	2.9585798816568047	1	0.02694723332202249	0.2477523224155178	FALSE	5	0	DUSP3;CEACAM1;RHBDF2;MMP9;IFI6	
GO:1901342	regulation of vasculature development	228	15	3.92	3.826530612244898	1	9.427788987171643e-6	2.978964589164925e-4	FALSE	13	2	ADM;HPSE;C3AR1;LRG1;IL1B;CEACAM1;ANXA3;WARS1;SEMA4A;STAT1;SPARC;STAB1;PML	KLF2;ETS1
GO:1901343	negative regulation of vasculature development	79	6	1.36	4.411764705882352	1	0.002369737403553986	0.03711913460039833	FALSE	5	1	SEMA4A;STAT1;SPARC;STAB1;PML	KLF2
GO:0098542	defense response to other organism	906	74	15.58	4.7496790757381255	1	2.321335803524733e-31	1.276270424777898e-28	FALSE	68	6	C1QB;C1QA;C2;C1QC;NLRC4;H2BC21;H2BC12;AIM2;TLR5;FCER1G;TIFA;FCGR1A;SERPING1;VNN1;ADM;BATF2;CD274;MARCO;GBP5;PLSCR1;PGLYRP1;GBP1;TREML1;IFITM1;CASP1;CLU;CR1;PSMB9;CEACAM1;CASP4;GBP2;CALHM6;TRIM21;MSRB1;APOL1;LCN2;UBE2L6;PSME2;CD177;IFITM3;FFAR2;LILRA5;PPBP;S100A12;PARP9;CLEC4E;GBP4;STAT1;TRIM22;NAIP;DEFA1;LTF;IRF7;IFI35;IFIT3;PML;OAS1;S100A8;PARP14;RSAD2;IFI6;LY6E;OAS3;DEFA1;OASL;IFIT2;ISG15;DEFA3	CD6;NOP53;CD2;IGHM;OGT;GNLY
GO:0051168	nuclear export	163	1	2.8	0.35714285714285715	1	0.9419090126235905	1	FALSE	1	0	IL1B	
GO:0098543	detection of other organism	17	3	0.29	10.344827586206897	1	0.0028577834146773983	0.04352380391661035	FALSE	3	0	NLRC4;PGLYRP1;NAIP	
GO:0007178	cell surface receptor protein serine/threonine kinase signaling pathway	254	4	4.37	0.9153318077803203	1	0.639547208971446	1	FALSE	2	2	LRG1;TNFAIP6	BCL9L;OGT
GO:0051169	nuclear transport	274	1	4.71	0.21231422505307856	1	0.9918045519301334	1	FALSE	1	0	IL1B	
GO:0007179	transforming growth factor beta receptor signaling pathway	163	3	2.8	1.0714285714285714	1	0.5342757790299606	1	FALSE	1	2	LRG1	BCL9L;OGT
GO:2000036	regulation of stem cell population maintenance	62	2	1.07	1.8691588785046729	1	0.2889211484821834	0.9963607691239424	FALSE	0	2		LBH;OGT
GO:0090504	epiboly	33	2	0.57	3.5087719298245617	1	0.10995676876271954	0.6738044341006325	FALSE	2	0	LRG1;CEACAM1	
GO:0051150	regulation of smooth muscle cell differentiation	26	1	0.45	2.2222222222222223	1	0.36335827947285637	1	FALSE	1	0	SMARCD3	
GO:0090505	epiboly involved in wound healing	32	2	0.55	3.6363636363636362	1	0.10442892334113969	0.6582891868285151	FALSE	2	0	LRG1;CEACAM1	
GO:0010256	endomembrane system organization	508	9	8.74	1.0297482837528604	1	0.51216787534368	1	FALSE	6	3	LMNB1;SH3GLB1;PLSCR1;CLU;CR1;STX11	ATP8B2;ESYT1;AHNAK
GO:0051153	regulation of striated muscle cell differentiation	50	1	0.86	1.1627906976744187	1	0.5806952239502567	1	FALSE	1	0	MAPK14	
GO:0007127	meiosis I	72	1	1.24	0.8064516129032259	1	0.714250182164103	1	FALSE	0	1		ATM
GO:0098534	centriole assembly	46	1	0.79	1.2658227848101264	1	0.5504474807082268	1	FALSE	1	0	CDK5RAP2	
GO:0090092	regulation of transmembrane receptor protein serine/threonine kinase signaling pathway	188	4	3.23	1.238390092879257	1	0.4057877751731479	1	FALSE	2	2	LRG1;TNFAIP6	BCL9L;OGT
GO:0002200	somatic diversification of immune receptors	57	1	0.98	1.0204081632653061	1	0.6288333353985944	1	FALSE	1	0	TNFSF13	
GO:0032446	protein modification by small protein conjugation	717	10	12.33	0.8110300081103001	1	0.7952126957526366	1	FALSE	8	2	SEPTIN4;SOCS3;FBXO6;TRIM21;UBE2L6;TRIM22;PML;ISG15	OGT;FBXO7
GO:0002204	somatic recombination of immunoglobulin genes involved in immune response	36	1	0.62	1.6129032258064517	1	0.4649842173144969	1	FALSE	1	0	TNFSF13	
GO:0002208	somatic diversification of immunoglobulins involved in immune response	36	1	0.62	1.6129032258064517	1	0.4649842173144969	1	FALSE	1	0	TNFSF13	
GO:0048729	tissue morphogenesis	253	6	4.35	1.3793103448275863	1	0.26995153238713254	0.9719669450323869	FALSE	5	1	LRG1;CEACAM1;RHBDF2;LCN2;STAT1	S1PR1
GO:2000630	positive regulation of miRNA metabolic process	51	1	0.88	1.1363636363636365	1	0.587935018644641	1	FALSE	0	1		ETS1
GO:1905818	regulation of chromosome separation	78	3	1.34	2.2388059701492535	1	0.15076306606658893	0.8118465594849227	FALSE	2	1	CDK5RAP2;PLSCR1	ATM
GO:0055080	monoatomic cation homeostasis	346	8	5.95	1.3445378151260503	1	0.24617362404260157	0.9544870133894382	FALSE	6	2	FAM20A;RAB20;LCN2;ALPL;MT2A;PML	TMC8;ANXA6
GO:1905819	negative regulation of chromosome separation	57	2	0.98	2.0408163265306123	1	0.2569512929068924	0.9603794754602953	FALSE	1	1	CDK5RAP2	ATM
GO:0055082	intracellular chemical homeostasis	438	8	7.53	1.0624169986719787	1	0.48229997636894417	1	FALSE	5	3	HK3;RAB20;LCN2;MT2A;PML	TMC8;ANXA6;OGT
GO:0032434	regulation of proteasomal ubiquitin-dependent protein catabolic process	115	3	1.98	1.5151515151515151	1	0.31729522412256245	1	FALSE	1	2	CLU	NOP53;OGT
GO:0055086	nucleobase-containing small molecule metabolic process	572	8	9.84	0.8130081300813008	1	0.7731472732878276	1	FALSE	7	1	PFKFB3;VPS9D1;HK3;VNN1;TYMP;ACSL1;PARP14	OGT
GO:0055088	lipid homeostasis	132	2	2.27	0.8810572687224669	1	0.6663591990333827	1	FALSE	1	1	NPC2	RORA
GO:0051174	regulation of phosphorus metabolic process	469	10	8.07	1.2391573729863692	1	0.2885529092316398	0.9963607691239424	FALSE	7	3	FAM20A;CEACAM1;LILRA5;S100A12;PARP9;MMP9;PARP14	NOP53;IL7R;OGT
GO:0051179	localization	4130	84	71.04	1.1824324324324322	1	0.03754603593161958	0.3205968708878725	FALSE	61	23	FLVCR2;C2;CDK5RAP2;SLC26A8;CACNA1E;SEPTIN4;LIMK1;ASGR2;FCER1G;LMNB1;VPS9D1;VAMP5;SH3GLB1;FCGR1A;SCARF1;RAB20;ADM;SORT1;LILRB4;CTSA;LIMK2;NPC2;HPSE;MARCO;GBP5;PLSCR1;DYSF;GBP1;RAB24;GRINA;IL1B;CLU;CR1;CEACAM1;GBP2;CALHM6;RHBDF2;ANXA3;APOL1;KCNJ15;TAP1;LCN2;CD177;STX11;APOL6;FFAR2;LILRA5;PPBP;PARP9;TNFAIP6;APOL2;TRIM22;HCAR2;LTF;ACSL1;STAB1;PML;MMP9;GP1BB;RSAD2;ISG15	SEPTIN1;TMC8;FCMR;SUN2;LCK;ATP8B2;CD6;CD3G;ARL4C;NOP53;SEPTIN9;SLC38A1;ESYT1;CD2;MS4A1;EZR;ANXA6;CD22;ATM;PRKACB;OGT;FBXO7;HBA2
GO:0055070	copper ion homeostasis	16	1	0.28	3.571428571428571	1	0.24252896732030604	0.9450520333598112	FALSE	1	0	MT2A	
GO:0008585	female gonad development	37	1	0.64	1.5625	1	0.47421211643336325	1	FALSE	1	0	TNFAIP6	
GO:0065004	protein-DNA complex assembly	153	2	2.63	0.7604562737642586	1	0.7431473338709297	1	FALSE	1	1	H2BC21	CABIN1
GO:0065005	protein-lipid complex assembly	18	1	0.31	3.2258064516129035	1	0.26839537273077707	0.9689020087155695	FALSE	0	1		PRKACB
GO:0065007	biological regulation	8997	189	154.76	1.221245799948307	1	1.826934518701713e-7	9.387370078338334e-6	FALSE	127	62	FAM20A;DUSP3;C1QB;C1QA;SMARCD3;C2;CDK5RAP2;C1QC;NLRC4;CACNA1E;PDCD1LG2;SEPTIN4;ST3GAL4;ZNF438;HP;LIMK1;MAPK14;AIM2;ASGR2;TLR5;FCER1G;IL18RAP;LMNB1;LHFPL2;ICAM1;CARD16;TIFA;SH3GLB1;KREMEN1;OSCAR;FCGR1A;SCARF1;SERPING1;VNN1;TNFSF13;GADD45B;RAB20;SOCS3;ADM;BATF2;SORT1;LILRB4;FBXO6;CD274;CTSA;LIMK2;NPC2;HPSE;CASP5;MARCO;GBP5;DHRS9;SECTM1;C3AR1;PLSCR1;DYSF;PGLYRP1;GBP1;GRINA;LRG1;TREML1;IFITM1;CASP1;IL1B;CLU;CR1;PSMB9;CEACAM1;CASP4;GBP2;CALHM6;TRIM21;RHBDF2;ANXA3;ETV7;LCN2;PSME2;CD177;STX11;TYMP;WARS1;IFITM3;ITGA2B;P2RY14;FFAR2;LILRA5;PPBP;S100A12;PARP9;HCAR3;SEMA4A;TNFAIP6;ALPL;CLEC4E;LILRA6;STAT1;TRIM22;TNFSF13B;NAIP;DEFA1;HCAR2;SPARC;MYL9;TNFSF10;LTF;ACSL1;IRF7;STAB1;IFI35;XAF1;IFIT3;MT2A;PML;MMP9;GP1BB;OAS1;S100A8;PARP14;RSAD2;IFI6;LY6E;OAS3;DEFA1;OASL;IFIT2;ISG15;DEFA3	ZFP36L2;KLF2;TRAC;SEPTIN1;EVL;RPL18A;IKZF3;TRBC1;LBH;TMC8;FCMR;SUN2;BCL11B;S1PR1;TLE5;LCK;CABIN1;TRBC2;ATP8B2;CD6;ZAP70;CD3G;EEIG1;CD3E;NOP53;ETS1;SPOCK2;PBXIP1;TCF7;CDC25B;SEPTIN9;CD5;SLC38A1;CD79A;SPTAN1;CD2;MS4A1;EZR;BCL9L;ANXA6;RPL23A;AHNAK;IL32;TNFRSF13C;CD247;GPR183;CLEC2D;RORA;ITK;CD22;IL7R;RUNX3;RPS4X;ATM;MBNL1;PRKACB;CD79B;IGHM;CD8A;OGT;PHOSPHO1;FBXO7
GO:0010224	response to UV-B	14	1	0.24	4.166666666666667	1	0.21575218855995282	0.8993218595167707	FALSE	1	0	MAPK14	
GO:0065009	regulation of molecular function	584	13	10.05	1.2935323383084576	1	0.20682380706884815	0.8918566990310017	FALSE	12	1	MAPK14;PLSCR1;IL1B;CR1;CEACAM1;TRIM21;LILRA5;S100A12;PARP9;MMP9;OAS1;OAS3	TMC8
GO:0009394	2'-deoxyribonucleotide metabolic process	42	1	0.72	1.3888888888888888	1	0.5180279838813997	1	FALSE	1	0	TYMP	
GO:0051128	regulation of cellular component organization	2020	45	34.75	1.2949640287769784	1	0.038221620777344374	0.3252979427768411	FALSE	30	15	DUSP3;SMARCD3;C2;CDK5RAP2;LIMK1;MAPK14;SH3GLB1;KREMEN1;FCGR1A;SCARF1;LIMK2;HPSE;GBP5;PLSCR1;DYSF;CASP1;IL1B;CLU;CEACAM1;GBP2;LCN2;CD177;SEMA4A;SPARC;TNFSF10;PML;MMP9;S100A8;IFI6;ISG15	EVL;RPL18A;TMC8;S1PR1;CABIN1;NOP53;SEPTIN9;SPTAN1;EZR;RPL23A;AHNAK;CD22;ATM;OGT;FBXO7
GO:0003006	developmental process involved in reproduction	546	8	9.39	0.8519701810436634	1	0.7275291853621766	1	FALSE	5	3	SLC26A8;SEPTIN4;LHFPL2;RAB24;TNFAIP6	RPL18A;RPL3;RPL23A
GO:0035107	appendage morphogenesis	42	1	0.72	1.3888888888888888	1	0.5180279838813997	1	FALSE	0	1		MBNL1
GO:0051129	negative regulation of cellular component organization	622	18	10.7	1.6822429906542058	1	0.021670962140236838	0.21194455345558805	FALSE	9	9	CDK5RAP2;KREMEN1;LIMK2;PLSCR1;DYSF;IL1B;CLU;PML;IFI6	EVL;RPL18A;TMC8;S1PR1;NOP53;SPTAN1;RPL23A;ATM;OGT
GO:0035108	limb morphogenesis	42	1	0.72	1.3888888888888888	1	0.5180279838813997	1	FALSE	0	1		MBNL1
GO:0003007	heart morphogenesis	117	1	2.01	0.49751243781094534	1	0.8698473233637694	1	FALSE	0	1		S1PR1
GO:0003008	system process	1141	18	19.63	0.9169638308711157	1	0.6851941538337178	1	FALSE	10	8	FLVCR2;ST3GAL4;SERPING1;ADM;C3AR1;IL1B;CEACAM1;LCN2;HCAR2;MYL9	KLF2;RPL18A;S1PR1;SLC38A1;ABLIM1;EZR;RPL23A;PRKACB
GO:0010212	response to ionizing radiation	106	3	1.82	1.6483516483516483	1	0.274996045431218	0.9794722429446581	FALSE	2	1	MAPK14;LCN2	ATM
GO:0090066	regulation of anatomical structure size	332	6	5.71	1.0507880910683012	1	0.5093385836800302	1	FALSE	2	4	LIMK1;ADM	KLF2;EVL;SPTAN1;EZR
GO:0048730	epidermis morphogenesis	11	1	0.19	5.2631578947368425	1	0.17380999765353933	0.8359865149344068	FALSE	1	0	RHBDF2	
GO:0002790	peptide secretion	146	3	2.51	1.1952191235059761	1	0.46093708563209157	1	FALSE	2	1	IL1B;FFAR2	PRKACB
GO:0048731	system development	2373	52	40.82	1.2738853503184713	1	0.03418840652228202	0.29836168104683575	FALSE	38	14	C1QA;SMARCD3;CDK5RAP2;SEPTIN4;LIMK1;MAPK14;AIM2;KREMEN1;SCARF1;TNFSF13;ADM;LILRB4;VCAN;HPSE;CASP5;C3AR1;LRG1;IL1B;CLU;CR1;CEACAM1;RHBDF2;ANXA3;LTA4H;TYMP;WARS1;ITGA2B;SEMA4A;TNFAIP6;CRISPLD2;ALPL;STAT1;NAIP;SPARC;LTF;STAB1;PML;MMP9	KLF2;EVL;SUN2;S1PR1;CD3E;ETS1;SPOCK2;GPR183;RORA;RUNX3;MBNL1;OGT;PHOSPHO1;FBXO7
GO:0090068	positive regulation of cell cycle process	205	4	3.53	1.13314447592068	1	0.47085420824322943	1	FALSE	3	1	SMARCD3;PLSCR1;IL1B	CDC25B
GO:0002791	regulation of peptide secretion	123	3	2.12	1.4150943396226414	1	0.3550034741521517	1	FALSE	2	1	IL1B;FFAR2	PRKACB
GO:0048732	gland development	157	2	2.7	0.7407407407407407	1	0.7559389404865456	1	FALSE	1	1	PML	LBH
GO:1990000	amyloid fibril formation	39	1	0.67	1.4925373134328357	1	0.49219519708449	1	FALSE	1	0	CLU	
GO:1902749	regulation of cell cycle G2/M phase transition	101	4	1.74	2.2988505747126435	1	0.09640507768664296	0.6229041688074468	FALSE	1	3	SMARCD3	NOP53;CDC25B;ATM
GO:0002793	positive regulation of peptide secretion	68	1	1.17	0.8547008547008548	1	0.6936008863018237	1	FALSE	0	1		PRKACB
GO:0048736	appendage development	62	2	1.07	1.8691588785046729	1	0.2889211484821834	0.9963607691239424	FALSE	1	1	KREMEN1	MBNL1
GO:0048738	cardiac muscle tissue development	113	1	1.94	0.5154639175257733	1	0.860408386114113	1	FALSE	0	1		S1PR1
GO:1900076	regulation of cellular response to insulin stimulus	58	1	1	1	1	0.635245367488996	1	FALSE	1	0	IL1B	
GO:0170062	nutrient storage	68	1	1.17	0.8547008547008548	1	0.6936008863018237	1	FALSE	1	0	FFAR2	
GO:1900077	negative regulation of cellular response to insulin stimulus	34	1	0.58	1.7241379310344829	1	0.446041916994831	1	FALSE	1	0	IL1B	
GO:0072080	nephron tubule development	40	1	0.69	1.4492753623188408	1	0.5009557520984682	1	FALSE	1	0	STAT1	
GO:0051145	smooth muscle cell differentiation	37	2	0.64	3.125	1	0.13277984903530723	0.7510530967038264	FALSE	2	0	SMARCD3;ADM	
GO:0051146	striated muscle cell differentiation	193	5	3.32	1.5060240963855422	1	0.23898832352196872	0.9446138049775586	FALSE	3	2	MAPK14;SORT1;MYL9	RPL18A;RPL23A
GO:0051147	regulation of muscle cell differentiation	95	2	1.63	1.2269938650306749	1	0.488482074366383	1	FALSE	2	0	SMARCD3;MAPK14	
GO:0072666	establishment of protein localization to vacuole	52	1	0.89	1.1235955056179776	1	0.5950503485256633	1	FALSE	1	0	CLU	
GO:0042181	ketone biosynthetic process	41	1	0.71	1.4084507042253522	1	0.509565823117882	1	FALSE	1	0	ADM	
GO:1900024	regulation of substrate adhesion-dependent cell spreading	47	2	0.81	2.4691358024691357	1	0.19350094256513375	0.8705958937995952	FALSE	2	0	HPSE;GBP1	
GO:0051149	positive regulation of muscle cell differentiation	40	2	0.69	2.8985507246376816	1	0.15053355153933923	0.8118465594849227	FALSE	2	0	SMARCD3;MAPK14	
GO:0009994	oocyte differentiation	26	1	0.45	2.2222222222222223	1	0.36335827947285637	1	FALSE	1	0	RAB24	
GO:0010232	vascular transport	72	2	1.24	1.6129032258064517	1	0.3521886655236208	1	FALSE	1	1	FLVCR2	SLC38A1
GO:0001952	regulation of cell-matrix adhesion	95	3	1.63	1.8404907975460123	1	0.22428868794485218	0.916691905832938	FALSE	2	1	DUSP3;HPSE	CD3E
GO:0071214	cellular response to abiotic stimulus	262	8	4.51	1.7738359201773837	1	0.0832916652659363	0.5618865958676292	FALSE	7	1	MAPK14;TLR5;CASP5;CASP1;IL1B;LCN2;MMP9	ATM
GO:0090087	regulation of peptide transport	125	3	2.15	1.3953488372093024	1	0.36440195603170356	1	FALSE	2	1	IL1B;FFAR2	PRKACB
GO:0071216	cellular response to biotic stimulus	200	14	3.44	4.069767441860465	1	9.304345344037461e-6	2.9569532197409225e-4	FALSE	13	1	PDCD1LG2;MAPK14;IL18RAP;CARD16;CD274;GBP5;CASP1;IL1B;GBP2;LCN2;PPBP;LTF;MMP9	CD6
GO:0072073	kidney epithelium development	63	1	1.08	0.9259259259259258	1	0.6656884375515975	1	FALSE	1	0	STAT1	
GO:0071219	cellular response to molecule of bacterial origin	179	14	3.08	4.545454545454545	1	2.5598187014280837e-6	9.259133697665529e-5	FALSE	13	1	PDCD1LG2;MAPK14;IL18RAP;CARD16;CD274;GBP5;CASP1;IL1B;GBP2;LCN2;PPBP;LTF;MMP9	CD6
GO:0046660	female sex differentiation	40	2	0.69	2.8985507246376816	1	0.15053355153933923	0.8118465594849227	FALSE	2	0	LHFPL2;TNFAIP6	
GO:0001959	regulation of cytokine-mediated signaling pathway	142	12	2.44	4.918032786885246	1	6.105345526562757e-6	2.0343751336389113e-4	FALSE	10	2	CARD16;CASP1;IL1B;CASP4;PARP9;NAIP;OAS1;PARP14;OAS3;ISG15	TMC8;EZR
GO:0035295	tube development	589	22	10.13	2.171767028627838	1	5.29858722925445e-4	0.010257617107901748	FALSE	18	4	ADM;HPSE;C3AR1;LRG1;IL1B;CEACAM1;ANXA3;LTA4H;LCN2;TYMP;WARS1;ITGA2B;SEMA4A;CRISPLD2;STAT1;SPARC;STAB1;PML	KLF2;S1PR1;ETS1;RORA
GO:0046661	male sex differentiation	53	1	0.91	1.0989010989010988	1	0.60204334409759	1	FALSE	1	0	LHFPL2	
GO:0035296	regulation of tube diameter	79	2	1.36	1.4705882352941175	1	0.3953351991671513	1	FALSE	1	1	ADM	KLF2
GO:0045229	external encapsulating structure organization	184	4	3.16	1.2658227848101264	1	0.39022468670921806	1	FALSE	3	1	HPSE;MARCO;MMP9	SPOCK2
GO:0072659	protein localization to plasma membrane	230	3	3.96	0.7575757575757576	1	0.7605022880001004	1	FALSE	2	1	VAMP5;GBP1	EZR
GO:0008544	epidermis development	151	2	2.6	0.7692307692307692	1	0.7365398942263501	1	FALSE	2	0	HPSE;RHBDF2	
GO:0022411	cellular component disassembly	397	10	6.83	1.4641288433382138	1	0.14753573566843128	0.8079197955229435	FALSE	9	1	DUSP3;C1QB;C1QA;SMARCD3;C1QC;HPSE;IL1B;TRIM21;MMP9	SPTAN1
GO:0022412	cellular process involved in reproduction in multicellular organism	191	3	3.29	0.9118541033434651	1	0.6417599504993473	1	FALSE	3	0	SEPTIN4;RAB24;TNFAIP6	
GO:0042176	regulation of protein catabolic process	357	8	6.14	1.3029315960912053	1	0.27284756365388535	0.9791879275254972	FALSE	5	3	CTSA;IL1B;CLU;PSME2;PML	NOP53;EZR;OGT
GO:0022414	reproductive process	896	14	15.41	0.9085009733939	1	0.6845937057946305	1	FALSE	7	7	SLC26A8;SEPTIN4;LHFPL2;RAB24;IL1B;TNFAIP6;APOL2	RPL18A;SUN2;CDC25B;SLC38A1;RPL3;RPL23A;ATM
GO:0090077	foam cell differentiation	30	1	0.52	1.923076923076923	1	0.4061310653788047	1	FALSE	1	0	IL1B	
GO:0002761	regulation of myeloid leukocyte differentiation	84	7	1.44	4.861111111111112	1	5.984237857136615e-4	0.011345289565012797	FALSE	6	1	C1QC;LILRB4;CEACAM1;TNFAIP6;LTF;IRF7	EEIG1
GO:0002763	positive regulation of myeloid leukocyte differentiation	43	1	0.74	1.3513513513513513	1	0.5263447643003082	1	FALSE	0	1		EEIG1
GO:0071248	cellular response to metal ion	120	1	2.06	0.4854368932038835	1	0.8765070098035866	1	FALSE	1	0	MT2A	
GO:0002764	immune response-regulating signaling pathway	515	53	8.86	5.981941309255079	1	7.884966158091977e-27	2.5500908198346878e-24	FALSE	32	21	DUSP3;NLRC4;PDCD1LG2;LIMK1;AIM2;TLR5;FCER1G;TIFA;FCGR1A;LILRB4;CD274;GBP5;C3AR1;PLSCR1;GBP1;CASP1;CR1;CEACAM1;GBP2;FFAR2;LILRA5;CLEC4E;LILRA6;NAIP;LTF;IRF7;IFI35;OAS1;S100A8;RSAD2;OAS3;OASL	TRAC;TRBC1;FCMR;LCK;TRBC2;ZAP70;CD3G;CD3E;NOP53;CD5;CD79A;MS4A1;EZR;CD247;CLEC2D;ITK;CD22;CD79B;IGHM;CD8A;OGT
GO:0002765	immune response-inhibiting signal transduction	27	3	0.46	6.521739130434782	1	0.010835333599925225	0.12838936235428638	FALSE	3	0	LILRB4;LILRA5;LILRA6	
GO:0045216	cell-cell junction organization	138	2	2.37	0.8438818565400843	1	0.6900105372053384	1	FALSE	2	0	IL1B;CD177	
GO:0072028	nephron morphogenesis	26	1	0.45	2.2222222222222223	1	0.36335827947285637	1	FALSE	1	0	STAT1	
GO:0046651	lymphocyte proliferation	193	16	3.32	4.819277108433735	1	2.192801211792273e-7	1.097262279640601e-5	FALSE	7	9	PDCD1LG2;TNFSF13;LILRB4;CD274;IL1B;CR1;TNFSF13B	IKZF3;CD6;CD3E;CD79A;MS4A1;TNFRSF13C;GPR183;CD22;ATM
GO:0018212	peptidyl-tyrosine modification	102	5	1.75	2.857142857142857	1	0.03130324462799845	0.2780375427540153	FALSE	3	2	LILRA5;PARP9;PARP14	ZAP70;IL7R
GO:0019693	ribose phosphate metabolic process	312	4	5.37	0.74487895716946	1	0.7885726661346366	1	FALSE	3	1	PFKFB3;VPS9D1;HK3	OGT
GO:0048708	astrocyte differentiation	40	1	0.69	1.4492753623188408	1	0.5009557520984682	1	FALSE	1	0	C1QA	
GO:0002768	immune response-regulating cell surface receptor signaling pathway	334	38	5.75	6.608695652173913	1	9.073388274826644e-21	2.3754994635712805e-18	FALSE	19	19	DUSP3;PDCD1LG2;LIMK1;TLR5;FCER1G;FCGR1A;LILRB4;CD274;C3AR1;PLSCR1;GBP1;CR1;CEACAM1;FFAR2;LILRA5;LILRA6;LTF;IFI35;OAS1	TRAC;TRBC1;FCMR;LCK;TRBC2;ZAP70;CD3G;CD3E;CD5;CD79A;MS4A1;EZR;CD247;CLEC2D;ITK;CD22;CD79B;IGHM;CD8A
GO:0048709	oligodendrocyte differentiation	53	1	0.91	1.0989010989010988	1	0.60204334409759	1	FALSE	1	0	CLU	
GO:0062098	regulation of programmed necrotic cell death	33	1	0.57	1.7543859649122808	1	0.43632185828118053	1	FALSE	0	1		OGT
GO:1900046	regulation of hemostasis	52	4	0.89	4.49438202247191	1	0.012112408612521457	0.13674337279598145	FALSE	4	0	ST3GAL4;SERPING1;HPSE;CEACAM1	
GO:1900047	negative regulation of hemostasis	35	2	0.6	3.3333333333333335	1	0.12123418237142373	0.7190350967401162	FALSE	2	0	SERPING1;CEACAM1	
GO:1900048	positive regulation of hemostasis	21	2	0.36	5.555555555555555	1	0.049923436717661404	0.3876822811775458	FALSE	2	0	ST3GAL4;HPSE	
GO:0042129	regulation of T cell proliferation	124	8	2.13	3.755868544600939	1	0.001349063519380809	0.02336283893934277	FALSE	5	3	PDCD1LG2;LILRB4;CD274;IL1B;CR1	CD6;CD3E;TNFRSF13C
GO:0002757	immune response-activating signaling pathway	473	49	8.14	6.019656019656019	1	6.745104154967122e-25	2.0602545913338465e-22	FALSE	28	21	DUSP3;NLRC4;PDCD1LG2;LIMK1;AIM2;TLR5;TIFA;LILRB4;CD274;GBP5;C3AR1;PLSCR1;GBP1;CASP1;CR1;CEACAM1;GBP2;FFAR2;CLEC4E;NAIP;LTF;IRF7;IFI35;OAS1;S100A8;RSAD2;OAS3;OASL	TRAC;TRBC1;FCMR;LCK;TRBC2;ZAP70;CD3G;CD3E;NOP53;CD5;CD79A;MS4A1;EZR;CD247;CLEC2D;ITK;CD22;CD79B;IGHM;CD8A;OGT
GO:0072676	lymphocyte migration	86	5	1.48	3.3783783783783785	1	0.016275040365287586	0.1710901948916848	FALSE	2	3	DEFA1;DEFA1	S1PR1;ZAP70;GPR183
GO:0042110	T cell activation	442	37	7.6	4.868421052631579	1	8.694897429521726e-16	1.2580143701976433e-13	FALSE	15	22	DUSP3;SMARCD3;PDCD1LG2;IL18RAP;ICAM1;VNN1;SOCS3;LILRB4;CD274;IL1B;CR1;PSMB9;CEACAM1;SEMA4A;RSAD2	ZFP36L2;TRAC;IKZF3;TRBC1;LCK;TRBC2;CD6;ZAP70;CD3G;CD3E;TCF7;CD5;CD2;TNFRSF13C;CD247;GPR183;CLEC2D;RORA;ITK;IL7R;RUNX3;CD8A
GO:0002758	innate immune response-activating signaling pathway	268	21	4.61	4.55531453362256	1	7.1292149497313544e-9	4.899552974202873e-7	FALSE	19	2	NLRC4;AIM2;TLR5;TIFA;CD274;GBP5;CASP1;GBP2;FFAR2;CLEC4E;NAIP;LTF;IRF7;IFI35;OAS1;S100A8;RSAD2;OAS3;OASL	NOP53;OGT
GO:0046686	response to cadmium ion	28	1	0.48	2.0833333333333335	1	0.385114851703767	1	FALSE	1	0	MT2A	
GO:0009967	positive regulation of signal transduction	1241	39	21.35	1.8266978922716626	1	1.5363040736517854e-4	0.0034903304946022795	FALSE	32	7	SEPTIN4;ICAM1;CARD16;TIFA;VNN1;GADD45B;HPSE;MARCO;GBP5;SECTM1;LRG1;CASP1;IL1B;CLU;CASP4;GBP2;TRIM21;RHBDF2;LILRA5;S100A12;PARP9;TRIM22;NAIP;TNFSF10;LTF;IFI35;PML;MMP9;S100A8;PARP14;RSAD2;OASL	KLF2;LCK;EZR;GPR183;IL7R;ATM;OGT
GO:0009968	negative regulation of signal transduction	1063	41	18.28	2.2428884026258205	1	7.275053894234812e-7	3.278544779549426e-5	FALSE	27	14	DUSP3;PDCD1LG2;MAPK14;AIM2;ICAM1;CARD16;KREMEN1;SOCS3;ADM;LILRB4;CD274;GBP1;GRINA;IL1B;CLU;CEACAM1;TNFAIP6;STAT1;NAIP;LTF;IFI35;MMP9;OAS1;PARP14;IFI6;OAS3;ISG15	LBH;TMC8;TLE5;NOP53;CD5;EZR;BCL9L;RORA;CD22;IL7R;ATM;PRKACB;OGT;FBXO7
GO:0042116	macrophage activation	84	5	1.44	3.4722222222222223	1	0.014827210573733946	0.15798450336121944	FALSE	5	0	C1QA;DYSF;IL1B;CLU;IFI35	
GO:0046688	response to copper ion	25	1	0.43	2.3255813953488373	1	0.35219428068188696	1	FALSE	1	0	MT2A	
GO:0051100	negative regulation of binding	31	1	0.53	1.8867924528301885	1	0.41636941071669764	1	FALSE	0	1		TMC8
GO:0042119	neutrophil activation	39	3	0.67	4.477611940298507	1	0.02913996238569084	0.263939889944857	FALSE	3	0	FCER1G;ANXA3;CD177	
GO:0051101	regulation of DNA binding	33	1	0.57	1.7543859649122808	1	0.43632185828118053	1	FALSE	1	0	MMP9	
GO:0007292	female gamete generation	70	2	1.2	1.6666666666666667	1	0.3396591409735764	1	FALSE	2	0	RAB24;TNFAIP6	
GO:0035264	multicellular organism growth	25	1	0.43	2.3255813953488373	1	0.35219428068188696	1	FALSE	0	1		EZR
GO:0035265	organ growth	75	1	1.29	0.7751937984496123	1	0.7288224589590304	1	FALSE	0	1		S1PR1
GO:0019058	viral life cycle	251	13	4.32	3.009259259259259	1	4.0899719104172376e-4	0.008147342595461585	FALSE	12	1	ICAM1;PLSCR1;IFITM1;CR1;TRIM21;IFITM3;LTF;OAS1;RSAD2;OAS3;OASL;ISG15	IL32
GO:0055002	striated muscle cell development	81	1	1.39	0.7194244604316548	1	0.7557843068165706	1	FALSE	1	0	MYL9	
GO:0052547	regulation of peptidase activity	18	1	0.31	3.2258064516129035	1	0.26839537273077707	0.9689020087155695	FALSE	1	0	CR1	
GO:0001911	negative regulation of leukocyte mediated cytotoxicity	27	1	0.46	2.1739130434782608	1	0.3743307121798023	1	FALSE	1	0	CEACAM1	
GO:0001913	T cell mediated cytotoxicity	39	1	0.67	1.4925373134328357	1	0.49219519708449	1	FALSE	1	0	CEACAM1	
GO:0019080	viral gene expression	78	5	1.34	3.731343283582089	1	0.011008067037078562	0.12987629306836468	FALSE	4	1	ST3GAL4;TRIM21;IFITM3;PARP9	ST6GAL1
GO:0043583	ear development	65	1	1.12	0.8928571428571428	1	0.6771449545991599	1	FALSE	1	0	SPARC	
GO:0019083	viral transcription	24	2	0.41	4.878048780487805	1	0.06346313417192695	0.461534803805892	FALSE	2	0	TRIM21;IFITM3	
GO:0170041	non-proteinogenic amino acid metabolic process	42	1	0.72	1.3888888888888888	1	0.5180279838813997	1	FALSE	0	1		SLC38A1
GO:0098656	monoatomic anion transmembrane transport	88	2	1.51	1.3245033112582782	1	0.44878721919534137	1	FALSE	2	0	SLC26A8;APOL1	
GO:0098657	import into cell	776	27	13.35	2.0224719101123596	1	3.7901066452536496e-4	0.007661031741031091	FALSE	23	4	C2;CACNA1E;LIMK1;ASGR2;FCER1G;SH3GLB1;FCGR1A;SCARF1;RAB20;ADM;SORT1;LILRB4;MARCO;PLSCR1;DYSF;CLU;CEACAM1;ANXA3;KCNJ15;LCN2;CD177;ACSL1;STAB1	FCMR;SLC38A1;MS4A1;CD22
GO:0009987	cellular process	12822	219	220.55	0.9929721151666289	1	0.7868461987058262	1	FALSE	150	69	GYG1;FAM20A;FLVCR2;DUSP3;C1QB;C1QA;SMARCD3;C2;CDK5RAP2;C1QC;NLRC4;SLC26A8;CACNA1E;PDCD1LG2;H2BC21;TMT1B;SEPTIN4;H2BC12;ST3GAL4;ZNF438;HP;LIMK1;PFKFB3;MAPK14;AIM2;ASGR2;TLR5;SQOR;FCER1G;IL18RAP;LMNB1;VPS9D1;VAMP5;ICAM1;CARD16;TIFA;SH3GLB1;KREMEN1;OSCAR;FCGR1A;SCARF1;HK3;VNN1;TNFSF13;GADD45B;RAB20;SOCS3;ADM;BATF2;SORT1;LILRB4;FBXO6;CD274;CTSA;LIMK2;NPC2;VCAN;HPSE;CASP5;MARCO;GBP5;ANKRD22;DHRS9;SECTM1;C3AR1;PLSCR1;DYSF;PGLYRP1;GBP1;RAB24;GRINA;LRG1;TREML1;IFITM1;CASP1;IL1B;CLU;CR1;PSMB9;CEACAM1;CASP4;GBP2;CALHM6;TRIM21;RHBDF2;MSRB1;ANXA3;APOL1;KCNJ15;LTA4H;ETV7;TAP1;LCN2;UBE2L6;PSME2;CD177;GK;STX11;TYMP;WARS1;IFITM3;ITGA2B;P2RY14;APOL6;FFAR2;LILRA5;PPBP;S100A12;PARP9;LAP3;HCAR3;SEMA4A;TNFAIP6;ALPL;CLEC4E;LILRA6;SIGLEC5;APOL2;STAT1;TRIM22;TNFSF13B;NAIP;DEFA1;HCAR2;SPARC;MYL9;TNFSF10;LTF;ACSL1;IRF7;STAB1;IFI35;XAF1;IFIT3;MT2A;PML;MMP9;GP1BB;OAS1;S100A8;PARP14;RSAD2;IFI6;LY6E;OAS3;DEFA1;OASL;IFIT2;ISG15;DEFA3	ZFP36L2;KLF2;TRAC;SEPTIN1;EVL;RPL18A;ST6GAL1;IKZF3;TRBC1;LBH;TMC8;FCMR;SUN2;BCL11B;S1PR1;TLE5;LCK;CABIN1;TRBC2;ATP8B2;CD6;ZAP70;CD3G;EEIG1;ARL4C;CD3E;NOP53;ETS1;SPOCK2;PBXIP1;RPS28;TCF7;CDC25B;SEPTIN9;CD5;SLC38A1;CD79A;SPTAN1;ESYT1;CD2;MS4A1;ABLIM1;EZR;BCL9L;RPL3;ANXA6;RPL23A;AHNAK;IL32;TNFRSF13C;CD247;GPR183;CLEC2D;RORA;ITK;CD22;IL7R;RUNX3;RPS4X;ATM;MBNL1;PRKACB;CD79B;IGHM;CD8A;OGT;FBXO7;HBA2;GNLY
GO:1902893	regulation of miRNA transcription	59	2	1.01	1.9801980198019802	1	0.2697444763527138	0.9718578840021104	FALSE	1	1	LILRB4	ETS1
GO:0030705	cytoskeleton-dependent intracellular transport	199	1	3.42	0.29239766081871343	1	0.969163936785904	1	FALSE	0	1		SUN2
GO:0001944	vasculature development	464	19	7.98	2.380952380952381	1	4.234906304971029e-4	0.008375365059255653	FALSE	15	4	ADM;HPSE;C3AR1;LRG1;IL1B;CEACAM1;ANXA3;TYMP;WARS1;ITGA2B;SEMA4A;STAT1;SPARC;STAB1;PML	KLF2;S1PR1;ETS1;RORA
GO:0002724	regulation of T cell cytokine production	36	4	0.62	6.451612903225807	1	0.003261475619529024	0.04833313465275087	FALSE	4	0	LILRB4;SECTM1;IL1B;RSAD2	
GO:0009311	oligosaccharide metabolic process	40	1	0.69	1.4492753623188408	1	0.5009557520984682	1	FALSE	1	0	ST3GAL4	
GO:0046031	ADP metabolic process	82	3	1.41	2.127659574468085	1	0.16732733774797154	0.8359865149344068	FALSE	2	1	PFKFB3;HK3	OGT
GO:0046032	ADP catabolic process	76	3	1.31	2.2900763358778624	1	0.14269054592791677	0.7852979194311175	FALSE	2	1	PFKFB3;HK3	OGT
GO:0009314	response to radiation	286	5	4.92	1.016260162601626	1	0.5484640960033982	1	FALSE	4	1	MAPK14;LCN2;PML;MMP9	ATM
GO:0046034	ATP metabolic process	194	4	3.34	1.1976047904191618	1	0.42898571096583815	1	FALSE	3	1	PFKFB3;VPS9D1;HK3	OGT
GO:0019079	viral genome replication	100	9	1.72	5.232558139534884	1	5.509346066130073e-5	0.0014023326236844045	FALSE	9	0	PLSCR1;IFITM1;IFITM3;LTF;OAS1;RSAD2;OAS3;OASL;ISG15	
GO:0022401	negative adaptation of signaling pathway	11	1	0.19	5.2631578947368425	1	0.17380999765353933	0.8359865149344068	FALSE	1	0	ADM	
GO:0022402	cell cycle process	1097	19	18.87	1.0068892421833597	1	0.5227064027913715	1	FALSE	11	8	SMARCD3;CDK5RAP2;SEPTIN4;SH3GLB1;FBXO6;LIMK2;PLSCR1;RAB24;IL1B;PSME2;PARP9	ZFP36L2;SEPTIN1;SUN2;NOP53;CDC25B;SEPTIN9;EZR;ATM
GO:0022404	molting cycle process	26	2	0.45	4.444444444444445	1	0.07309431090764267	0.5139034800130683	FALSE	2	0	HPSE;RHBDF2	
GO:0001933	negative regulation of protein phosphorylation	92	3	1.58	1.8987341772151898	1	0.21079091417533038	0.8993218595167707	FALSE	2	1	CEACAM1;PARP14	IL7R
GO:0002711	positive regulation of T cell mediated immunity	54	3	0.93	3.225806451612903	1	0.06572370067063286	0.47421116310648226	FALSE	3	0	SECTM1;IL1B;RSAD2	
GO:0007260	tyrosine phosphorylation of STAT protein	32	3	0.55	5.454545454545454	1	0.017257433755233146	0.17769098301440187	FALSE	2	1	PARP9;PARP14	IL7R
GO:0022405	hair cycle process	26	2	0.45	4.444444444444445	1	0.07309431090764267	0.5139034800130683	FALSE	2	0	HPSE;RHBDF2	
GO:0043523	regulation of neuron apoptotic process	146	8	2.51	3.1872509960159365	1	0.0037458830947995434	0.053913259830387146	FALSE	7	1	CASP5;GRINA;CASP1;CLU;CASP4;LCN2;NAIP	FBXO7
GO:0002712	regulation of B cell mediated immunity	37	2	0.64	3.125	1	0.13277984903530723	0.7510530967038264	FALSE	2	0	TNFSF13;CR1	
GO:0001935	endothelial cell proliferation	110	3	1.89	1.5873015873015874	1	0.29374716488021835	0.9981594020466258	FALSE	3	0	LRG1;STAT1;SPARC	
GO:0002713	negative regulation of B cell mediated immunity	10	1	0.17	5.88235294117647	1	0.1593388199217275	0.817969030746646	FALSE	1	0	CR1	
GO:0001936	regulation of endothelial cell proliferation	96	3	1.65	1.8181818181818183	1	0.22882574762048044	0.916691905832938	FALSE	3	0	LRG1;STAT1;SPARC	
GO:0051293	establishment of spindle localization	45	1	0.77	1.2987012987012987	1	0.5425520890583637	1	FALSE	1	0	CDK5RAP2	
GO:0002714	positive regulation of B cell mediated immunity	24	1	0.41	2.4390243902439024	1	0.3408353862725555	1	FALSE	1	0	TNFSF13	
GO:0022408	negative regulation of cell-cell adhesion	158	8	2.72	2.941176470588235	1	0.006009350522704596	0.07904164874121979	FALSE	7	1	DUSP3;PDCD1LG2;LILRB4;CD274;CR1;PSMB9;CEACAM1	RUNX3
GO:0051294	establishment of spindle orientation	32	1	0.55	1.8181818181818181	1	0.4264320070836515	1	FALSE	1	0	CDK5RAP2	
GO:0007264	small GTPase-mediated signal transduction	432	2	7.43	0.2691790040376851	1	0.9956787617113818	1	FALSE	1	1	LIMK1	OGT
GO:0022409	positive regulation of cell-cell adhesion	250	17	4.3	3.9534883720930236	1	1.5055040326574317e-6	5.9342393024927235e-5	FALSE	8	9	SMARCD3;PDCD1LG2;ST3GAL4;VNN1;LILRB4;CD274;IL1B;CR1	LCK;CD6;ZAP70;CD3E;ETS1;CD5;TNFRSF13C;IL7R;RUNX3
GO:0097237	cellular response to toxic substance	105	2	1.81	1.1049723756906078	1	0.5419940586133849	1	FALSE	1	1	HP	HBA2
GO:0002716	negative regulation of natural killer cell mediated immunity	23	1	0.4	2.5	1	0.32927820910169614	1	FALSE	1	0	CEACAM1	
GO:0046640	regulation of alpha-beta T cell proliferation	30	1	0.52	1.923076923076923	1	0.4061310653788047	1	FALSE	1	0	CD274	
GO:0051298	centrosome duplication	75	1	1.29	0.7751937984496123	1	0.7288224589590304	1	FALSE	1	0	CDK5RAP2	
GO:0002719	negative regulation of cytokine production involved in immune response	21	1	0.36	2.7777777777777777	1	0.30555516388798076	1	FALSE	1	0	LILRB4	
GO:0007269	neurotransmitter secretion	109	2	1.87	1.06951871657754	1	0.5622906706466496	1	FALSE	2	0	DYSF;STX11	
GO:0018205	peptidyl-lysine modification	111	1	1.91	0.5235602094240838	1	0.8554364049533423	1	FALSE	1	0	PML	
GO:0000082	G1/S transition of mitotic cell cycle	193	2	3.32	0.6024096385542169	1	0.8482236123261886	1	FALSE	2	0	SMARCD3;PSME2	
GO:0018209	peptidyl-serine modification	61	1	1.05	0.9523809523809523	1	0.6538272316830465	1	FALSE	0	1		ATM
GO:0046649	lymphocyte activation	621	45	10.68	4.213483146067416	1	1.0752489361224794e-16	1.5977617975138895e-14	FALSE	17	28	DUSP3;SMARCD3;PDCD1LG2;IL18RAP;ICAM1;VNN1;TNFSF13;SOCS3;LILRB4;CD274;IL1B;CR1;PSMB9;CEACAM1;SEMA4A;TNFSF13B;RSAD2	ZFP36L2;TRAC;IKZF3;TRBC1;LCK;TRBC2;CD6;ZAP70;CD3G;CD3E;TCF7;CD5;CD79A;CD2;MS4A1;TNFRSF13C;CD247;GPR183;CLEC2D;RORA;ITK;CD22;IL7R;RUNX3;ATM;CD79B;IGHM;CD8A
GO:0072001	renal system development	148	3	2.55	1.1764705882352942	1	0.4698324571542285	1	FALSE	3	0	CR1;STAT1;MMP9	
GO:0000086	G2/M transition of mitotic cell cycle	120	4	2.06	1.941747572815534	1	0.15229735256828877	0.817969030746646	FALSE	1	3	SMARCD3	NOP53;CDC25B;ATM
GO:0048863	stem cell differentiation	134	3	2.3	1.3043478260869565	1	0.4063593530599431	1	FALSE	1	2	SEMA4A	ZFP36L2;LBH
GO:0048864	stem cell development	38	1	0.65	1.5384615384615383	1	0.48328153975407717	1	FALSE	1	0	SEMA4A	
GO:0043516	regulation of DNA damage response, signal transduction by p53 class mediator	32	1	0.55	1.8181818181818181	1	0.4264320070836515	1	FALSE	0	1		ATM
GO:0072006	nephron development	79	2	1.36	1.4705882352941175	1	0.3953351991671513	1	FALSE	2	0	CR1;STAT1	
GO:0007254	JNK cascade	151	4	2.6	1.5384615384615383	1	0.262123947473923	0.9689020087155695	FALSE	4	0	DUSP3;GADD45B;IL1B;NAIP	
GO:0048869	cellular developmental process	2792	84	48.03	1.7489069331667708	1	2.5970839824410934e-8	1.552039971245775e-6	FALSE	49	35	C1QA;SMARCD3;CDK5RAP2;C1QC;SLC26A8;SEPTIN4;LIMK1;MAPK14;IL18RAP;VAMP5;ICAM1;KREMEN1;OSCAR;SCARF1;VNN1;GADD45B;SOCS3;ADM;BATF2;SORT1;LILRB4;VCAN;HPSE;DHRS9;RAB24;LRG1;IFITM1;IL1B;CLU;CR1;PSMB9;CEACAM1;RHBDF2;LTA4H;ETV7;TYMP;FFAR2;SEMA4A;TNFAIP6;ALPL;STAT1;TNFSF13B;MYL9;LTF;IRF7;MMP9;GP1BB;RSAD2;ISG15	ZFP36L2;EVL;RPL18A;IKZF3;LBH;SUN2;S1PR1;LCK;ZAP70;CD3G;EEIG1;CD3E;ETS1;SPOCK2;PBXIP1;TCF7;CD79A;CD2;MS4A1;EZR;BCL9L;RPL23A;GPR183;RORA;ITK;IL7R;RUNX3;ATM;MBNL1;CD79B;IGHM;CD8A;OGT;FBXO7;HBA2
GO:0072009	nephron epithelium development	52	1	0.89	1.1235955056179776	1	0.5950503485256633	1	FALSE	1	0	STAT1	
GO:0009913	epidermal cell differentiation	95	1	1.63	0.6134969325153374	1	0.8087630060353375	1	FALSE	1	0	RHBDF2	
GO:0046633	alpha-beta T cell proliferation	32	1	0.55	1.8181818181818181	1	0.4264320070836515	1	FALSE	1	0	CD274	
GO:0009914	hormone transport	187	4	3.22	1.2422360248447204	1	0.4019031717022328	1	FALSE	3	1	IL1B;FFAR2;HCAR2	PRKACB
GO:0046634	regulation of alpha-beta T cell activation	90	3	1.55	1.9354838709677418	1	0.20189663930151988	0.8766098208394166	FALSE	2	1	LILRB4;CD274	RUNX3
GO:0046635	positive regulation of alpha-beta T cell activation	52	2	0.89	2.247191011235955	1	0.22505319471249016	0.916691905832938	FALSE	1	1	LILRB4	RUNX3
GO:0000070	mitotic sister chromatid segregation	194	2	3.34	0.5988023952095809	1	0.8502656611311136	1	FALSE	1	1	CDK5RAP2	ATM
GO:0046636	negative regulation of alpha-beta T cell activation	37	2	0.64	3.125	1	0.13277984903530723	0.7510530967038264	FALSE	1	1	CD274	RUNX3
GO:0046637	regulation of alpha-beta T cell differentiation	58	2	1	2	1	0.26334750624570247	0.9689020087155695	FALSE	1	1	LILRB4	RUNX3
GO:0046639	negative regulation of alpha-beta T cell differentiation	23	1	0.4	2.5	1	0.32927820910169614	1	FALSE	0	1		RUNX3
GO:0000075	cell cycle checkpoint signaling	185	5	3.18	1.572327044025157	1	0.2139036839129076	0.8993218595167707	FALSE	3	2	CDK5RAP2;FBXO6;PARP9	NOP53;ATM
GO:0007281	germ cell development	173	2	2.98	0.6711409395973155	1	0.8017542254796435	1	FALSE	2	0	RAB24;TNFAIP6	
GO:0048856	anatomical structure development	3669	99	63.11	1.568689589605451	1	2.0013936512103353e-7	1.0188576198476318e-5	FALSE	61	38	FAM20A;C1QA;SMARCD3;CDK5RAP2;C1QC;SEPTIN4;LIMK1;MAPK14;AIM2;IL18RAP;VAMP5;LHFPL2;ICAM1;KREMEN1;OSCAR;SCARF1;VNN1;TNFSF13;SOCS3;ADM;BATF2;SORT1;LILRB4;VCAN;HPSE;CASP5;DHRS9;SECTM1;C3AR1;RAB24;LRG1;IL1B;CLU;CR1;PSMB9;CEACAM1;RHBDF2;ANXA3;LTA4H;ETV7;LCN2;TYMP;WARS1;ITGA2B;SEMA4A;TNFAIP6;CRISPLD2;ALPL;STAT1;TNFSF13B;NAIP;SPARC;MYL9;LTF;IRF7;STAB1;PML;MMP9;GP1BB;RSAD2;ISG15	ZFP36L2;KLF2;EVL;RPL18A;IKZF3;LBH;SUN2;S1PR1;LCK;ZAP70;CD3G;EEIG1;CD3E;ETS1;SPOCK2;PBXIP1;TCF7;CD79A;CD2;MS4A1;ABLIM1;EZR;BCL9L;RPL23A;GPR183;RORA;ITK;IL7R;RUNX3;ATM;MBNL1;CD79B;IGHM;CD8A;OGT;PHOSPHO1;FBXO7;HBA2
GO:0048857	neural nucleus development	42	1	0.72	1.3888888888888888	1	0.5180279838813997	1	FALSE	1	0	CASP5	
GO:0043549	regulation of kinase activity	222	3	3.82	0.7853403141361257	1	0.7390694580456085	1	FALSE	3	0	CEACAM1;LILRA5;S100A12	
GO:0048858	cell projection morphogenesis	415	3	7.14	0.42016806722689076	1	0.9757795898165984	1	FALSE	2	1	LIMK1;SEMA4A	EVL
GO:0070977	bone maturation	19	2	0.33	6.0606060606060606	1	0.041568645351998744	0.34523325097475693	FALSE	1	1	LTF	PHOSPHO1
GO:0008064	regulation of actin polymerization or depolymerization	118	2	2.03	0.9852216748768474	1	0.6055793372206665	1	FALSE	0	2		EVL;SPTAN1
GO:0046006	regulation of activated T cell proliferation	34	3	0.58	5.172413793103448	1	0.020306337274968052	0.2007989970103855	FALSE	3	0	PDCD1LG2;LILRB4;CD274	
GO:1902850	microtubule cytoskeleton organization involved in mitosis	150	2	2.58	0.7751937984496123	1	0.7331824302818093	1	FALSE	1	1	CDK5RAP2	SUN2
GO:0048880	sensory system development	159	2	2.73	0.7326007326007326	1	0.7621270055116596	1	FALSE	2	0	C1QA;SMARCD3	
GO:0051261	protein depolymerization	101	1	1.74	0.5747126436781609	1	0.8278044125049412	1	FALSE	0	1		SPTAN1
GO:0043534	blood vessel endothelial cell migration	96	1	1.65	0.6060606060606061	1	0.8120762305508347	1	FALSE	0	1		ETS1
GO:0001906	cell killing	160	18	2.75	6.545454545454546	1	2.7969086982839165e-10	2.1064937018034212e-8	FALSE	16	2	H2BC12;ICAM1;FCGR1A;GBP5;PGLYRP1;GBP1;CLU;CR1;CEACAM1;GBP2;PPBP;S100A12;DEFA1;LTF;DEFA1;DEFA3	CD2;GNLY
GO:0062012	regulation of small molecule metabolic process	246	5	4.23	1.1820330969267139	1	0.41706117713875013	1	FALSE	3	2	ADM;IL1B;CEACAM1	RORA;OGT
GO:0007272	ensheathment of neurons	95	1	1.63	0.6134969325153374	1	0.8087630060353375	1	FALSE	1	0	CLU	
GO:0043535	regulation of blood vessel endothelial cell migration	79	1	1.36	0.7352941176470588	1	0.7471075060242061	1	FALSE	0	1		ETS1
GO:0060993	kidney morphogenesis	35	1	0.6	1.6666666666666667	1	0.45559508566022555	1	FALSE	1	0	STAT1	
GO:0062014	negative regulation of small molecule metabolic process	75	1	1.29	0.7751937984496123	1	0.7288224589590304	1	FALSE	1	0	CEACAM1	
GO:0070925	organelle assembly	878	11	15.1	0.728476821192053	1	0.8965280452598627	1	FALSE	5	6	CDK5RAP2;SH3GLB1;RAB20;LIMK2;MYL9	NOP53;RPS28;SEPTIN9;ABLIM1;EZR;ATM
GO:0016579	protein deubiquitination	92	2	1.58	1.2658227848101264	1	0.4716856650085257	1	FALSE	1	1	TRIM21	NOP53
GO:0007275	multicellular organism development	2804	66	48.23	1.3684428778768403	1	0.003118335298731122	0.04710056997918601	FALSE	45	21	C1QA;SMARCD3;CDK5RAP2;C1QC;SEPTIN4;LIMK1;MAPK14;AIM2;LHFPL2;KREMEN1;SCARF1;VNN1;TNFSF13;ADM;LILRB4;VCAN;HPSE;CASP5;C3AR1;LRG1;IL1B;CLU;CR1;PSMB9;CEACAM1;RHBDF2;ANXA3;LTA4H;LCN2;TYMP;WARS1;ITGA2B;SEMA4A;TNFAIP6;CRISPLD2;ALPL;STAT1;NAIP;SPARC;LTF;IRF7;STAB1;PML;MMP9;ISG15	ZFP36L2;KLF2;EVL;IKZF3;SUN2;S1PR1;ZAP70;EEIG1;CD3E;ETS1;SPOCK2;TCF7;CD2;GPR183;RORA;IL7R;RUNX3;MBNL1;OGT;PHOSPHO1;FBXO7
GO:0007276	gamete generation	480	7	8.26	0.8474576271186441	1	0.7239245629705886	1	FALSE	4	3	SLC26A8;SEPTIN4;RAB24;TNFAIP6	RPL18A;RPL3;RPL23A
GO:0048870	cell motility	1233	39	21.21	1.8387553041018387	1	1.3415597412901254e-4	0.003086148727034774	FALSE	28	11	DUSP3;SEPTIN4;ST3GAL4;ICAM1;VCAN;HPSE;ANKRD22;C3AR1;LRG1;IFITM1;IL1B;CEACAM1;ANXA3;LCN2;CD177;ITGA2B;FFAR2;PPBP;S100A12;PARP9;SEMA4A;TNFAIP6;DEFA1;SPARC;PML;MMP9;S100A8;DEFA1	EVL;SUN2;BCL11B;S1PR1;LCK;ZAP70;ETS1;SPOCK2;GPR183;ATM;OGT
GO:0048871	multicellular organismal-level homeostasis	536	21	9.22	2.27765726681128	1	3.810211724841733e-4	0.007673459363802143	FALSE	14	7	SEPTIN4;MAPK14;AIM2;TNFSF13;IL1B;PSMB9;LCN2;ALPL;STAT1;TNFSF13B;HCAR2;ACSL1;OAS1;ISG15	S1PR1;ETS1;GPR183;IL7R;PRKACB;OGT;HBA2
GO:0051250	negative regulation of lymphocyte activation	127	8	2.18	3.6697247706422016	1	0.0015720744057226969	0.02615851758834553	FALSE	6	2	DUSP3;PDCD1LG2;LILRB4;CD274;CR1;PSMB9	RUNX3;ATM
GO:0051251	positive regulation of lymphocyte activation	255	18	4.39	4.100227790432802	1	4.2403537880205374e-7	1.9757173836048235e-5	FALSE	9	9	SMARCD3;PDCD1LG2;VNN1;TNFSF13;LILRB4;CD274;IL1B;CR1;TNFSF13B	LCK;CD6;ZAP70;CD3E;CD5;TNFRSF13C;GPR183;IL7R;RUNX3
GO:1905521	regulation of macrophage migration	34	1	0.58	1.7241379310344829	1	0.446041916994831	1	FALSE	1	0	C3AR1	
GO:0051253	negative regulation of RNA metabolic process	1149	20	19.76	1.0121457489878543	1	0.5123354804945564	1	FALSE	10	10	ZNF438;MAPK14;LILRB4;ETV7;PARP9;STAT1;TRIM22;IRF7;PML;PARP14	KLF2;LBH;TLE5;CABIN1;NOP53;PBXIP1;TCF7;EZR;RUNX3;OGT
GO:0033554	cellular response to stress	1642	22	28.24	0.7790368271954675	1	0.9181675178933899	1	FALSE	17	5	SMARCD3;MAPK14;AIM2;IL18RAP;SH3GLB1;KREMEN1;SCARF1;BATF2;FBXO6;CASP1;CLU;CASP4;TRIM21;LCN2;PARP9;IRF7;PML	KLF2;NOP53;RORA;ATM;PRKACB
GO:0051254	positive regulation of RNA metabolic process	1421	24	24.44	0.9819967266775776	1	0.5702538607742365	1	FALSE	11	13	SMARCD3;CDK5RAP2;CD274;PLSCR1;IL1B;TRIM21;PARP9;STAT1;TRIM22;IRF7;PML	ZFP36L2;KLF2;IKZF3;LBH;BCL11B;S1PR1;ETS1;PBXIP1;BCL9L;RORA;RUNX3;ATM;OGT
GO:0010758	regulation of macrophage chemotaxis	23	1	0.4	2.5	1	0.32927820910169614	1	FALSE	1	0	C3AR1	
GO:0007224	smoothened signaling pathway	89	1	1.53	0.6535947712418301	1	0.7876262410170947	1	FALSE	0	1		RORA
GO:1905523	positive regulation of macrophage migration	21	1	0.36	2.7777777777777777	1	0.30555516388798076	1	FALSE	1	0	C3AR1	
GO:0036010	protein localization to endosome	27	1	0.46	2.1739130434782608	1	0.3743307121798023	1	FALSE	0	1		EZR
GO:0009303	rRNA transcription	43	1	0.74	1.3513513513513513	1	0.5263447643003082	1	FALSE	0	1		NOP53
GO:0048878	chemical homeostasis	644	15	11.08	1.3537906137184115	1	0.14429093624275943	0.7933115674626914	FALSE	10	5	FAM20A;HK3;RAB20;NPC2;LCN2;FFAR2;ALPL;MT2A;PML;OAS1	TMC8;ANXA6;RORA;PRKACB;OGT
GO:0051258	protein polymerization	240	4	4.13	0.9685230024213075	1	0.5949623846827913	1	FALSE	2	2	CDK5RAP2;MSRB1	EVL;SPTAN1
GO:0009306	protein secretion	230	5	3.96	1.2626262626262625	1	0.3624251741175673	1	FALSE	4	1	IL1B;RHBDF2;HCAR2;RSAD2	PRKACB
GO:0033559	unsaturated fatty acid metabolic process	82	1	1.41	0.7092198581560284	1	0.7600109029943314	1	FALSE	1	0	IL1B	
GO:0046605	regulation of centrosome cycle	55	1	0.95	1.0526315789473684	1	0.6156706733977799	1	FALSE	1	0	CDK5RAP2	
GO:0035239	tube morphogenesis	506	20	8.7	2.298850574712644	1	4.701108719306795e-4	0.009198112362544043	FALSE	16	4	ADM;HPSE;C3AR1;LRG1;IL1B;CEACAM1;ANXA3;LCN2;TYMP;WARS1;ITGA2B;SEMA4A;STAT1;SPARC;STAB1;PML	KLF2;S1PR1;ETS1;RORA
GO:0046606	negative regulation of centrosome cycle	11	1	0.19	5.2631578947368425	1	0.17380999765353933	0.8359865149344068	FALSE	1	0	CDK5RAP2	
GO:0000041	transition metal ion transport	82	3	1.41	2.127659574468085	1	0.16732733774797154	0.8359865149344068	FALSE	3	0	FLVCR2;LCN2;LTF	
GO:0030865	cortical cytoskeleton organization	50	1	0.86	1.1627906976744187	1	0.5806952239502567	1	FALSE	0	1		EZR
GO:0002700	regulation of production of molecular mediator of immune response	124	9	2.13	4.225352112676057	1	2.879055015343679e-4	0.005995850179681646	FALSE	8	1	TNFSF13;LILRB4;SECTM1;IL1B;CR1;CALHM6;FFAR2;RSAD2	CD22
GO:0000045	autophagosome assembly	112	2	1.93	1.0362694300518136	1	0.5770876934925377	1	FALSE	1	1	SH3GLB1	ATM
GO:0002702	positive regulation of production of molecular mediator of immune response	99	5	1.7	2.9411764705882355	1	0.027997569160486915	0.25612418509876383	FALSE	5	0	TNFSF13;SECTM1;IL1B;FFAR2;RSAD2	
GO:0002703	regulation of leukocyte mediated immunity	197	11	3.39	3.2448377581120944	1	6.091364774495386e-4	0.011508702244046608	FALSE	11	0	ICAM1;TNFSF13;LILRB4;CD274;SECTM1;IL1B;CR1;CEACAM1;CALHM6;CD177;RSAD2	
GO:0002704	negative regulation of leukocyte mediated immunity	61	4	1.05	3.8095238095238093	1	0.02072932730650191	0.20424702783359766	FALSE	4	0	LILRB4;CD274;CR1;CEACAM1	
GO:0002705	positive regulation of leukocyte mediated immunity	114	5	1.96	2.5510204081632653	1	0.046908243108873815	0.373229407543543	FALSE	5	0	TNFSF13;SECTM1;IL1B;CD177;RSAD2	
GO:0002706	regulation of lymphocyte mediated immunity	150	9	2.58	3.488372093023256	1	0.001146155359130054	0.020393405063097208	FALSE	9	0	TNFSF13;LILRB4;CD274;SECTM1;IL1B;CR1;CEACAM1;CALHM6;RSAD2	
GO:0002707	negative regulation of lymphocyte mediated immunity	54	4	0.93	4.301075268817204	1	0.013779303925012686	0.15243181686060311	FALSE	4	0	LILRB4;CD274;CR1;CEACAM1	
GO:0002708	positive regulation of lymphocyte mediated immunity	93	4	1.6	2.5	1	0.07640920706835877	0.5317693929896664	FALSE	4	0	TNFSF13;SECTM1;IL1B;RSAD2	
GO:0002709	regulation of T cell mediated immunity	86	6	1.48	4.054054054054054	1	0.0036299478274391703	0.05266154602289532	FALSE	6	0	LILRB4;CD274;SECTM1;IL1B;CEACAM1;RSAD2	
GO:0030851	granulocyte differentiation	25	2	0.43	4.651162790697675	1	0.06822192044861373	0.48712223198243937	FALSE	2	0	C1QC;CEACAM1	
GO:1905517	macrophage migration	41	1	0.71	1.4084507042253522	1	0.509565823117882	1	FALSE	1	0	C3AR1	
GO:0007219	Notch signaling pathway	109	1	1.87	0.53475935828877	1	0.8502881357148093	1	FALSE	1	0	RHBDF2	
GO:0008654	phospholipid biosynthetic process	235	2	4.04	0.49504950495049505	1	0.9152261362106715	1	FALSE	1	1	PLSCR1	ATM
GO:0030856	regulation of epithelial cell differentiation	88	4	1.51	2.6490066225165565	1	0.06509743588285231	0.4709285558998974	FALSE	4	0	IL1B;CEACAM1;STAT1;MMP9	
GO:0048812	neuron projection morphogenesis	398	3	6.85	0.43795620437956206	1	0.9695335535028624	1	FALSE	2	1	LIMK1;SEMA4A	EVL
GO:0051276	chromosome organization	506	4	8.7	0.4597701149425288	1	0.9766797365892967	1	FALSE	3	1	SMARCD3;CDK5RAP2;PML	ATM
GO:0007249	canonical NF-kappaB signal transduction	302	14	5.19	2.6974951830443157	1	7.46771575945364e-4	0.013853530466093555	FALSE	11	3	CARD16;TIFA;LILRB4;SECTM1;CASP1;IL1B;S100A12;STAT1;TRIM22;TNFSF10;LTF	TMC8;RORA;FBXO7
GO:0036037	CD8-positive, alpha-beta T cell activation	36	4	0.62	6.451612903225807	1	0.003261475619529024	0.04833313465275087	FALSE	3	1	LILRB4;CD274;PSMB9	RUNX3
GO:0010720	positive regulation of cell development	295	10	5.07	1.972386587771203	1	0.031653685573823254	0.28069671497561327	FALSE	6	4	SMARCD3;LIMK1;VNN1;LILRB4;IL1B;CR1	ZAP70;EEIG1;IL7R;RUNX3
GO:0010721	negative regulation of cell development	160	9	2.75	3.272727272727273	1	0.0017958449424911103	0.02912553243013606	FALSE	8	1	C1QC;LILRB4;IL1B;CR1;PSMB9;CEACAM1;TNFAIP6;LTF	RUNX3
GO:0051222	positive regulation of protein transport	193	3	3.32	0.9036144578313253	1	0.6487353618561734	1	FALSE	2	1	IL1B;HCAR2	PRKACB
GO:0051223	regulation of protein transport	313	5	5.38	0.929368029739777	1	0.6286912521683043	1	FALSE	4	1	IL1B;RHBDF2;HCAR2;RSAD2	PRKACB
GO:0051224	negative regulation of protein transport	76	3	1.31	2.2900763358778624	1	0.14269054592791677	0.7852979194311175	FALSE	3	0	IL1B;RHBDF2;RSAD2	
GO:0120161	regulation of cold-induced thermogenesis	122	4	2.1	1.9047619047619047	1	0.15878361833055285	0.817969030746646	FALSE	3	1	LCN2;ALPL;ACSL1	OGT
GO:0008016	regulation of heart contraction	124	1	2.13	0.4694835680751174	1	0.884861721113926	1	FALSE	1	0	ADM	
GO:0098609	cell-cell adhesion	670	30	11.52	2.604166666666667	1	1.4401194133129653e-6	5.821894510584327e-5	FALSE	19	11	DUSP3;SMARCD3;PDCD1LG2;ST3GAL4;MAPK14;ICAM1;SCARF1;VNN1;LILRB4;CD274;LRG1;IL1B;CR1;PSMB9;CEACAM1;CD177;ITGA2B;MYL9;S100A8	LCK;CD6;ZAP70;CD3E;ETS1;CD5;CD2;EZR;TNFRSF13C;IL7R;RUNX3
GO:0071772	response to BMP	97	1	1.67	0.5988023952095809	1	0.8153323001180062	1	FALSE	1	0	TNFAIP6	
GO:0071773	cellular response to BMP stimulus	97	1	1.67	0.5988023952095809	1	0.8153323001180062	1	FALSE	1	0	TNFAIP6	
GO:0071774	response to fibroblast growth factor	62	1	1.07	0.9345794392523364	1	0.6598092986207658	1	FALSE	0	1		ZFP36L2
GO:0060322	head development	391	7	6.73	1.040118870728083	1	0.5112810365458331	1	FALSE	4	3	CDK5RAP2;AIM2;CASP5;CRISPLD2	SUN2;CD3E;RORA
GO:0042269	regulation of natural killer cell mediated cytotoxicity	43	1	0.74	1.3513513513513513	1	0.5263447643003082	1	FALSE	1	0	CEACAM1	
GO:0002891	positive regulation of immunoglobulin mediated immune response	24	1	0.41	2.4390243902439024	1	0.3408353862725555	1	FALSE	1	0	TNFSF13	
GO:0010715	regulation of extracellular matrix disassembly	19	1	0.33	3.0303030303030303	1	0.2809968575851538	0.9794722429446581	FALSE	1	0	HPSE	
GO:0060323	head morphogenesis	17	1	0.29	3.4482758620689657	1	0.2555740156963897	0.9591439851868605	FALSE	1	0	CRISPLD2	
GO:0060324	face development	17	1	0.29	3.4482758620689657	1	0.2555740156963897	0.9591439851868605	FALSE	1	0	CRISPLD2	
GO:0010717	regulation of epithelial to mesenchymal transition	78	3	1.34	2.2388059701492535	1	0.15076306606658893	0.8118465594849227	FALSE	2	1	LRG1;IL1B	BCL9L
GO:0060326	cell chemotaxis	226	9	3.89	2.313624678663239	1	0.016367907745496107	0.1717380854670565	FALSE	8	1	C3AR1;FFAR2;PPBP;S100A12;TNFAIP6;DEFA1;S100A8;DEFA1	GPR183
GO:0048839	inner ear development	62	1	1.07	0.9345794392523364	1	0.6598092986207658	1	FALSE	1	0	SPARC	
GO:0032101	regulation of response to external stimulus	865	54	14.88	3.629032258064516	1	3.787089077408881e-17	6.309519923513342e-15	FALSE	48	6	DUSP3;NLRC4;ST3GAL4;MAPK14;AIM2;TLR5;CARD16;TIFA;KREMEN1;SCARF1;SERPING1;CD274;HPSE;CASP5;GBP5;C3AR1;PLSCR1;GBP1;CASP1;IL1B;CR1;CEACAM1;CASP4;GBP2;CALHM6;TRIM21;RHBDF2;FFAR2;LILRA5;S100A12;PARP9;TNFAIP6;CLEC4E;STAT1;TRIM22;NAIP;LTF;IRF7;IFI35;PML;MMP9;OAS1;S100A8;PARP14;RSAD2;OAS3;OASL;ISG15	S1PR1;NOP53;ETS1;GPR183;RORA;OGT
GO:0042254	ribosome biogenesis	318	3	5.47	0.5484460694698355	1	0.914235961424192	1	FALSE	0	3		NOP53;RPS28;RPS4X
GO:0032102	negative regulation of response to external stimulus	305	17	5.25	3.238095238095238	1	2.122181995141204e-5	5.952937045554255e-4	FALSE	16	1	DUSP3;MAPK14;CARD16;KREMEN1;SERPING1;IL1B;CR1;CEACAM1;TRIM21;RHBDF2;TNFAIP6;LTF;OAS1;PARP14;OAS3;ISG15	RORA
GO:0008625	extrinsic apoptotic signaling pathway via death domain receptors	62	4	1.07	3.7383177570093458	1	0.02186887085449869	0.21194455345558805	FALSE	3	1	ICAM1;GRINA;TNFSF10	TMC8
GO:0042255	ribosome assembly	62	2	1.07	1.8691588785046729	1	0.2889211484821834	0.9963607691239424	FALSE	0	2		NOP53;RPS28
GO:0010742	macrophage derived foam cell differentiation	28	1	0.48	2.0833333333333335	1	0.385114851703767	1	FALSE	1	0	IL1B	
GO:0010743	regulation of macrophage derived foam cell differentiation	24	1	0.41	2.4390243902439024	1	0.3408353862725555	1	FALSE	1	0	IL1B	
GO:0006396	RNA processing	932	4	16.03	0.24953212726138488	1	0.9999448613228791	1	FALSE	0	4		NOP53;RPS28;AHNAK;MBNL1
GO:0006399	tRNA metabolic process	206	1	3.54	0.2824858757062147	1	0.9727423647040687	1	FALSE	1	0	WARS1	
GO:0051246	regulation of protein metabolic process	1273	25	21.9	1.1415525114155252	1	0.27115513116518847	0.9746048427497653	FALSE	18	7	FAM20A;NLRC4;SEPTIN4;CTSA;HPSE;IL1B;CLU;CR1;CEACAM1;TRIM21;PSME2;LILRA5;S100A12;PARP9;PML;MMP9;PARP14;ISG15	ZFP36L2;KLF2;NOP53;EZR;IL7R;RPS4X;OGT
GO:0120180	cell-substrate junction disassembly	11	1	0.19	5.2631578947368425	1	0.17380999765353933	0.8359865149344068	FALSE	1	0	DUSP3	
GO:0008610	lipid biosynthetic process	592	9	10.18	0.8840864440078585	1	0.6948747108325946	1	FALSE	8	1	ST3GAL4;ADM;DHRS9;PLSCR1;IL1B;CEACAM1;GK;ACSL1	ATM
GO:0120181	focal adhesion disassembly	11	1	0.19	5.2631578947368425	1	0.17380999765353933	0.8359865149344068	FALSE	1	0	DUSP3	
GO:0051248	negative regulation of protein metabolic process	459	12	7.9	1.5189873417721518	1	0.09884555714523889	0.631106025380136	FALSE	8	4	CTSA;CLU;CR1;CEACAM1;TRIM21;PML;PARP14;ISG15	ZFP36L2;NOP53;IL7R;OGT
GO:0045778	positive regulation of ossification	36	2	0.62	3.2258064516129035	1	0.12697547776072468	0.7370233223889585	FALSE	2	0	LTF;ISG15	
GO:0030811	regulation of nucleotide catabolic process	43	1	0.74	1.3513513513513513	1	0.5263447643003082	1	FALSE	0	1		OGT
GO:0051249	regulation of lymphocyte activation	398	26	6.85	3.7956204379562046	1	5.071579286672649e-9	3.555704865859862e-7	FALSE	11	15	DUSP3;SMARCD3;PDCD1LG2;VNN1;TNFSF13;LILRB4;CD274;IL1B;CR1;PSMB9;TNFSF13B	ZFP36L2;IKZF3;LCK;CD6;ZAP70;CD3E;TCF7;CD5;CD2;TNFRSF13C;GPR183;CD22;IL7R;RUNX3;ATM
GO:0034329	cell junction assembly	339	5	5.83	0.8576329331046312	1	0.6972995210014188	1	FALSE	3	2	DUSP3;IL1B;SEMA4A	SPOCK2;OGT
GO:0043062	extracellular structure organization	184	4	3.16	1.2658227848101264	1	0.39022468670921806	1	FALSE	3	1	HPSE;MARCO;MMP9	SPOCK2
GO:0071715	icosanoid transport	32	1	0.55	1.8181818181818181	1	0.4264320070836515	1	FALSE	1	0	IL1B	
GO:0043067	regulation of programmed cell death	1071	40	18.42	2.1715526601520083	1	2.283728880963831e-6	8.370627591692763e-5	FALSE	27	13	NLRC4;SEPTIN4;ICAM1;CARD16;VNN1;GADD45B;SOCS3;CD274;CASP5;GRINA;CASP1;IL1B;CLU;CASP4;LCN2;STAT1;NAIP;HCAR2;TNFSF10;LTF;IRF7;IFIT3;PML;MMP9;S100A8;IFI6;IFIT2	IKZF3;TMC8;FCMR;TLE5;LCK;CD3G;CD3E;NOP53;ETS1;IL7R;ATM;OGT;FBXO7
GO:0043068	positive regulation of programmed cell death	415	19	7.14	2.6610644257703084	1	1.024281002197518e-4	0.0024808356608290545	FALSE	15	4	NLRC4;SEPTIN4;VNN1;GADD45B;CD274;CASP5;CASP1;CLU;CASP4;LCN2;HCAR2;TNFSF10;PML;S100A8;IFIT2	TMC8;TLE5;LCK;ATM
GO:0051234	establishment of localization	3554	73	61.13	1.194176345493211	1	0.04505765801506722	0.36659930577740724	FALSE	55	18	FLVCR2;C2;CDK5RAP2;SLC26A8;CACNA1E;SEPTIN4;LIMK1;ASGR2;FCER1G;LMNB1;VPS9D1;VAMP5;SH3GLB1;FCGR1A;SCARF1;RAB20;ADM;SORT1;LILRB4;CTSA;LIMK2;NPC2;HPSE;MARCO;GBP5;PLSCR1;DYSF;RAB24;GRINA;IL1B;CLU;CR1;CEACAM1;CALHM6;RHBDF2;ANXA3;APOL1;KCNJ15;TAP1;LCN2;CD177;STX11;APOL6;FFAR2;LILRA5;PPBP;APOL2;HCAR2;LTF;ACSL1;STAB1;PML;MMP9;GP1BB;RSAD2	SEPTIN1;TMC8;FCMR;SUN2;LCK;ATP8B2;CD6;CD3G;ARL4C;SLC38A1;ESYT1;MS4A1;EZR;ANXA6;CD22;ATM;PRKACB;HBA2
GO:0150076	neuroinflammatory response	62	4	1.07	3.7383177570093458	1	0.02186887085449869	0.21194455345558805	FALSE	4	0	C1QA;IL1B;CLU;MMP9	
GO:0043069	negative regulation of programmed cell death	604	15	10.39	1.4436958614051971	1	0.09836796894285159	0.631106025380136	FALSE	12	3	ICAM1;SOCS3;GRINA;IL1B;CLU;LCN2;NAIP;LTF;IRF7;IFIT3;MMP9;IFI6	FCMR;IL7R;FBXO7
GO:0051235	maintenance of location	50	2	0.86	2.3255813953488373	1	0.21237387651867448	0.8993218595167707	FALSE	1	1	PML	SUN2
GO:0070498	interleukin-1-mediated signaling pathway	29	1	0.5	2	1	0.3957139152715863	1	FALSE	1	0	IL1B	
GO:0140253	cell-cell fusion	75	3	1.29	2.3255813953488373	1	0.13871042579526047	0.7742435746419716	FALSE	1	2	MAPK14	RPL18A;RPL23A
GO:2001141	regulation of RNA biosynthetic process	2533	34	43.57	0.7803534542116135	1	0.95981448310875	1	FALSE	17	17	SMARCD3;CDK5RAP2;ZNF438;MAPK14;BATF2;LILRB4;CD274;PLSCR1;IL1B;TRIM21;ETV7;PARP9;STAT1;TRIM22;IRF7;PML;PARP14	KLF2;IKZF3;LBH;BCL11B;S1PR1;TLE5;CABIN1;NOP53;ETS1;PBXIP1;TCF7;EZR;BCL9L;RORA;RUNX3;ATM;OGT
GO:0050994	regulation of lipid catabolic process	44	3	0.76	3.9473684210526314	1	0.039690359856085315	0.335203684314527	FALSE	3	0	IL1B;HCAR3;HCAR2	
GO:0051239	regulation of multicellular organismal process	2089	91	35.93	2.5327024770386863	1	7.437909239500326e-19	1.4604866070990283e-16	FALSE	63	28	DUSP3;SMARCD3;C1QC;NLRC4;PDCD1LG2;ST3GAL4;LIMK1;MAPK14;AIM2;TLR5;FCER1G;IL18RAP;CARD16;KREMEN1;FCGR1A;SERPING1;VNN1;TNFSF13;ADM;LILRB4;CD274;HPSE;GBP5;SECTM1;C3AR1;PLSCR1;GBP1;LRG1;CASP1;IL1B;CLU;CR1;PSMB9;CEACAM1;CALHM6;TRIM21;ANXA3;LCN2;WARS1;FFAR2;LILRA5;SEMA4A;TNFAIP6;ALPL;CLEC4E;STAT1;TNFSF13B;NAIP;HCAR2;SPARC;MYL9;LTF;ACSL1;IRF7;STAB1;XAF1;PML;MMP9;GP1BB;OAS1;RSAD2;OAS3;ISG15	ZFP36L2;KLF2;EVL;IKZF3;LBH;S1PR1;LCK;CD6;ZAP70;EEIG1;CD3E;ETS1;TCF7;CD5;CD2;EZR;BCL9L;IL32;TNFRSF13C;GPR183;RORA;ITK;CD22;IL7R;RUNX3;ATM;OGT;PHOSPHO1
GO:0008643	carbohydrate transport	90	2	1.55	1.2903225806451613	1	0.46030675770545004	1	FALSE	2	0	IL1B;PPBP	
GO:0042273	ribosomal large subunit biogenesis	76	1	1.31	0.7633587786259541	1	0.7335135423700576	1	FALSE	0	1		NOP53
GO:0034976	response to endoplasmic reticulum stress	248	3	4.27	0.7025761124121781	1	0.803542754883515	1	FALSE	3	0	FBXO6;CLU;CASP4	
GO:0008645	hexose transmembrane transport	75	2	1.29	1.5503875968992247	1	0.3708253963634478	1	FALSE	2	0	IL1B;PPBP	
GO:0060330	regulation of response to type II interferon	12	2	0.21	9.523809523809524	1	0.017355412491584905	0.17769098301440187	FALSE	2	0	PARP9;PARP14	
GO:0120178	steroid hormone biosynthetic process	30	1	0.52	1.923076923076923	1	0.4061310653788047	1	FALSE	1	0	ADM	
GO:0002861	regulation of inflammatory response to antigenic stimulus	33	2	0.57	3.5087719298245617	1	0.10995676876271954	0.6738044341006325	FALSE	2	0	MAPK14;RHBDF2	
GO:0034340	response to type I interferon	103	9	1.77	5.084745762711864	1	6.95208222308582e-5	0.0017217363992128756	FALSE	9	0	IFITM1;PSME2;IFITM3;STAT1;IRF7;OAS1;OAS3;OASL;ISG15	
GO:0006996	organelle organization	2927	35	50.35	0.6951340615690169	1	0.9959537321088616	1	FALSE	22	13	SMARCD3;CDK5RAP2;LIMK1;LMNB1;SH3GLB1;RAB20;SORT1;LIMK2;RAB24;CASP1;IL1B;CLU;TRIM21;MSRB1;STX11;MYL9;TNFSF10;PML;MMP9;S100A8;IFI6;IFIT2	EVL;SUN2;S1PR1;ATP8B2;NOP53;ETS1;RPS28;SEPTIN9;SPTAN1;ESYT1;ABLIM1;EZR;ATM
GO:0060338	regulation of type I interferon-mediated signaling pathway	38	3	0.65	4.615384615384615	1	0.027234967465594877	0.24956308520973441	FALSE	3	0	OAS1;OAS3;ISG15	
GO:0008631	intrinsic apoptotic signaling pathway in response to oxidative stress	50	2	0.86	2.3255813953488373	1	0.21237387651867448	0.8993218595167707	FALSE	1	1	VNN1	FBXO7
GO:0042221	response to chemical	2497	84	42.95	1.9557625145518043	1	9.630761322452702e-11	8.273425898569524e-9	FALSE	65	19	DUSP3;PDCD1LG2;HP;MAPK14;AIM2;FCER1G;IL18RAP;ICAM1;CARD16;TIFA;SOCS3;SORT1;LILRB4;FBXO6;CD274;HPSE;GBP5;C3AR1;PLSCR1;GBP1;IFITM1;CASP1;IL1B;PSMB9;CEACAM1;CASP4;GBP2;TRIM21;LTA4H;LCN2;PSME2;TYMP;IFITM3;FFAR2;LILRA5;PPBP;S100A12;PARP9;SEMA4A;TNFAIP6;ALPL;LILRA6;GBP4;STAT1;TNFSF13B;NAIP;DEFA1;LTF;ACSL1;IRF7;XAF1;IFIT3;MT2A;PML;MMP9;OAS1;S100A8;PARP14;LY6E;OAS3;DEFA1;OASL;IFIT2;ISG15;DEFA3	ZFP36L2;KLF2;LBH;TMC8;S1PR1;TLE5;LCK;CD6;NOP53;ETS1;TCF7;EZR;TNFRSF13C;GPR183;RORA;IL7R;ATM;OGT;HBA2
GO:0030832	regulation of actin filament length	120	2	2.06	0.970873786407767	1	0.6147493237349573	1	FALSE	0	2		EVL;SPTAN1
GO:0030833	regulation of actin filament polymerization	102	2	1.75	1.1428571428571428	1	0.5263508631027661	1	FALSE	0	2		EVL;SPTAN1
GO:0032291	axon ensheathment in central nervous system	11	1	0.19	5.2631578947368425	1	0.17380999765353933	0.8359865149344068	FALSE	1	0	CLU	
GO:0006360	transcription by RNA polymerase I	67	1	1.15	0.8695652173913044	1	0.6882105315238001	1	FALSE	0	1		NOP53
GO:0030834	regulation of actin filament depolymerization	50	1	0.86	1.1627906976744187	1	0.5806952239502567	1	FALSE	0	1		SPTAN1
GO:0030835	negative regulation of actin filament depolymerization	43	1	0.74	1.3513513513513513	1	0.5263447643003082	1	FALSE	0	1		SPTAN1
GO:0030837	negative regulation of actin filament polymerization	51	1	0.88	1.1363636363636365	1	0.587935018644641	1	FALSE	0	1		SPTAN1
GO:0141091	transforming growth factor beta receptor superfamily signaling pathway	235	4	4.04	0.9900990099009901	1	0.578277559122121	1	FALSE	2	2	LRG1;TNFAIP6	BCL9L;OGT
GO:1902806	regulation of cell cycle G1/S phase transition	158	2	2.72	0.7352941176470588	1	0.7590500785703237	1	FALSE	2	0	SMARCD3;PSME2	
GO:0006366	transcription by RNA polymerase II	2078	24	35.74	0.6715165081141578	1	0.9906064672745392	1	FALSE	9	15	SMARCD3;ZNF438;MAPK14;BATF2;PLSCR1;ETV7;PARP9;STAT1;IRF7	KLF2;IKZF3;BCL11B;S1PR1;TLE5;CABIN1;NOP53;ETS1;TCF7;EZR;BCL9L;RORA;RUNX3;ATM;OGT
GO:0034330	cell junction organization	576	13	9.91	1.3118062563067607	1	0.19367365774685286	0.8706604826591963	FALSE	10	3	DUSP3;C1QB;C1QA;C1QC;MAPK14;SORT1;IL1B;CD177;SEMA4A;SPARC	SPOCK2;EZR;OGT
GO:0045744	negative regulation of G protein-coupled receptor signaling pathway	48	1	0.83	1.2048192771084338	1	0.5658335327837629	1	FALSE	1	0	ADM	
GO:0034331	cell junction maintenance	40	2	0.69	2.8985507246376816	1	0.15053355153933923	0.8118465594849227	FALSE	2	0	SORT1;CD177	
GO:0006351	DNA-templated transcription	2643	34	45.46	0.7479102507699076	1	0.9801438040562321	1	FALSE	17	17	SMARCD3;CDK5RAP2;ZNF438;MAPK14;BATF2;LILRB4;CD274;PLSCR1;IL1B;TRIM21;ETV7;PARP9;STAT1;TRIM22;IRF7;PML;PARP14	KLF2;IKZF3;LBH;BCL11B;S1PR1;TLE5;CABIN1;NOP53;ETS1;PBXIP1;TCF7;EZR;BCL9L;RORA;RUNX3;ATM;OGT
GO:0033500	carbohydrate homeostasis	161	4	2.77	1.444043321299639	1	0.30046099756445804	1	FALSE	3	1	HK3;FFAR2;OAS1	OGT
GO:0006355	regulation of DNA-templated transcription	2521	34	43.36	0.7841328413284133	1	0.9567835886812498	1	FALSE	17	17	SMARCD3;CDK5RAP2;ZNF438;MAPK14;BATF2;LILRB4;CD274;PLSCR1;IL1B;TRIM21;ETV7;PARP9;STAT1;TRIM22;IRF7;PML;PARP14	KLF2;IKZF3;LBH;BCL11B;S1PR1;TLE5;CABIN1;NOP53;ETS1;PBXIP1;TCF7;EZR;BCL9L;RORA;RUNX3;ATM;OGT
GO:0097722	sperm motility	128	1	2.2	0.45454545454545453	1	0.8926535195666662	1	FALSE	1	0	SEPTIN4	
GO:0006356	regulation of transcription by RNA polymerase I	42	1	0.72	1.3888888888888888	1	0.5180279838813997	1	FALSE	0	1		NOP53
GO:0002886	regulation of myeloid leukocyte mediated immunity	45	1	0.77	1.2987012987012987	1	0.5425520890583637	1	FALSE	1	0	CD177	
GO:0002889	regulation of immunoglobulin mediated immune response	37	2	0.64	3.125	1	0.13277984903530723	0.7510530967038264	FALSE	2	0	TNFSF13;CR1	
GO:0045739	positive regulation of DNA repair	130	2	2.24	0.8928571428571428	1	0.6581598783899553	1	FALSE	1	1	SMARCD3	ATM
GO:0050953	sensory perception of light stimulus	101	1	1.74	0.5747126436781609	1	0.8278044125049412	1	FALSE	0	1		ABLIM1
GO:0048598	embryonic morphogenesis	222	3	3.82	0.7853403141361257	1	0.7390694580456085	1	FALSE	2	1	SPARC;MMP9	MBNL1
GO:0048599	oocyte development	25	1	0.43	2.3255813953488373	1	0.35219428068188696	1	FALSE	1	0	RAB24	
GO:0016051	carbohydrate biosynthetic process	146	4	2.51	1.5936254980079683	1	0.2433272516429678	0.9474597942868535	FALSE	3	1	GYG1;ST3GAL4;PFKFB3	OGT
GO:0043010	camera-type eye development	120	1	2.06	0.4854368932038835	1	0.8765070098035866	1	FALSE	1	0	SMARCD3	
GO:0016053	organic acid biosynthetic process	246	9	4.23	2.127659574468085	1	0.026614175288505234	0.24626204688159836	FALSE	8	1	NLRC4;DHRS9;CASP1;IL1B;CEACAM1;LTA4H;NAIP;ACSL1	SLC38A1
GO:0006950	response to stress	3155	115	54.27	2.1190344573429147	1	1.3862267778822906e-18	2.5404916082656117e-16	FALSE	95	20	C1QB;C1QA;SMARCD3;C2;C1QC;NLRC4;H2BC21;H2BC12;ST3GAL4;HP;MAPK14;AIM2;TLR5;FCER1G;IL18RAP;TIFA;SH3GLB1;KREMEN1;FCGR1A;SCARF1;SERPING1;VNN1;ADM;BATF2;LILRB4;FBXO6;CD274;HPSE;CASP5;MARCO;GBP5;ANKRD22;C3AR1;PLSCR1;PGLYRP1;GBP1;LRG1;TREML1;IFITM1;CASP1;IL1B;CLU;CR1;PSMB9;CEACAM1;CASP4;GBP2;CALHM6;TRIM21;RHBDF2;MSRB1;ANXA3;APOL1;TAP1;LCN2;UBE2L6;PSME2;CD177;IFITM3;FFAR2;LILRA5;PPBP;S100A12;PARP9;TNFAIP6;CLEC4E;GBP4;APOL2;STAT1;TRIM22;NAIP;DEFA1;MYL9;LTF;IRF7;STAB1;IFI35;IFIT3;MT2A;PML;MMP9;GP1BB;OAS1;IFI44L;S100A8;PARP14;RSAD2;IFI6;LY6E;OAS3;DEFA1;OASL;IFIT2;ISG15;DEFA3	ZFP36L2;KLF2;FCMR;LCK;CD6;PTPRCAP;NOP53;ETS1;CD2;AHNAK;IL32;RORA;ITK;IL7R;ATM;PRKACB;IGHM;OGT;HBA2;GNLY
GO:0016055	Wnt signaling pathway	333	5	5.73	0.8726003490401395	1	0.682270295224298	1	FALSE	2	3	MAPK14;KREMEN1	TLE5;TCF7;BCL9L
GO:0141060	disruption of anatomical structure in another organism	59	12	1.01	11.881188118811881	1	2.7572475964263007e-10	2.105464900715528e-8	FALSE	11	1	H2BC12;GBP5;PGLYRP1;GBP1;GBP2;PPBP;S100A12;DEFA1;LTF;DEFA1;DEFA3	GNLY
GO:0070482	response to oxygen levels	246	4	4.23	0.9456264775413711	1	0.6144629094113319	1	FALSE	2	2	LCN2;PML	NOP53;RORA
GO:0141061	disruption of cell in another organism	55	12	0.95	12.631578947368421	1	1.1480937061302518e-10	9.282675288682537e-9	FALSE	11	1	H2BC12;GBP5;PGLYRP1;GBP1;GBP2;PPBP;S100A12;DEFA1;LTF;DEFA1;DEFA3	GNLY
GO:0002820	negative regulation of adaptive immune response	60	4	1.03	3.883495145631068	1	0.019627114154851032	0.19691582777987404	FALSE	4	0	LILRB4;CD274;CR1;CEACAM1	
GO:0002821	positive regulation of adaptive immune response	96	4	1.65	2.4242424242424243	1	0.08363983800038094	0.5621660505208979	FALSE	4	0	TNFSF13;SECTM1;IL1B;RSAD2	
GO:0071706	tumor necrosis factor superfamily cytokine production	153	10	2.63	3.802281368821293	1	3.1291456965671304e-4	0.006419419044673911	FALSE	9	1	FCGR1A;LILRB4;CD274;CLU;PSMB9;LILRA5;LTF;OAS1;OAS3	CD2
GO:0002822	regulation of adaptive immune response based on somatic recombination of immune receptors built from immunoglobulin superfamily domains	158	8	2.72	2.941176470588235	1	0.006009350522704596	0.07904164874121979	FALSE	8	0	TNFSF13;LILRB4;CD274;SECTM1;IL1B;CR1;CEACAM1;RSAD2	
GO:0002823	negative regulation of adaptive immune response based on somatic recombination of immune receptors built from immunoglobulin superfamily domains	57	4	0.98	4.081632653061225	1	0.016541323260966283	0.17224279410756177	FALSE	4	0	LILRB4;CD274;CR1;CEACAM1	
GO:0002824	positive regulation of adaptive immune response based on somatic recombination of immune receptors built from immunoglobulin superfamily domains	89	4	1.53	2.6143790849673203	1	0.067284680816561665	0.4848377131447654	FALSE	4	0	TNFSF13;SECTM1;IL1B;RSAD2	
GO:0009411	response to UV	118	2	2.03	0.9852216748768474	1	0.6055793372206665	1	FALSE	2	0	MAPK14;MMP9	
GO:0006956	complement activation	43	8	0.74	10.81081081081081	1	5.851189542088236e-7	2.7033479077648002e-5	FALSE	8	0	C1QB;C1QA;C2;C1QC;SERPING1;IL1B;CLU;CR1	
GO:0097746	blood vessel diameter maintenance	79	2	1.36	1.4705882352941175	1	0.3953351991671513	1	FALSE	1	1	ADM	KLF2
GO:0002825	regulation of T-helper 1 type immune response	31	1	0.53	1.8867924528301885	1	0.41636941071669764	1	FALSE	1	0	IL1B	
GO:0002828	regulation of type 2 immune response	21	1	0.36	2.7777777777777777	1	0.30555516388798076	1	FALSE	1	0	RSAD2	
GO:1901184	regulation of ERBB signaling pathway	63	5	1.08	4.62962962962963	1	0.004505839379736329	0.06240076803473637	FALSE	5	0	DUSP3;CEACAM1;RHBDF2;MMP9;IFI6	
GO:1901185	negative regulation of ERBB signaling pathway	30	1	0.52	1.923076923076923	1	0.4061310653788047	1	FALSE	1	0	DUSP3	
GO:1901186	positive regulation of ERBB signaling pathway	28	1	0.48	2.0833333333333335	1	0.385114851703767	1	FALSE	1	0	MMP9	
GO:0034308	primary alcohol metabolic process	70	1	1.2	0.8333333333333334	1	0.7041048187542569	1	FALSE	1	0	DHRS9	
GO:1905666	regulation of protein localization to endosome	14	1	0.24	4.166666666666667	1	0.21575218855995282	0.8993218595167707	FALSE	0	1		EZR
GO:0016070	RNA metabolic process	3588	41	61.72	0.6642903434867142	1	0.9995445408139382	1	FALSE	20	21	SMARCD3;CDK5RAP2;ZNF438;MAPK14;BATF2;LILRB4;CD274;PLSCR1;IL1B;TRIM21;ETV7;WARS1;PARP9;STAT1;TRIM22;IRF7;PML;OAS1;PARP14;OAS3	ZFP36L2;KLF2;IKZF3;LBH;BCL11B;S1PR1;TLE5;CABIN1;NOP53;ETS1;PBXIP1;RPS28;TCF7;EZR;BCL9L;AHNAK;RORA;RUNX3;ATM;MBNL1;OGT
GO:0016071	mRNA metabolic process	702	4	12.08	0.33112582781456956	1	0.9983284015940966	1	FALSE	1	3	MAPK14	ZFP36L2;ATM;MBNL1
GO:1905668	positive regulation of protein localization to endosome	13	1	0.22	4.545454545454546	1	0.20201248508612968	0.8766098208394166	FALSE	0	1		EZR
GO:0016072	rRNA metabolic process	282	2	4.85	0.4123711340206186	1	0.9570123938770897	1	FALSE	0	2		NOP53;RPS28
GO:0006310	DNA recombination	293	3	5.04	0.5952380952380952	1	0.8835817969832863	1	FALSE	1	2	TNFSF13	IL7R;ATM
GO:0006970	response to osmotic stress	67	1	1.15	0.8695652173913044	1	0.6882105315238001	1	FALSE	1	0	CASP1	
GO:0060491	regulation of cell projection assembly	177	3	3.04	0.9868421052631579	1	0.5902632171972668	1	FALSE	1	2	LIMK2	EVL;SEPTIN9
GO:0048562	embryonic organ morphogenesis	90	1	1.55	0.6451612903225806	1	0.7913039880205963	1	FALSE	1	0	SPARC	
GO:0016079	synaptic vesicle exocytosis	73	1	1.26	0.7936507936507936	1	0.7191922255887092	1	FALSE	1	0	STX11	
GO:0141084	inflammasome-mediated signaling pathway	53	3	0.91	3.2967032967032965	1	0.06283790085143186	0.4604261026265086	FALSE	2	1	GBP5;GBP2	OGT
GO:0043038	amino acid activation	47	1	0.81	1.2345679012345678	1	0.5582071880591637	1	FALSE	1	0	WARS1	
GO:0141085	regulation of inflammasome-mediated signaling pathway	46	3	0.79	3.7974683544303796	1	0.044381640646213145	0.3658324741722337	FALSE	2	1	GBP5;GBP2	OGT
GO:0043616	keratinocyte proliferation	25	1	0.43	2.3255813953488373	1	0.35219428068188696	1	FALSE	1	0	LRG1	
GO:0043039	tRNA aminoacylation	47	1	0.81	1.2345679012345678	1	0.5582071880591637	1	FALSE	1	0	WARS1	
GO:0050921	positive regulation of chemotaxis	103	2	1.77	1.1299435028248588	1	0.5316049861186781	1	FALSE	1	1	C3AR1	S1PR1
GO:0061718	glucose catabolic process to pyruvate	18	1	0.31	3.2258064516129035	1	0.26839537273077707	0.9689020087155695	FALSE	1	0	HK3	
GO:0048568	embryonic organ development	161	1	2.77	0.36101083032490977	1	0.9398318130436616	1	FALSE	1	0	SPARC	
GO:0050926	regulation of positive chemotaxis	15	1	0.26	3.846153846153846	1	0.22925634240092574	0.916691905832938	FALSE	0	1		S1PR1
GO:0032271	regulation of protein polymerization	163	3	2.8	1.0714285714285714	1	0.5342757790299606	1	FALSE	1	2	CDK5RAP2	EVL;SPTAN1
GO:0032272	negative regulation of protein polymerization	62	1	1.07	0.9345794392523364	1	0.6598092986207658	1	FALSE	0	1		SPTAN1
GO:0032273	positive regulation of protein polymerization	68	2	1.17	1.7094017094017095	1	0.3270567613962273	1	FALSE	1	1	CDK5RAP2	EVL
GO:0002831	regulation of response to biotic stimulus	501	35	8.62	4.060324825986079	1	1.2182682252171866e-12	1.196078339686445e-10	FALSE	33	2	NLRC4;AIM2;TLR5;CARD16;TIFA;SERPING1;CD274;GBP5;PLSCR1;CASP1;IL1B;CR1;CEACAM1;GBP2;CALHM6;TRIM21;FFAR2;PARP9;CLEC4E;STAT1;TRIM22;NAIP;LTF;IRF7;IFI35;PML;OAS1;S100A8;PARP14;RSAD2;OAS3;OASL;ISG15	NOP53;OGT
GO:0002832	negative regulation of response to biotic stimulus	115	11	1.98	5.555555555555555	1	4.537265948848872e-6	1.5210907430957988e-4	FALSE	11	0	CARD16;SERPING1;CD274;CR1;CEACAM1;TRIM21;LTF;OAS1;PARP14;OAS3;ISG15	
GO:0035710	CD4-positive, alpha-beta T cell activation	118	9	2.03	4.433497536945813	1	1.982693152535645e-4	0.00436861277938991	FALSE	6	3	IL18RAP;SOCS3;CD274;PSMB9;SEMA4A;RSAD2	GPR183;RORA;RUNX3
GO:0071897	DNA biosynthetic process	141	2	2.43	0.8230452674897119	1	0.7013120147572163	1	FALSE	1	1	PML	ATM
GO:0002833	positive regulation of response to biotic stimulus	366	23	6.3	3.6507936507936507	1	8.395183039618788e-8	4.525168269786676e-6	FALSE	21	2	NLRC4;AIM2;TLR5;TIFA;CD274;GBP5;PLSCR1;CASP1;GBP2;FFAR2;PARP9;CLEC4E;NAIP;LTF;IRF7;IFI35;OAS1;S100A8;RSAD2;OAS3;OASL	NOP53;OGT
GO:0002834	regulation of response to tumor cell	29	2	0.5	4	1	0.08834107180483668	0.5830722842532918	FALSE	2	0	CD274;CEACAM1	
GO:0002835	negative regulation of response to tumor cell	11	2	0.19	10.526315789473685	1	0.014627042603610446	0.1568604291473393	FALSE	2	0	CD274;CEACAM1	
GO:0002837	regulation of immune response to tumor cell	28	2	0.48	4.166666666666667	1	0.08315894503275534	0.5618865958676292	FALSE	2	0	CD274;CEACAM1	
GO:0050918	positive chemotaxis	42	1	0.72	1.3888888888888888	1	0.5180279838813997	1	FALSE	0	1		S1PR1
GO:0006910	phagocytosis, recognition	15	1	0.26	3.846153846153846	1	0.22925634240092574	0.916691905832938	FALSE	1	0	C2	
GO:0043632	modification-dependent macromolecule catabolic process	648	9	11.15	0.8071748878923767	1	0.7897675672351955	1	FALSE	6	3	FBXO6;CLU;PSMB9;UBE2L6;PML;ISG15	NOP53;OGT;FBXO7
GO:0006913	nucleocytoplasmic transport	274	1	4.71	0.21231422505307856	1	0.9918045519301334	1	FALSE	1	0	IL1B	
GO:0048583	regulation of response to stimulus	3162	109	54.39	2.0040448611877184	1	1.7322717527273118e-15	2.2148907201150605e-13	FALSE	75	34	DUSP3;C1QB;C1QA;SMARCD3;C2;CDK5RAP2;C1QC;NLRC4;PDCD1LG2;SEPTIN4;ST3GAL4;LIMK1;MAPK14;AIM2;TLR5;FCER1G;ICAM1;CARD16;TIFA;KREMEN1;FCGR1A;SCARF1;SERPING1;VNN1;TNFSF13;GADD45B;SOCS3;ADM;LILRB4;CD274;HPSE;CASP5;MARCO;GBP5;SECTM1;C3AR1;PLSCR1;GBP1;GRINA;LRG1;CASP1;IL1B;CLU;CR1;CEACAM1;CASP4;GBP2;CALHM6;TRIM21;RHBDF2;CD177;FFAR2;LILRA5;S100A12;PARP9;TNFAIP6;CLEC4E;LILRA6;STAT1;TRIM22;NAIP;TNFSF10;LTF;IRF7;IFI35;PML;MMP9;OAS1;S100A8;PARP14;RSAD2;IFI6;OAS3;OASL;ISG15	KLF2;TRAC;TRBC1;LBH;TMC8;FCMR;S1PR1;TLE5;LCK;TRBC2;ZAP70;CD3G;CD3E;NOP53;ETS1;CD5;CD79A;MS4A1;EZR;BCL9L;CD247;GPR183;CLEC2D;RORA;ITK;CD22;IL7R;ATM;PRKACB;CD79B;IGHM;CD8A;OGT;FBXO7
GO:0048584	positive regulation of response to stimulus	1857	88	31.94	2.7551659361302443	1	1.489296035305736e-20	3.688201305578376e-18	FALSE	61	27	DUSP3;C1QB;C1QA;SMARCD3;C2;C1QC;NLRC4;PDCD1LG2;SEPTIN4;ST3GAL4;LIMK1;AIM2;TLR5;ICAM1;CARD16;TIFA;SCARF1;SERPING1;VNN1;TNFSF13;GADD45B;LILRB4;CD274;HPSE;CASP5;MARCO;GBP5;SECTM1;C3AR1;PLSCR1;GBP1;LRG1;CASP1;IL1B;CLU;CR1;CEACAM1;CASP4;GBP2;TRIM21;RHBDF2;CD177;FFAR2;LILRA5;S100A12;PARP9;CLEC4E;TRIM22;NAIP;TNFSF10;LTF;IRF7;IFI35;PML;MMP9;OAS1;S100A8;PARP14;RSAD2;OAS3;OASL	KLF2;TRAC;TRBC1;FCMR;S1PR1;LCK;TRBC2;ZAP70;CD3G;CD3E;NOP53;ETS1;CD5;CD79A;MS4A1;EZR;CD247;GPR183;CLEC2D;ITK;CD22;IL7R;ATM;CD79B;IGHM;CD8A;OGT
GO:0048585	negative regulation of response to stimulus	1332	45	22.91	1.964207769532955	1	6.996265329879194e-6	2.3033213642919645e-4	FALSE	31	14	DUSP3;PDCD1LG2;MAPK14;AIM2;ICAM1;CARD16;KREMEN1;SERPING1;SOCS3;ADM;LILRB4;CD274;GBP1;GRINA;IL1B;CLU;CR1;CEACAM1;TRIM21;RHBDF2;TNFAIP6;STAT1;NAIP;LTF;IFI35;MMP9;OAS1;PARP14;IFI6;OAS3;ISG15	LBH;TMC8;TLE5;NOP53;CD5;EZR;BCL9L;RORA;CD22;IL7R;ATM;PRKACB;OGT;FBXO7
GO:0048588	developmental cell growth	131	1	2.25	0.4444444444444444	1	0.8981507752166475	1	FALSE	1	0	LIMK1	
GO:0044419	biological process involved in interspecies interaction between organisms	1357	90	23.34	3.8560411311053984	1	7.481174817660849e-32	4.570166571944372e-29	FALSE	82	8	C1QB;C1QA;C2;C1QC;NLRC4;PDCD1LG2;H2BC21;H2BC12;HP;MAPK14;AIM2;TLR5;FCER1G;IL18RAP;ICAM1;CARD16;TIFA;FCGR1A;SERPING1;VNN1;ADM;BATF2;CD274;NPC2;MARCO;GBP5;PLSCR1;PGLYRP1;GBP1;TREML1;IFITM1;CASP1;IL1B;CLU;CR1;PSMB9;CEACAM1;CASP4;GBP2;CALHM6;TRIM21;MSRB1;ANXA3;APOL1;LCN2;UBE2L6;PSME2;CD177;IFITM3;FFAR2;LILRA5;PPBP;S100A12;PARP9;ALPL;CLEC4E;GBP4;STAT1;TRIM22;NAIP;DEFA1;LTF;IRF7;IFI44;STAB1;IFI35;IFIT3;PML;MMP9;OAS1;IFI44L;S100A8;PARP14;RSAD2;IFI6;LY6E;OAS3;DEFA1;OASL;IFIT2;ISG15;DEFA3	TRAC;CD6;NOP53;CD2;IL7R;IGHM;OGT;GNLY
GO:0032210	regulation of telomere maintenance via telomerase	45	2	0.77	2.5974025974025974	1	0.18104738550285343	0.855153372418117	FALSE	1	1	PML	ATM
GO:0016042	lipid catabolic process	260	4	4.47	0.894854586129754	1	0.6576539064610398	1	FALSE	4	0	SCARF1;IL1B;HCAR3;HCAR2	
GO:0016043	cellular component organization	5237	82	90.08	0.9103019538188277	1	0.8799345430226696	1	FALSE	54	28	DUSP3;C1QB;C1QA;SMARCD3;C2;CDK5RAP2;C1QC;NLRC4;H2BC21;H2BC12;LIMK1;MAPK14;AIM2;LMNB1;TIFA;SH3GLB1;KREMEN1;FCGR1A;SCARF1;RAB20;SORT1;LIMK2;HPSE;CASP5;MARCO;GBP5;PLSCR1;DYSF;GBP1;RAB24;CASP1;IL1B;CLU;CR1;CEACAM1;CASP4;GBP2;TRIM21;MSRB1;LCN2;CD177;STX11;SEMA4A;TNFAIP6;SPARC;MYL9;TNFSF10;PML;MMP9;OAS1;S100A8;IFI6;IFIT2;ISG15	EVL;RPL18A;TMC8;SUN2;S1PR1;CABIN1;ATP8B2;CD3G;CD3E;NOP53;ETS1;SPOCK2;RPS28;SEPTIN9;SPTAN1;ESYT1;CD2;MS4A1;ABLIM1;EZR;RPL23A;AHNAK;CD247;CD22;ATM;PRKACB;OGT;FBXO7
GO:0016049	cell growth	331	4	5.69	0.7029876977152899	1	0.8251982437969101	1	FALSE	4	0	LIMK1;CEACAM1;PML;S100A8	
GO:0043009	chordate embryonic development	155	1	2.67	0.37453183520599254	1	0.9331460113461039	1	FALSE	0	1		MBNL1
GO:0006949	syncytium formation	76	3	1.31	2.2900763358778624	1	0.14269054592791677	0.7852979194311175	FALSE	1	2	MAPK14	RPL18A;RPL23A
GO:0042790	nucleolar large rRNA transcription by RNA polymerase I	30	1	0.52	1.923076923076923	1	0.4061310653788047	1	FALSE	0	1		NOP53
GO:1901135	carbohydrate derivative metabolic process	814	13	14	0.9285714285714286	1	0.6496884035774769	1	FALSE	11	2	ST3GAL4;PFKFB3;VPS9D1;HK3;FBXO6;HPSE;PGLYRP1;IL1B;GK;TYMP;TNFAIP6	ST6GAL1;OGT
GO:1901136	carbohydrate derivative catabolic process	212	7	3.65	1.9178082191780823	1	0.07383326119097966	0.5177745791173548	FALSE	6	1	PFKFB3;HK3;FBXO6;HPSE;PGLYRP1;TYMP	OGT
GO:0009408	response to heat	74	1	1.27	0.7874015748031495	1	0.7240491647910892	1	FALSE	0	1		ATM
GO:0035739	CD4-positive, alpha-beta T cell proliferation	12	1	0.21	4.761904761904762	1	0.1880331417591714	0.8557998455231163	FALSE	1	0	CD274	
GO:0048522	positive regulation of cellular process	4437	119	76.32	1.559224318658281	1	3.405701311125591e-9	2.4317591959179874e-7	FALSE	80	39	FAM20A;DUSP3;SMARCD3;C2;CDK5RAP2;NLRC4;PDCD1LG2;SEPTIN4;ST3GAL4;LIMK1;MAPK14;AIM2;TLR5;FCER1G;IL18RAP;ICAM1;CARD16;TIFA;SH3GLB1;FCGR1A;SCARF1;VNN1;TNFSF13;GADD45B;ADM;LILRB4;CD274;HPSE;CASP5;MARCO;GBP5;SECTM1;C3AR1;PLSCR1;LRG1;IFITM1;CASP1;IL1B;CLU;CR1;PSMB9;CEACAM1;CASP4;GBP2;TRIM21;RHBDF2;ANXA3;LCN2;CD177;ITGA2B;FFAR2;LILRA5;PPBP;S100A12;PARP9;SEMA4A;TNFAIP6;CLEC4E;STAT1;TRIM22;TNFSF13B;NAIP;HCAR2;SPARC;TNFSF10;LTF;ACSL1;IRF7;IFI35;PML;MMP9;GP1BB;OAS1;S100A8;PARP14;RSAD2;OAS3;OASL;IFIT2;ISG15	ZFP36L2;KLF2;EVL;IKZF3;LBH;TMC8;SUN2;BCL11B;S1PR1;TLE5;LCK;CD6;ZAP70;EEIG1;CD3E;NOP53;ETS1;SPOCK2;PBXIP1;CDC25B;SEPTIN9;CD5;CD2;MS4A1;EZR;BCL9L;AHNAK;IL32;TNFRSF13C;GPR183;RORA;ITK;IL7R;RUNX3;RPS4X;ATM;PRKACB;OGT;FBXO7
GO:0048523	negative regulation of cellular process	3967	84	68.24	1.2309495896834701	1	0.014111841155970256	0.15548477490085064	FALSE	56	28	DUSP3;CDK5RAP2;C1QC;PDCD1LG2;ZNF438;HP;MAPK14;AIM2;LMNB1;ICAM1;CARD16;KREMEN1;SOCS3;ADM;LILRB4;FBXO6;CD274;CTSA;LIMK2;PLSCR1;DYSF;GBP1;GRINA;IFITM1;IL1B;CLU;CR1;PSMB9;CEACAM1;TRIM21;RHBDF2;ETV7;LCN2;WARS1;LILRA5;PARP9;HCAR3;TNFAIP6;STAT1;TRIM22;NAIP;HCAR2;SPARC;LTF;IRF7;IFI35;XAF1;IFIT3;PML;MMP9;OAS1;PARP14;RSAD2;IFI6;OAS3;ISG15	ZFP36L2;KLF2;EVL;RPL18A;LBH;TMC8;FCMR;S1PR1;TLE5;CABIN1;CD3E;NOP53;ETS1;PBXIP1;TCF7;CD5;SPTAN1;EZR;BCL9L;RPL23A;RORA;CD22;IL7R;RUNX3;ATM;PRKACB;OGT;FBXO7
GO:0051783	regulation of nuclear division	115	3	1.98	1.5151515151515151	1	0.31729522412256245	1	FALSE	2	1	CDK5RAP2;IL1B	ATM
GO:0048524	positive regulation of viral process	57	1	0.98	1.0204081632653061	1	0.6288333353985944	1	FALSE	1	0	TRIM21	
GO:0006936	muscle contraction	261	3	4.49	0.6681514476614699	1	0.8304466193429361	1	FALSE	1	2	MYL9	RPL18A;RPL23A
GO:0051784	negative regulation of nuclear division	62	2	1.07	1.8691588785046729	1	0.2889211484821834	0.9963607691239424	FALSE	1	1	CDK5RAP2	ATM
GO:0033028	myeloid cell apoptotic process	20	2	0.34	5.88235294117647	1	0.04567488622363113	0.36659930577740724	FALSE	2	0	HCAR2;IRF7	
GO:0051785	positive regulation of nuclear division	41	1	0.71	1.4084507042253522	1	0.509565823117882	1	FALSE	1	0	IL1B	
GO:2001251	negative regulation of chromosome organization	103	3	1.77	1.694915254237288	1	0.26101765079918615	0.9689020087155695	FALSE	2	1	CDK5RAP2;PML	ATM
GO:1905037	autophagosome organization	119	2	2.05	0.9756097560975611	1	0.6101847690484519	1	FALSE	1	1	SH3GLB1	ATM
GO:0033687	osteoblast proliferation	19	2	0.33	6.0606060606060606	1	0.041568645351998744	0.34523325097475693	FALSE	2	0	HPSE;LTF	
GO:2001252	positive regulation of chromosome organization	95	2	1.63	1.2269938650306749	1	0.488482074366383	1	FALSE	1	1	PML	ATM
GO:1905039	carboxylic acid transmembrane transport	108	2	1.86	1.075268817204301	1	0.5572770754428469	1	FALSE	1	1	ACSL1	SLC38A1
GO:0099188	postsynaptic cytoskeleton organization	15	1	0.26	3.846153846153846	1	0.22925634240092574	0.916691905832938	FALSE	0	1		EZR
GO:0032231	regulation of actin filament bundle assembly	81	3	1.39	2.1582733812949644	1	0.1631365253140398	0.8320265456183588	FALSE	1	2	LIMK1	EVL;S1PR1
GO:0032232	negative regulation of actin filament bundle assembly	26	1	0.45	2.2222222222222223	1	0.36335827947285637	1	FALSE	0	1		S1PR1
GO:0032233	positive regulation of actin filament bundle assembly	49	2	0.84	2.380952380952381	1	0.20606085032639274	0.890437333393426	FALSE	1	1	LIMK1	EVL
GO:0080164	regulation of nitric oxide metabolic process	50	3	0.86	3.488372093023256	1	0.05454822171162133	0.4136636178903367	FALSE	2	1	IL1B;CLU	KLF2
GO:0048511	rhythmic process	204	4	3.51	1.1396011396011396	1	0.46709099229623996	1	FALSE	2	2	TNFAIP6;PML	RORA;OGT
GO:0010876	lipid localization	327	11	5.62	1.9572953736654803	1	0.026148391029591805	0.24449635013723767	FALSE	9	2	NPC2;PLSCR1;IL1B;CLU;CEACAM1;APOL1;APOL6;APOL2;ACSL1	ATP8B2;ESYT1
GO:0048513	animal organ development	1529	35	26.3	1.3307984790874525	1	0.04727532378254648	0.3750645456802894	FALSE	25	10	FAM20A;SMARCD3;CDK5RAP2;MAPK14;AIM2;VAMP5;HPSE;CASP5;LRG1;IL1B;CR1;RHBDF2;LTA4H;ETV7;SEMA4A;TNFAIP6;CRISPLD2;ALPL;STAT1;TNFSF13B;SPARC;LTF;PML;MMP9;ISG15	EVL;LBH;SUN2;S1PR1;CD3E;ABLIM1;BCL9L;RORA;RUNX3;PHOSPHO1
GO:0048514	blood vessel morphogenesis	421	19	7.24	2.6243093922651934	1	1.2354387280988618e-4	0.002915211213342293	FALSE	15	4	ADM;HPSE;C3AR1;LRG1;IL1B;CEACAM1;ANXA3;TYMP;WARS1;ITGA2B;SEMA4A;STAT1;SPARC;STAB1;PML	KLF2;S1PR1;ETS1;RORA
GO:0033673	negative regulation of kinase activity	65	1	1.12	0.8928571428571428	1	0.6771449545991599	1	FALSE	1	0	CEACAM1	
GO:0099173	postsynapse organization	184	1	3.16	0.3164556962025316	1	0.959843496621958	1	FALSE	0	1		EZR
GO:0060485	mesenchyme development	186	5	3.2	1.5625	1	0.21699234055389288	0.9038059760343204	FALSE	4	1	LRG1;IL1B;SEMA4A;STAT1	BCL9L
GO:0033674	positive regulation of kinase activity	116	2	2	1	1	0.5962457490571814	1	FALSE	2	0	LILRA5;S100A12	
GO:0048518	positive regulation of biological process	4766	139	81.98	1.6955354964625517	1	8.927035378372402e-15	1.0225175106310722e-12	FALSE	88	51	FAM20A;DUSP3;C1QB;C1QA;SMARCD3;C2;CDK5RAP2;C1QC;NLRC4;PDCD1LG2;SEPTIN4;ST3GAL4;LIMK1;MAPK14;AIM2;TLR5;FCER1G;IL18RAP;LHFPL2;ICAM1;CARD16;TIFA;SH3GLB1;FCGR1A;SCARF1;SERPING1;VNN1;TNFSF13;GADD45B;ADM;LILRB4;CD274;LIMK2;HPSE;CASP5;MARCO;GBP5;SECTM1;C3AR1;PLSCR1;GBP1;LRG1;IFITM1;CASP1;IL1B;CLU;CR1;PSMB9;CEACAM1;CASP4;GBP2;TRIM21;RHBDF2;ANXA3;LCN2;CD177;ITGA2B;FFAR2;LILRA5;PPBP;S100A12;PARP9;SEMA4A;TNFAIP6;ALPL;CLEC4E;STAT1;TRIM22;TNFSF13B;NAIP;HCAR2;SPARC;TNFSF10;LTF;ACSL1;IRF7;IFI35;PML;MMP9;GP1BB;OAS1;S100A8;PARP14;RSAD2;OAS3;OASL;IFIT2;ISG15	ZFP36L2;KLF2;TRAC;EVL;IKZF3;TRBC1;LBH;TMC8;FCMR;SUN2;BCL11B;S1PR1;TLE5;LCK;TRBC2;CD6;ZAP70;CD3G;EEIG1;CD3E;NOP53;ETS1;SPOCK2;PBXIP1;CDC25B;SEPTIN9;CD5;CD79A;CD2;MS4A1;EZR;BCL9L;AHNAK;IL32;TNFRSF13C;CD247;GPR183;CLEC2D;RORA;ITK;CD22;IL7R;RUNX3;RPS4X;ATM;PRKACB;CD79B;IGHM;CD8A;OGT;FBXO7
GO:0048519	negative regulation of biological process	4143	91	71.26	1.2770137524557956	1	0.0032307588400884686	0.048268239409800004	FALSE	62	29	DUSP3;CDK5RAP2;C1QC;PDCD1LG2;ZNF438;HP;MAPK14;AIM2;LMNB1;ICAM1;CARD16;KREMEN1;SERPING1;SOCS3;ADM;LILRB4;FBXO6;CD274;CTSA;LIMK2;PLSCR1;DYSF;GBP1;GRINA;IFITM1;IL1B;CLU;CR1;PSMB9;CEACAM1;TRIM21;RHBDF2;ETV7;LCN2;WARS1;IFITM3;LILRA5;PARP9;HCAR3;SEMA4A;TNFAIP6;STAT1;TRIM22;NAIP;HCAR2;SPARC;LTF;IRF7;STAB1;IFI35;XAF1;IFIT3;MT2A;PML;MMP9;OAS1;PARP14;RSAD2;IFI6;OAS3;OASL;ISG15	ZFP36L2;KLF2;EVL;RPL18A;LBH;TMC8;FCMR;S1PR1;TLE5;CABIN1;CD3E;NOP53;ETS1;PBXIP1;TCF7;CD5;SPTAN1;EZR;BCL9L;RPL23A;IL32;RORA;CD22;IL7R;RUNX3;ATM;PRKACB;OGT;FBXO7
GO:0099177	regulation of trans-synaptic signaling	330	3	5.68	0.5281690140845071	1	0.9261818422506624	1	FALSE	2	1	DYSF;IL1B	SLC38A1
GO:0010821	regulation of mitochondrion organization	105	5	1.81	2.7624309392265194	1	0.0348440542874943	0.30312121910228423	FALSE	5	0	CASP1;CLU;TNFSF10;MMP9;IFI6	
GO:0033043	regulation of organelle organization	984	19	16.93	1.1222681630242173	1	0.33350688217649904	1	FALSE	13	6	SMARCD3;CDK5RAP2;LIMK1;SH3GLB1;LIMK2;CASP1;IL1B;CLU;TNFSF10;PML;MMP9;S100A8;IFI6	EVL;S1PR1;SEPTIN9;SPTAN1;EZR;ATM
GO:0010824	regulation of centrosome duplication	47	1	0.81	1.2345679012345678	1	0.5582071880591637	1	FALSE	1	0	CDK5RAP2	
GO:0033044	regulation of chromosome organization	239	4	4.11	0.97323600973236	1	0.5916565306603183	1	FALSE	3	1	SMARCD3;CDK5RAP2;PML	ATM
GO:0033045	regulation of sister chromatid segregation	109	3	1.87	1.6042780748663101	1	0.2890497320394122	0.9963607691239424	FALSE	2	1	SMARCD3;CDK5RAP2	ATM
GO:0033046	negative regulation of sister chromatid segregation	56	2	0.96	2.0833333333333335	1	0.2505578131256704	0.9591439851868605	FALSE	1	1	CDK5RAP2	ATM
GO:0071887	leukocyte apoptotic process	73	4	1.26	3.1746031746031744	1	0.03693271630446644	0.318269708843192	FALSE	3	1	CD274;HCAR2;IRF7	CD3G
GO:1903376	regulation of oxidative stress-induced neuron intrinsic apoptotic signaling pathway	19	1	0.33	3.0303030303030303	1	0.2809968575851538	0.9794722429446581	FALSE	0	1		FBXO7
GO:0010827	regulation of D-glucose transmembrane transport	51	1	0.88	1.1363636363636365	1	0.587935018644641	1	FALSE	1	0	IL1B	
GO:0033047	regulation of mitotic sister chromatid segregation	63	2	1.08	1.8518518518518516	1	0.29530268490918676	1	FALSE	1	1	CDK5RAP2	ATM
GO:0009191	ribonucleoside diphosphate catabolic process	81	3	1.39	2.1582733812949644	1	0.1631365253140398	0.8320265456183588	FALSE	2	1	PFKFB3;HK3	OGT
GO:0048545	response to steroid hormone	236	6	4.06	1.4778325123152711	1	0.22154468348362083	0.9158290750322913	FALSE	4	2	ALPL;DEFA1;DEFA1;DEFA3	ZFP36L2;LBH
GO:0033048	negative regulation of mitotic sister chromatid segregation	56	2	0.96	2.0833333333333335	1	0.2505578131256704	0.9591439851868605	FALSE	1	1	CDK5RAP2	ATM
GO:0033627	cell adhesion mediated by integrin	66	3	1.14	2.6315789473684212	1	0.10476592187612781	0.6582891868285151	FALSE	2	1	ICAM1;ITGA2B	CD3E
GO:0033628	regulation of cell adhesion mediated by integrin	38	1	0.65	1.5384615384615383	1	0.48328153975407717	1	FALSE	0	1		CD3E
GO:0045859	regulation of protein kinase activity	201	3	3.46	0.8670520231213873	1	0.6756717017655267	1	FALSE	3	0	CEACAM1;LILRA5;S100A12	
GO:0031396	regulation of protein ubiquitination	157	3	2.7	1.111111111111111	1	0.5090095156525409	1	FALSE	2	1	SEPTIN4;ISG15	OGT
GO:0031399	regulation of protein modification process	533	13	9.17	1.4176663031624863	1	0.13040789807630546	0.7478359310624213	FALSE	10	3	FAM20A;SEPTIN4;CEACAM1;TRIM21;LILRA5;S100A12;PARP9;MMP9;PARP14;ISG15	NOP53;IL7R;OGT
GO:1903320	regulation of protein modification by small protein conjugation or removal	196	5	3.37	1.4836795252225519	1	0.24859930554892182	0.9591439851868605	FALSE	3	2	SEPTIN4;TRIM21;ISG15	NOP53;OGT
GO:0010811	positive regulation of cell-substrate adhesion	82	2	1.41	1.4184397163120568	1	0.41343001641793875	1	FALSE	1	1	HPSE	CD3E
GO:0010812	negative regulation of cell-substrate adhesion	47	1	0.81	1.2345679012345678	1	0.5582071880591637	1	FALSE	1	0	GBP1	
GO:0099111	microtubule-based transport	199	1	3.42	0.29239766081871343	1	0.969163936785904	1	FALSE	0	1		SUN2
GO:0033036	macromolecule localization	2344	47	40.32	1.1656746031746033	1	0.1401107321568929	0.7788966687549012	FALSE	34	13	SEPTIN4;LMNB1;VAMP5;SH3GLB1;RAB20;SORT1;LILRB4;CTSA;LIMK2;NPC2;HPSE;GBP5;PLSCR1;GBP1;RAB24;IL1B;CLU;CEACAM1;GBP2;RHBDF2;APOL1;TAP1;CD177;STX11;APOL6;PARP9;TNFAIP6;APOL2;TRIM22;HCAR2;ACSL1;PML;RSAD2;ISG15	SEPTIN1;SUN2;ATP8B2;CD3G;ARL4C;NOP53;SEPTIN9;ESYT1;EZR;ATM;PRKACB;OGT;FBXO7
GO:0010817	regulation of hormone levels	307	6	5.28	1.1363636363636362	1	0.434131719556897	1	FALSE	5	1	ADM;DHRS9;IL1B;FFAR2;HCAR2	PRKACB
GO:0044403	biological process involved in symbiotic interaction	154	5	2.65	1.8867924528301887	1	0.12671990850633982	0.7370233223889585	FALSE	5	0	ICAM1;PLSCR1;CR1;TRIM21;LTF	
GO:0006906	vesicle fusion	108	2	1.86	1.075268817204301	1	0.5572770754428469	1	FALSE	2	0	RAB20;STX11	
GO:0051716	cellular response to stimulus	5389	140	92.7	1.5102481121898597	1	1.544345033486762e-10	1.2129727134443168e-8	FALSE	97	43	DUSP3;SMARCD3;CDK5RAP2;NLRC4;PDCD1LG2;SEPTIN4;HP;LIMK1;MAPK14;AIM2;ASGR2;TLR5;FCER1G;IL18RAP;ICAM1;CARD16;TIFA;SH3GLB1;KREMEN1;OSCAR;FCGR1A;SCARF1;VNN1;TNFSF13;GADD45B;SOCS3;ADM;BATF2;SORT1;LILRB4;FBXO6;CD274;HPSE;CASP5;MARCO;GBP5;SECTM1;C3AR1;PLSCR1;PGLYRP1;GBP1;GRINA;LRG1;TREML1;IFITM1;CASP1;IL1B;CLU;CR1;CEACAM1;CASP4;GBP2;TRIM21;RHBDF2;LCN2;CD177;TYMP;WARS1;IFITM3;ITGA2B;P2RY14;FFAR2;LILRA5;PPBP;S100A12;PARP9;HCAR3;SEMA4A;TNFAIP6;CLEC4E;LILRA6;STAT1;TRIM22;TNFSF13B;NAIP;DEFA1;HCAR2;TNFSF10;LTF;ACSL1;IRF7;IFI35;MT2A;PML;MMP9;GP1BB;OAS1;S100A8;PARP14;RSAD2;IFI6;LY6E;OAS3;DEFA1;OASL;ISG15;DEFA3	ZFP36L2;KLF2;TRAC;EVL;TRBC1;LBH;TMC8;FCMR;S1PR1;TLE5;LCK;CABIN1;TRBC2;CD6;ZAP70;CD3G;CD3E;NOP53;TCF7;CD5;CD79A;CD2;MS4A1;EZR;BCL9L;ANXA6;IL32;TNFRSF13C;CD247;GPR183;CLEC2D;RORA;ITK;CD22;IL7R;ATM;PRKACB;CD79B;IGHM;CD8A;OGT;FBXO7;HBA2
GO:0060429	epithelium development	551	14	9.48	1.4767932489451476	1	0.09405740111735603	0.611985315199081	FALSE	11	3	ICAM1;HPSE;DHRS9;LRG1;IL1B;CEACAM1;RHBDF2;LTA4H;LCN2;STAT1;MMP9	LBH;S1PR1;EZR
GO:0033619	membrane protein proteolysis	53	1	0.91	1.0989010989010988	1	0.60204334409759	1	FALSE	1	0	IL1B	
GO:0042752	regulation of circadian rhythm	89	2	1.53	1.3071895424836601	1	0.4545643106298073	1	FALSE	1	1	PML	RORA
GO:0032200	telomere organization	172	2	2.96	0.6756756756756757	1	0.7991294398368695	1	FALSE	1	1	PML	ATM
GO:0044409	symbiont entry into host	115	4	1.98	2.0202020202020203	1	0.13654698798938708	0.7699849640673335	FALSE	4	0	ICAM1;PLSCR1;CR1;TRIM21	
GO:0120254	olefinic compound metabolic process	104	2	1.79	1.1173184357541899	1	0.5368194497301768	1	FALSE	2	0	ADM;DHRS9	
GO:1902531	regulation of intracellular signal transduction	1638	48	28.18	1.7033356990773598	1	1.3114287334833148e-4	0.003068185181570751	FALSE	35	13	DUSP3;CDK5RAP2;SEPTIN4;MAPK14;AIM2;ICAM1;CARD16;TIFA;VNN1;GADD45B;LILRB4;HPSE;MARCO;GBP5;SECTM1;GBP1;CASP1;IL1B;CLU;CEACAM1;GBP2;TRIM21;LILRA5;S100A12;STAT1;TRIM22;NAIP;TNFSF10;LTF;IFI35;PML;MMP9;S100A8;RSAD2;OASL	KLF2;LBH;TMC8;LCK;NOP53;EZR;GPR183;RORA;CD22;ATM;PRKACB;OGT;FBXO7
GO:0080171	lytic vacuole organization	102	1	1.75	0.5714285714285714	1	0.8307891011128835	1	FALSE	1	0	RAB20	
GO:1902532	negative regulation of intracellular signal transduction	617	20	10.61	1.885014137606032	1	0.004912227784428838	0.06652075950440825	FALSE	10	10	DUSP3;MAPK14;AIM2;LILRB4;GBP1;IL1B;CLU;STAT1;IFI35;MMP9	LBH;TMC8;NOP53;EZR;RORA;CD22;ATM;PRKACB;OGT;FBXO7
GO:0032204	regulation of telomere maintenance	107	2	1.84	1.0869565217391304	1	0.5522230220590001	1	FALSE	1	1	PML	ATM
GO:1903311	regulation of mRNA metabolic process	299	2	5.14	0.38910505836575876	1	0.966568344575458	1	FALSE	1	1	MAPK14	ZFP36L2
GO:1903312	negative regulation of mRNA metabolic process	98	1	1.69	0.591715976331361	1	0.8185321964223908	1	FALSE	1	0	MAPK14	
GO:0071824	protein-DNA complex organization	171	3	2.94	1.0204081632653061	1	0.5667982418747965	1	FALSE	2	1	SMARCD3;H2BC21	CABIN1
GO:0023051	regulation of signaling	2688	77	46.24	1.6652249134948096	1	1.096190992673023e-6	4.565801574027485e-5	FALSE	57	20	DUSP3;CDK5RAP2;PDCD1LG2;SEPTIN4;MAPK14;AIM2;ICAM1;CARD16;TIFA;KREMEN1;VNN1;GADD45B;SOCS3;ADM;LILRB4;CD274;HPSE;MARCO;GBP5;SECTM1;PLSCR1;DYSF;GBP1;GRINA;LRG1;CASP1;IL1B;CLU;CEACAM1;CASP4;GBP2;TRIM21;RHBDF2;CD177;FFAR2;LILRA5;S100A12;PARP9;TNFAIP6;STAT1;TRIM22;NAIP;HCAR2;TNFSF10;LTF;IRF7;IFI35;PML;MMP9;OAS1;S100A8;PARP14;RSAD2;IFI6;OAS3;OASL;ISG15	KLF2;LBH;TMC8;FCMR;TLE5;LCK;CD3E;NOP53;CD5;SLC38A1;EZR;BCL9L;GPR183;RORA;CD22;IL7R;ATM;PRKACB;OGT;FBXO7
GO:1903313	positive regulation of mRNA metabolic process	128	1	2.2	0.45454545454545453	1	0.8926535195666662	1	FALSE	0	1		ZFP36L2
GO:0023052	signaling	4574	137	78.68	1.741230299949161	1	1.7277910587196332e-15	2.2148907201150605e-13	FALSE	94	43	DUSP3;C1QA;CDK5RAP2;NLRC4;CACNA1E;PDCD1LG2;SEPTIN4;LIMK1;MAPK14;AIM2;ASGR2;TLR5;FCER1G;IL18RAP;ICAM1;CARD16;TIFA;KREMEN1;OSCAR;FCGR1A;VNN1;TNFSF13;GADD45B;SOCS3;ADM;BATF2;SORT1;LILRB4;FBXO6;CD274;HPSE;MARCO;GBP5;SECTM1;C3AR1;PLSCR1;DYSF;PGLYRP1;GBP1;GRINA;LRG1;TREML1;IFITM1;CASP1;IL1B;CLU;CR1;CEACAM1;CASP4;GBP2;TRIM21;RHBDF2;CD177;STX11;TYMP;WARS1;IFITM3;ITGA2B;P2RY14;FFAR2;LILRA5;PPBP;S100A12;PARP9;HCAR3;SEMA4A;TNFAIP6;CLEC4E;LILRA6;STAT1;TRIM22;TNFSF13B;NAIP;DEFA1;HCAR2;TNFSF10;LTF;IRF7;STAB1;IFI35;PML;MMP9;GP1BB;OAS1;S100A8;PARP14;RSAD2;IFI6;LY6E;OAS3;DEFA1;OASL;ISG15;DEFA3	ZFP36L2;KLF2;TRAC;EVL;TRBC1;LBH;TMC8;FCMR;S1PR1;TLE5;LCK;CABIN1;TRBC2;CD6;ZAP70;CD3G;CD3E;NOP53;TCF7;CD5;SLC38A1;CD79A;CD2;MS4A1;EZR;BCL9L;ANXA6;IL32;TNFRSF13C;CD247;GPR183;CLEC2D;RORA;ITK;CD22;IL7R;ATM;PRKACB;CD79B;IGHM;CD8A;OGT;FBXO7
GO:0071825	protein-lipid complex organization	32	1	0.55	1.8181818181818181	1	0.4264320070836515	1	FALSE	0	1		PRKACB
GO:0071827	plasma lipoprotein particle organization	30	1	0.52	1.923076923076923	1	0.4061310653788047	1	FALSE	0	1		PRKACB
GO:0060415	muscle tissue morphogenesis	32	1	0.55	1.8181818181818181	1	0.4264320070836515	1	FALSE	0	1		S1PR1
GO:1903317	regulation of protein maturation	43	2	0.74	2.7027027027027026	1	0.1687232062872333	0.8359865149344068	FALSE	2	0	NLRC4;HPSE	
GO:0023056	positive regulation of signaling	1364	41	23.46	1.7476555839727195	1	2.636780925859017e-4	0.005619000593167782	FALSE	33	8	SEPTIN4;ICAM1;CARD16;TIFA;VNN1;GADD45B;HPSE;MARCO;GBP5;SECTM1;LRG1;CASP1;IL1B;CLU;CASP4;GBP2;TRIM21;RHBDF2;LILRA5;S100A12;PARP9;TRIM22;NAIP;HCAR2;TNFSF10;LTF;IFI35;PML;MMP9;S100A8;PARP14;RSAD2;OASL	KLF2;LCK;EZR;GPR183;IL7R;ATM;PRKACB;OGT
GO:0023057	negative regulation of signaling	1123	41	19.32	2.122153209109731	1	2.9547823656924087e-6	1.0413713747805682e-4	FALSE	27	14	DUSP3;PDCD1LG2;MAPK14;AIM2;ICAM1;CARD16;KREMEN1;SOCS3;ADM;LILRB4;CD274;GBP1;GRINA;IL1B;CLU;CEACAM1;TNFAIP6;STAT1;NAIP;LTF;IFI35;MMP9;OAS1;PARP14;IFI6;OAS3;ISG15	LBH;TMC8;TLE5;NOP53;CD5;EZR;BCL9L;RORA;CD22;IL7R;ATM;PRKACB;OGT;FBXO7
GO:1903319	positive regulation of protein maturation	20	2	0.34	5.88235294117647	1	0.04567488622363113	0.36659930577740724	FALSE	2	0	NLRC4;HPSE	
GO:0023058	adaptation of signaling pathway	11	1	0.19	5.2631578947368425	1	0.17380999765353933	0.8359865149344068	FALSE	1	0	ADM	
GO:2001212	regulation of vasculogenesis	17	2	0.29	6.8965517241379315	1	0.03380819330296911	0.29582472196716797	FALSE	2	0	ADM;CEACAM1	
GO:0060419	heart growth	49	1	0.84	1.1904761904761905	1	0.5733287970016249	1	FALSE	0	1		S1PR1
GO:0030510	regulation of BMP signaling pathway	61	1	1.05	0.9523809523809523	1	0.6538272316830465	1	FALSE	1	0	TNFAIP6	
GO:0016601	Rac protein signal transduction	54	1	0.93	1.075268817204301	1	0.6089160995547745	1	FALSE	0	1		OGT
GO:0030516	regulation of axon extension	58	1	1	1	1	0.635245367488996	1	FALSE	1	0	LIMK1	
GO:0010833	telomere maintenance via telomere lengthening	70	2	1.2	1.6666666666666667	1	0.3396591409735764	1	FALSE	1	1	PML	ATM
GO:0030518	nuclear receptor-mediated steroid hormone signaling pathway	113	4	1.94	2.061855670103093	1	0.13044282609837432	0.7478359310624213	FALSE	3	1	DEFA1;DEFA1;DEFA3	LBH
GO:0045823	positive regulation of heart contraction	20	1	0.34	2.941176470588235	1	0.2933822244989184	0.99815313755882	FALSE	1	0	ADM	
GO:1901293	nucleoside phosphate biosynthetic process	286	2	4.92	0.4065040650406504	1	0.959471340610704	1	FALSE	2	0	VPS9D1;ACSL1	
GO:2001242	regulation of intrinsic apoptotic signaling pathway	142	7	2.44	2.8688524590163933	1	0.011406303133914343	0.13371397575748625	FALSE	5	2	SEPTIN4;VNN1;CLU;MMP9;S100A8	LCK;FBXO7
GO:0009165	nucleotide biosynthetic process	197	1	3.39	0.2949852507374631	1	0.968058189106749	1	FALSE	1	0	VPS9D1	
GO:0009166	nucleotide catabolic process	132	5	2.27	2.202643171806167	1	0.07763303415077429	0.5396035673337004	FALSE	4	1	PFKFB3;HK3;TYMP;PARP14	OGT
GO:0071840	cellular component organization or biogenesis	5441	83	93.59	0.886846885350999	1	0.9347255819948194	1	FALSE	54	29	DUSP3;C1QB;C1QA;SMARCD3;C2;CDK5RAP2;C1QC;NLRC4;H2BC21;H2BC12;LIMK1;MAPK14;AIM2;LMNB1;TIFA;SH3GLB1;KREMEN1;FCGR1A;SCARF1;RAB20;SORT1;LIMK2;HPSE;CASP5;MARCO;GBP5;PLSCR1;DYSF;GBP1;RAB24;CASP1;IL1B;CLU;CR1;CEACAM1;CASP4;GBP2;TRIM21;MSRB1;LCN2;CD177;STX11;SEMA4A;TNFAIP6;SPARC;MYL9;TNFSF10;PML;MMP9;OAS1;S100A8;IFI6;IFIT2;ISG15	EVL;RPL18A;TMC8;SUN2;S1PR1;CABIN1;ATP8B2;CD3G;CD3E;NOP53;ETS1;SPOCK2;RPS28;SEPTIN9;SPTAN1;ESYT1;CD2;MS4A1;ABLIM1;EZR;RPL23A;AHNAK;CD247;CD22;RPS4X;ATM;PRKACB;OGT;FBXO7
GO:0033002	muscle cell proliferation	127	2	2.18	0.9174311926605504	1	0.6455610915426514	1	FALSE	1	1	MMP9	S1PR1
GO:0002562	somatic diversification of immune receptors via germline recombination within a single locus	50	1	0.86	1.1627906976744187	1	0.5806952239502567	1	FALSE	1	0	TNFSF13	
GO:0009150	purine ribonucleotide metabolic process	288	4	4.95	0.8080808080808081	1	0.7339217467422762	1	FALSE	3	1	PFKFB3;VPS9D1;HK3	OGT
GO:0045814	negative regulation of gene expression, epigenetic	203	1	3.49	0.28653295128939826	1	0.9712623918475136	1	FALSE	1	0	LMNB1	
GO:0009152	purine ribonucleotide biosynthetic process	137	1	2.36	0.42372881355932207	1	0.9083184882323946	1	FALSE	1	0	VPS9D1	
GO:0009154	purine ribonucleotide catabolic process	103	3	1.77	1.694915254237288	1	0.26101765079918615	0.9689020087155695	FALSE	2	1	PFKFB3;HK3	OGT
GO:2001233	regulation of apoptotic signaling pathway	261	14	4.49	3.1180400890868594	1	1.7139319882331652e-4	0.0038462032944105887	FALSE	11	3	SEPTIN4;ICAM1;VNN1;GRINA;IL1B;CLU;TNFSF10;PML;MMP9;S100A8;IFI6	TMC8;LCK;FBXO7
GO:2001234	negative regulation of apoptotic signaling pathway	157	7	2.7	2.5925925925925926	1	0.018880194813630822	0.19046479098227936	FALSE	6	1	ICAM1;GRINA;IL1B;CLU;MMP9;IFI6	FBXO7
GO:0034446	substrate adhesion-dependent cell spreading	82	2	1.41	1.4184397163120568	1	0.41343001641793875	1	FALSE	2	0	HPSE;GBP1	
GO:2001235	positive regulation of apoptotic signaling pathway	95	7	1.63	4.294478527607362	1	0.0012451998444364151	0.021942656233049394	FALSE	6	1	SEPTIN4;VNN1;CLU;TNFSF10;PML;S100A8	LCK
GO:2001236	regulation of extrinsic apoptotic signaling pathway	105	7	1.81	3.867403314917127	1	0.002220247586341177	0.035190854233903765	FALSE	6	1	ICAM1;GRINA;IL1B;TNFSF10;PML;IFI6	TMC8
GO:2001237	negative regulation of extrinsic apoptotic signaling pathway	62	4	1.07	3.7383177570093458	1	0.02186887085449869	0.21194455345558805	FALSE	4	0	ICAM1;GRINA;IL1B;IFI6	
GO:2001239	regulation of extrinsic apoptotic signaling pathway in absence of ligand	25	2	0.43	4.651162790697675	1	0.06822192044861373	0.48712223198243937	FALSE	2	0	IL1B;IFI6	
GO:0045841	negative regulation of mitotic metaphase/anaphase transition	56	2	0.96	2.0833333333333335	1	0.2505578131256704	0.9591439851868605	FALSE	1	1	CDK5RAP2	ATM
GO:0009181	purine ribonucleoside diphosphate catabolic process	78	3	1.34	2.2388059701492535	1	0.15076306606658893	0.8118465594849227	FALSE	2	1	PFKFB3;HK3	OGT
GO:0031960	response to corticosteroid	95	2	1.63	1.2269938650306749	1	0.488482074366383	1	FALSE	1	1	ALPL	ZFP36L2
GO:0009185	ribonucleoside diphosphate metabolic process	103	3	1.77	1.694915254237288	1	0.26101765079918615	0.9689020087155695	FALSE	2	1	PFKFB3;HK3	OGT
GO:0080134	regulation of response to stress	1187	52	20.42	2.5465230166503425	1	1.8562161097542907e-10	1.4373910100604353e-8	FALSE	47	5	SMARCD3;NLRC4;ST3GAL4;MAPK14;AIM2;TLR5;TIFA;KREMEN1;SCARF1;SERPING1;CD274;HPSE;CASP5;GBP5;PLSCR1;GBP1;CASP1;IL1B;CLU;CR1;CEACAM1;CASP4;GBP2;CALHM6;TRIM21;RHBDF2;FFAR2;LILRA5;S100A12;PARP9;TNFAIP6;CLEC4E;STAT1;TRIM22;NAIP;LTF;IRF7;IFI35;PML;MMP9;OAS1;S100A8;PARP14;RSAD2;OAS3;OASL;ISG15	NOP53;ETS1;RORA;ATM;OGT
GO:0080135	regulation of cellular response to stress	470	6	8.08	0.7425742574257426	1	0.8236525013973016	1	FALSE	5	1	SMARCD3;KREMEN1;SCARF1;CLU;PML	ATM
GO:1902099	regulation of metaphase/anaphase transition of cell cycle	97	3	1.67	1.7964071856287427	1	0.2333801126979204	0.9291266181123579	FALSE	2	1	SMARCD3;CDK5RAP2	ATM
GO:0045833	negative regulation of lipid metabolic process	69	4	1.19	3.361344537815126	1	0.030911806157532175	0.27545074595480046	FALSE	4	0	IL1B;CEACAM1;HCAR3;HCAR2	
GO:0045834	positive regulation of lipid metabolic process	98	2	1.69	1.183431952662722	1	0.5049423585926849	1	FALSE	2	0	ADM;IL1B	
GO:0070167	regulation of biomineral tissue development	67	4	1.15	3.4782608695652177	1	0.028135617249352148	0.2565333725322356	FALSE	2	2	LTF;ISG15	S1PR1;PHOSPHO1
GO:0070169	positive regulation of biomineral tissue development	35	2	0.6	3.3333333333333335	1	0.12123418237142373	0.7190350967401162	FALSE	2	0	LTF;ISG15	
GO:2000351	regulation of endothelial cell apoptotic process	40	1	0.69	1.4492753623188408	1	0.5009557520984682	1	FALSE	1	0	ICAM1	
GO:0051707	response to other organism	1208	89	20.78	4.282964388835419	1	5.509039760260781e-35	5.387274994836686e-32	FALSE	81	8	C1QB;C1QA;C2;C1QC;NLRC4;PDCD1LG2;H2BC21;H2BC12;HP;MAPK14;AIM2;TLR5;FCER1G;IL18RAP;CARD16;TIFA;FCGR1A;SERPING1;VNN1;ADM;BATF2;CD274;NPC2;MARCO;GBP5;PLSCR1;PGLYRP1;GBP1;TREML1;IFITM1;CASP1;IL1B;CLU;CR1;PSMB9;CEACAM1;CASP4;GBP2;CALHM6;TRIM21;MSRB1;ANXA3;APOL1;LCN2;UBE2L6;PSME2;CD177;IFITM3;FFAR2;LILRA5;PPBP;S100A12;PARP9;ALPL;CLEC4E;GBP4;STAT1;TRIM22;NAIP;DEFA1;LTF;IRF7;IFI44;STAB1;IFI35;IFIT3;PML;MMP9;OAS1;IFI44L;S100A8;PARP14;RSAD2;IFI6;LY6E;OAS3;DEFA1;OASL;IFIT2;ISG15;DEFA3	TRAC;CD6;NOP53;CD2;IL7R;IGHM;OGT;GNLY
GO:0009176	pyrimidine deoxyribonucleoside monophosphate metabolic process	12	1	0.21	4.761904761904762	1	0.1880331417591714	0.8557998455231163	FALSE	1	0	TYMP	
GO:0045839	negative regulation of mitotic nuclear division	60	2	1.03	1.941747572815534	1	0.2761402930513325	0.9794722429446581	FALSE	1	1	CDK5RAP2	ATM
GO:0042743	hydrogen peroxide metabolic process	36	2	0.62	3.2258064516129035	1	0.12697547776072468	0.7370233223889585	FALSE	1	1	HP	HBA2
GO:0009179	purine ribonucleoside diphosphate metabolic process	92	3	1.58	1.8987341772151898	1	0.21079091417533038	0.8993218595167707	FALSE	2	1	PFKFB3;HK3	OGT
GO:0060402	calcium ion transport into cytosol	17	1	0.29	3.4482758620689657	1	0.2555740156963897	0.9591439851868605	FALSE	1	0	PML	
GO:1903305	regulation of regulated secretory pathway	93	2	1.6	1.25	1	0.47732116743921393	1	FALSE	2	0	CEACAM1;CD177	
GO:1903307	positive regulation of regulated secretory pathway	36	1	0.62	1.6129032258064517	1	0.4649842173144969	1	FALSE	1	0	CD177	
GO:0009123	nucleoside monophosphate metabolic process	70	1	1.2	0.8333333333333334	1	0.7041048187542569	1	FALSE	1	0	TYMP	
GO:0009125	nucleoside monophosphate catabolic process	16	1	0.28	3.571428571428571	1	0.24252896732030604	0.9450520333598112	FALSE	1	0	TYMP	
GO:0048699	generation of neurons	878	14	15.1	0.9271523178807948	1	0.65507203822353	1	FALSE	9	5	C1QA;SMARCD3;CDK5RAP2;SEPTIN4;LIMK1;KREMEN1;SCARF1;RHBDF2;SEMA4A	EVL;S1PR1;CD3E;RUNX3;FBXO7
GO:0006470	protein dephosphorylation	72	1	1.24	0.8064516129032259	1	0.714250182164103	1	FALSE	1	0	DUSP3	
GO:0009129	pyrimidine nucleoside monophosphate metabolic process	21	1	0.36	2.7777777777777777	1	0.30555516388798076	1	FALSE	1	0	TYMP	
GO:1902692	regulation of neuroblast proliferation	14	1	0.24	4.166666666666667	1	0.21575218855995282	0.8993218595167707	FALSE	1	0	SMARCD3	
GO:0002520	immune system development	104	2	1.79	1.1173184357541899	1	0.5368194497301768	1	FALSE	2	0	TNFSF13;LILRB4	
GO:0071805	potassium ion transmembrane transport	122	1	2.1	0.47619047619047616	1	0.8807571937055091	1	FALSE	1	0	KCNJ15	
GO:0002521	leukocyte differentiation	464	40	7.98	5.012531328320802	1	1.801774231661805e-17	3.095673351773939e-15	FALSE	20	20	SMARCD3;C1QC;MAPK14;IL18RAP;OSCAR;VNN1;SOCS3;BATF2;LILRB4;IL1B;CR1;PSMB9;CEACAM1;SEMA4A;TNFAIP6;TNFSF13B;LTF;IRF7;MMP9;RSAD2	ZFP36L2;IKZF3;LCK;ZAP70;CD3G;EEIG1;CD3E;TCF7;CD79A;CD2;MS4A1;GPR183;RORA;ITK;IL7R;RUNX3;ATM;CD79B;IGHM;CD8A
GO:0030509	BMP signaling pathway	95	1	1.63	0.6134969325153374	1	0.8087630060353375	1	FALSE	1	0	TNFAIP6	
GO:0009112	nucleobase metabolic process	29	1	0.5	2	1	0.3957139152715863	1	FALSE	1	0	TYMP	
GO:0034405	response to fluid shear stress	47	2	0.81	2.4691358024691357	1	0.19350094256513375	0.8705958937995952	FALSE	0	2		KLF2;PRKACB
GO:0009116	nucleoside metabolic process	38	1	0.65	1.5384615384615383	1	0.48328153975407717	1	FALSE	1	0	TYMP	
GO:0009117	nucleotide metabolic process	408	6	7.02	0.8547008547008548	1	0.7078151549846865	1	FALSE	5	1	PFKFB3;VPS9D1;HK3;TYMP;PARP14	OGT
GO:0040029	epigenetic regulation of gene expression	284	1	4.89	0.20449897750511248	1	0.9931358325241607	1	FALSE	1	0	LMNB1	
GO:2000377	regulation of reactive oxygen species metabolic process	112	4	1.93	2.072538860103627	1	0.1274345753084413	0.7370233223889585	FALSE	4	0	HP;MAPK14;LCN2;CD177	
GO:0030098	lymphocyte differentiation	323	30	5.56	5.39568345323741	1	3.8929834730565084e-14	4.038419459408431e-12	FALSE	11	19	SMARCD3;IL18RAP;VNN1;SOCS3;LILRB4;IL1B;CR1;PSMB9;SEMA4A;TNFSF13B;RSAD2	ZFP36L2;IKZF3;LCK;ZAP70;CD3G;CD3E;TCF7;CD79A;CD2;MS4A1;GPR183;RORA;ITK;IL7R;RUNX3;ATM;CD79B;IGHM;CD8A
GO:0030099	myeloid cell differentiation	311	18	5.35	3.3644859813084116	1	7.2146910340444125e-6	2.3473185219081142e-4	FALSE	14	4	C1QC;MAPK14;OSCAR;BATF2;LILRB4;IL1B;CEACAM1;TNFAIP6;STAT1;LTF;IRF7;MMP9;GP1BB;ISG15	EEIG1;ETS1;GPR183;HBA2
GO:1903902	positive regulation of viral life cycle	21	1	0.36	2.7777777777777777	1	0.30555516388798076	1	FALSE	1	0	TRIM21	
GO:0040011	locomotion	894	32	15.38	2.0806241872561766	1	6.149152262979941e-5	0.0015579741540029362	FALSE	23	9	DUSP3;ST3GAL4;MAPK14;ICAM1;HPSE;C3AR1;IFITM1;IL1B;CEACAM1;ANXA3;LCN2;TYMP;ITGA2B;FFAR2;PPBP;S100A12;SEMA4A;TNFAIP6;DEFA1;SPARC;MMP9;S100A8;DEFA1	EVL;SUN2;S1PR1;ETS1;SPOCK2;GPR183;ATM;OGT;FBXO7
GO:0009141	nucleoside triphosphate metabolic process	233	4	4.01	0.9975062344139651	1	0.5714963513309488	1	FALSE	3	1	PFKFB3;VPS9D1;HK3	OGT
GO:0009142	nucleoside triphosphate biosynthetic process	115	1	1.98	0.5050505050505051	1	0.86521009000537	1	FALSE	1	0	VPS9D1	
GO:0031341	regulation of cell killing	83	4	1.43	2.7972027972027975	1	0.05473500417796709	0.41450833742488025	FALSE	4	0	ICAM1;CLU;CR1;CEACAM1	
GO:0040013	negative regulation of locomotion	234	5	4.03	1.2406947890818858	1	0.3761029142676616	1	FALSE	3	2	DUSP3;IFITM1;TNFAIP6	EVL;OGT
GO:0045806	negative regulation of endocytosis	50	2	0.86	2.3255813953488373	1	0.21237387651867448	0.8993218595167707	FALSE	2	0	PLSCR1;DYSF	
GO:0002517	T cell tolerance induction	13	1	0.22	4.545454545454546	1	0.20201248508612968	0.8766098208394166	FALSE	1	0	LILRB4	
GO:0009144	purine nucleoside triphosphate metabolic process	219	4	3.77	1.0610079575596818	1	0.522417055383358	1	FALSE	3	1	PFKFB3;VPS9D1;HK3	OGT
GO:0015711	organic anion transport	302	7	5.19	1.3487475915221578	1	0.2642823099014803	0.9689020087155695	FALSE	6	1	SLC26A8;IL1B;CR1;CEACAM1;CALHM6;ACSL1	SLC38A1
GO:0045807	positive regulation of endocytosis	123	3	2.12	1.4150943396226414	1	0.3550034741521517	1	FALSE	3	0	C2;FCGR1A;CLU	
GO:0009145	purine nucleoside triphosphate biosynthetic process	103	1	1.77	0.5649717514124294	1	0.8337222787108659	1	FALSE	1	0	VPS9D1	
GO:0031344	regulation of cell projection organization	487	9	8.38	1.0739856801909307	1	0.4612977778514782	1	FALSE	5	4	LIMK1;KREMEN1;SCARF1;LIMK2;LCN2	EVL;SEPTIN9;EZR;FBXO7
GO:1903909	regulation of receptor clustering	12	1	0.21	4.761904761904762	1	0.1880331417591714	0.8557998455231163	FALSE	1	0	TNFAIP6	
GO:0051899	membrane depolarization	66	1	1.14	0.8771929824561404	1	0.6827257696371731	1	FALSE	1	0	IFI6	
GO:0031345	negative regulation of cell projection organization	128	3	2.2	1.3636363636363635	1	0.3784575177261734	1	FALSE	2	1	KREMEN1;LIMK2	EVL
GO:0040017	positive regulation of locomotion	448	16	7.71	2.0752269779507135	1	0.004693971916377367	0.06419765571204668	FALSE	11	5	ICAM1;HPSE;C3AR1;IL1B;ANXA3;LCN2;ITGA2B;SEMA4A;TNFAIP6;SPARC;MMP9	SUN2;S1PR1;ETS1;SPOCK2;ATM
GO:0001101	response to acid chemical	87	2	1.5	1.3333333333333333	1	0.44297603260916407	1	FALSE	1	1	LCN2	KLF2
GO:0031347	regulation of defense response	687	46	11.82	3.8917089678510997	1	9.523674093274347e-16	1.3425938503800606e-13	FALSE	42	4	NLRC4;MAPK14;AIM2;TLR5;TIFA;SERPING1;CD274;HPSE;CASP5;GBP5;PLSCR1;GBP1;CASP1;IL1B;CR1;CEACAM1;CASP4;GBP2;CALHM6;TRIM21;RHBDF2;FFAR2;LILRA5;S100A12;PARP9;TNFAIP6;CLEC4E;STAT1;TRIM22;NAIP;LTF;IRF7;IFI35;PML;MMP9;OAS1;S100A8;PARP14;RSAD2;OAS3;OASL;ISG15	NOP53;ETS1;RORA;OGT
GO:0031348	negative regulation of defense response	219	13	3.77	3.4482758620689653	1	1.0739880299695007e-4	0.002578509252739002	FALSE	12	1	MAPK14;SERPING1;IL1B;CR1;CEACAM1;TRIM21;RHBDF2;TNFAIP6;OAS1;PARP14;OAS3;ISG15	RORA
GO:0006412	translation	625	9	10.75	0.8372093023255814	1	0.7536772209493727	1	FALSE	2	7	WARS1;PML	ZFP36L2;RPL18A;RPS28;RPL3;RPL23A;RPS4X;OGT
GO:0031349	positive regulation of defense response	440	30	7.57	3.963011889035667	1	1.0613843867236388e-10	8.947663958109136e-9	FALSE	27	3	NLRC4;AIM2;TLR5;TIFA;CD274;CASP5;GBP5;PLSCR1;GBP1;CASP1;IL1B;CASP4;GBP2;FFAR2;LILRA5;S100A12;PARP9;CLEC4E;NAIP;LTF;IRF7;IFI35;OAS1;S100A8;RSAD2;OAS3;OASL	NOP53;ETS1;OGT
GO:0015718	monocarboxylic acid transport	112	3	1.93	1.5544041450777202	1	0.3031565314510613	1	FALSE	3	0	IL1B;CEACAM1;ACSL1	
GO:0006413	translational initiation	119	1	2.05	0.48780487804878053	1	0.8743256957530148	1	FALSE	1	0	PML	
GO:0048660	regulation of smooth muscle cell proliferation	96	2	1.65	1.2121212121212122	1	0.4940066770631043	1	FALSE	1	1	MMP9	S1PR1
GO:0031929	TOR signaling	162	3	2.79	1.075268817204301	1	0.5301151580185989	1	FALSE	0	3		ATM;PRKACB;OGT
GO:0006417	regulation of translation	329	4	5.66	0.7067137809187279	1	0.8216050830670497	1	FALSE	1	3	PML	ZFP36L2;RPS4X;OGT
GO:0035821	modulation of process of another organism	102	4	1.75	2.2857142857142856	1	0.09906229536250591	0.631106025380136	FALSE	4	0	IFITM1;IFITM3;LTF;LY6E	
GO:0009132	nucleoside diphosphate metabolic process	108	3	1.86	1.6129032258064515	1	0.2843581927151204	0.9882435799922453	FALSE	2	1	PFKFB3;HK3	OGT
GO:1901222	regulation of non-canonical NF-kappaB signal transduction	76	3	1.31	2.2900763358778624	1	0.14269054592791677	0.7852979194311175	FALSE	3	0	IL1B;TRIM21;IFI35	
GO:0048667	cell morphogenesis involved in neuron differentiation	349	3	6	0.5	1	0.9420217758707801	1	FALSE	2	1	LIMK1;SEMA4A	EVL
GO:0009134	nucleoside diphosphate catabolic process	82	3	1.41	2.127659574468085	1	0.16732733774797154	0.8359865149344068	FALSE	2	1	PFKFB3;HK3	OGT
GO:0035825	homologous recombination	51	1	0.88	1.1363636363636365	1	0.587935018644641	1	FALSE	0	1		ATM
GO:0009135	purine nucleoside diphosphate metabolic process	92	3	1.58	1.8987341772151898	1	0.21079091417533038	0.8993218595167707	FALSE	2	1	PFKFB3;HK3	OGT
GO:0009137	purine nucleoside diphosphate catabolic process	78	3	1.34	2.2388059701492535	1	0.15076306606658893	0.8118465594849227	FALSE	2	1	PFKFB3;HK3	OGT
GO:0032774	RNA biosynthetic process	3389	37	58.29	0.6347572482415509	1	0.9997597373362804	1	FALSE	17	20	SMARCD3;CDK5RAP2;ZNF438;MAPK14;BATF2;LILRB4;CD274;PLSCR1;IL1B;TRIM21;ETV7;PARP9;STAT1;TRIM22;IRF7;PML;PARP14	KLF2;IKZF3;LBH;BCL11B;S1PR1;TLE5;CABIN1;NOP53;ETS1;PBXIP1;RPS28;TCF7;EZR;BCL9L;AHNAK;RORA;RUNX3;ATM;MBNL1;OGT
GO:0015748	organophosphate ester transport	150	6	2.58	2.3255813953488373	1	0.04509845622352664	0.36659930577740724	FALSE	4	2	NPC2;PLSCR1;CR1;CALHM6	ATP8B2;ESYT1
GO:0015749	monosaccharide transmembrane transport	77	2	1.32	1.5151515151515151	1	0.3831320765675206	1	FALSE	2	0	IL1B;PPBP	
GO:0061842	microtubule organizing center localization	21	2	0.36	5.555555555555555	1	0.049923436717661404	0.3876822811775458	FALSE	0	2		SUN2;EZR
GO:0006446	regulation of translational initiation	85	1	1.46	0.684931506849315	1	0.7722586670371198	1	FALSE	1	0	PML	
GO:0002534	cytokine production involved in inflammatory response	53	4	0.91	4.395604395604395	1	0.012928707923745501	0.1444756832616926	FALSE	3	1	MAPK14;LILRB4;GBP5	CD6
GO:0050435	amyloid-beta metabolic process	51	1	0.88	1.1363636363636365	1	0.587935018644641	1	FALSE	1	0	CLU	
GO:1904705	regulation of vascular associated smooth muscle cell proliferation	45	1	0.77	1.2987012987012987	1	0.5425520890583637	1	FALSE	1	0	MMP9	
GO:0048659	smooth muscle cell proliferation	99	2	1.7	1.1764705882352942	1	0.5103527783834692	1	FALSE	1	1	MMP9	S1PR1
GO:1902652	secondary alcohol metabolic process	106	4	1.82	2.1978021978021975	1	0.11002636618351382	0.6738044341006325	FALSE	4	0	SCARF1;NPC2;APOL1;APOL2	
GO:0010562	positive regulation of phosphorus metabolic process	251	6	4.32	1.3888888888888888	1	0.2641160392712018	0.9689020087155695	FALSE	6	0	FAM20A;LILRA5;S100A12;PARP9;MMP9;PARP14	
GO:0010563	negative regulation of phosphorus metabolic process	134	3	2.3	1.3043478260869565	1	0.4063593530599431	1	FALSE	2	1	CEACAM1;PARP14	IL7R
GO:0010564	regulation of cell cycle process	629	12	10.82	1.1090573012939002	1	0.39839324899539375	1	FALSE	8	4	SMARCD3;CDK5RAP2;SH3GLB1;FBXO6;PLSCR1;IL1B;PSME2;PARP9	ZFP36L2;NOP53;CDC25B;ATM
GO:1902656	calcium ion import into cytosol	29	2	0.5	4	1	0.08834107180483668	0.5830722842532918	FALSE	1	1	CACNA1E	MS4A1
GO:0010565	regulation of ketone metabolic process	95	3	1.63	1.8404907975460123	1	0.22428868794485218	0.916691905832938	FALSE	3	0	ADM;IL1B;CEACAM1	
GO:0003341	cilium movement	159	1	2.73	0.3663003663003663	1	0.9376806749441084	1	FALSE	1	0	SEPTIN4	
GO:0045596	negative regulation of cell differentiation	403	15	6.93	2.1645021645021645	1	0.004205618675809323	0.058835856182187424	FALSE	11	4	CDK5RAP2;C1QC;LILRB4;IL1B;CR1;PSMB9;CEACAM1;TNFAIP6;STAT1;LTF;MMP9	ZFP36L2;LBH;RORA;RUNX3
GO:0045597	positive regulation of cell differentiation	558	20	9.6	2.0833333333333335	1	0.0015617546409881793	0.02615851758834553	FALSE	14	6	SMARCD3;LIMK1;MAPK14;VNN1;ADM;LILRB4;LRG1;IFITM1;IL1B;CR1;CEACAM1;STAT1;LTF;ISG15	ZAP70;EEIG1;ETS1;BCL9L;IL7R;RUNX3
GO:0045598	regulation of fat cell differentiation	83	2	1.43	1.3986013986013988	1	0.41940237360710164	1	FALSE	0	2		ZFP36L2;RORA
GO:1902680	positive regulation of RNA biosynthetic process	1299	23	22.34	1.0295434198746642	1	0.47441598195650725	1	FALSE	11	12	SMARCD3;CDK5RAP2;CD274;PLSCR1;IL1B;TRIM21;PARP9;STAT1;TRIM22;IRF7;PML	KLF2;IKZF3;LBH;BCL11B;S1PR1;ETS1;PBXIP1;BCL9L;RORA;RUNX3;ATM;OGT
GO:1902683	regulation of receptor localization to synapse	27	1	0.46	2.1739130434782608	1	0.3743307121798023	1	FALSE	0	1		OGT
GO:0051851	host-mediated perturbation of symbiont process	96	4	1.65	2.4242424242424243	1	0.08363983800038094	0.5621660505208979	FALSE	4	0	IFITM1;IFITM3;LTF;LY6E	
GO:0010556	regulation of macromolecule biosynthetic process	3872	77	66.6	1.1561561561561562	1	0.07434646943716541	0.5193861359155469	FALSE	49	28	SMARCD3;CDK5RAP2;NLRC4;PDCD1LG2;ZNF438;MAPK14;AIM2;TLR5;FCER1G;IL18RAP;LMNB1;CARD16;FCGR1A;TNFSF13;BATF2;LILRB4;CD274;HPSE;GBP5;SECTM1;C3AR1;PLSCR1;GBP1;CASP1;IL1B;CLU;CR1;PSMB9;CEACAM1;CALHM6;TRIM21;ETV7;LCN2;FFAR2;LILRA5;PARP9;CLEC4E;STAT1;TRIM22;NAIP;LTF;IRF7;XAF1;PML;OAS1;PARP14;RSAD2;OAS3;ISG15	ZFP36L2;KLF2;IKZF3;LBH;BCL11B;S1PR1;TLE5;CABIN1;CD6;CD3E;NOP53;ETS1;PBXIP1;TCF7;CD2;EZR;BCL9L;AHNAK;IL32;RORA;ITK;CD22;RUNX3;RPS4X;ATM;MBNL1;IGHM;OGT
GO:0009100	glycoprotein metabolic process	296	5	5.09	0.9823182711198428	1	0.5791556689011365	1	FALSE	3	2	ST3GAL4;FBXO6;HPSE	ST6GAL1;OGT
GO:0010557	positive regulation of macromolecule biosynthetic process	1977	54	34.01	1.5877683034401648	1	2.8292665896901474e-4	0.005914565669245792	FALSE	35	19	SMARCD3;CDK5RAP2;NLRC4;MAPK14;AIM2;TLR5;FCER1G;IL18RAP;FCGR1A;TNFSF13;CD274;HPSE;GBP5;SECTM1;C3AR1;PLSCR1;CASP1;IL1B;CLU;PSMB9;TRIM21;LCN2;FFAR2;LILRA5;PARP9;CLEC4E;STAT1;TRIM22;NAIP;IRF7;PML;OAS1;RSAD2;OAS3;ISG15	KLF2;IKZF3;LBH;BCL11B;S1PR1;CD6;CD3E;ETS1;PBXIP1;CD2;EZR;BCL9L;IL32;RORA;ITK;RUNX3;RPS4X;ATM;OGT
GO:0009101	glycoprotein biosynthetic process	246	3	4.23	0.7092198581560283	1	0.7991016764606199	1	FALSE	1	2	ST3GAL4	ST6GAL1;OGT
GO:0048675	axon extension	73	1	1.26	0.7936507936507936	1	0.7191922255887092	1	FALSE	1	0	LIMK1	
GO:0010558	negative regulation of macromolecule biosynthetic process	1834	37	31.55	1.172741679873217	1	0.16832862235939836	0.8359865149344068	FALSE	23	14	PDCD1LG2;ZNF438;MAPK14;LMNB1;CARD16;LILRB4;CD274;GBP1;IL1B;CR1;CEACAM1;ETV7;LILRA5;PARP9;STAT1;TRIM22;LTF;IRF7;XAF1;PML;OAS1;PARP14;OAS3	ZFP36L2;KLF2;LBH;TLE5;CABIN1;CD3E;NOP53;PBXIP1;TCF7;EZR;CD22;RUNX3;ATM;OGT
GO:0003333	amino acid transmembrane transport	74	1	1.27	0.7874015748031495	1	0.7240491647910892	1	FALSE	0	1		SLC38A1
GO:0048678	response to axon injury	43	2	0.74	2.7027027027027026	1	0.1687232062872333	0.8359865149344068	FALSE	2	0	KREMEN1;SCARF1	
GO:0003338	metanephros morphogenesis	13	1	0.22	4.545454545454546	1	0.20201248508612968	0.8766098208394166	FALSE	1	0	STAT1	
GO:0048041	focal adhesion assembly	70	1	1.2	0.8333333333333334	1	0.7041048187542569	1	FALSE	1	0	DUSP3	
GO:1990928	response to amino acid starvation	55	1	0.95	1.0526315789473684	1	0.6156706733977799	1	FALSE	1	0	SH3GLB1	
GO:1902017	regulation of cilium assembly	71	2	1.22	1.639344262295082	1	0.3459336323544042	1	FALSE	1	1	LIMK2	SEPTIN9
GO:0051881	regulation of mitochondrial membrane potential	54	1	0.93	1.075268817204301	1	0.6089160995547745	1	FALSE	1	0	IFI6	
GO:0051882	mitochondrial depolarization	16	1	0.28	3.571428571428571	1	0.24252896732030604	0.9450520333598112	FALSE	1	0	IFI6	
GO:0010586	miRNA metabolic process	84	2	1.44	1.3888888888888888	1	0.4253438434120327	1	FALSE	1	1	LILRB4	ETS1
GO:0046390	ribose phosphate biosynthetic process	157	1	2.7	0.37037037037037035	1	0.9354529784659488	1	FALSE	1	0	VPS9D1	
GO:1902679	negative regulation of RNA biosynthetic process	1047	19	18.01	1.0549694614103275	1	0.4385682139206514	1	FALSE	9	10	ZNF438;LILRB4;ETV7;PARP9;STAT1;TRIM22;IRF7;PML;PARP14	KLF2;LBH;TLE5;CABIN1;NOP53;PBXIP1;TCF7;EZR;RUNX3;OGT
GO:0002504	antigen processing and presentation of peptide or polysaccharide antigen via MHC class II	31	1	0.53	1.8867924528301885	1	0.41636941071669764	1	FALSE	1	0	IFI30	
GO:0040001	establishment of mitotic spindle localization	30	1	0.52	1.923076923076923	1	0.4061310653788047	1	FALSE	1	0	CDK5RAP2	
GO:1904892	regulation of receptor signaling pathway via STAT	73	3	1.26	2.380952380952381	1	0.130867818080146	0.7479327066576327	FALSE	2	1	SOCS3;PARP14	IL7R
GO:0034162	toll-like receptor 9 signaling pathway	27	1	0.46	2.1739130434782608	1	0.3743307121798023	1	FALSE	1	0	RSAD2	
GO:1904893	negative regulation of receptor signaling pathway via STAT	26	3	0.45	6.666666666666666	1	0.009753234940266378	0.1173376054739268	FALSE	2	1	SOCS3;PARP14	IL7R
GO:0034163	regulation of toll-like receptor 9 signaling pathway	17	1	0.29	3.4482758620689657	1	0.2555740156963897	0.9591439851868605	FALSE	1	0	RSAD2	
GO:0002507	tolerance induction	26	1	0.45	2.2222222222222223	1	0.36335827947285637	1	FALSE	1	0	LILRB4	
GO:1904894	positive regulation of receptor signaling pathway via STAT	37	1	0.64	1.5625	1	0.47421211643336325	1	FALSE	0	1		IL7R
GO:0046394	carboxylic acid biosynthetic process	244	9	4.2	2.142857142857143	1	0.025424702326095387	0.23894874083567938	FALSE	8	1	NLRC4;DHRS9;CASP1;IL1B;CEACAM1;LTA4H;NAIP;ACSL1	SLC38A1
GO:0030072	peptide hormone secretion	144	3	2.48	1.2096774193548387	1	0.4519788867491408	1	FALSE	2	1	IL1B;FFAR2	PRKACB
GO:0030073	insulin secretion	118	2	2.03	0.9852216748768474	1	0.6055793372206665	1	FALSE	1	1	IL1B	PRKACB
GO:0040007	growth	469	8	8.07	0.9913258983890954	1	0.5603222277036138	1	FALSE	6	2	LIMK1;CEACAM1;TNFAIP6;MT2A;PML;S100A8	S1PR1;EZR
GO:0040008	regulation of growth	371	6	6.38	0.9404388714733543	1	0.6182244153862992	1	FALSE	5	1	LIMK1;CEACAM1;MT2A;PML;S100A8	EZR
GO:0032732	positive regulation of interleukin-1 production	63	6	1.08	5.555555555555555	1	7.27181037969861e-4	0.013552682531384053	FALSE	6	0	NLRC4;AIM2;GBP5;CASP1;LILRA5;NAIP	
GO:0006401	RNA catabolic process	340	3	5.85	0.5128205128205129	1	0.9349550391878793	1	FALSE	1	2	MAPK14	ZFP36L2;ATM
GO:1902622	regulation of neutrophil migration	36	2	0.62	3.2258064516129035	1	0.12697547776072468	0.7370233223889585	FALSE	2	0	C3AR1;TNFAIP6	
GO:0006402	mRNA catabolic process	258	3	4.44	0.6756756756756757	1	0.8245327817394681	1	FALSE	1	2	MAPK14	ZFP36L2;ATM
GO:0006403	RNA localization	192	1	3.3	0.30303030303030304	1	0.9651180535867451	1	FALSE	0	1		ATM
GO:1902624	positive regulation of neutrophil migration	28	1	0.48	2.0833333333333335	1	0.385114851703767	1	FALSE	1	0	C3AR1	
GO:0010573	vascular endothelial growth factor production	25	4	0.43	9.30232558139535	1	8.118801912920501e-4	0.014928820373657831	FALSE	3	1	HPSE;C3AR1;IL1B	RORA
GO:0038061	non-canonical NF-kappaB signal transduction	106	3	1.82	1.6483516483516483	1	0.274996045431218	0.9794722429446581	FALSE	3	0	IL1B;TRIM21;IFI35	
GO:0021987	cerebral cortex development	78	1	1.34	0.7462686567164178	1	0.7426546920133572	1	FALSE	0	1		SUN2
GO:0010574	regulation of vascular endothelial growth factor production	23	4	0.4	10	1	5.838407684093367e-4	0.011145682446925462	FALSE	3	1	HPSE;C3AR1;IL1B	RORA
GO:0140894	endolysosomal toll-like receptor signaling pathway	51	2	0.88	2.272727272727273	1	0.2187054892310539	0.9061362319459942	FALSE	2	0	OAS1;RSAD2	
GO:0030029	actin filament-based process	628	9	10.8	0.8333333333333333	1	0.7586134859414364	1	FALSE	4	5	LIMK1;LIMK2;MSRB1;MYL9	EVL;SUN2;S1PR1;SPTAN1;EZR
GO:0048644	muscle organ morphogenesis	32	1	0.55	1.8181818181818181	1	0.4264320070836515	1	FALSE	0	1		S1PR1
GO:0030010	establishment of cell polarity	108	1	1.86	0.5376344086021505	1	0.8476459571362024	1	FALSE	1	0	CDK5RAP2	
GO:0002690	positive regulation of leukocyte chemotaxis	73	1	1.26	0.7936507936507936	1	0.7191922255887092	1	FALSE	1	0	C3AR1	
GO:1903426	regulation of reactive oxygen species biosynthetic process	36	1	0.62	1.6129032258064517	1	0.4649842173144969	1	FALSE	1	0	LCN2	
GO:0002694	regulation of leukocyte activation	452	27	7.77	3.474903474903475	1	1.6940500752068535e-8	1.0957514486455626e-6	FALSE	12	15	DUSP3;SMARCD3;PDCD1LG2;VNN1;TNFSF13;LILRB4;CD274;PLSCR1;IL1B;CR1;PSMB9;TNFSF13B	ZFP36L2;IKZF3;LCK;CD6;ZAP70;CD3E;TCF7;CD5;CD2;TNFRSF13C;GPR183;CD22;IL7R;RUNX3;ATM
GO:1904861	excitatory synapse assembly	27	1	0.46	2.1739130434782608	1	0.3743307121798023	1	FALSE	1	0	SEMA4A	
GO:0002695	negative regulation of leukocyte activation	149	8	2.56	3.125	1	0.004236562584417471	0.05911832763737883	FALSE	6	2	DUSP3;PDCD1LG2;LILRB4;CD274;CR1;PSMB9	RUNX3;ATM
GO:0002697	regulation of immune effector process	285	16	4.9	3.265306122448979	1	3.414862420645834e-5	9.294511677579601e-4	FALSE	15	1	C2;ICAM1;SERPING1;TNFSF13;LILRB4;CD274;SECTM1;IL1B;CLU;CR1;CEACAM1;CALHM6;CD177;FFAR2;RSAD2	CD22
GO:0046364	monosaccharide biosynthetic process	69	2	1.19	1.680672268907563	1	0.33336642366615776	1	FALSE	1	1	PFKFB3	OGT
GO:0030042	actin filament depolymerization	55	1	0.95	1.0526315789473684	1	0.6156706733977799	1	FALSE	0	1		SPTAN1
GO:0048638	regulation of developmental growth	163	2	2.8	0.7142857142857143	1	0.7740976286471517	1	FALSE	1	1	LIMK1	EZR
GO:0002698	negative regulation of immune effector process	95	7	1.63	4.294478527607362	1	0.0012451998444364151	0.021942656233049394	FALSE	6	1	SERPING1;LILRB4;CD274;CLU;CR1;CEACAM1	CD22
GO:0046365	monosaccharide catabolic process	45	1	0.77	1.2987012987012987	1	0.5425520890583637	1	FALSE	1	0	HK3	
GO:0072359	circulatory system development	660	19	11.35	1.6740088105726874	1	0.01950908756367382	0.19608951266010724	FALSE	15	4	ADM;HPSE;C3AR1;LRG1;IL1B;CEACAM1;ANXA3;TYMP;WARS1;ITGA2B;SEMA4A;STAT1;SPARC;STAB1;PML	KLF2;S1PR1;ETS1;RORA
GO:0045589	regulation of regulatory T cell differentiation	41	3	0.71	4.225352112676057	1	0.03315603577884097	0.2935457080709624	FALSE	3	0	LILRB4;CR1;PSMB9	
GO:0048002	antigen processing and presentation of peptide antigen	57	2	0.98	2.0408163265306123	1	0.2569512929068924	0.9603794754602953	FALSE	2	0	IFI30;TAP1	
GO:0002064	epithelial cell development	101	4	1.74	2.2988505747126435	1	0.09640507768664296	0.6229041688074468	FALSE	3	1	ICAM1;HPSE;IL1B	EZR
GO:0048008	platelet-derived growth factor receptor signaling pathway	37	1	0.64	1.5625	1	0.47421211643336325	1	FALSE	1	0	IL1B	
GO:0030030	cell projection organization	1141	13	19.63	0.6622516556291391	1	0.9617899718367149	1	FALSE	6	7	LIMK1;KREMEN1;SCARF1;LIMK2;LCN2;SEMA4A	EVL;S1PR1;CD3E;SEPTIN9;ABLIM1;EZR;FBXO7
GO:0030031	cell projection assembly	490	6	8.43	0.7117437722419929	1	0.852189171070477	1	FALSE	1	5	LIMK2	EVL;S1PR1;SEPTIN9;ABLIM1;EZR
GO:1902003	regulation of amyloid-beta formation	35	1	0.6	1.6666666666666667	1	0.45559508566022555	1	FALSE	1	0	CLU	
GO:0090382	phagosome maturation	25	1	0.43	2.3255813953488373	1	0.35219428068188696	1	FALSE	1	0	RAB20	
GO:0030038	contractile actin filament bundle assembly	86	4	1.48	2.7027027027027026	1	0.06083715055556028	0.4489700050395576	FALSE	2	2	LIMK1;MYL9	EVL;S1PR1
GO:0060142	regulation of syncytium formation by plasma membrane fusion	60	3	1.03	2.912621359223301	1	0.08426579209277779	0.5643036844410381	FALSE	1	2	MAPK14	RPL18A;RPL23A
GO:0035590	purinergic nucleotide receptor signaling pathway	26	1	0.45	2.2222222222222223	1	0.36335827947285637	1	FALSE	1	0	P2RY14	
GO:0097553	calcium ion transmembrane import into cytosol	120	5	2.06	2.4271844660194173	1	0.056171297002740754	0.42421674577069873	FALSE	3	2	CACNA1E;PML;GP1BB	LCK;MS4A1
GO:0009260	ribonucleotide biosynthetic process	152	1	2.61	0.3831417624521073	1	0.929530758929433	1	FALSE	1	0	VPS9D1	
GO:0034110	regulation of homotypic cell-cell adhesion	31	1	0.53	1.8867924528301885	1	0.41636941071669764	1	FALSE	1	0	CEACAM1	
GO:0009261	ribonucleotide catabolic process	109	3	1.87	1.6042780748663101	1	0.2890497320394122	0.9963607691239424	FALSE	2	1	PFKFB3;HK3	OGT
GO:0035592	establishment of protein localization to extracellular region	232	5	3.99	1.2531328320802004	1	0.3692632231815188	1	FALSE	4	1	IL1B;RHBDF2;HCAR2;RSAD2	PRKACB
GO:0009262	deoxyribonucleotide metabolic process	43	1	0.74	1.3513513513513513	1	0.5263447643003082	1	FALSE	1	0	TYMP	
GO:0009264	deoxyribonucleotide catabolic process	27	1	0.46	2.1739130434782608	1	0.3743307121798023	1	FALSE	1	0	TYMP	
GO:0009266	response to temperature stimulus	105	1	1.81	0.5524861878453039	1	0.8394376263315729	1	FALSE	0	1		ATM
GO:0030641	regulation of cellular pH	83	1	1.43	0.6993006993006994	1	0.7641646655478342	1	FALSE	1	0	RAB20	
GO:0046386	deoxyribose phosphate catabolic process	27	1	0.46	2.1739130434782608	1	0.3743307121798023	1	FALSE	1	0	TYMP	
GO:0009267	cellular response to starvation	158	1	2.72	0.3676470588235294	1	0.9365765638156025	1	FALSE	1	0	SH3GLB1	
GO:1901796	regulation of signal transduction by p53 class mediator	105	3	1.81	1.6574585635359116	1	0.2703270922449623	0.9726821683002635	FALSE	1	2	PML	NOP53;ATM
GO:1901799	negative regulation of proteasomal protein catabolic process	50	2	0.86	2.3255813953488373	1	0.21237387651867448	0.8993218595167707	FALSE	0	2		NOP53;OGT
GO:1903432	regulation of TORC1 signaling	95	3	1.63	1.8404907975460123	1	0.22428868794485218	0.916691905832938	FALSE	0	3		ATM;PRKACB;OGT
GO:0097581	lamellipodium organization	68	2	1.17	1.7094017094017095	1	0.3270567613962273	1	FALSE	0	2		S1PR1;ABLIM1
GO:0009250	glucan biosynthetic process	34	1	0.58	1.7241379310344829	1	0.446041916994831	1	FALSE	1	0	GYG1	
GO:0034143	regulation of toll-like receptor 4 signaling pathway	27	2	0.46	4.3478260869565215	1	0.07807502909226002	0.5399452955336422	FALSE	2	0	LTF;IFI35	
GO:0048608	reproductive structure development	98	1	1.69	0.591715976331361	1	0.8185321964223908	1	FALSE	1	0	TNFAIP6	
GO:0048609	multicellular organismal reproductive process	534	8	9.19	0.8705114254624592	1	0.7045327147301446	1	FALSE	5	3	SLC26A8;SEPTIN4;RAB24;TNFAIP6;APOL2	RPL18A;RPL3;RPL23A
GO:0032890	regulation of organic acid transport	46	2	0.79	2.531645569620253	1	0.1872594648145189	0.8557998455231163	FALSE	2	0	IL1B;ACSL1	
GO:0090322	regulation of superoxide metabolic process	25	1	0.43	2.3255813953488373	1	0.35219428068188696	1	FALSE	1	0	CD177	
GO:0015865	purine nucleotide transport	33	2	0.57	3.5087719298245617	1	0.10995676876271954	0.6738044341006325	FALSE	2	0	CR1;CALHM6	
GO:0140888	interferon-mediated signaling pathway	83	10	1.43	6.993006993006993	1	1.5110831254073868e-6	5.9342393024927235e-5	FALSE	10	0	IFITM1;IFITM3;PARP9;STAT1;IRF7;OAS1;PARP14;OAS3;OASL;ISG15	
GO:0009259	ribonucleotide metabolic process	306	4	5.26	0.7604562737642586	1	0.7758125166396119	1	FALSE	3	1	PFKFB3;VPS9D1;HK3	OGT
GO:0032892	positive regulation of organic acid transport	25	2	0.43	4.651162790697675	1	0.06822192044861373	0.48712223198243937	FALSE	2	0	IL1B;ACSL1	
GO:0015868	purine ribonucleotide transport	30	2	0.52	3.846153846153846	1	0.0936165621622352	0.6098386952227122	FALSE	2	0	CR1;CALHM6	
GO:0006163	purine nucleotide metabolic process	354	5	6.09	0.8210180623973727	1	0.7327167460904368	1	FALSE	4	1	PFKFB3;VPS9D1;HK3;PARP14	OGT
GO:0006164	purine nucleotide biosynthetic process	165	1	2.84	0.35211267605633806	1	0.9439148042733794	1	FALSE	1	0	VPS9D1	
GO:0061564	axon development	292	5	5.02	0.9960159362549802	1	0.567008726613974	1	FALSE	4	1	LIMK1;KREMEN1;SCARF1;SEMA4A	EVL
GO:0030001	metal ion transport	567	13	9.75	1.3333333333333333	1	0.1793696764907071	0.8501504149533686	FALSE	9	4	FLVCR2;CACNA1E;GRINA;KCNJ15;LCN2;LILRA5;LTF;PML;GP1BB	LCK;SLC38A1;MS4A1;ANXA6
GO:0030003	intracellular monoatomic cation homeostasis	306	6	5.26	1.1406844106463878	1	0.4310724097865791	1	FALSE	4	2	RAB20;LCN2;MT2A;PML	TMC8;ANXA6
GO:0046328	regulation of JNK cascade	119	4	2.05	1.9512195121951221	1	0.14909315071610388	0.8118465594849227	FALSE	4	0	DUSP3;GADD45B;IL1B;NAIP	
GO:0090316	positive regulation of intracellular protein transport	84	1	1.44	0.6944444444444444	1	0.7682468441277837	1	FALSE	1	0	IL1B	
GO:0002682	regulation of immune system process	1286	92	22.12	4.159132007233273	1	2.58596702324949e-35	3.554411673456424e-32	FALSE	59	33	DUSP3;C1QB;C1QA;SMARCD3;C2;C1QC;NLRC4;PDCD1LG2;ST3GAL4;LIMK1;MAPK14;AIM2;TLR5;FCER1G;ICAM1;TIFA;FCGR1A;SERPING1;VNN1;TNFSF13;LILRB4;CD274;GBP5;SECTM1;C3AR1;PLSCR1;GBP1;CASP1;IL1B;CLU;CR1;PSMB9;CEACAM1;GBP2;CALHM6;TRIM21;RHBDF2;CD177;ITGA2B;FFAR2;LILRA5;PARP9;TNFAIP6;CLEC4E;LILRA6;STAT1;TNFSF13B;NAIP;HCAR2;LTF;IRF7;IFI35;OAS1;S100A8;PARP14;RSAD2;OAS3;OASL;ISG15	ZFP36L2;TRAC;IKZF3;TRBC1;FCMR;LCK;TRBC2;CD6;ZAP70;CD3G;EEIG1;CD3E;NOP53;ETS1;TCF7;CD5;CD79A;CD2;MS4A1;EZR;TNFRSF13C;CD247;GPR183;CLEC2D;ITK;CD22;IL7R;RUNX3;ATM;CD79B;IGHM;CD8A;OGT
GO:0038034	signal transduction in absence of ligand	36	2	0.62	3.2258064516129035	1	0.12697547776072468	0.7370233223889585	FALSE	2	0	IL1B;IFI6	
GO:0002683	negative regulation of immune system process	415	26	7.14	3.641456582633053	1	1.2057135905984551e-8	8.084162586719886e-7	FALSE	20	6	DUSP3;C1QC;PDCD1LG2;MAPK14;SERPING1;LILRB4;CD274;GBP1;CLU;CR1;PSMB9;CEACAM1;TRIM21;RHBDF2;TNFAIP6;LTF;OAS1;PARP14;OAS3;ISG15	CD5;EZR;CD22;RUNX3;ATM;OGT
GO:0070266	necroptotic process	37	1	0.64	1.5625	1	0.47421211643336325	1	FALSE	0	1		OGT
GO:0002027	regulation of heart rate	63	1	1.08	0.9259259259259258	1	0.6656884375515975	1	FALSE	1	0	ADM	
GO:0002685	regulation of leukocyte migration	165	5	2.84	1.7605633802816902	1	0.15553737755088612	0.817969030746646	FALSE	5	0	ST3GAL4;ICAM1;C3AR1;ITGA2B;TNFAIP6	
GO:0002686	negative regulation of leukocyte migration	34	1	0.58	1.7241379310344829	1	0.446041916994831	1	FALSE	1	0	TNFAIP6	
GO:0007596	blood coagulation	170	11	2.92	3.767123287671233	1	1.7220819934333373e-4	0.003848783251990442	FALSE	10	1	ST3GAL4;MAPK14;FCER1G;SERPING1;HPSE;PLSCR1;TREML1;CEACAM1;MYL9;GP1BB	LCK
GO:0002688	regulation of leukocyte chemotaxis	95	2	1.63	1.2269938650306749	1	0.488482074366383	1	FALSE	2	0	C3AR1;TNFAIP6	
GO:0097529	myeloid leukocyte migration	159	6	2.73	2.197802197802198	1	0.05683604498952863	0.42864825151224745	FALSE	6	0	C3AR1;CD177;PPBP;S100A12;TNFAIP6;S100A8	
GO:0007599	hemostasis	175	11	3.01	3.6544850498338874	1	2.2190957744482856e-4	0.004841503399966934	FALSE	10	1	ST3GAL4;MAPK14;FCER1G;SERPING1;HPSE;PLSCR1;TREML1;CEACAM1;MYL9;GP1BB	LCK
GO:0002011	morphogenesis of an epithelial sheet	38	2	0.65	3.0769230769230766	1	0.13864345356695795	0.7742435746419716	FALSE	2	0	LRG1;CEACAM1	
GO:0072331	signal transduction by p53 class mediator	155	3	2.67	1.1235955056179776	1	0.5004307461752668	1	FALSE	1	2	PML	NOP53;ATM
GO:0072332	intrinsic apoptotic signaling pathway by p53 class mediator	63	1	1.08	0.9259259259259258	1	0.6656884375515975	1	FALSE	1	0	PML	
GO:1903409	reactive oxygen species biosynthetic process	44	1	0.76	1.3157894736842106	1	0.5345186512015745	1	FALSE	1	0	LCN2	
GO:0002040	sprouting angiogenesis	104	2	1.79	1.1173184357541899	1	0.5368194497301768	1	FALSE	1	1	CEACAM1	KLF2
GO:0061572	actin filament bundle organization	137	5	2.36	2.1186440677966103	1	0.08771249318045121	0.5830722842532918	FALSE	2	3	LIMK1;MYL9	EVL;S1PR1;EZR
GO:0034101	erythrocyte homeostasis	105	5	1.81	2.7624309392265194	1	0.0348440542874943	0.30312121910228423	FALSE	3	2	MAPK14;STAT1;ISG15	ETS1;HBA2
GO:0019953	sexual reproduction	665	11	11.44	0.9615384615384616	1	0.5969625299757485	1	FALSE	5	6	SLC26A8;SEPTIN4;LHFPL2;RAB24;TNFAIP6	RPL18A;SUN2;CDC25B;RPL3;RPL23A;ATM
GO:0009219	pyrimidine deoxyribonucleotide metabolic process	24	1	0.41	2.4390243902439024	1	0.3408353862725555	1	FALSE	1	0	TYMP	
GO:0034109	homotypic cell-cell adhesion	77	2	1.32	1.5151515151515151	1	0.3831320765675206	1	FALSE	2	0	CEACAM1;MYL9	
GO:0097530	granulocyte migration	103	6	1.77	3.389830508474576	1	0.008685641317363461	0.1063555812090519	FALSE	6	0	C3AR1;CD177;PPBP;S100A12;TNFAIP6;S100A8	
GO:0019320	hexose catabolic process	41	1	0.71	1.4084507042253522	1	0.509565823117882	1	FALSE	1	0	HK3	
GO:0044281	small molecule metabolic process	1347	26	23.17	1.122140699179974	1	0.29602395622941063	1	FALSE	22	4	NLRC4;PFKFB3;VPS9D1;SCARF1;HK3;VNN1;ADM;NPC2;DHRS9;CASP1;IL1B;CEACAM1;APOL1;LTA4H;GK;TYMP;PARP9;APOL2;NAIP;ACSL1;OAS1;PARP14	ST6GAL1;SLC38A1;RORA;OGT
GO:0044282	small molecule catabolic process	293	3	5.04	0.5952380952380952	1	0.8835817969832863	1	FALSE	3	0	SCARF1;HK3;GK	
GO:0044283	small molecule biosynthetic process	465	12	8	1.5	1	0.10605437321772904	0.6656243652409524	FALSE	10	2	NLRC4;PFKFB3;ADM;DHRS9;CASP1;IL1B;CEACAM1;LTA4H;NAIP;ACSL1	SLC38A1;OGT
GO:0046942	carboxylic acid transport	222	5	3.82	1.3089005235602096	1	0.33513232933413273	1	FALSE	4	1	SLC26A8;IL1B;CEACAM1;ACSL1	SLC38A1
GO:0006112	energy reserve metabolic process	67	1	1.15	0.8695652173913044	1	0.6882105315238001	1	FALSE	1	0	GYG1	
GO:0046949	fatty-acyl-CoA biosynthetic process	26	1	0.45	2.2222222222222223	1	0.36335827947285637	1	FALSE	1	0	ACSL1	
GO:0032886	regulation of microtubule-based process	228	1	3.92	0.25510204081632654	1	0.9815101229194069	1	FALSE	1	0	CDK5RAP2	
GO:0060294	cilium movement involved in cell motility	140	1	2.41	0.41493775933609955	1	0.9130166997566536	1	FALSE	1	0	SEPTIN4	
GO:0002643	regulation of tolerance induction	15	1	0.26	3.846153846153846	1	0.22925634240092574	0.916691905832938	FALSE	1	0	LILRB4	
GO:0061515	myeloid cell development	59	3	1.01	2.9702970297029703	1	0.08103385819588141	0.5576021931926858	FALSE	2	1	LTF;GP1BB	HBA2
GO:0044272	sulfur compound biosynthetic process	99	1	1.7	0.5882352941176471	1	0.8216768843615636	1	FALSE	1	0	ACSL1	
GO:0070227	lymphocyte apoptotic process	48	2	0.83	2.4096385542168677	1	0.19976898600298554	0.8766098208394166	FALSE	1	1	CD274	CD3G
GO:0019318	hexose metabolic process	174	5	2.99	1.672240802675585	1	0.1809406613190384	0.855153372418117	FALSE	3	2	PFKFB3;HK3;OAS1	RORA;OGT
GO:0032870	cellular response to hormone stimulus	474	9	8.15	1.1042944785276072	1	0.42936062676542075	1	FALSE	5	4	IL1B;CEACAM1;DEFA1;DEFA1;DEFA3	ZFP36L2;KLF2;LBH;OGT
GO:0015844	monoamine transport	35	1	0.6	1.6666666666666667	1	0.45559508566022555	1	FALSE	1	0	FCER1G	
GO:0019319	hexose biosynthetic process	68	2	1.17	1.7094017094017095	1	0.3270567613962273	1	FALSE	1	1	PFKFB3	OGT
GO:0098926	postsynaptic signal transduction	33	1	0.57	1.7543859649122808	1	0.43632185828118053	1	FALSE	1	0	LY6E	
GO:0006140	regulation of nucleotide metabolic process	69	1	1.19	0.8403361344537815	1	0.6988984519288188	1	FALSE	0	1		OGT
GO:0090303	positive regulation of wound healing	46	2	0.79	2.531645569620253	1	0.1872594648145189	0.8557998455231163	FALSE	2	0	ST3GAL4;HPSE	
GO:0098927	vesicle-mediated transport between endosomal compartments	46	1	0.79	1.2658227848101264	1	0.5504474807082268	1	FALSE	0	1		EZR
GO:0090304	nucleic acid metabolic process	4096	44	70.46	0.6244677831393699	1	0.9999756698419908	1	FALSE	22	22	SMARCD3;CDK5RAP2;ZNF438;MAPK14;TNFSF13;BATF2;LILRB4;FBXO6;CD274;PLSCR1;IL1B;TRIM21;ETV7;WARS1;PARP9;STAT1;TRIM22;IRF7;PML;OAS1;PARP14;OAS3	ZFP36L2;KLF2;IKZF3;LBH;BCL11B;S1PR1;TLE5;CABIN1;NOP53;ETS1;PBXIP1;RPS28;TCF7;EZR;BCL9L;AHNAK;RORA;IL7R;RUNX3;ATM;MBNL1;OGT
GO:0071692	protein localization to extracellular region	231	5	3.97	1.2594458438287153	1	0.3658438615736351	1	FALSE	4	1	IL1B;RHBDF2;HCAR2;RSAD2	PRKACB
GO:0015849	organic acid transport	222	5	3.82	1.3089005235602096	1	0.33513232933413273	1	FALSE	4	1	SLC26A8;IL1B;CEACAM1;ACSL1	SLC38A1
GO:0032879	regulation of localization	1438	31	24.74	1.2530315278900566	1	0.11001022229298787	0.6738044341006325	FALSE	25	6	C2;SEPTIN4;SH3GLB1;FCGR1A;LILRB4;LIMK2;PLSCR1;DYSF;GBP1;IL1B;CLU;CEACAM1;RHBDF2;LCN2;CD177;FFAR2;LILRA5;PARP9;TNFAIP6;TRIM22;HCAR2;ACSL1;PML;MMP9;RSAD2	SEPTIN1;MS4A1;EZR;CD22;PRKACB;OGT
GO:0000956	nuclear-transcribed mRNA catabolic process	140	2	2.41	0.8298755186721991	1	0.6975832000850508	1	FALSE	0	2		ZFP36L2;ATM
GO:0008361	regulation of cell size	114	1	1.96	0.5102040816326531	1	0.8628301550964583	1	FALSE	1	0	LIMK1	
GO:0007586	digestion	58	1	1	1	1	0.635245367488996	1	FALSE	0	1		EZR
GO:0002639	positive regulation of immunoglobulin production	38	1	0.65	1.5384615384615383	1	0.48328153975407717	1	FALSE	1	0	TNFSF13	
GO:0008366	axon ensheathment	95	1	1.63	0.6134969325153374	1	0.8087630060353375	1	FALSE	1	0	CLU	
GO:0098916	anterograde trans-synaptic signaling	464	5	7.98	0.6265664160401002	1	0.9052950660935799	1	FALSE	4	1	CACNA1E;DYSF;IL1B;STX11	SLC38A1
GO:0006139	nucleobase-containing compound metabolic process	4572	50	78.64	0.6358087487283824	1	0.999989047257865	1	FALSE	28	22	SMARCD3;CDK5RAP2;ZNF438;PFKFB3;MAPK14;VPS9D1;HK3;VNN1;TNFSF13;BATF2;LILRB4;FBXO6;CD274;PLSCR1;IL1B;TRIM21;ETV7;TYMP;WARS1;PARP9;STAT1;TRIM22;ACSL1;IRF7;PML;OAS1;PARP14;OAS3	ZFP36L2;KLF2;IKZF3;LBH;BCL11B;S1PR1;TLE5;CABIN1;NOP53;ETS1;PBXIP1;RPS28;TCF7;EZR;BCL9L;AHNAK;RORA;IL7R;RUNX3;ATM;MBNL1;OGT
GO:0002009	morphogenesis of an epithelium	203	5	3.49	1.4326647564469912	1	0.27139323649506925	0.9746048427497653	FALSE	5	0	LRG1;CEACAM1;RHBDF2;LCN2;STAT1	
GO:0070230	positive regulation of lymphocyte apoptotic process	12	1	0.21	4.761904761904762	1	0.1880331417591714	0.8557998455231163	FALSE	1	0	CD274	
GO:0070231	T cell apoptotic process	30	1	0.52	1.923076923076923	1	0.4061310653788047	1	FALSE	1	0	CD274	
GO:0070232	regulation of T cell apoptotic process	21	1	0.36	2.7777777777777777	1	0.30555516388798076	1	FALSE	1	0	CD274	
GO:0007520	myoblast fusion	69	3	1.19	2.5210084033613445	1	0.11568307535356377	0.7005959404637697	FALSE	1	2	MAPK14	RPL18A;RPL23A
GO:0045066	regulatory T cell differentiation	47	3	0.81	3.7037037037037033	1	0.04682621542568448	0.3731167136382801	FALSE	3	0	LILRB4;CR1;PSMB9	
GO:0031400	negative regulation of protein modification process	171	6	2.94	2.0408163265306123	1	0.07509824265880126	0.5233081598708357	FALSE	4	2	CEACAM1;TRIM21;PARP14;ISG15	IL7R;OGT
GO:0008380	RNA splicing	434	2	7.47	0.2677376171352075	1	0.9958133675017551	1	FALSE	0	2		AHNAK;MBNL1
GO:0009201	ribonucleoside triphosphate biosynthetic process	109	1	1.87	0.53475935828877	1	0.8502881357148093	1	FALSE	1	0	VPS9D1	
GO:0031401	positive regulation of protein modification process	301	8	5.18	1.5444015444015444	1	0.14841448334827934	0.8118465594849227	FALSE	7	1	FAM20A;SEPTIN4;LILRA5;S100A12;PARP9;MMP9;PARP14	NOP53
GO:1903169	regulation of calcium ion transmembrane transport	90	2	1.55	1.2903225806451613	1	0.46030675770545004	1	FALSE	1	1	PML	MS4A1
GO:0045069	regulation of viral genome replication	71	8	1.22	6.557377049180328	1	2.8384175609921534e-5	7.763989925539731e-4	FALSE	8	0	PLSCR1;IFITM1;IFITM3;OAS1;RSAD2;OAS3;OASL;ISG15	
GO:0009205	purine ribonucleoside triphosphate metabolic process	214	4	3.68	1.0869565217391304	1	0.5042592215921211	1	FALSE	3	1	PFKFB3;VPS9D1;HK3	OGT
GO:0046903	secretion	638	14	10.97	1.276207839562443	1	0.2099839450706736	0.8993218595167707	FALSE	12	2	SEPTIN4;FCER1G;DYSF;IL1B;CEACAM1;RHBDF2;ANXA3;CD177;STX11;FFAR2;HCAR2;RSAD2	SEPTIN1;PRKACB
GO:0036314	response to sterol	26	1	0.45	2.2222222222222223	1	0.36335827947285637	1	FALSE	0	1		RORA
GO:0009206	purine ribonucleoside triphosphate biosynthetic process	103	1	1.77	0.5649717514124294	1	0.8337222787108659	1	FALSE	1	0	VPS9D1	
GO:0042592	homeostatic process	1136	31	19.54	1.586489252814739	1	0.006809460332746723	0.08829814365434312	FALSE	21	10	FAM20A;SEPTIN4;MAPK14;AIM2;HK3;TNFSF13;RAB20;NPC2;IL1B;PSMB9;LCN2;FFAR2;ALPL;STAT1;TNFSF13B;HCAR2;ACSL1;MT2A;PML;OAS1;ISG15	TMC8;S1PR1;ETS1;ANXA6;GPR183;RORA;IL7R;PRKACB;OGT;HBA2
GO:0042594	response to starvation	183	1	3.15	0.31746031746031744	1	0.9591306592838864	1	FALSE	1	0	SH3GLB1	
GO:0060251	regulation of glial cell proliferation	22	1	0.38	2.6315789473684212	1	0.31751930342504753	1	FALSE	1	0	IL1B	
GO:0090497	mesenchymal cell migration	23	1	0.4	2.5	1	0.32927820910169614	1	FALSE	1	0	SEMA4A	
GO:0060255	regulation of macromolecule metabolic process	4488	84	77.2	1.088082901554404	1	0.18643886432913162	0.8557998455231163	FALSE	55	29	FAM20A;SMARCD3;CDK5RAP2;NLRC4;PDCD1LG2;SEPTIN4;ZNF438;MAPK14;AIM2;TLR5;FCER1G;IL18RAP;LMNB1;CARD16;FCGR1A;TNFSF13;BATF2;LILRB4;CD274;CTSA;HPSE;GBP5;SECTM1;C3AR1;PLSCR1;GBP1;CASP1;IL1B;CLU;CR1;PSMB9;CEACAM1;CALHM6;TRIM21;ETV7;LCN2;PSME2;FFAR2;LILRA5;S100A12;PARP9;CLEC4E;STAT1;TRIM22;NAIP;LTF;IRF7;XAF1;PML;MMP9;OAS1;PARP14;RSAD2;OAS3;ISG15	ZFP36L2;KLF2;IKZF3;LBH;BCL11B;S1PR1;TLE5;CABIN1;CD6;CD3E;NOP53;ETS1;PBXIP1;TCF7;CD2;EZR;BCL9L;AHNAK;IL32;RORA;ITK;CD22;IL7R;RUNX3;RPS4X;ATM;MBNL1;IGHM;OGT
GO:0045058	T cell selection	57	5	0.98	5.1020408163265305	1	0.002916401880601197	0.044293860606478955	FALSE	2	3	SOCS3;PSMB9	ZAP70;CD3G;CD3E
GO:0051588	regulation of neurotransmitter transport	72	1	1.24	0.8064516129032259	1	0.714250182164103	1	FALSE	1	0	DYSF	
GO:0044238	primary metabolic process	7722	104	132.83	0.7829556576074681	1	0.9999594100648791	1	FALSE	72	32	GYG1;FAM20A;DUSP3;SMARCD3;C2;CDK5RAP2;NLRC4;SEPTIN4;ST3GAL4;ZNF438;HP;LIMK1;PFKFB3;MAPK14;VPS9D1;CARD16;SCARF1;HK3;VNN1;TNFSF13;SOCS3;ADM;BATF2;LILRB4;FBXO6;CD274;CTSA;LIMK2;NPC2;HPSE;CASP5;DHRS9;PLSCR1;CASP1;IL1B;CLU;CR1;PSMB9;CEACAM1;CASP4;TRIM21;RHBDF2;MSRB1;APOL1;LTA4H;ETV7;UBE2L6;PSME2;GK;TYMP;WARS1;APOL6;LILRA5;S100A12;PARP9;LAP3;HCAR3;APOL2;STAT1;TRIM22;HCAR2;LTF;ACSL1;IRF7;PML;MMP9;GP1BB;OAS1;S100A8;PARP14;OAS3;ISG15	ZFP36L2;KLF2;RPL18A;ST6GAL1;IKZF3;LBH;BCL11B;S1PR1;TLE5;CABIN1;ZAP70;NOP53;ETS1;PBXIP1;RPS28;TCF7;CDC25B;SLC38A1;EZR;BCL9L;RPL3;RPL23A;AHNAK;RORA;IL7R;RUNX3;RPS4X;ATM;MBNL1;PRKACB;OGT;FBXO7
GO:0046496	nicotinamide nucleotide metabolic process	132	4	2.27	1.7621145374449338	1	0.1926450194212484	0.8705958937995952	FALSE	3	1	PFKFB3;HK3;PARP14	OGT
GO:0015804	neutral amino acid transport	42	1	0.72	1.3888888888888888	1	0.5180279838813997	1	FALSE	0	1		SLC38A1
GO:0015807	L-amino acid transport	64	1	1.1	0.9090909090909091	1	0.6714664117964606	1	FALSE	0	1		SLC38A1
GO:0000910	cytokinesis	172	5	2.96	1.6891891891891893	1	0.1751648718087371	0.8359865149344068	FALSE	2	3	SEPTIN4;SH3GLB1	SEPTIN1;CDC25B;SEPTIN9
GO:0045661	regulation of myoblast differentiation	48	2	0.83	2.4096385542168677	1	0.19976898600298554	0.8766098208394166	FALSE	2	0	SMARCD3;MAPK14	
GO:0060284	regulation of cell development	564	24	9.7	2.4742268041237114	1	4.0071219181178296e-5	0.001074690551503016	FALSE	15	9	SMARCD3;C1QC;LIMK1;MAPK14;VNN1;LILRB4;IL1B;CR1;PSMB9;CEACAM1;TNFAIP6;STAT1;LTF;IRF7;ISG15	ZFP36L2;IKZF3;ZAP70;EEIG1;ETS1;TCF7;CD2;IL7R;RUNX3
GO:0060285	cilium-dependent cell motility	142	1	2.44	0.4098360655737705	1	0.9160148770125145	1	FALSE	1	0	SEPTIN4	
GO:0006109	regulation of carbohydrate metabolic process	130	2	2.24	0.8928571428571428	1	0.6581598783899553	1	FALSE	0	2		RORA;OGT
GO:0045664	regulation of neuron differentiation	72	1	1.24	0.8064516129032259	1	0.714250182164103	1	FALSE	1	0	CDK5RAP2	
GO:0045088	regulation of innate immune response	422	30	7.26	4.132231404958678	1	3.794048167540976e-11	3.3644640040548847e-9	FALSE	28	2	NLRC4;AIM2;TLR5;TIFA;SERPING1;CD274;GBP5;PLSCR1;CASP1;CR1;CEACAM1;GBP2;CALHM6;TRIM21;FFAR2;PARP9;CLEC4E;NAIP;LTF;IRF7;IFI35;OAS1;S100A8;PARP14;RSAD2;OAS3;OASL;ISG15	NOP53;OGT
GO:0097696	cell surface receptor signaling pathway via STAT	122	5	2.1	2.380952380952381	1	0.05947716122730608	0.4430967919074916	FALSE	4	1	SOCS3;PARP9;STAT1;PARP14	IL7R
GO:0045667	regulation of osteoblast differentiation	76	3	1.31	2.2900763358778624	1	0.14269054592791677	0.7852979194311175	FALSE	3	0	IFITM1;TNFAIP6;LTF	
GO:0097699	vascular endothelial cell response to fluid shear stress	23	1	0.4	2.5	1	0.32927820910169614	1	FALSE	0	1		PRKACB
GO:0007548	sex differentiation	97	2	1.67	1.1976047904191618	1	0.4994935521023711	1	FALSE	2	0	LHFPL2;TNFAIP6	
GO:0036336	dendritic cell migration	26	1	0.45	2.2222222222222223	1	0.36335827947285637	1	FALSE	0	1		GPR183
GO:0070201	regulation of establishment of protein localization	351	5	6.04	0.8278145695364238	1	0.7258803732919277	1	FALSE	4	1	IL1B;RHBDF2;HCAR2;RSAD2	PRKACB
GO:0009790	embryo development	434	3	7.47	0.40160642570281124	1	0.981321611887096	1	FALSE	2	1	SPARC;MMP9	MBNL1
GO:1901700	response to oxygen-containing compound	1150	31	19.78	1.5672396359959555	1	0.008079023310708363	0.10049427638523661	FALSE	25	6	PDCD1LG2;HP;MAPK14;IL18RAP;ICAM1;CARD16;SORT1;CD274;GBP5;CASP1;IL1B;CEACAM1;CASP4;GBP2;LTA4H;LCN2;FFAR2;PPBP;ALPL;STAT1;LTF;ACSL1;MMP9;S100A8;LY6E	KLF2;CD6;RORA;ATM;OGT;HBA2
GO:1901701	cellular response to oxygen-containing compound	869	23	14.95	1.5384615384615385	1	0.0260117988612253	0.24363350960650204	FALSE	18	5	PDCD1LG2;MAPK14;IL18RAP;ICAM1;CARD16;CD274;GBP5;CASP1;IL1B;CEACAM1;CASP4;GBP2;LCN2;FFAR2;PPBP;LTF;MMP9;LY6E	KLF2;CD6;RORA;ATM;OGT
GO:0009792	embryo development ending in birth or egg hatching	166	1	2.86	0.3496503496503497	1	0.9448916892715207	1	FALSE	0	1		MBNL1
GO:0034284	response to monosaccharide	121	2	2.08	0.9615384615384615	1	0.6192730385988762	1	FALSE	1	1	LCN2	OGT
GO:0045022	early endosome to late endosome transport	41	1	0.71	1.4084507042253522	1	0.509565823117882	1	FALSE	0	1		EZR
GO:0045023	G0 to G1 transition	33	1	0.57	1.7543859649122808	1	0.43632185828118053	1	FALSE	1	0	SMARCD3	
GO:0071674	mononuclear cell migration	171	7	2.94	2.380952380952381	1	0.028470357562303563	0.25872731550007433	FALSE	4	3	C3AR1;S100A12;DEFA1;DEFA1	S1PR1;ZAP70;GPR183
GO:0010038	response to metal ion	234	5	4.03	1.2406947890818858	1	0.3761029142676616	1	FALSE	5	0	PLSCR1;LTA4H;LCN2;MT2A;S100A8	
GO:0071675	regulation of mononuclear cell migration	112	1	1.93	0.5181347150259068	1	0.8579440510025387	1	FALSE	1	0	C3AR1	
GO:0046460	neutral lipid biosynthetic process	38	2	0.65	3.0769230769230766	1	0.13864345356695795	0.7742435746419716	FALSE	2	0	GK;ACSL1	
GO:0071677	positive regulation of mononuclear cell migration	76	1	1.31	0.7633587786259541	1	0.7335135423700576	1	FALSE	1	0	C3AR1	
GO:0052372	modulation by symbiont of entry into host	21	1	0.36	2.7777777777777777	1	0.30555516388798076	1	FALSE	1	0	TRIM21	
GO:0046463	acylglycerol biosynthetic process	38	2	0.65	3.0769230769230766	1	0.13864345356695795	0.7742435746419716	FALSE	2	0	GK;ACSL1	
GO:0042552	myelination	94	1	1.62	0.6172839506172839	1	0.8053916278072434	1	FALSE	1	0	CLU	
GO:0042554	superoxide anion generation	32	1	0.55	1.8181818181818181	1	0.4264320070836515	1	FALSE	1	0	CD177	
GO:0000302	response to reactive oxygen species	146	6	2.51	2.3904382470119523	1	0.04041367002182135	0.34026701038280827	FALSE	3	3	HP;IL18RAP;LCN2	KLF2;ATM;HBA2
GO:0071621	granulocyte chemotaxis	86	5	1.48	3.3783783783783785	1	0.016275040365287586	0.1710901948916848	FALSE	5	0	C3AR1;PPBP;S100A12;TNFAIP6;S100A8	
GO:0071622	regulation of granulocyte chemotaxis	41	2	0.71	2.8169014084507045	1	0.156552911321929	0.817969030746646	FALSE	2	0	C3AR1;TNFAIP6	
GO:0045670	regulation of osteoclast differentiation	47	4	0.81	4.938271604938271	1	0.00852787721396665	0.10512616350311355	FALSE	3	1	LILRB4;TNFAIP6;LTF	EEIG1
GO:0071624	positive regulation of granulocyte chemotaxis	22	1	0.38	2.6315789473684212	1	0.31751930342504753	1	FALSE	1	0	C3AR1	
GO:0010646	regulation of cell communication	2685	77	46.18	1.6673884798614118	1	1.047615274682018e-6	4.430606754001335e-5	FALSE	57	20	DUSP3;CDK5RAP2;PDCD1LG2;SEPTIN4;MAPK14;AIM2;ICAM1;CARD16;TIFA;KREMEN1;VNN1;GADD45B;SOCS3;ADM;LILRB4;CD274;HPSE;MARCO;GBP5;SECTM1;PLSCR1;DYSF;GBP1;GRINA;LRG1;CASP1;IL1B;CLU;CEACAM1;CASP4;GBP2;TRIM21;RHBDF2;CD177;FFAR2;LILRA5;S100A12;PARP9;TNFAIP6;STAT1;TRIM22;NAIP;HCAR2;TNFSF10;LTF;IRF7;IFI35;PML;MMP9;OAS1;S100A8;PARP14;RSAD2;IFI6;OAS3;OASL;ISG15	KLF2;LBH;TMC8;FCMR;TLE5;LCK;CD3E;NOP53;CD5;SLC38A1;EZR;BCL9L;GPR183;RORA;CD22;IL7R;ATM;PRKACB;OGT;FBXO7
GO:0010647	positive regulation of cell communication	1357	41	23.34	1.7566409597257926	1	2.3654511142212156e-4	0.00512017725432608	FALSE	33	8	SEPTIN4;ICAM1;CARD16;TIFA;VNN1;GADD45B;HPSE;MARCO;GBP5;SECTM1;LRG1;CASP1;IL1B;CLU;CASP4;GBP2;TRIM21;RHBDF2;LILRA5;S100A12;PARP9;TRIM22;NAIP;HCAR2;TNFSF10;LTF;IFI35;PML;MMP9;S100A8;PARP14;RSAD2;OASL	KLF2;LCK;EZR;GPR183;IL7R;ATM;PRKACB;OGT
GO:0010648	negative regulation of cell communication	1119	41	19.25	2.1298701298701297	1	2.70204535855824e-6	9.584416375066583e-5	FALSE	27	14	DUSP3;PDCD1LG2;MAPK14;AIM2;ICAM1;CARD16;KREMEN1;SOCS3;ADM;LILRB4;CD274;GBP1;GRINA;IL1B;CLU;CEACAM1;TNFAIP6;STAT1;NAIP;LTF;IFI35;MMP9;OAS1;PARP14;IFI6;OAS3;ISG15	LBH;TMC8;TLE5;NOP53;CD5;EZR;BCL9L;RORA;CD22;IL7R;ATM;PRKACB;OGT;FBXO7
GO:0045017	glycerolipid biosynthetic process	218	4	3.75	1.0666666666666667	1	0.518810199811828	1	FALSE	3	1	PLSCR1;GK;ACSL1	ATM
GO:2000191	regulation of fatty acid transport	22	2	0.38	5.2631578947368425	1	0.05430823360958085	0.41355494236215445	FALSE	2	0	IL1B;ACSL1	
GO:0008334	histone mRNA metabolic process	28	1	0.48	2.0833333333333335	1	0.385114851703767	1	FALSE	0	1		ATM
GO:0046457	prostanoid biosynthetic process	25	1	0.43	2.3255813953488373	1	0.35219428068188696	1	FALSE	1	0	IL1B	
GO:0061061	muscle structure development	419	11	7.21	1.5256588072122053	1	0.10852757563974795	0.6738044341006325	FALSE	6	5	SMARCD3;MAPK14;VAMP5;ADM;SORT1;MYL9	RPL18A;S1PR1;RPL23A;RORA;MBNL1
GO:0010631	epithelial cell migration	67	3	1.15	2.608695652173913	1	0.10835796740550797	0.6738044341006325	FALSE	2	1	LRG1;MMP9	EVL
GO:0010632	regulation of epithelial cell migration	52	2	0.89	2.247191011235955	1	0.22505319471249016	0.916691905832938	FALSE	1	1	MMP9	EVL
GO:0001775	cell activation	869	60	14.95	4.013377926421405	1	2.7336683370189614e-21	7.514854258465124e-19	FALSE	32	28	DUSP3;C1QA;SMARCD3;PDCD1LG2;MAPK14;FCER1G;IL18RAP;ICAM1;VNN1;TNFSF13;SOCS3;BATF2;LILRB4;CD274;PLSCR1;DYSF;TREML1;IL1B;CLU;CR1;PSMB9;CEACAM1;ANXA3;CD177;LILRA5;S100A12;SEMA4A;TNFSF13B;MYL9;IFI35;GP1BB;RSAD2	ZFP36L2;TRAC;IKZF3;TRBC1;LCK;TRBC2;CD6;ZAP70;CD3G;CD3E;TCF7;CD5;CD79A;CD2;MS4A1;TNFRSF13C;CD247;GPR183;CLEC2D;RORA;ITK;CD22;IL7R;RUNX3;ATM;CD79B;IGHM;CD8A
GO:0045621	positive regulation of lymphocyte differentiation	104	7	1.79	3.910614525139665	1	0.0021023113999621176	0.03360031417730152	FALSE	4	3	SMARCD3;VNN1;LILRB4;CR1	ZAP70;IL7R;RUNX3
GO:0071616	acyl-CoA biosynthetic process	53	1	0.91	1.0989010989010988	1	0.60204334409759	1	FALSE	1	0	ACSL1	
GO:1903146	regulation of autophagy of mitochondrion	50	1	0.86	1.1627906976744187	1	0.5806952239502567	1	FALSE	0	1		FBXO7
GO:0160307	protein biosynthetic process	625	9	10.75	0.8372093023255814	1	0.7536772209493727	1	FALSE	2	7	WARS1;PML	ZFP36L2;RPL18A;RPS28;RPL3;RPL23A;RPS4X;OGT
GO:0010638	positive regulation of organelle organization	410	11	7.05	1.5602836879432624	1	0.09706191603190067	0.626345556741068	FALSE	8	3	CDK5RAP2;LIMK1;SH3GLB1;CASP1;IL1B;TNFSF10;PML;MMP9	EVL;SEPTIN9;ATM
GO:0043369	CD4-positive or CD8-positive, alpha-beta T cell lineage commitment	28	1	0.48	2.0833333333333335	1	0.385114851703767	1	FALSE	1	0	SOCS3	
GO:1901890	positive regulation of cell junction assembly	62	1	1.07	0.9345794392523364	1	0.6598092986207658	1	FALSE	1	0	SEMA4A	
GO:0010639	negative regulation of organelle organization	310	8	5.33	1.5009380863039399	1	0.16623396297385395	0.8359865149344068	FALSE	5	3	CDK5RAP2;LIMK2;CLU;PML;IFI6	S1PR1;SPTAN1;ATM
GO:0060249	anatomical structure homeostasis	141	2	2.43	0.8230452674897119	1	0.7013120147572163	1	FALSE	1	1	ALPL	S1PR1
GO:0007507	heart development	278	1	4.78	0.20920502092050208	1	0.9923654058998373	1	FALSE	0	1		S1PR1
GO:0046486	glycerolipid metabolic process	318	4	5.47	0.7312614259597806	1	0.800749769520031	1	FALSE	3	1	PLSCR1;GK;ACSL1	ATM
GO:0010001	glial cell differentiation	127	2	2.18	0.9174311926605504	1	0.6455610915426514	1	FALSE	2	0	C1QA;CLU	
GO:0046488	phosphatidylinositol metabolic process	137	1	2.36	0.42372881355932207	1	0.9083184882323946	1	FALSE	0	1		ATM
GO:0034219	carbohydrate transmembrane transport	87	2	1.5	1.3333333333333333	1	0.44297603260916407	1	FALSE	2	0	IL1B;PPBP	
GO:1903131	mononuclear cell differentiation	386	34	6.64	5.120481927710844	1	3.2148141705829803e-15	3.84240180649244e-13	FALSE	15	19	SMARCD3;C1QC;IL18RAP;VNN1;SOCS3;BATF2;LILRB4;IL1B;CR1;PSMB9;SEMA4A;TNFSF13B;IRF7;MMP9;RSAD2	ZFP36L2;IKZF3;LCK;ZAP70;CD3G;CD3E;TCF7;CD79A;CD2;MS4A1;GPR183;RORA;ITK;IL7R;RUNX3;ATM;CD79B;IGHM;CD8A
GO:0007091	metaphase/anaphase transition of mitotic cell cycle	100	3	1.72	1.744186046511628	1	0.24713766506678106	0.9575496000966612	FALSE	2	1	SMARCD3;CDK5RAP2	ATM
GO:0007093	mitotic cell cycle checkpoint signaling	136	3	2.34	1.2820512820512822	1	0.41558203306687824	1	FALSE	1	2	CDK5RAP2	NOP53;ATM
GO:0034242	negative regulation of syncytium formation by plasma membrane fusion	48	2	0.83	2.4096385542168677	1	0.19976898600298554	0.8766098208394166	FALSE	0	2		RPL18A;RPL23A
GO:0007098	centrosome cycle	135	1	2.32	0.4310344827586207	1	0.9050468388354601	1	FALSE	1	0	CDK5RAP2	
GO:0007099	centriole replication	43	1	0.74	1.3513513513513513	1	0.5263447643003082	1	FALSE	1	0	CDK5RAP2	
GO:0009755	hormone-mediated signaling pathway	154	5	2.65	1.8867924528301887	1	0.12671990850633982	0.7370233223889585	FALSE	3	2	DEFA1;DEFA1;DEFA3	KLF2;LBH
GO:0045619	regulation of lymphocyte differentiation	171	12	2.94	4.081632653061225	1	3.982823698151764e-5	0.0010734100339430588	FALSE	5	7	SMARCD3;VNN1;LILRB4;CR1;PSMB9	ZFP36L2;IKZF3;ZAP70;TCF7;CD2;IL7R;RUNX3
GO:0071637	regulation of monocyte chemotactic protein-1 production	14	3	0.24	12.5	1	0.0015891132911072042	0.02615851758834553	FALSE	3	0	IL1B;OAS1;OAS3	
GO:0045646	regulation of erythrocyte differentiation	40	4	0.69	5.797101449275363	1	0.004796646927869841	0.06543911863381734	FALSE	3	1	MAPK14;STAT1;ISG15	ETS1
GO:0046425	regulation of receptor signaling pathway via JAK-STAT	66	3	1.14	2.6315789473684212	1	0.10476592187612781	0.6582891868285151	FALSE	2	1	SOCS3;PARP14	IL7R
GO:0043370	regulation of CD4-positive, alpha-beta T cell differentiation	48	1	0.83	1.2048192771084338	1	0.5658335327837629	1	FALSE	0	1		RUNX3
GO:0043373	CD4-positive, alpha-beta T cell lineage commitment	28	1	0.48	2.0833333333333335	1	0.385114851703767	1	FALSE	1	0	SOCS3	
GO:0010604	positive regulation of macromolecule metabolic process	2489	62	42.81	1.4482597523943004	1	0.0010859675609653445	0.019572267062173108	FALSE	41	21	FAM20A;SMARCD3;CDK5RAP2;NLRC4;SEPTIN4;MAPK14;AIM2;TLR5;FCER1G;IL18RAP;FCGR1A;TNFSF13;CD274;HPSE;GBP5;SECTM1;C3AR1;PLSCR1;CASP1;IL1B;CLU;CR1;PSMB9;TRIM21;LCN2;FFAR2;LILRA5;S100A12;PARP9;CLEC4E;STAT1;TRIM22;NAIP;IRF7;PML;MMP9;OAS1;PARP14;RSAD2;OAS3;ISG15	ZFP36L2;KLF2;IKZF3;LBH;BCL11B;S1PR1;CD6;CD3E;NOP53;ETS1;PBXIP1;CD2;EZR;BCL9L;IL32;RORA;ITK;RUNX3;RPS4X;ATM;OGT
GO:0010605	negative regulation of macromolecule metabolic process	2109	42	36.28	1.1576626240352812	1	0.1694932537395826	0.8359865149344068	FALSE	27	15	PDCD1LG2;ZNF438;MAPK14;LMNB1;CARD16;LILRB4;CD274;CTSA;GBP1;IL1B;CLU;CR1;CEACAM1;TRIM21;ETV7;LILRA5;PARP9;STAT1;TRIM22;LTF;IRF7;XAF1;PML;OAS1;PARP14;OAS3;ISG15	ZFP36L2;KLF2;LBH;TLE5;CABIN1;CD3E;NOP53;PBXIP1;TCF7;EZR;CD22;IL7R;RUNX3;ATM;OGT
GO:0043954	cellular component maintenance	59	2	1.01	1.9801980198019802	1	0.2697444763527138	0.9718578840021104	FALSE	2	0	SORT1;CD177	
GO:0051503	adenine nucleotide transport	33	2	0.57	3.5087719298245617	1	0.10995676876271954	0.6738044341006325	FALSE	2	0	CR1;CALHM6	
GO:0006259	DNA metabolic process	904	8	15.55	0.5144694533762058	1	0.9895967314730375	1	FALSE	5	3	SMARCD3;TNFSF13;FBXO6;PARP9;PML	NOP53;IL7R;ATM
GO:0045637	regulation of myeloid cell differentiation	152	11	2.61	4.21455938697318	1	6.327960375266982e-5	0.0015959232175788013	FALSE	9	2	C1QC;MAPK14;LILRB4;CEACAM1;TNFAIP6;STAT1;LTF;IRF7;ISG15	EEIG1;ETS1
GO:0045638	negative regulation of myeloid cell differentiation	61	5	1.05	4.761904761904762	1	0.003920576743825804	0.05555497664318111	FALSE	5	0	C1QC;LILRB4;CEACAM1;TNFAIP6;LTF	
GO:0045639	positive regulation of myeloid cell differentiation	79	5	1.36	3.676470588235294	1	0.011591737958262661	0.13502410020027142	FALSE	3	2	MAPK14;STAT1;ISG15	EEIG1;ETS1
GO:0031175	neuron projection development	632	7	10.87	0.6439742410303588	1	0.922800076151423	1	FALSE	4	3	LIMK1;KREMEN1;SCARF1;SEMA4A	EVL;CD3E;FBXO7
GO:0140527	reciprocal homologous recombination	41	1	0.71	1.4084507042253522	1	0.509565823117882	1	FALSE	0	1		ATM
GO:0006282	regulation of DNA repair	220	3	3.78	0.7936507936507937	1	0.7334810951670524	1	FALSE	2	1	SMARCD3;PML	ATM
GO:0061024	membrane organization	673	13	11.58	1.1226252158894645	1	0.37392154141703077	1	FALSE	9	4	LMNB1;SH3GLB1;FCGR1A;RAB20;MARCO;PLSCR1;CLU;CR1;STX11	ATP8B2;ESYT1;CD2;AHNAK
GO:0051093	negative regulation of developmental process	608	24	10.46	2.2944550669216057	1	1.290340478102468e-4	0.0030317486959860547	FALSE	16	8	CDK5RAP2;C1QC;KREMEN1;LILRB4;IL1B;CR1;PSMB9;CEACAM1;SEMA4A;TNFAIP6;STAT1;SPARC;LTF;STAB1;PML;MMP9	ZFP36L2;KLF2;RPL18A;LBH;RPL23A;RORA;RUNX3;OGT
GO:0061025	membrane fusion	146	2	2.51	0.7968127490039841	1	0.7193888833013278	1	FALSE	2	0	RAB20;STX11	
GO:0097035	regulation of membrane lipid distribution	57	2	0.98	2.0408163265306123	1	0.2569512929068924	0.9603794754602953	FALSE	1	1	PLSCR1	ATP8B2
GO:0006289	nucleotide-excision repair	85	1	1.46	0.684931506849315	1	0.7722586670371198	1	FALSE	1	0	SMARCD3	
GO:0051098	regulation of binding	74	4	1.27	3.149606299212598	1	0.03853606920232172	0.3269618957937729	FALSE	3	1	TRIM21;PARP9;MMP9	TMC8
GO:0031122	cytoplasmic microtubule organization	63	2	1.08	1.8518518518518516	1	0.29530268490918676	1	FALSE	1	1	LIMK2	EZR
GO:2000181	negative regulation of blood vessel morphogenesis	79	6	1.36	4.411764705882352	1	0.002369737403553986	0.03711913460039833	FALSE	5	1	SEMA4A;STAT1;SPARC;STAB1;PML	KLF2
GO:0009725	response to hormone	619	14	10.65	1.3145539906103285	1	0.18044351900518477	0.854503417304484	FALSE	10	4	MAPK14;SORT1;IL1B;CEACAM1;LTA4H;ALPL;STAT1;DEFA1;DEFA1;DEFA3	ZFP36L2;KLF2;LBH;OGT
GO:0003158	endothelium development	92	7	1.58	4.430379746835443	1	0.0010309370233389252	0.018706573446592115	FALSE	5	2	ICAM1;HPSE;IL1B;CEACAM1;LCN2	S1PR1;EZR
GO:0003159	morphogenesis of an endothelium	14	1	0.24	4.166666666666667	1	0.21575218855995282	0.8993218595167707	FALSE	1	0	LCN2	
GO:0061013	regulation of mRNA catabolic process	191	2	3.29	0.60790273556231	1	0.8440637027923952	1	FALSE	1	1	MAPK14	ZFP36L2
GO:0007051	spindle organization	186	3	3.2	0.9375	1	0.6239014048824183	1	FALSE	1	2	LIMK2	SUN2;EZR
GO:0061014	positive regulation of mRNA catabolic process	114	1	1.96	0.5102040816326531	1	0.8628301550964583	1	FALSE	0	1		ZFP36L2
GO:0071605	monocyte chemotactic protein-1 production	14	3	0.24	12.5	1	0.0015891132911072042	0.02615851758834553	FALSE	3	0	IL1B;OAS1;OAS3	
GO:0006278	RNA-templated DNA biosynthetic process	60	2	1.03	1.941747572815534	1	0.2761402930513325	0.9794722429446581	FALSE	1	1	PML	ATM
GO:0031110	regulation of microtubule polymerization or depolymerization	82	1	1.41	0.7092198581560284	1	0.7600109029943314	1	FALSE	1	0	CDK5RAP2	
GO:1901880	negative regulation of protein depolymerization	62	1	1.07	0.9345794392523364	1	0.6598092986207658	1	FALSE	0	1		SPTAN1
GO:0031112	positive regulation of microtubule polymerization or depolymerization	31	1	0.53	1.8867924528301885	1	0.41636941071669764	1	FALSE	1	0	CDK5RAP2	
GO:0007059	chromosome segregation	374	5	6.43	0.7776049766718507	1	0.7751560167188997	1	FALSE	4	1	SMARCD3;CDK5RAP2;PLSCR1;RAB24	ATM
GO:0046434	organophosphate catabolic process	204	6	3.51	1.7094017094017095	1	0.14029831469146345	0.7791516506804707	FALSE	5	1	PFKFB3;HK3;VNN1;TYMP;PARP14	OGT
GO:0034204	lipid translocation	52	2	0.89	2.247191011235955	1	0.22505319471249016	0.916691905832938	FALSE	1	1	PLSCR1	ATP8B2
GO:0031113	regulation of microtubule polymerization	57	1	0.98	1.0204081632653061	1	0.6288333353985944	1	FALSE	1	0	CDK5RAP2	
GO:0034205	amyloid-beta formation	42	1	0.72	1.3888888888888888	1	0.5180279838813997	1	FALSE	1	0	CLU	
GO:0140546	defense response to symbiont	894	73	15.38	4.746423927178153	1	6.85125585088427e-31	3.424382242560156e-28	FALSE	67	6	C1QB;C1QA;C2;C1QC;NLRC4;H2BC21;H2BC12;AIM2;TLR5;FCER1G;TIFA;FCGR1A;SERPING1;VNN1;ADM;CD274;MARCO;GBP5;PLSCR1;PGLYRP1;GBP1;TREML1;IFITM1;CASP1;CLU;CR1;PSMB9;CEACAM1;CASP4;GBP2;CALHM6;TRIM21;MSRB1;APOL1;LCN2;UBE2L6;PSME2;CD177;IFITM3;FFAR2;LILRA5;PPBP;S100A12;PARP9;CLEC4E;GBP4;STAT1;TRIM22;NAIP;DEFA1;LTF;IRF7;IFI35;IFIT3;PML;OAS1;S100A8;PARP14;RSAD2;IFI6;LY6E;OAS3;DEFA1;OASL;IFIT2;ISG15;DEFA3	CD6;NOP53;CD2;IGHM;OGT;GNLY
GO:0006220	pyrimidine nucleotide metabolic process	49	1	0.84	1.1904761904761905	1	0.5733287970016249	1	FALSE	1	0	TYMP	
GO:0009719	response to endogenous stimulus	1016	21	17.48	1.2013729977116705	1	0.2194108683868039	0.9083742126435601	FALSE	15	6	DUSP3;MAPK14;FCER1G;SORT1;LRG1;IL1B;CEACAM1;LTA4H;LCN2;TNFAIP6;ALPL;STAT1;DEFA1;DEFA1;DEFA3	ZFP36L2;KLF2;LBH;BCL9L;RUNX3;OGT
GO:0061041	regulation of wound healing	98	4	1.69	2.366863905325444	1	0.08864039683397058	0.5843464050277821	FALSE	4	0	ST3GAL4;SERPING1;HPSE;CEACAM1	
GO:1901888	regulation of cell junction assembly	195	4	3.35	1.1940298507462686	1	0.43283076675174303	1	FALSE	3	1	DUSP3;IL1B;SEMA4A	OGT
GO:2000177	regulation of neural precursor cell proliferation	38	1	0.65	1.5384615384615383	1	0.48328153975407717	1	FALSE	1	0	SMARCD3	
GO:0061620	glycolytic process through glucose-6-phosphate	19	1	0.33	3.0303030303030303	1	0.2809968575851538	0.9794722429446581	FALSE	1	0	HK3	
GO:2000179	positive regulation of neural precursor cell proliferation	20	1	0.34	2.941176470588235	1	0.2933822244989184	0.99815313755882	FALSE	1	0	SMARCD3	
GO:0061045	negative regulation of wound healing	52	2	0.89	2.247191011235955	1	0.22505319471249016	0.916691905832938	FALSE	2	0	SERPING1;CEACAM1	
GO:0033993	response to lipid	641	25	11.03	2.2665457842248413	1	1.1220242637414089e-4	0.0026705148926624528	FALSE	20	5	PDCD1LG2;MAPK14;IL18RAP;CARD16;CD274;GBP5;CASP1;IL1B;GBP2;LCN2;FFAR2;PPBP;ALPL;DEFA1;LTF;ACSL1;MMP9;S100A8;DEFA1;DEFA3	ZFP36L2;LBH;CD6;RORA;ATM
GO:0044782	cilium organization	356	3	6.12	0.49019607843137253	1	0.947021003984444	1	FALSE	1	2	LIMK2	SEPTIN9;ABLIM1
GO:0044784	metaphase/anaphase transition of cell cycle	101	3	1.74	1.7241379310344829	1	0.25175192794576456	0.9591439851868605	FALSE	2	1	SMARCD3;CDK5RAP2	ATM
GO:0009743	response to carbohydrate	135	2	2.32	0.8620689655172414	1	0.6783611721446561	1	FALSE	1	1	LCN2	OGT
GO:0007088	regulation of mitotic nuclear division	108	3	1.86	1.6129032258064515	1	0.2843581927151204	0.9882435799922453	FALSE	2	1	CDK5RAP2;IL1B	ATM
GO:1901873	regulation of post-translational protein modification	201	5	3.46	1.4450867052023122	1	0.26483218784088797	0.9689020087155695	FALSE	3	2	SEPTIN4;TRIM21;ISG15	NOP53;OGT
GO:1901874	negative regulation of post-translational protein modification	76	3	1.31	2.2900763358778624	1	0.14269054592791677	0.7852979194311175	FALSE	2	1	TRIM21;ISG15	OGT
GO:0044788	host-mediated perturbation of viral process	72	1	1.24	0.8064516129032259	1	0.714250182164103	1	FALSE	1	0	LTF	
GO:1901875	positive regulation of post-translational protein modification	108	2	1.86	1.075268817204301	1	0.5572770754428469	1	FALSE	1	1	SEPTIN4	NOP53
GO:0043330	response to exogenous dsRNA	20	2	0.34	5.88235294117647	1	0.04567488622363113	0.36659930577740724	FALSE	2	0	OAS1;OAS3	
GO:0043331	response to dsRNA	23	2	0.4	5	1	0.0588233785387814	0.4388208076068116	FALSE	2	0	OAS1;OAS3	
GO:0009749	response to glucose	109	1	1.87	0.53475935828877	1	0.8502881357148093	1	FALSE	0	1		OGT
GO:1901879	regulation of protein depolymerization	77	1	1.32	0.7575757575757576	1	0.7381238248148279	1	FALSE	0	1		SPTAN1
GO:0001704	formation of primary germ layer	59	1	1.01	0.9900990099009901	1	0.6415471069913457	1	FALSE	1	0	MMP9	
GO:0001706	endoderm formation	38	1	0.65	1.5384615384615383	1	0.48328153975407717	1	FALSE	1	0	MMP9	
GO:0044770	cell cycle phase transition	475	9	8.17	1.1015911872705018	1	0.43182374234810217	1	FALSE	5	4	SMARCD3;CDK5RAP2;FBXO6;PSME2;PARP9	ZFP36L2;NOP53;CDC25B;ATM
GO:0097006	regulation of plasma lipoprotein particle levels	53	1	0.91	1.0989010989010988	1	0.60204334409759	1	FALSE	0	1		PRKACB
GO:0033365	protein localization to organelle	811	16	13.95	1.1469534050179213	1	0.3213753343816617	1	FALSE	11	5	LMNB1;SH3GLB1;LILRB4;LIMK2;GBP5;GBP1;CLU;GBP2;PARP9;PML;ISG15	SUN2;NOP53;EZR;OGT;FBXO7
GO:0061614	miRNA transcription	60	2	1.03	1.941747572815534	1	0.2761402930513325	0.9794722429446581	FALSE	1	1	LILRB4	ETS1
GO:0044771	meiotic cell cycle phase transition	12	1	0.21	4.761904761904762	1	0.1880331417591714	0.8557998455231163	FALSE	0	1		CDC25B
GO:0061615	glycolytic process through fructose-6-phosphate	22	1	0.38	2.6315789473684212	1	0.31751930342504753	1	FALSE	1	0	HK3	
GO:0044772	mitotic cell cycle phase transition	378	7	6.5	1.0769230769230769	1	0.47558804997818926	1	FALSE	3	4	SMARCD3;CDK5RAP2;PSME2	ZFP36L2;NOP53;CDC25B;ATM
GO:1905952	regulation of lipid localization	112	2	1.93	1.0362694300518136	1	0.5770876934925377	1	FALSE	2	0	IL1B;ACSL1	
GO:0044773	mitotic DNA damage checkpoint signaling	65	2	1.12	1.7857142857142856	1	0.3080396724237031	1	FALSE	0	2		NOP53;ATM
GO:0097009	energy homeostasis	45	1	0.77	1.2987012987012987	1	0.5425520890583637	1	FALSE	1	0	MAPK14	
GO:0044774	mitotic DNA integrity checkpoint signaling	70	2	1.2	1.6666666666666667	1	0.3396591409735764	1	FALSE	0	2		NOP53;ATM
GO:0036480	neuron intrinsic apoptotic signaling pathway in response to oxidative stress	21	1	0.36	2.7777777777777777	1	0.30555516388798076	1	FALSE	0	1		FBXO7
GO:1905954	positive regulation of lipid localization	73	2	1.26	1.5873015873015872	1	0.35842305559245136	1	FALSE	2	0	IL1B;ACSL1	
GO:0051050	positive regulation of transport	625	12	10.75	1.1162790697674418	1	0.3899290272912222	1	FALSE	9	3	C2;FCGR1A;IL1B;CLU;LCN2;CD177;LILRA5;HCAR2;ACSL1	MS4A1;EZR;PRKACB
GO:0051051	negative regulation of transport	284	7	4.89	1.4314928425357873	1	0.2180554485584019	0.9061362319459942	FALSE	7	0	PLSCR1;DYSF;IL1B;CEACAM1;RHBDF2;MMP9;RSAD2	
GO:0006244	pyrimidine nucleotide catabolic process	20	1	0.34	2.941176470588235	1	0.2933822244989184	0.99815313755882	FALSE	1	0	TYMP	
GO:0051052	regulation of DNA metabolic process	440	5	7.57	0.6605019815059445	1	0.8792187274877903	1	FALSE	3	2	SMARCD3;TNFSF13;PML	IL7R;ATM
GO:0051053	negative regulation of DNA metabolic process	116	2	2	1	1	0.5962457490571814	1	FALSE	1	1	PML	ATM
GO:0051054	positive regulation of DNA metabolic process	248	4	4.27	0.936768149882904	1	0.6208334254241215	1	FALSE	3	1	SMARCD3;TNFSF13;PML	ATM
GO:0051055	negative regulation of lipid biosynthetic process	44	1	0.76	1.3157894736842106	1	0.5345186512015745	1	FALSE	1	0	CEACAM1	
GO:0051056	regulation of small GTPase mediated signal transduction	271	1	4.66	0.2145922746781116	1	0.9913571597600283	1	FALSE	0	1		OGT
GO:0042092	type 2 immune response	31	1	0.53	1.8867924528301885	1	0.41636941071669764	1	FALSE	1	0	RSAD2	
GO:0016310	phosphorylation	622	18	10.7	1.6822429906542058	1	0.021670962140236838	0.21194455345558805	FALSE	11	7	FAM20A;LIMK1;PFKFB3;HK3;LIMK2;CEACAM1;LILRA5;S100A12;PARP9;MMP9;PARP14	ZAP70;NOP53;CDC25B;IL7R;RUNX3;ATM;PRKACB
GO:0016311	dephosphorylation	122	1	2.1	0.47619047619047616	1	0.8807571937055091	1	FALSE	1	0	DUSP3	
GO:2000145	regulation of cell motility	746	23	12.83	1.7926734216679656	1	0.004817248719719474	0.0654418321812344	FALSE	15	8	DUSP3;ST3GAL4;ICAM1;HPSE;C3AR1;IFITM1;IL1B;CEACAM1;ANXA3;LCN2;ITGA2B;SEMA4A;TNFAIP6;SPARC;MMP9	EVL;SUN2;S1PR1;ETS1;SPOCK2;GPR183;ATM;OGT
GO:0075294	positive regulation by symbiont of entry into host	11	1	0.19	5.2631578947368425	1	0.17380999765353933	0.8359865149344068	FALSE	1	0	TRIM21	
GO:2000146	negative regulation of cell motility	228	5	3.92	1.2755102040816326	1	0.35559088896591534	1	FALSE	3	2	DUSP3;IFITM1;TNFAIP6	EVL;OGT
GO:0000422	autophagy of mitochondrion	109	2	1.87	1.06951871657754	1	0.5622906706466496	1	FALSE	0	2		OGT;FBXO7
GO:0042098	T cell proliferation	138	8	2.37	3.375527426160337	1	0.002650537352832527	0.04081976012849645	FALSE	5	3	PDCD1LG2;LILRB4;CD274;IL1B;CR1	CD6;CD3E;TNFRSF13C
GO:0070741	response to interleukin-6	31	2	0.53	3.773584905660377	1	0.09898070524202046	0.631106025380136	FALSE	2	0	SOCS3;LCN2	
GO:0043931	ossification involved in bone maturation	18	2	0.31	6.451612903225807	1	0.03761094611180024	0.3205968708878725	FALSE	1	1	LTF	PHOSPHO1
GO:0032526	response to retinoic acid	67	1	1.15	0.8695652173913044	1	0.6882105315238001	1	FALSE	0	1		ATM
GO:0043933	protein-containing complex organization	1572	32	27.04	1.183431952662722	1	0.1772259336876519	0.8414405728969864	FALSE	19	13	SMARCD3;CDK5RAP2;NLRC4;H2BC21;AIM2;TIFA;SH3GLB1;CASP5;GBP5;GBP1;CASP1;CLU;CASP4;GBP2;TRIM21;MSRB1;PML;OAS1;ISG15	EVL;TMC8;CABIN1;CD3G;CD3E;NOP53;RPS28;SPTAN1;MS4A1;CD247;ATM;PRKACB;OGT
GO:0032528	microvillus organization	20	1	0.34	2.941176470588235	1	0.2933822244989184	0.99815313755882	FALSE	0	1		EZR
GO:0007015	actin filament organization	373	7	6.42	1.090342679127726	1	0.46168287822559495	1	FALSE	3	4	LIMK1;MSRB1;MYL9	EVL;S1PR1;SPTAN1;EZR
GO:0007017	microtubule-based process	826	5	14.21	0.3518648838845883	1	0.998872378603356	1	FALSE	3	2	CDK5RAP2;SEPTIN4;LIMK2	SUN2;EZR
GO:0007018	microtubule-based movement	375	2	6.45	0.31007751937984496	1	0.9894568215041645	1	FALSE	1	1	SEPTIN4	SUN2
GO:0007040	lysosome organization	102	1	1.75	0.5714285714285714	1	0.8307891011128835	1	FALSE	1	0	RAB20	
GO:0060760	positive regulation of response to cytokine stimulus	60	5	1.03	4.854368932038835	1	0.0036493359466575333	0.05266154602289532	FALSE	4	1	CASP1;CASP4;PARP9;PARP14	EZR
GO:0061005	cell differentiation involved in kidney development	31	2	0.53	3.773584905660377	1	0.09898070524202046	0.631106025380136	FALSE	2	0	STAT1;MMP9	
GO:0051651	maintenance of location in cell	50	2	0.86	2.3255813953488373	1	0.21237387651867448	0.8993218595167707	FALSE	1	1	PML	SUN2
GO:0007044	cell-substrate junction assembly	77	1	1.32	0.7575757575757576	1	0.7381238248148279	1	FALSE	1	0	DUSP3	
GO:0051653	spindle localization	47	1	0.81	1.2345679012345678	1	0.5582071880591637	1	FALSE	1	0	CDK5RAP2	
GO:0007623	circadian rhythm	152	3	2.61	1.149425287356322	1	0.48742319236633613	1	FALSE	1	2	PML	RORA;OGT
GO:0031102	neuron projection regeneration	28	2	0.48	4.166666666666667	1	0.08315894503275534	0.5618865958676292	FALSE	2	0	KREMEN1;SCARF1	
GO:0007049	cell cycle	1386	26	23.84	1.0906040268456376	1	0.34965980438676125	1	FALSE	16	10	DUSP3;SMARCD3;CDK5RAP2;SLC26A8;SEPTIN4;SH3GLB1;GADD45B;FBXO6;LIMK2;PLSCR1;RAB24;IL1B;TRIM21;PSME2;PARP9;PML	ZFP36L2;SEPTIN1;SUN2;NOP53;ETS1;CDC25B;SEPTIN9;EZR;RUNX3;ATM
GO:0031103	axon regeneration	26	2	0.45	4.444444444444445	1	0.07309431090764267	0.5139034800130683	FALSE	2	0	KREMEN1;SCARF1	
GO:0031109	microtubule polymerization or depolymerization	122	1	2.1	0.47619047619047616	1	0.8807571937055091	1	FALSE	1	0	CDK5RAP2	
GO:1905330	regulation of morphogenesis of an epithelium	34	1	0.58	1.7241379310344829	1	0.446041916994831	1	FALSE	1	0	LCN2	
GO:0042698	ovulation cycle	30	1	0.52	1.923076923076923	1	0.4061310653788047	1	FALSE	1	0	TNFAIP6	
GO:0007610	behavior	258	2	4.44	0.4504504504504504	1	0.9390028140337396	1	FALSE	2	0	AIM2;LCN2	
GO:0007033	vacuole organization	219	3	3.77	0.7957559681697612	1	0.730651959798081	1	FALSE	2	1	SH3GLB1;RAB20	ATM
GO:0007034	vacuolar transport	165	3	2.84	1.0563380281690142	1	0.5425346819043034	1	FALSE	3	0	SORT1;NPC2;CLU	
GO:0090199	regulation of release of cytochrome c from mitochondria	40	5	0.69	7.246376811594203	1	5.804618936078629e-4	0.011119789167442613	FALSE	5	0	CASP1;CLU;TNFSF10;MMP9;IFI6	
GO:0007611	learning or memory	122	1	2.1	0.47619047619047616	1	0.8807571937055091	1	FALSE	1	0	LCN2	
GO:0007613	memory	60	1	1.03	0.970873786407767	1	0.6477404428208373	1	FALSE	1	0	LCN2	
GO:0042060	wound healing	305	13	5.25	2.4761904761904763	1	0.002418704023023594	0.03767148645491139	FALSE	11	2	ST3GAL4;MAPK14;FCER1G;SERPING1;HPSE;PLSCR1;LRG1;TREML1;CEACAM1;MYL9;GP1BB	LCK;AHNAK
GO:0034762	regulation of transmembrane transport	260	6	4.47	1.342281879194631	1	0.2906169072772273	0.99815313755882	FALSE	5	1	IL1B;LCN2;ACSL1;PML;MMP9	MS4A1
GO:0034763	negative regulation of transmembrane transport	78	2	1.34	1.4925373134328357	1	0.3892470505280713	1	FALSE	2	0	IL1B;MMP9	
GO:0034765	regulation of monoatomic ion transmembrane transport	178	4	3.06	1.3071895424836601	1	0.3667883915225044	1	FALSE	3	1	LCN2;PML;MMP9	MS4A1
GO:0060759	regulation of response to cytokine stimulus	153	13	2.63	4.942965779467681	1	2.3432490388214014e-6	8.531909414198719e-5	FALSE	10	3	CARD16;CASP1;IL1B;CASP4;PARP9;NAIP;OAS1;PARP14;OAS3;ISG15	TMC8;TLE5;EZR
GO:0042063	gliogenesis	182	6	3.13	1.9169329073482428	1	0.09445040051865075	0.6138159598717988	FALSE	4	2	C1QA;VCAN;IL1B;CLU	SUN2;GPR183
GO:0034766	negative regulation of monoatomic ion transmembrane transport	51	1	0.88	1.1363636363636365	1	0.587935018644641	1	FALSE	1	0	MMP9	
GO:0034767	positive regulation of monoatomic ion transmembrane transport	83	2	1.43	1.3986013986013988	1	0.41940237360710164	1	FALSE	1	1	LCN2	MS4A1
GO:1990138	neuron projection extension	102	1	1.75	0.5714285714285714	1	0.8307891011128835	1	FALSE	1	0	LIMK1	
GO:1904062	regulation of monoatomic cation transmembrane transport	168	4	2.89	1.3840830449826989	1	0.3276832100647244	1	FALSE	3	1	LCN2;PML;MMP9	MS4A1
GO:1900151	regulation of nuclear-transcribed mRNA catabolic process, deadenylation-dependent decay	25	1	0.43	2.3255813953488373	1	0.35219428068188696	1	FALSE	0	1		ZFP36L2
GO:0043491	phosphatidylinositol 3-kinase/protein kinase B signal transduction	230	5	3.96	1.2626262626262625	1	0.3624251741175673	1	FALSE	4	1	AIM2;HPSE;IL1B;CEACAM1	NOP53
GO:2000106	regulation of leukocyte apoptotic process	55	4	0.95	4.2105263157894735	1	0.014664652706753803	0.1568604291473393	FALSE	3	1	CD274;HCAR2;IRF7	CD3G
GO:0005996	monosaccharide metabolic process	188	5	3.23	1.5479876160990713	1	0.22321141204015202	0.916691905832938	FALSE	3	2	PFKFB3;HK3;OAS1	RORA;OGT
GO:0051043	regulation of membrane protein ectodomain proteolysis	21	1	0.36	2.7777777777777777	1	0.30555516388798076	1	FALSE	1	0	IL1B	
GO:0051046	regulation of secretion	406	11	6.98	1.5759312320916905	1	0.09221087443374393	0.6049825628123199	FALSE	9	2	SEPTIN4;DYSF;IL1B;CEACAM1;RHBDF2;CD177;FFAR2;HCAR2;RSAD2	SEPTIN1;PRKACB
GO:0009890	negative regulation of biosynthetic process	1892	37	32.54	1.137062077443147	1	0.222153431565901	0.916691905832938	FALSE	23	14	PDCD1LG2;ZNF438;MAPK14;LMNB1;CARD16;LILRB4;CD274;GBP1;IL1B;CR1;CEACAM1;ETV7;LILRA5;PARP9;STAT1;TRIM22;LTF;IRF7;XAF1;PML;OAS1;PARP14;OAS3	ZFP36L2;KLF2;LBH;TLE5;CABIN1;CD3E;NOP53;PBXIP1;TCF7;EZR;CD22;RUNX3;ATM;OGT
GO:0051047	positive regulation of secretion	216	4	3.72	1.075268817204301	1	0.5115590257114537	1	FALSE	3	1	IL1B;CD177;HCAR2	PRKACB
GO:0009891	positive regulation of biosynthetic process	2066	55	35.54	1.5475520540236354	1	4.6860439404484847e-4	0.009198112362544043	FALSE	36	19	SMARCD3;CDK5RAP2;NLRC4;MAPK14;AIM2;TLR5;FCER1G;IL18RAP;FCGR1A;TNFSF13;ADM;CD274;HPSE;GBP5;SECTM1;C3AR1;PLSCR1;CASP1;IL1B;CLU;PSMB9;TRIM21;LCN2;FFAR2;LILRA5;PARP9;CLEC4E;STAT1;TRIM22;NAIP;IRF7;PML;OAS1;RSAD2;OAS3;ISG15	KLF2;IKZF3;LBH;BCL11B;S1PR1;CD6;CD3E;ETS1;PBXIP1;CD2;EZR;BCL9L;IL32;RORA;ITK;RUNX3;RPS4X;ATM;OGT
GO:1901800	positive regulation of proteasomal protein catabolic process	100	2	1.72	1.1627906976744187	1	0.5157245153899316	1	FALSE	1	1	CLU	NOP53
GO:0051048	negative regulation of secretion	109	4	1.87	2.13903743315508	1	0.1185904699234717	0.7141406392543783	FALSE	4	0	IL1B;CEACAM1;RHBDF2;RSAD2	
GO:1900180	regulation of protein localization to nucleus	112	3	1.93	1.5544041450777202	1	0.3031565314510613	1	FALSE	3	0	LILRB4;LIMK2;PARP9	
GO:0009892	negative regulation of metabolic process	2257	45	38.82	1.1591962905718702	1	0.15643382112076765	0.817969030746646	FALSE	30	15	PDCD1LG2;ZNF438;HP;MAPK14;LMNB1;CARD16;LILRB4;CD274;CTSA;GBP1;IL1B;CLU;CR1;CEACAM1;TRIM21;ETV7;LILRA5;PARP9;HCAR3;STAT1;TRIM22;HCAR2;LTF;IRF7;XAF1;PML;OAS1;PARP14;OAS3;ISG15	ZFP36L2;KLF2;LBH;TLE5;CABIN1;CD3E;NOP53;PBXIP1;TCF7;EZR;CD22;IL7R;RUNX3;ATM;OGT
GO:0051049	regulation of transport	1136	23	19.54	1.1770726714431936	1	0.23501378396322942	0.9349535341749894	FALSE	18	5	C2;SEPTIN4;FCGR1A;PLSCR1;DYSF;IL1B;CLU;CEACAM1;RHBDF2;LCN2;CD177;FFAR2;LILRA5;HCAR2;ACSL1;PML;MMP9;RSAD2	SEPTIN1;MS4A1;EZR;CD22;PRKACB
GO:0009893	positive regulation of metabolic process	2713	66	46.67	1.414184701092779	1	0.0013318231895212537	0.02317203764553118	FALSE	44	22	FAM20A;SMARCD3;CDK5RAP2;NLRC4;SEPTIN4;MAPK14;AIM2;TLR5;FCER1G;IL18RAP;SH3GLB1;FCGR1A;TNFSF13;ADM;CD274;HPSE;GBP5;SECTM1;C3AR1;PLSCR1;CASP1;IL1B;CLU;CR1;PSMB9;TRIM21;LCN2;CD177;FFAR2;LILRA5;S100A12;PARP9;CLEC4E;STAT1;TRIM22;NAIP;IRF7;PML;MMP9;OAS1;PARP14;RSAD2;OAS3;ISG15	ZFP36L2;KLF2;IKZF3;LBH;BCL11B;S1PR1;CD6;CD3E;NOP53;ETS1;PBXIP1;CD2;EZR;BCL9L;IL32;RORA;ITK;RUNX3;RPS4X;ATM;OGT;FBXO7
GO:0009894	regulation of catabolic process	920	19	15.82	1.2010113780025284	1	0.23519683564577162	0.9350052077949764	FALSE	13	6	HP;MAPK14;SH3GLB1;CTSA;HPSE;IL1B;CLU;TRIM21;PSME2;HCAR3;TRIM22;HCAR2;PML	ZFP36L2;NOP53;EZR;ATM;OGT;FBXO7
GO:0031294	lymphocyte costimulation	39	6	0.67	8.955223880597014	1	4.921331435188533e-5	0.0012643682350778763	FALSE	3	3	PDCD1LG2;LILRB4;CD274	LCK;CD5;TNFRSF13C
GO:0009896	positive regulation of catabolic process	485	10	8.34	1.1990407673860912	1	0.3242811650261613	1	FALSE	6	4	SH3GLB1;HPSE;IL1B;CLU;TRIM21;TRIM22	ZFP36L2;NOP53;EZR;FBXO7
GO:0042088	T-helper 1 type immune response	58	4	1	4	1	0.01753344737622982	0.17851646976761398	FALSE	4	0	IL18RAP;IL1B;PSMB9;SEMA4A	
GO:0007004	telomere maintenance via telomerase	58	2	1	2	1	0.26334750624570247	0.9689020087155695	FALSE	1	1	PML	ATM
GO:0050792	regulation of viral process	123	11	2.12	5.188679245283018	1	8.71263649410067e-6	2.7850043863119467e-4	FALSE	10	1	PLSCR1;IFITM1;TRIM21;IFITM3;STAT1;OAS1;RSAD2;OAS3;OASL;ISG15	IL32
GO:0007005	mitochondrion organization	335	6	5.76	1.0416666666666667	1	0.5181392965274751	1	FALSE	6	0	CASP1;CLU;TNFSF10;MMP9;IFI6;IFIT2	
GO:0044703	multi-organism reproductive process	97	3	1.67	1.7964071856287427	1	0.2333801126979204	0.9291266181123579	FALSE	2	1	IL1B;APOL2	SLC38A1
GO:0050793	regulation of developmental process	1681	52	28.91	1.7986855759252853	1	1.4541614284035726e-5	4.2993343858217385e-4	FALSE	32	20	SMARCD3;CDK5RAP2;C1QC;LIMK1;MAPK14;KREMEN1;SCARF1;VNN1;TNFSF13;ADM;LILRB4;HPSE;C3AR1;LRG1;IFITM1;IL1B;CR1;PSMB9;CEACAM1;ANXA3;LCN2;WARS1;SEMA4A;TNFAIP6;STAT1;SPARC;LTF;IRF7;STAB1;PML;MMP9;ISG15	ZFP36L2;KLF2;RPL18A;IKZF3;LBH;S1PR1;ZAP70;EEIG1;ETS1;SPOCK2;TCF7;CD2;EZR;BCL9L;RPL23A;RORA;IL7R;RUNX3;OGT;PHOSPHO1
GO:0050794	regulation of cellular process	8444	175	145.25	1.2048192771084338	1	1.3735556830112657e-5	4.135224558701176e-4	FALSE	115	60	FAM20A;DUSP3;SMARCD3;C2;CDK5RAP2;C1QC;NLRC4;PDCD1LG2;SEPTIN4;ST3GAL4;ZNF438;HP;LIMK1;MAPK14;AIM2;ASGR2;TLR5;FCER1G;IL18RAP;LMNB1;ICAM1;CARD16;TIFA;SH3GLB1;KREMEN1;OSCAR;FCGR1A;SCARF1;VNN1;TNFSF13;GADD45B;SOCS3;ADM;BATF2;SORT1;LILRB4;FBXO6;CD274;CTSA;LIMK2;NPC2;HPSE;CASP5;MARCO;GBP5;SECTM1;C3AR1;PLSCR1;DYSF;PGLYRP1;GBP1;GRINA;LRG1;TREML1;IFITM1;CASP1;IL1B;CLU;CR1;PSMB9;CEACAM1;CASP4;GBP2;CALHM6;TRIM21;RHBDF2;ANXA3;ETV7;LCN2;PSME2;CD177;TYMP;WARS1;IFITM3;ITGA2B;P2RY14;FFAR2;LILRA5;PPBP;S100A12;PARP9;HCAR3;SEMA4A;TNFAIP6;CLEC4E;LILRA6;STAT1;TRIM22;TNFSF13B;NAIP;DEFA1;HCAR2;SPARC;TNFSF10;LTF;ACSL1;IRF7;IFI35;XAF1;IFIT3;PML;MMP9;GP1BB;OAS1;S100A8;PARP14;RSAD2;IFI6;LY6E;OAS3;DEFA1;OASL;IFIT2;ISG15;DEFA3	ZFP36L2;KLF2;TRAC;SEPTIN1;EVL;RPL18A;IKZF3;TRBC1;LBH;TMC8;FCMR;SUN2;BCL11B;S1PR1;TLE5;LCK;CABIN1;TRBC2;CD6;ZAP70;CD3G;EEIG1;CD3E;NOP53;ETS1;SPOCK2;PBXIP1;TCF7;CDC25B;SEPTIN9;CD5;SLC38A1;CD79A;SPTAN1;CD2;MS4A1;EZR;BCL9L;ANXA6;RPL23A;AHNAK;IL32;TNFRSF13C;CD247;GPR183;CLEC2D;RORA;ITK;CD22;IL7R;RUNX3;RPS4X;ATM;MBNL1;PRKACB;CD79B;IGHM;CD8A;OGT;FBXO7
GO:0044706	multi-multicellular organism process	98	3	1.69	1.7751479289940828	1	0.23795084056730853	0.9411897276540017	FALSE	2	1	IL1B;APOL2	SLC38A1
GO:0090150	establishment of protein localization to membrane	245	1	4.21	0.23752969121140144	1	0.9863072452971497	1	FALSE	1	0	VAMP5	
GO:0050798	activated T cell proliferation	35	3	0.6	5	1	0.02193460365882677	0.21194455345558805	FALSE	3	0	PDCD1LG2;LILRB4;CD274	
GO:0032501	multicellular organismal process	4491	138	77.25	1.7864077669902914	1	1.0450619785475831e-16	1.5960418772373923e-14	FALSE	88	50	FLVCR2;DUSP3;C1QA;SMARCD3;CDK5RAP2;C1QC;NLRC4;PDCD1LG2;SEPTIN4;ST3GAL4;LIMK1;MAPK14;AIM2;TLR5;FCER1G;IL18RAP;LHFPL2;ICAM1;CARD16;KREMEN1;FCGR1A;SCARF1;SERPING1;VNN1;TNFSF13;SOCS3;ADM;BATF2;SORT1;LILRB4;CD274;VCAN;HPSE;CASP5;MARCO;GBP5;SECTM1;C3AR1;PLSCR1;DYSF;GBP1;LRG1;TREML1;IFITM1;CASP1;IL1B;CLU;CR1;PSMB9;CEACAM1;CALHM6;TRIM21;RHBDF2;ANXA3;LTA4H;LCN2;CD177;TYMP;WARS1;ITGA2B;FFAR2;LILRA5;S100A12;SEMA4A;TNFAIP6;CRISPLD2;ALPL;CLEC4E;APOL2;STAT1;TNFSF13B;NAIP;HCAR2;SPARC;MYL9;LTF;ACSL1;IRF7;STAB1;IFI35;XAF1;PML;MMP9;GP1BB;OAS1;RSAD2;OAS3;ISG15	ZFP36L2;KLF2;TRAC;EVL;RPL18A;IKZF3;TRBC1;LBH;FCMR;SUN2;S1PR1;LCK;TRBC2;CD6;ZAP70;CD3G;EEIG1;CD3E;ETS1;SPOCK2;TCF7;CD5;SLC38A1;CD79A;CD2;MS4A1;ABLIM1;EZR;BCL9L;RPL23A;IL32;TNFRSF13C;CD247;GPR183;CLEC2D;RORA;ITK;CD22;IL7R;RUNX3;ATM;MBNL1;PRKACB;CD79B;IGHM;CD8A;OGT;PHOSPHO1;FBXO7;HBA2
GO:0015695	organic cation transport	82	2	1.41	1.4184397163120568	1	0.41343001641793875	1	FALSE	1	1	FLVCR2	SLC38A1
GO:0032502	developmental process	4089	104	70.34	1.4785328404890532	1	1.6612642652187329e-6	6.38715449662419e-5	FALSE	65	39	FAM20A;C1QA;SMARCD3;CDK5RAP2;C1QC;SLC26A8;SEPTIN4;LIMK1;MAPK14;AIM2;IL18RAP;VAMP5;LHFPL2;ICAM1;KREMEN1;OSCAR;SCARF1;VNN1;TNFSF13;GADD45B;SOCS3;ADM;BATF2;SORT1;LILRB4;VCAN;HPSE;CASP5;DHRS9;SECTM1;C3AR1;RAB24;LRG1;IFITM1;IL1B;CLU;CR1;PSMB9;CEACAM1;RHBDF2;ANXA3;LTA4H;ETV7;LCN2;TYMP;WARS1;ITGA2B;FFAR2;SEMA4A;TNFAIP6;CRISPLD2;ALPL;STAT1;TNFSF13B;NAIP;SPARC;MYL9;LTF;IRF7;STAB1;PML;MMP9;GP1BB;RSAD2;ISG15	ZFP36L2;KLF2;EVL;RPL18A;IKZF3;LBH;SUN2;S1PR1;LCK;ZAP70;CD3G;EEIG1;CD3E;ETS1;SPOCK2;PBXIP1;TCF7;CD79A;CD2;MS4A1;ABLIM1;EZR;BCL9L;RPL3;RPL23A;GPR183;RORA;ITK;IL7R;RUNX3;ATM;MBNL1;CD79B;IGHM;CD8A;OGT;PHOSPHO1;FBXO7;HBA2
GO:0006793	phosphorus metabolic process	1543	27	26.54	1.0173323285606632	1	0.49311271218818387	1	FALSE	19	8	FAM20A;DUSP3;LIMK1;PFKFB3;VPS9D1;HK3;VNN1;LIMK2;PLSCR1;CEACAM1;GK;TYMP;LILRA5;S100A12;PARP9;ALPL;ACSL1;MMP9;PARP14	ZAP70;NOP53;CDC25B;IL7R;RUNX3;ATM;PRKACB;OGT
GO:0015698	inorganic anion transport	95	2	1.63	1.2269938650306749	1	0.488482074366383	1	FALSE	2	0	SLC26A8;APOL1	
GO:0001885	endothelial cell development	43	4	0.74	5.405405405405405	1	0.006223119914960052	0.08127010283242367	FALSE	3	1	ICAM1;HPSE;IL1B	EZR
GO:0051640	organelle localization	527	8	9.06	0.8830022075055187	1	0.6905608132859686	1	FALSE	5	3	CDK5RAP2;LMNB1;LIMK2;RAB24;STX11	SUN2;ESYT1;EZR
GO:0051641	cellular localization	1920	28	33.03	0.8477141992128367	1	0.8535948237877046	1	FALSE	23	5	CDK5RAP2;FCER1G;LMNB1;VAMP5;SH3GLB1;RAB20;SORT1;CTSA;LIMK2;NPC2;DYSF;GBP1;RAB24;IL1B;CLU;CEACAM1;ANXA3;TAP1;LCN2;CD177;STX11;TNFAIP6;PML	SUN2;ARL4C;CD2;EZR;OGT
GO:0032507	maintenance of protein location in cell	41	2	0.71	2.8169014084507045	1	0.156552911321929	0.817969030746646	FALSE	1	1	PML	SUN2
GO:0051647	nucleus localization	26	2	0.45	4.444444444444445	1	0.07309431090764267	0.5139034800130683	FALSE	1	1	LMNB1	SUN2
GO:0051648	vesicle localization	193	1	3.32	0.30120481927710846	1	0.9657268788016438	1	FALSE	1	0	LIMK2	
GO:0034728	nucleosome organization	86	3	1.48	2.027027027027027	1	0.18439410186224411	0.8557998455231163	FALSE	2	1	SMARCD3;H2BC21	CABIN1
GO:0043462	regulation of ATP-dependent activity	27	1	0.46	2.1739130434782608	1	0.3743307121798023	1	FALSE	1	0	PLSCR1	
GO:0072170	metanephric tubule development	11	1	0.19	5.2631578947368425	1	0.17380999765353933	0.8359865149344068	FALSE	1	0	STAT1	
GO:0007600	sensory perception	304	1	5.23	0.19120458891013384	1	0.9951867501162766	1	FALSE	0	1		ABLIM1
GO:0043467	regulation of generation of precursor metabolites and energy	106	3	1.82	1.6483516483516483	1	0.274996045431218	0.9794722429446581	FALSE	1	2	OAS1	NOP53;OGT
GO:1905906	regulation of amyloid fibril formation	14	1	0.24	4.166666666666667	1	0.21575218855995282	0.8993218595167707	FALSE	1	0	CLU	
GO:0001822	kidney development	147	3	2.53	1.1857707509881423	1	0.4653928111850134	1	FALSE	3	0	CR1;STAT1;MMP9	
GO:0090174	organelle membrane fusion	113	2	1.94	1.0309278350515465	1	0.5819385185062157	1	FALSE	2	0	RAB20;STX11	
GO:0043457	regulation of cellular respiration	37	2	0.64	3.125	1	0.13277984903530723	0.7510530967038264	FALSE	1	1	OAS1	NOP53
GO:0050764	regulation of phagocytosis	78	4	1.34	2.9850746268656714	1	0.0453430301104838	0.36659930577740724	FALSE	4	0	C2;FCGR1A;PLSCR1;DYSF	
GO:0050767	regulation of neurogenesis	214	3	3.68	0.8152173913043478	1	0.7161539986949615	1	FALSE	3	0	SMARCD3;LIMK1;IL1B	
GO:1904018	positive regulation of vasculature development	131	7	2.25	3.111111111111111	1	0.007494094328858896	0.09450121701850048	FALSE	6	1	ADM;HPSE;C3AR1;LRG1;IL1B;ANXA3	ETS1
GO:0050769	positive regulation of neurogenesis	141	3	2.43	1.2345679012345678	1	0.4384305803695303	1	FALSE	3	0	SMARCD3;LIMK1;IL1B	
GO:0015669	gas transport	13	1	0.22	4.545454545454546	1	0.20201248508612968	0.8766098208394166	FALSE	0	1		HBA2
GO:0001816	cytokine production	648	43	11.15	3.8565022421524664	1	1.3292744606582206e-14	1.4616701969397792e-12	FALSE	37	6	NLRC4;PDCD1LG2;MAPK14;AIM2;TLR5;FCER1G;IL18RAP;CARD16;FCGR1A;LILRB4;CD274;HPSE;GBP5;SECTM1;C3AR1;GBP1;CASP1;IL1B;CLU;CR1;PSMB9;CEACAM1;CALHM6;TRIM21;FFAR2;LILRA5;CLEC4E;STAT1;NAIP;LTF;IRF7;XAF1;PML;OAS1;RSAD2;OAS3;ISG15	KLF2;CD6;CD2;IL32;RORA;ITK
GO:0001817	regulation of cytokine production	644	43	11.08	3.88086642599278	1	1.0689669112688209e-14	1.1994245057461177e-12	FALSE	37	6	NLRC4;PDCD1LG2;MAPK14;AIM2;TLR5;FCER1G;IL18RAP;CARD16;FCGR1A;LILRB4;CD274;HPSE;GBP5;SECTM1;C3AR1;GBP1;CASP1;IL1B;CLU;CR1;PSMB9;CEACAM1;CALHM6;TRIM21;FFAR2;LILRA5;CLEC4E;STAT1;NAIP;LTF;IRF7;XAF1;PML;OAS1;RSAD2;OAS3;ISG15	KLF2;CD6;CD2;IL32;RORA;ITK
GO:0001818	negative regulation of cytokine production	245	15	4.21	3.5629453681710213	1	2.2143394750474382e-5	6.179917986705997e-4	FALSE	14	1	PDCD1LG2;CARD16;LILRB4;CD274;GBP1;IL1B;CR1;CEACAM1;LILRA5;LTF;XAF1;PML;OAS1;OAS3	KLF2
GO:0043487	regulation of RNA stability	185	2	3.18	0.6289308176100629	1	0.8309592773796954	1	FALSE	1	1	MAPK14	ZFP36L2
GO:0043488	regulation of mRNA stability	173	2	2.98	0.6711409395973155	1	0.8017542254796435	1	FALSE	1	1	MAPK14	ZFP36L2
GO:0043489	RNA stabilization	75	1	1.29	0.7751937984496123	1	0.7288224589590304	1	FALSE	1	0	MAPK14	
GO:0140014	mitotic nuclear division	260	3	4.47	0.6711409395973155	1	0.8284944961379699	1	FALSE	2	1	CDK5RAP2;IL1B	ATM
GO:0008406	gonad development	81	1	1.39	0.7194244604316548	1	0.7557843068165706	1	FALSE	1	0	TNFAIP6	
GO:0009888	tissue development	1021	25	17.56	1.4236902050113895	1	0.04633912036471153	0.37138846029910205	FALSE	18	7	FAM20A;MAPK14;ICAM1;HPSE;DHRS9;SECTM1;LRG1;IL1B;CEACAM1;RHBDF2;LTA4H;LCN2;SEMA4A;ALPL;STAT1;LTF;MMP9;ISG15	IKZF3;LBH;S1PR1;EZR;BCL9L;RUNX3;PHOSPHO1
GO:0043470	regulation of carbohydrate catabolic process	51	1	0.88	1.1363636363636365	1	0.587935018644641	1	FALSE	0	1		OGT
GO:0009889	regulation of biosynthetic process	4010	78	68.98	1.130762539866628	1	0.10838428909748195	0.6738044341006325	FALSE	50	28	SMARCD3;CDK5RAP2;NLRC4;PDCD1LG2;ZNF438;MAPK14;AIM2;TLR5;FCER1G;IL18RAP;LMNB1;CARD16;FCGR1A;TNFSF13;ADM;BATF2;LILRB4;CD274;HPSE;GBP5;SECTM1;C3AR1;PLSCR1;GBP1;CASP1;IL1B;CLU;CR1;PSMB9;CEACAM1;CALHM6;TRIM21;ETV7;LCN2;FFAR2;LILRA5;PARP9;CLEC4E;STAT1;TRIM22;NAIP;LTF;IRF7;XAF1;PML;OAS1;PARP14;RSAD2;OAS3;ISG15	ZFP36L2;KLF2;IKZF3;LBH;BCL11B;S1PR1;TLE5;CABIN1;CD6;CD3E;NOP53;ETS1;PBXIP1;TCF7;CD2;EZR;BCL9L;AHNAK;IL32;RORA;ITK;CD22;RUNX3;RPS4X;ATM;MBNL1;IGHM;OGT
GO:0005975	carbohydrate metabolic process	421	8	7.24	1.1049723756906078	1	0.43808606108826	1	FALSE	6	2	GYG1;ST3GAL4;PFKFB3;HK3;GK;OAS1	RORA;OGT
GO:0006753	nucleoside phosphate metabolic process	550	8	9.46	0.8456659619450316	1	0.7349234134484581	1	FALSE	7	1	PFKFB3;VPS9D1;HK3;VNN1;TYMP;ACSL1;PARP14	OGT
GO:0005976	polysaccharide metabolic process	74	1	1.27	0.7874015748031495	1	0.7240491647910892	1	FALSE	1	0	GYG1	
GO:0001845	phagolysosome assembly	14	1	0.24	4.166666666666667	1	0.21575218855995282	0.8993218595167707	FALSE	1	0	RAB20	
GO:0006754	ATP biosynthetic process	95	1	1.63	0.6134969325153374	1	0.8087630060353375	1	FALSE	1	0	VPS9D1	
GO:0005977	glycogen metabolic process	62	1	1.07	0.9345794392523364	1	0.6598092986207658	1	FALSE	1	0	GYG1	
GO:0051606	detection of stimulus	189	3	3.25	0.9230769230769231	1	0.6346883709249577	1	FALSE	3	0	NLRC4;PGLYRP1;NAIP	
GO:0050789	regulation of biological process	8712	186	149.86	1.2411584145202188	1	6.984999366608462e-8	3.879144092688214e-6	FALSE	125	61	FAM20A;DUSP3;C1QB;C1QA;SMARCD3;C2;CDK5RAP2;C1QC;NLRC4;CACNA1E;PDCD1LG2;SEPTIN4;ST3GAL4;ZNF438;HP;LIMK1;MAPK14;AIM2;ASGR2;TLR5;FCER1G;IL18RAP;LMNB1;LHFPL2;ICAM1;CARD16;TIFA;SH3GLB1;KREMEN1;OSCAR;FCGR1A;SCARF1;SERPING1;VNN1;TNFSF13;GADD45B;SOCS3;ADM;BATF2;SORT1;LILRB4;FBXO6;CD274;CTSA;LIMK2;NPC2;HPSE;CASP5;MARCO;GBP5;SECTM1;C3AR1;PLSCR1;DYSF;PGLYRP1;GBP1;GRINA;LRG1;TREML1;IFITM1;CASP1;IL1B;CLU;CR1;PSMB9;CEACAM1;CASP4;GBP2;CALHM6;TRIM21;RHBDF2;ANXA3;ETV7;LCN2;PSME2;CD177;STX11;TYMP;WARS1;IFITM3;ITGA2B;P2RY14;FFAR2;LILRA5;PPBP;S100A12;PARP9;HCAR3;SEMA4A;TNFAIP6;ALPL;CLEC4E;LILRA6;STAT1;TRIM22;TNFSF13B;NAIP;DEFA1;HCAR2;SPARC;MYL9;TNFSF10;LTF;ACSL1;IRF7;STAB1;IFI35;XAF1;IFIT3;MT2A;PML;MMP9;GP1BB;OAS1;S100A8;PARP14;RSAD2;IFI6;LY6E;OAS3;DEFA1;OASL;IFIT2;ISG15;DEFA3	ZFP36L2;KLF2;TRAC;SEPTIN1;EVL;RPL18A;IKZF3;TRBC1;LBH;TMC8;FCMR;SUN2;BCL11B;S1PR1;TLE5;LCK;CABIN1;TRBC2;CD6;ZAP70;CD3G;EEIG1;CD3E;NOP53;ETS1;SPOCK2;PBXIP1;TCF7;CDC25B;SEPTIN9;CD5;SLC38A1;CD79A;SPTAN1;CD2;MS4A1;EZR;BCL9L;ANXA6;RPL23A;AHNAK;IL32;TNFRSF13C;CD247;GPR183;CLEC2D;RORA;ITK;CD22;IL7R;RUNX3;RPS4X;ATM;MBNL1;PRKACB;CD79B;IGHM;CD8A;OGT;PHOSPHO1;FBXO7
GO:1901568	fatty acid derivative metabolic process	69	1	1.19	0.8403361344537815	1	0.6988984519288188	1	FALSE	1	0	ACSL1	
GO:0001836	release of cytochrome c from mitochondria	50	5	0.86	5.813953488372093	1	0.0016262207273300367	0.026689437489135947	FALSE	5	0	CASP1;CLU;TNFSF10;MMP9;IFI6	
GO:0001837	epithelial to mesenchymal transition	120	3	2.06	1.4563106796116505	1	0.34087604254462966	1	FALSE	2	1	LRG1;IL1B	BCL9L
GO:0050770	regulation of axonogenesis	82	1	1.41	0.7092198581560284	1	0.7600109029943314	1	FALSE	1	0	LIMK1	
GO:0050772	positive regulation of axonogenesis	47	1	0.81	1.2345679012345678	1	0.5582071880591637	1	FALSE	1	0	LIMK1	
GO:1901550	regulation of endothelial cell development	17	1	0.29	3.4482758620689657	1	0.2555740156963897	0.9591439851868605	FALSE	1	0	IL1B	
GO:0050776	regulation of immune response	827	70	14.23	4.919184820801124	1	1.722520749316938e-30	7.892015899787105e-28	FALSE	49	21	DUSP3;C1QB;C1QA;C2;C1QC;NLRC4;PDCD1LG2;LIMK1;MAPK14;AIM2;TLR5;FCER1G;TIFA;FCGR1A;SERPING1;TNFSF13;LILRB4;CD274;GBP5;SECTM1;C3AR1;PLSCR1;GBP1;CASP1;IL1B;CLU;CR1;CEACAM1;GBP2;CALHM6;TRIM21;RHBDF2;CD177;FFAR2;LILRA5;PARP9;CLEC4E;LILRA6;NAIP;LTF;IRF7;IFI35;OAS1;S100A8;PARP14;RSAD2;OAS3;OASL;ISG15	TRAC;TRBC1;FCMR;LCK;TRBC2;ZAP70;CD3G;CD3E;NOP53;CD5;CD79A;MS4A1;EZR;CD247;CLEC2D;ITK;CD22;CD79B;IGHM;CD8A;OGT
GO:0003254	regulation of membrane depolarization	34	1	0.58	1.7241379310344829	1	0.446041916994831	1	FALSE	1	0	IFI6	
GO:0050777	negative regulation of immune response	174	13	2.99	4.3478260869565215	1	9.683923942911312e-6	3.0424122193215084e-4	FALSE	13	0	MAPK14;SERPING1;LILRB4;CD274;CLU;CR1;CEACAM1;TRIM21;RHBDF2;OAS1;PARP14;OAS3;ISG15	
GO:0090130	tissue migration	69	3	1.19	2.5210084033613445	1	0.11568307535356377	0.7005959404637697	FALSE	2	1	LRG1;MMP9	EVL
GO:1990266	neutrophil migration	79	6	1.36	4.411764705882352	1	0.002369737403553986	0.03711913460039833	FALSE	6	0	C3AR1;CD177;PPBP;S100A12;TNFAIP6;S100A8	
GO:0050779	RNA destabilization	111	1	1.91	0.5235602094240838	1	0.8554364049533423	1	FALSE	0	1		ZFP36L2
GO:0090132	epithelium migration	67	3	1.15	2.608695652173913	1	0.10835796740550797	0.6738044341006325	FALSE	2	1	LRG1;MMP9	EVL
GO:0042633	hair cycle	33	2	0.57	3.5087719298245617	1	0.10995676876271954	0.6738044341006325	FALSE	2	0	HPSE;RHBDF2	
GO:1902991	regulation of amyloid precursor protein catabolic process	42	1	0.72	1.3888888888888888	1	0.5180279838813997	1	FALSE	1	0	CLU	
GO:1902992	negative regulation of amyloid precursor protein catabolic process	18	1	0.31	3.2258064516129035	1	0.26839537273077707	0.9689020087155695	FALSE	1	0	CLU	
GO:1902993	positive regulation of amyloid precursor protein catabolic process	24	1	0.41	2.4390243902439024	1	0.3408353862725555	1	FALSE	1	0	CLU	
GO:0032663	regulation of interleukin-2 production	59	5	1.01	4.9504950495049505	1	0.0033918258610326187	0.04972868955721957	FALSE	5	0	LILRB4;GBP1;IL1B;CR1;PSMB9	
GO:0000165	MAPK cascade	540	16	9.29	1.722282023681378	1	0.024408841047943088	0.2305838626831462	FALSE	12	4	DUSP3;MAPK14;ICAM1;GADD45B;LILRB4;MARCO;GBP1;IL1B;CEACAM1;LILRA5;S100A12;NAIP	ZFP36L2;LBH;EZR;GPR183
GO:0070887	cellular response to chemical stimulus	1577	43	27.13	1.58496129745669	1	0.0013992099758995827	0.024040176398424703	FALSE	33	10	PDCD1LG2;HP;MAPK14;AIM2;IL18RAP;ICAM1;CARD16;CD274;GBP5;C3AR1;CASP1;IL1B;CEACAM1;CASP4;GBP2;TRIM21;LCN2;FFAR2;PPBP;S100A12;TNFAIP6;DEFA1;LTF;ACSL1;MT2A;PML;MMP9;OAS1;S100A8;LY6E;OAS3;DEFA1;DEFA3	ZFP36L2;KLF2;LBH;CD6;NOP53;GPR183;RORA;ATM;OGT;HBA2
GO:0031214	biomineral tissue development	103	6	1.77	3.389830508474576	1	0.008685641317363461	0.1063555812090519	FALSE	4	2	FAM20A;ALPL;LTF;ISG15	S1PR1;PHOSPHO1
GO:0050727	regulation of inflammatory response	302	22	5.19	4.238921001926782	1	1.1741264683713023e-8	7.969564596426445e-7	FALSE	20	2	NLRC4;MAPK14;AIM2;HPSE;CASP5;GBP5;GBP1;CASP1;IL1B;CASP4;GBP2;RHBDF2;FFAR2;LILRA5;S100A12;TNFAIP6;NAIP;IFI35;MMP9;S100A8	ETS1;RORA
GO:0016482	cytosolic transport	128	1	2.2	0.45454545454545453	1	0.8926535195666662	1	FALSE	1	0	SORT1	
GO:0032651	regulation of interleukin-1 beta production	83	10	1.43	6.993006993006993	1	1.5110831254073868e-6	5.9342393024927235e-5	FALSE	10	0	NLRC4;AIM2;CARD16;LILRB4;GBP5;CASP1;IL1B;LILRA5;NAIP;PML	
GO:0006721	terpenoid metabolic process	67	1	1.15	0.8695652173913044	1	0.6882105315238001	1	FALSE	1	0	DHRS9	
GO:0032652	regulation of interleukin-1 production	96	11	1.65	6.666666666666667	1	7.486996409206548e-7	3.3196376014369034e-5	FALSE	11	0	NLRC4;AIM2;CARD16;LILRB4;GBP5;CASP1;IL1B;CEACAM1;LILRA5;NAIP;PML	
GO:0032653	regulation of interleukin-10 production	49	5	0.84	5.9523809523809526	1	0.0014840736924696238	0.025183448028388865	FALSE	5	0	PDCD1LG2;LILRB4;CD274;LILRA5;ISG15	
GO:2000278	regulation of DNA biosynthetic process	75	2	1.29	1.5503875968992247	1	0.3708253963634478	1	FALSE	1	1	PML	ATM
GO:0032655	regulation of interleukin-12 production	47	2	0.81	2.4691358024691357	1	0.19350094256513375	0.8705958937995952	FALSE	2	0	MAPK14;LILRA5	
GO:2000279	negative regulation of DNA biosynthetic process	26	1	0.45	2.2222222222222223	1	0.36335827947285637	1	FALSE	1	0	PML	
GO:1902369	negative regulation of RNA catabolic process	84	1	1.44	0.6944444444444444	1	0.7682468441277837	1	FALSE	1	0	MAPK14	
GO:1901570	fatty acid derivative biosynthetic process	40	1	0.69	1.4492753623188408	1	0.5009557520984682	1	FALSE	1	0	ACSL1	
GO:0140632	canonical inflammasome complex assembly	49	1	0.84	1.1904761904761905	1	0.5733287970016249	1	FALSE	1	0	GBP5	
GO:0048384	retinoic acid receptor signaling pathway	24	1	0.41	2.4390243902439024	1	0.3408353862725555	1	FALSE	0	1		KLF2
GO:0043436	oxoacid metabolic process	684	15	11.77	1.274426508071368	1	0.20023645213745464	0.8766098208394166	FALSE	12	3	NLRC4;PFKFB3;HK3;VNN1;DHRS9;CASP1;IL1B;CEACAM1;LTA4H;PARP9;NAIP;ACSL1	ST6GAL1;SLC38A1;OGT
GO:1905475	regulation of protein localization to membrane	137	4	2.36	1.6949152542372883	1	0.21036365720757608	0.8993218595167707	FALSE	2	2	GBP1;TNFAIP6	EZR;OGT
GO:1905476	negative regulation of protein localization to membrane	27	1	0.46	2.1739130434782608	1	0.3743307121798023	1	FALSE	1	0	GBP1	
GO:0070828	heterochromatin organization	188	1	3.23	0.30959752321981426	1	0.962573171986328	1	FALSE	1	0	LMNB1	
GO:1905477	positive regulation of protein localization to membrane	68	2	1.17	1.7094017094017095	1	0.3270567613962273	1	FALSE	1	1	TNFAIP6	EZR
GO:1901524	regulation of mitophagy	45	1	0.77	1.2987012987012987	1	0.5425520890583637	1	FALSE	0	1		FBXO7
GO:0090100	positive regulation of transmembrane receptor protein serine/threonine kinase signaling pathway	72	1	1.24	0.8064516129032259	1	0.714250182164103	1	FALSE	1	0	LRG1	
GO:0090101	negative regulation of transmembrane receptor protein serine/threonine kinase signaling pathway	106	3	1.82	1.6483516483516483	1	0.274996045431218	0.9794722429446581	FALSE	1	2	TNFAIP6	BCL9L;OGT
GO:0032673	regulation of interleukin-4 production	25	1	0.43	2.3255813953488373	1	0.35219428068188696	1	FALSE	1	0	FCER1G	
GO:1902965	regulation of protein localization to early endosome	10	1	0.17	5.88235294117647	1	0.1593388199217275	0.817969030746646	FALSE	0	1		EZR
GO:0032675	regulation of interleukin-6 production	113	4	1.94	2.061855670103093	1	0.13044282609837432	0.7478359310624213	FALSE	3	1	LILRB4;IL1B;LILRA5	KLF2
GO:0032677	regulation of interleukin-8 production	73	4	1.26	3.1746031746031744	1	0.03693271630446644	0.318269708843192	FALSE	3	1	TLR5;IL1B;FFAR2	CD2
GO:0050730	regulation of peptidyl-tyrosine phosphorylation	65	4	1.12	3.571428571428571	1	0.025514183329780317	0.2393805118551744	FALSE	3	1	LILRA5;PARP9;PARP14	IL7R
GO:0090109	regulation of cell-substrate junction assembly	54	1	0.93	1.075268817204301	1	0.6089160995547745	1	FALSE	1	0	DUSP3	
GO:2000241	regulation of reproductive process	88	2	1.51	1.3245033112582782	1	0.44878721919534137	1	FALSE	1	1	LHFPL2	CDC25B
GO:1902373	negative regulation of mRNA catabolic process	71	1	1.22	0.819672131147541	1	0.7092215499885406	1	FALSE	1	0	MAPK14	
GO:0032621	interleukin-18 production	11	2	0.19	10.526315789473685	1	0.014627042603610446	0.1568604291473393	FALSE	2	0	GBP5;CASP1	
GO:0032623	interleukin-2 production	59	5	1.01	4.9504950495049505	1	0.0033918258610326187	0.04972868955721957	FALSE	5	0	LILRB4;GBP1;IL1B;CR1;PSMB9	
GO:0070841	inclusion body assembly	23	1	0.4	2.5	1	0.32927820910169614	1	FALSE	1	0	CLU	
GO:0008150	biological_process	13255	228	228	1	1	1	1	FALSE	157	71	GYG1;FAM20A;FLVCR2;DUSP3;C1QB;C1QA;SMARCD3;C2;CDK5RAP2;C1QC;NLRC4;SLC26A8;CACNA1E;PDCD1LG2;H2BC21;TMT1B;SEPTIN4;H2BC12;ST3GAL4;ZNF438;HP;LIMK1;PFKFB3;MAPK14;AIM2;ASGR2;TLR5;SQOR;FCER1G;IL18RAP;LMNB1;VPS9D1;VAMP5;LHFPL2;ICAM1;CARD16;TIFA;SH3GLB1;KREMEN1;OSCAR;FCGR1A;SCARF1;SERPING1;HK3;VNN1;TNFSF13;GADD45B;RAB20;SOCS3;ADM;BATF2;SORT1;LILRB4;FBXO6;CD274;CTSA;LIMK2;NPC2;VCAN;HPSE;CASP5;MARCO;GBP5;ANKRD22;DHRS9;SECTM1;C3AR1;PLSCR1;DYSF;PGLYRP1;GBP1;RAB24;GRINA;LRG1;TREML1;IFITM1;CASP1;IL1B;CLU;CR1;PSMB9;CEACAM1;CASP4;GBP2;IFI30;CALHM6;TRIM21;RHBDF2;MSRB1;ANXA3;APOL1;KCNJ15;LTA4H;ETV7;TAP1;LCN2;UBE2L6;PSME2;CD177;GK;STX11;TYMP;WARS1;IFITM3;ITGA2B;P2RY14;APOL6;FFAR2;LILRA5;PPBP;S100A12;PARP9;LAP3;HCAR3;SEMA4A;TNFAIP6;CRISPLD2;ALPL;CLEC4E;LILRA6;GBP4;SIGLEC5;APOL2;STAT1;TRIM22;TNFSF13B;NAIP;DEFA1;HCAR2;SPARC;MYL9;TNFSF10;LTF;ACSL1;IRF7;IFI44;STAB1;IFI35;XAF1;IFIT3;MT2A;PML;MMP9;GP1BB;OAS1;IFI44L;S100A8;PARP14;RSAD2;IFI6;LY6E;OAS3;DEFA1;OASL;IFIT2;ISG15;DEFA3	ZFP36L2;KLF2;TRAC;SEPTIN1;EVL;RPL18A;ST6GAL1;IKZF3;TRBC1;LBH;TMC8;FCMR;SUN2;BCL11B;S1PR1;TLE5;LCK;CABIN1;TRBC2;ATP8B2;CD6;ZAP70;CD3G;EEIG1;ARL4C;CD3E;PTPRCAP;NOP53;ETS1;SPOCK2;PBXIP1;RPS28;TCF7;CDC25B;SEPTIN9;CD5;SLC38A1;CD79A;SPTAN1;ESYT1;CD2;MS4A1;ABLIM1;EZR;BCL9L;RPL3;ANXA6;RPL23A;AHNAK;IL32;TNFRSF13C;CD247;GPR183;CLEC2D;RORA;ITK;CD22;IL7R;RUNX3;RPS4X;ATM;MBNL1;PRKACB;CD79B;IGHM;CD8A;OGT;PHOSPHO1;FBXO7;HBA2;GNLY
GO:0070848	response to growth factor	487	11	8.38	1.3126491646778042	1	0.2183104448577558	0.9061362319459942	FALSE	7	4	DUSP3;MAPK14;SORT1;LRG1;IL1B;LCN2;TNFAIP6	ZFP36L2;BCL9L;RUNX3;OGT
GO:0008152	metabolic process	8641	140	148.63	0.941936352015071	1	0.899203270319074	1	FALSE	100	40	GYG1;FAM20A;DUSP3;SMARCD3;C2;CDK5RAP2;NLRC4;PDCD1LG2;TMT1B;SEPTIN4;ST3GAL4;ZNF438;HP;LIMK1;PFKFB3;MAPK14;AIM2;TLR5;SQOR;FCER1G;IL18RAP;LMNB1;VPS9D1;CARD16;SH3GLB1;FCGR1A;SCARF1;HK3;VNN1;TNFSF13;SOCS3;ADM;BATF2;LILRB4;FBXO6;CD274;CTSA;LIMK2;NPC2;HPSE;CASP5;GBP5;DHRS9;SECTM1;C3AR1;PLSCR1;PGLYRP1;GBP1;RAB24;CASP1;IL1B;CLU;CR1;PSMB9;CEACAM1;CASP4;CALHM6;TRIM21;RHBDF2;MSRB1;APOL1;LTA4H;ETV7;LCN2;UBE2L6;PSME2;CD177;GK;TYMP;WARS1;APOL6;FFAR2;LILRA5;S100A12;PARP9;LAP3;HCAR3;TNFAIP6;ALPL;CLEC4E;APOL2;STAT1;TRIM22;TNFSF13B;NAIP;HCAR2;LTF;ACSL1;IRF7;XAF1;PML;MMP9;GP1BB;OAS1;S100A8;PARP14;RSAD2;IFI6;OAS3;ISG15	ZFP36L2;KLF2;RPL18A;ST6GAL1;IKZF3;LBH;BCL11B;S1PR1;TLE5;CABIN1;CD6;ZAP70;CD3E;NOP53;ETS1;PBXIP1;RPS28;TCF7;CDC25B;SLC38A1;CD2;EZR;BCL9L;RPL3;RPL23A;AHNAK;IL32;RORA;ITK;CD22;IL7R;RUNX3;RPS4X;ATM;MBNL1;PRKACB;IGHM;OGT;FBXO7;HBA2
GO:0070849	response to epidermal growth factor	43	2	0.74	2.7027027027027026	1	0.1687232062872333	0.8359865149344068	FALSE	1	1	DUSP3	ZFP36L2
GO:0008154	actin polymerization or depolymerization	153	3	2.63	1.1406844106463878	1	0.4917772369578015	1	FALSE	1	2	MSRB1	EVL;SPTAN1
GO:2001057	reactive nitrogen species metabolic process	69	3	1.19	2.5210084033613445	1	0.11568307535356377	0.7005959404637697	FALSE	2	1	IL1B;CLU	KLF2
GO:0044818	mitotic G2/M transition checkpoint	52	2	0.89	2.247191011235955	1	0.22505319471249016	0.916691905832938	FALSE	0	2		NOP53;ATM
GO:0032611	interleukin-1 beta production	83	10	1.43	6.993006993006993	1	1.5110831254073868e-6	5.9342393024927235e-5	FALSE	10	0	NLRC4;AIM2;CARD16;LILRB4;GBP5;CASP1;IL1B;LILRA5;NAIP;PML	
GO:0043401	steroid hormone receptor signaling pathway	113	4	1.94	2.061855670103093	1	0.13044282609837432	0.7478359310624213	FALSE	3	1	DEFA1;DEFA1;DEFA3	LBH
GO:0032612	interleukin-1 production	96	11	1.65	6.666666666666667	1	7.486996409206548e-7	3.3196376014369034e-5	FALSE	11	0	NLRC4;AIM2;CARD16;LILRB4;GBP5;CASP1;IL1B;CEACAM1;LILRA5;NAIP;PML	
GO:0016444	somatic cell DNA recombination	50	1	0.86	1.1627906976744187	1	0.5806952239502567	1	FALSE	1	0	TNFSF13	
GO:0032613	interleukin-10 production	49	5	0.84	5.9523809523809526	1	0.0014840736924696238	0.025183448028388865	FALSE	5	0	PDCD1LG2;LILRB4;CD274;LILRA5;ISG15	
GO:0016445	somatic diversification of immunoglobulins	53	1	0.91	1.0989010989010988	1	0.60204334409759	1	FALSE	1	0	TNFSF13	
GO:0032615	interleukin-12 production	47	2	0.81	2.4691358024691357	1	0.19350094256513375	0.8705958937995952	FALSE	2	0	MAPK14;LILRA5	
GO:0043405	regulation of MAP kinase activity	51	1	0.88	1.1363636363636365	1	0.587935018644641	1	FALSE	1	0	S100A12	
GO:0016447	somatic recombination of immunoglobulin gene segments	46	1	0.79	1.2658227848101264	1	0.5504474807082268	1	FALSE	1	0	TNFSF13	
GO:0032616	interleukin-13 production	19	1	0.33	3.0303030303030303	1	0.2809968575851538	0.9794722429446581	FALSE	1	0	LILRA5	
GO:0044843	cell cycle G1/S phase transition	214	2	3.68	0.5434782608695652	1	0.8861934541560157	1	FALSE	2	0	SMARCD3;PSME2	
GO:0032640	tumor necrosis factor production	149	9	2.56	3.515625	1	0.0010933934788287004	0.019572267062173108	FALSE	8	1	FCGR1A;LILRB4;CLU;PSMB9;LILRA5;LTF;OAS1;OAS3	CD2
GO:0032642	regulation of chemokine production	70	5	1.2	4.166666666666667	1	0.0070445729639732795	0.08986325326200717	FALSE	5	0	LILRB4;IL1B;FFAR2;OAS1;OAS3	
GO:0032645	regulation of granulocyte macrophage colony-stimulating factor production	11	1	0.19	5.2631578947368425	1	0.17380999765353933	0.8359865149344068	FALSE	1	0	IL1B	
GO:0032647	regulation of interferon-alpha production	28	2	0.48	4.166666666666667	1	0.08315894503275534	0.5618865958676292	FALSE	2	0	STAT1;IRF7	
GO:0032648	regulation of interferon-beta production	57	4	0.98	4.081632653061225	1	0.016541323260966283	0.17224279410756177	FALSE	4	0	IRF7;OAS1;OAS3;ISG15	
GO:0032649	regulation of type II interferon production	103	9	1.77	5.084745762711864	1	6.95208222308582e-5	0.0017217363992128756	FALSE	8	1	PDCD1LG2;IL18RAP;LILRB4;CD274;IL1B;CR1;PSMB9;ISG15	CD2
GO:0099587	inorganic ion import across plasma membrane	88	4	1.51	2.6490066225165565	1	0.06509743588285231	0.4709285558998974	FALSE	3	1	CACNA1E;KCNJ15;LCN2	MS4A1
GO:0050708	regulation of protein secretion	170	5	2.92	1.7123287671232876	1	0.16946184239307135	0.8359865149344068	FALSE	4	1	IL1B;RHBDF2;HCAR2;RSAD2	PRKACB
GO:0044839	cell cycle G2/M phase transition	133	4	2.29	1.7467248908296944	1	0.1961504090307187	0.8766098208394166	FALSE	1	3	SMARCD3	NOP53;CDC25B;ATM
GO:0032633	interleukin-4 production	25	1	0.43	2.3255813953488373	1	0.35219428068188696	1	FALSE	1	0	FCER1G	
GO:0032634	interleukin-5 production	13	1	0.22	4.545454545454546	1	0.20201248508612968	0.8766098208394166	FALSE	1	0	LILRB4	
GO:0032635	interleukin-6 production	113	4	1.94	2.061855670103093	1	0.13044282609837432	0.7478359310624213	FALSE	3	1	LILRB4;IL1B;LILRA5	KLF2
GO:0032637	interleukin-8 production	73	4	1.26	3.1746031746031744	1	0.03693271630446644	0.318269708843192	FALSE	3	1	TLR5;IL1B;FFAR2	CD2
GO:0030323	respiratory tube development	46	2	0.79	2.531645569620253	1	0.1872594648145189	0.8557998455231163	FALSE	2	0	LTA4H;CRISPLD2	
GO:0001562	response to protozoan	15	4	0.26	15.384615384615383	1	1.0027310695690513e-4	0.0024393873541994	FALSE	4	0	BATF2;GBP1;GBP2;GBP4	
GO:0032006	regulation of TOR signaling	139	3	2.39	1.2552301255230125	1	0.4293291743223029	1	FALSE	0	3		ATM;PRKACB;OGT
GO:0032007	negative regulation of TOR signaling	67	2	1.15	1.7391304347826089	1	0.3207314851197859	1	FALSE	0	2		ATM;PRKACB
GO:0012501	programmed cell death	1458	47	25.08	1.8740031897926637	1	1.4544856234318722e-5	4.2993343858217385e-4	FALSE	32	15	NLRC4;SEPTIN4;MAPK14;ICAM1;CARD16;SH3GLB1;KREMEN1;VNN1;GADD45B;SOCS3;CD274;CASP5;PLSCR1;GRINA;CASP1;IL1B;CLU;CASP4;LCN2;STAT1;NAIP;HCAR2;TNFSF10;LTF;IRF7;XAF1;IFIT3;PML;MMP9;S100A8;IFI6;IFIT2	IKZF3;TMC8;FCMR;TLE5;LCK;CD3G;CD3E;NOP53;ETS1;CD2;ANXA6;IL7R;ATM;OGT;FBXO7
GO:0032008	positive regulation of TOR signaling	71	1	1.22	0.819672131147541	1	0.7092215499885406	1	FALSE	0	1		OGT
GO:0001568	blood vessel development	447	19	7.69	2.47074122236671	1	2.6605208411840844e-4	0.0056441789935526366	FALSE	15	4	ADM;HPSE;C3AR1;LRG1;IL1B;CEACAM1;ANXA3;TYMP;WARS1;ITGA2B;SEMA4A;STAT1;SPARC;STAB1;PML	KLF2;S1PR1;ETS1;RORA
GO:0009595	detection of biotic stimulus	34	3	0.58	5.172413793103448	1	0.020306337274968052	0.2007989970103855	FALSE	3	0	NLRC4;PGLYRP1;NAIP	
GO:1902946	protein localization to early endosome	13	1	0.22	4.545454545454546	1	0.20201248508612968	0.8766098208394166	FALSE	0	1		EZR
GO:0050891	multicellular organismal-level water homeostasis	23	1	0.4	2.5	1	0.32927820910169614	1	FALSE	0	1		PRKACB
GO:0022029	telencephalon cell migration	28	1	0.48	2.0833333333333335	1	0.385114851703767	1	FALSE	0	1		SUN2
GO:0050896	response to stimulus	6465	175	111.2	1.5737410071942446	1	2.49137649727413e-18	4.418576768391344e-16	FALSE	127	48	DUSP3;C1QB;C1QA;SMARCD3;C2;CDK5RAP2;C1QC;NLRC4;PDCD1LG2;H2BC21;SEPTIN4;H2BC12;ST3GAL4;HP;LIMK1;MAPK14;AIM2;ASGR2;TLR5;FCER1G;IL18RAP;ICAM1;CARD16;TIFA;SH3GLB1;KREMEN1;OSCAR;FCGR1A;SCARF1;SERPING1;VNN1;TNFSF13;GADD45B;SOCS3;ADM;BATF2;SORT1;LILRB4;FBXO6;CD274;NPC2;HPSE;CASP5;MARCO;GBP5;ANKRD22;SECTM1;C3AR1;PLSCR1;DYSF;PGLYRP1;GBP1;GRINA;LRG1;TREML1;IFITM1;CASP1;IL1B;CLU;CR1;PSMB9;CEACAM1;CASP4;GBP2;CALHM6;TRIM21;RHBDF2;MSRB1;ANXA3;APOL1;LTA4H;TAP1;LCN2;UBE2L6;PSME2;CD177;TYMP;WARS1;IFITM3;ITGA2B;P2RY14;FFAR2;LILRA5;PPBP;S100A12;PARP9;HCAR3;SEMA4A;TNFAIP6;ALPL;CLEC4E;LILRA6;GBP4;APOL2;STAT1;TRIM22;TNFSF13B;NAIP;DEFA1;HCAR2;MYL9;TNFSF10;LTF;ACSL1;IRF7;IFI44;STAB1;IFI35;XAF1;IFIT3;MT2A;PML;MMP9;GP1BB;OAS1;IFI44L;S100A8;PARP14;RSAD2;IFI6;LY6E;OAS3;DEFA1;OASL;IFIT2;ISG15;DEFA3	ZFP36L2;KLF2;TRAC;EVL;TRBC1;LBH;TMC8;FCMR;S1PR1;TLE5;LCK;CABIN1;TRBC2;CD6;ZAP70;CD3G;CD3E;PTPRCAP;NOP53;ETS1;TCF7;CD5;CD79A;CD2;MS4A1;EZR;BCL9L;ANXA6;AHNAK;IL32;TNFRSF13C;CD247;GPR183;CLEC2D;RORA;ITK;CD22;IL7R;RUNX3;ATM;PRKACB;CD79B;IGHM;CD8A;OGT;FBXO7;HBA2;GNLY
GO:0060828	regulation of canonical Wnt signaling pathway	192	3	3.3	0.9090909090909092	1	0.6452596939177666	1	FALSE	2	1	MAPK14;KREMEN1	TLE5
GO:1901099	negative regulation of signal transduction in absence of ligand	21	2	0.36	5.555555555555555	1	0.049923436717661404	0.3876822811775458	FALSE	2	0	IL1B;IFI6	
GO:0032602	chemokine production	70	5	1.2	4.166666666666667	1	0.0070445729639732795	0.08986325326200717	FALSE	5	0	LILRB4;IL1B;FFAR2;OAS1;OAS3	
GO:0006892	post-Golgi vesicle-mediated transport	113	2	1.94	1.0309278350515465	1	0.5819385185062157	1	FALSE	2	0	VAMP5;SORT1	
GO:0002360	T cell lineage commitment	30	1	0.52	1.923076923076923	1	0.4061310653788047	1	FALSE	1	0	SOCS3	
GO:0032604	granulocyte macrophage colony-stimulating factor production	11	1	0.19	5.2631578947368425	1	0.17380999765353933	0.8359865149344068	FALSE	1	0	IL1B	
GO:0090257	regulation of muscle system process	162	1	2.79	0.35842293906810035	1	0.9408794949304835	1	FALSE	1	0	MYL9	
GO:0032606	type I interferon production	130	7	2.24	3.1249999999999996	1	0.007195911847546784	0.09136979985637925	FALSE	7	0	TRIM21;STAT1;IRF7;XAF1;OAS1;OAS3;ISG15	
GO:0002363	alpha-beta T cell lineage commitment	29	1	0.5	2	1	0.3957139152715863	1	FALSE	1	0	SOCS3	
GO:0006896	Golgi to vacuole transport	25	1	0.43	2.3255813953488373	1	0.35219428068188696	1	FALSE	1	0	SORT1	
GO:0032607	interferon-alpha production	28	2	0.48	4.166666666666667	1	0.08315894503275534	0.5618865958676292	FALSE	2	0	STAT1;IRF7	
GO:0032608	interferon-beta production	57	4	0.98	4.081632653061225	1	0.016541323260966283	0.17224279410756177	FALSE	4	0	IRF7;OAS1;OAS3;ISG15	
GO:0002366	leukocyte activation involved in immune response	237	16	4.08	3.9215686274509802	1	3.389598996555706e-6	1.1794946381685614e-4	FALSE	14	2	FCER1G;IL18RAP;ICAM1;TNFSF13;SOCS3;DYSF;IL1B;CR1;PSMB9;CEACAM1;ANXA3;CD177;SEMA4A;IFI35	GPR183;RORA
GO:0032609	type II interferon production	103	9	1.77	5.084745762711864	1	6.95208222308582e-5	0.0017217363992128756	FALSE	8	1	PDCD1LG2;IL18RAP;LILRB4;CD274;IL1B;CR1;PSMB9;ISG15	CD2
GO:0002367	cytokine production involved in immune response	84	6	1.44	4.166666666666667	1	0.0032284301527075367	0.048268239409800004	FALSE	6	0	LILRB4;SECTM1;IL1B;CALHM6;FFAR2;RSAD2	
GO:0002369	T cell cytokine production	36	4	0.62	6.451612903225807	1	0.003261475619529024	0.04833313465275087	FALSE	4	0	LILRB4;SECTM1;IL1B;RSAD2	
GO:0030334	regulation of cell migration	708	22	12.18	1.80623973727422	1	0.005298438339446268	0.07073724843542556	FALSE	15	7	DUSP3;ST3GAL4;ICAM1;HPSE;C3AR1;IFITM1;IL1B;CEACAM1;ANXA3;LCN2;ITGA2B;SEMA4A;TNFAIP6;SPARC;MMP9	EVL;SUN2;S1PR1;ETS1;GPR183;ATM;OGT
GO:0001570	vasculogenesis	40	2	0.69	2.8985507246376816	1	0.15053355153933923	0.8118465594849227	FALSE	2	0	ADM;CEACAM1	
GO:1900225	regulation of NLRP3 inflammasome complex assembly	42	1	0.72	1.3888888888888888	1	0.5180279838813997	1	FALSE	1	0	GBP5	
GO:0090287	regulation of cellular response to growth factor stimulus	205	5	3.53	1.41643059490085	1	0.27798939096001013	0.9794722429446581	FALSE	3	2	LRG1;IL1B;TNFAIP6	BCL9L;OGT
GO:0090288	negative regulation of cellular response to growth factor stimulus	61	1	1.05	0.9523809523809523	1	0.6538272316830465	1	FALSE	1	0	TNFAIP6	
GO:1903747	regulation of protein localization to mitochondrion	46	1	0.79	1.2658227848101264	1	0.5504474807082268	1	FALSE	1	0	SH3GLB1	
GO:0099536	synaptic signaling	497	6	8.55	0.7017543859649122	1	0.8612467822671199	1	FALSE	5	1	CACNA1E;DYSF;IL1B;STX11;LY6E	SLC38A1
GO:0099537	trans-synaptic signaling	473	5	8.14	0.6142506142506142	1	0.9137355080965002	1	FALSE	4	1	CACNA1E;DYSF;IL1B;STX11	SLC38A1
GO:0009566	fertilization	79	1	1.36	0.7352941176470588	1	0.7471075060242061	1	FALSE	1	0	LHFPL2	
GO:0022030	telencephalon glial cell migration	17	1	0.29	3.4482758620689657	1	0.2555740156963897	0.9591439851868605	FALSE	0	1		SUN2
GO:1901698	response to nitrogen compound	653	16	11.23	1.4247551202137132	1	0.09812583271766344	0.6309892728441094	FALSE	14	2	MAPK14;ICAM1;SORT1;IL1B;CEACAM1;CASP4;LTA4H;LCN2;ALPL;STAT1;MMP9;OAS1;LY6E;OAS3	KLF2;OGT
GO:1901699	cellular response to nitrogen compound	481	10	8.27	1.2091898428053205	1	0.31525318385710066	1	FALSE	8	2	ICAM1;IL1B;CEACAM1;CASP4;LCN2;OAS1;LY6E;OAS3	KLF2;OGT
GO:0001523	retinoid metabolic process	48	1	0.83	1.2048192771084338	1	0.5658335327837629	1	FALSE	1	0	DHRS9	
GO:0002381	immunoglobulin production involved in immunoglobulin-mediated immune response	39	1	0.67	1.4925373134328357	1	0.49219519708449	1	FALSE	1	0	TNFSF13	
GO:0022613	ribonucleoprotein complex biogenesis	479	4	8.24	0.4854368932038835	1	0.967361331540481	1	FALSE	0	4		NOP53;RPS28;RPS4X;ATM
GO:0030947	regulation of vascular endothelial growth factor receptor signaling pathway	26	1	0.45	2.2222222222222223	1	0.36335827947285637	1	FALSE	1	0	IL1B	
GO:0022037	metencephalon development	50	1	0.86	1.1627906976744187	1	0.5806952239502567	1	FALSE	0	1		CD3E
GO:0016197	endosomal transport	287	3	4.94	0.6072874493927125	1	0.8749081754134589	1	FALSE	1	2	SORT1	ARL4C;EZR
GO:0090277	positive regulation of peptide hormone secretion	67	1	1.15	0.8695652173913044	1	0.6882105315238001	1	FALSE	0	1		PRKACB
GO:0090279	regulation of calcium ion import	29	1	0.5	2	1	0.3957139152715863	1	FALSE	0	1		MS4A1
GO:0050863	regulation of T cell activation	303	19	5.21	3.6468330134357005	1	1.221246414309762e-6	5.0107558103545305e-5	FALSE	9	10	DUSP3;SMARCD3;PDCD1LG2;VNN1;LILRB4;CD274;IL1B;CR1;PSMB9	LCK;CD6;ZAP70;CD3E;TCF7;CD5;CD2;TNFRSF13C;IL7R;RUNX3
GO:0050864	regulation of B cell activation	97	9	1.67	5.389221556886228	1	4.327781322635397e-5	0.0011439491207619911	FALSE	3	6	TNFSF13;CR1;TNFSF13B	ZFP36L2;IKZF3;TNFRSF13C;GPR183;CD22;ATM
GO:0050865	regulation of cell activation	500	31	8.6	3.604651162790698	1	5.359519787839923e-10	3.9288853058058535e-8	FALSE	16	15	DUSP3;SMARCD3;PDCD1LG2;FCER1G;VNN1;TNFSF13;LILRB4;CD274;PLSCR1;IL1B;CR1;PSMB9;CEACAM1;LILRA5;TNFSF13B;GP1BB	ZFP36L2;IKZF3;LCK;CD6;ZAP70;CD3E;TCF7;CD5;CD2;TNFRSF13C;GPR183;CD22;IL7R;RUNX3;ATM
GO:0050866	negative regulation of cell activation	166	9	2.86	3.146853146853147	1	0.0023092606581998415	0.03648366407696186	FALSE	7	2	DUSP3;PDCD1LG2;LILRB4;CD274;CR1;PSMB9;CEACAM1	RUNX3;ATM
GO:0006862	nucleotide transport	41	2	0.71	2.8169014084507045	1	0.156552911321929	0.817969030746646	FALSE	2	0	CR1;CALHM6	
GO:1902903	regulation of supramolecular fiber organization	303	6	5.21	1.1516314779270633	1	0.4218801364963639	1	FALSE	3	3	CDK5RAP2;LIMK1;CLU	EVL;S1PR1;SPTAN1
GO:1902904	negative regulation of supramolecular fiber organization	126	3	2.17	1.3824884792626728	1	0.36909336935925696	1	FALSE	1	2	CLU	S1PR1;SPTAN1
GO:0072210	metanephric nephron development	19	1	0.33	3.0303030303030303	1	0.2809968575851538	0.9794722429446581	FALSE	1	0	STAT1	
GO:0006865	amino acid transport	105	1	1.81	0.5524861878453039	1	0.8394376263315729	1	FALSE	0	1		SLC38A1
GO:0141193	nuclear receptor-mediated signaling pathway	150	5	2.58	1.937984496124031	1	0.11690985817692542	0.7055657522027837	FALSE	3	2	DEFA1;DEFA1;DEFA3	KLF2;LBH
GO:0050851	antigen receptor-mediated signaling pathway	187	25	3.22	7.763975155279502	1	1.354495330518496e-15	1.8617538317976726e-13	FALSE	6	19	DUSP3;PDCD1LG2;LILRB4;CD274;GBP1;CEACAM1	TRAC;TRBC1;FCMR;LCK;TRBC2;ZAP70;CD3G;CD3E;CD5;CD79A;MS4A1;EZR;CD247;CLEC2D;ITK;CD22;CD79B;IGHM;CD8A
GO:0150115	cell-substrate junction organization	86	1	1.48	0.6756756756756757	1	0.7762013415941081	1	FALSE	1	0	DUSP3	
GO:0150116	regulation of cell-substrate junction organization	61	1	1.05	0.9523809523809523	1	0.6538272316830465	1	FALSE	1	0	DUSP3	
GO:0002377	immunoglobulin production	78	3	1.34	2.2388059701492535	1	0.15076306606658893	0.8118465594849227	FALSE	2	1	TNFSF13;CR1	CD22
GO:0120031	plasma membrane bounded cell projection assembly	478	6	8.22	0.7299270072992701	1	0.8355514949756135	1	FALSE	1	5	LIMK2	EVL;S1PR1;SEPTIN9;ABLIM1;EZR
GO:0048499	synaptic vesicle membrane organization	23	1	0.4	2.5	1	0.32927820910169614	1	FALSE	1	0	STX11	
GO:0050854	regulation of antigen receptor-mediated signaling pathway	69	11	1.19	9.243697478991598	1	2.326702845489408e-8	1.4536604823296324e-6	FALSE	6	5	DUSP3;PDCD1LG2;LILRB4;CD274;GBP1;CEACAM1	FCMR;LCK;CD5;EZR;CD22
GO:0120032	regulation of plasma membrane bounded cell projection assembly	175	3	3.01	0.9966777408637875	1	0.582532287316839	1	FALSE	1	2	LIMK2	EVL;SEPTIN9
GO:0030301	cholesterol transport	84	2	1.44	1.3888888888888888	1	0.4253438434120327	1	FALSE	2	0	NPC2;CLU	
GO:0050856	regulation of T cell receptor signaling pathway	52	8	0.89	8.98876404494382	1	2.6579349885716497e-6	9.489173095562942e-5	FALSE	6	2	DUSP3;PDCD1LG2;LILRB4;CD274;GBP1;CEACAM1	LCK;EZR
GO:0036293	response to decreased oxygen levels	223	4	3.84	1.0416666666666667	1	0.5367152124155072	1	FALSE	2	2	LCN2;PML	NOP53;RORA
GO:0120034	positive regulation of plasma membrane bounded cell projection assembly	96	1	1.65	0.6060606060606061	1	0.8120762305508347	1	FALSE	0	1		SEPTIN9
GO:0050857	positive regulation of antigen receptor-mediated signaling pathway	22	1	0.38	2.6315789473684212	1	0.31751930342504753	1	FALSE	0	1		LCK
GO:0120035	regulation of plasma membrane bounded cell projection organization	468	8	8.05	0.9937888198757763	1	0.5578781341118376	1	FALSE	4	4	LIMK1;KREMEN1;SCARF1;LIMK2	EVL;SEPTIN9;EZR;FBXO7
GO:0036294	cellular response to decreased oxygen levels	121	3	2.08	1.4423076923076923	1	0.3455882893317638	1	FALSE	1	2	LCN2	NOP53;RORA
GO:0050858	negative regulation of antigen receptor-mediated signaling pathway	42	9	0.72	12.5	1	3.0648663921953594e-8	1.7926207898180942e-6	FALSE	6	3	DUSP3;PDCD1LG2;LILRB4;CD274;GBP1;CEACAM1	CD5;EZR;CD22
GO:0120036	plasma membrane bounded cell projection organization	1102	12	18.96	0.6329113924050632	1	0.9710634645206626	1	FALSE	5	7	LIMK1;KREMEN1;SCARF1;LIMK2;SEMA4A	EVL;S1PR1;CD3E;SEPTIN9;ABLIM1;EZR;FBXO7
GO:0043170	macromolecule metabolic process	7032	119	120.96	0.9837962962962964	1	0.6293255181053401	1	FALSE	81	38	GYG1;FAM20A;DUSP3;SMARCD3;C2;CDK5RAP2;NLRC4;PDCD1LG2;SEPTIN4;ST3GAL4;ZNF438;HP;LIMK1;MAPK14;AIM2;TLR5;FCER1G;IL18RAP;LMNB1;CARD16;SH3GLB1;FCGR1A;TNFSF13;SOCS3;BATF2;LILRB4;FBXO6;CD274;CTSA;LIMK2;HPSE;CASP5;GBP5;SECTM1;C3AR1;PLSCR1;PGLYRP1;GBP1;CASP1;IL1B;CLU;CR1;PSMB9;CEACAM1;CASP4;CALHM6;TRIM21;RHBDF2;MSRB1;APOL1;LTA4H;ETV7;LCN2;UBE2L6;PSME2;WARS1;APOL6;FFAR2;LILRA5;S100A12;PARP9;LAP3;TNFAIP6;CLEC4E;APOL2;STAT1;TRIM22;TNFSF13B;NAIP;LTF;IRF7;XAF1;PML;MMP9;GP1BB;OAS1;S100A8;PARP14;RSAD2;OAS3;ISG15	ZFP36L2;KLF2;RPL18A;ST6GAL1;IKZF3;LBH;BCL11B;S1PR1;TLE5;CABIN1;CD6;ZAP70;CD3E;NOP53;ETS1;PBXIP1;RPS28;TCF7;CDC25B;CD2;EZR;BCL9L;RPL3;RPL23A;AHNAK;IL32;RORA;ITK;CD22;IL7R;RUNX3;RPS4X;ATM;MBNL1;PRKACB;IGHM;OGT;FBXO7
GO:0036296	response to increased oxygen levels	23	1	0.4	2.5	1	0.32927820910169614	1	FALSE	1	0	LCN2	
GO:0120039	plasma membrane bounded cell projection morphogenesis	411	3	7.07	0.4243281471004243	1	0.974429351640834	1	FALSE	2	1	LIMK1;SEMA4A	EVL
GO:0099500	vesicle fusion to plasma membrane	18	1	0.31	3.2258064516129035	1	0.26839537273077707	0.9689020087155695	FALSE	1	0	STX11	
GO:0072243	metanephric nephron epithelium development	11	1	0.19	5.2631578947368425	1	0.17380999765353933	0.8359865149344068	FALSE	1	0	STAT1	
GO:0099504	synaptic vesicle cycle	171	1	2.94	0.3401360544217687	1	0.9495277613847288	1	FALSE	1	0	STX11	
GO:0050886	endocrine process	56	2	0.96	2.0833333333333335	1	0.2505578131256704	0.9591439851868605	FALSE	2	0	IL1B;HCAR2	
GO:0110053	regulation of actin filament organization	209	4	3.6	1.1111111111111112	1	0.4858079483649974	1	FALSE	1	3	LIMK1	EVL;S1PR1;SPTAN1
GO:0043122	regulation of canonical NF-kappaB signal transduction	290	14	4.99	2.8056112224448895	1	5.009612403760088e-4	0.009766967729032966	FALSE	11	3	CARD16;TIFA;LILRB4;SECTM1;CASP1;IL1B;S100A12;STAT1;TRIM22;TNFSF10;LTF	TMC8;RORA;FBXO7
GO:0014706	striated muscle tissue development	170	1	2.92	0.3424657534246575	1	0.9486327104082738	1	FALSE	0	1		S1PR1
GO:0002312	B cell activation involved in immune response	59	3	1.01	2.9702970297029703	1	0.08103385819588141	0.5576021931926858	FALSE	2	1	TNFSF13;CR1	GPR183
GO:0006885	regulation of pH	85	1	1.46	0.684931506849315	1	0.7722586670371198	1	FALSE	1	0	RAB20	
GO:0022008	neurogenesis	1045	19	17.98	1.0567296996662958	1	0.4351842583670899	1	FALSE	12	7	C1QA;SMARCD3;CDK5RAP2;SEPTIN4;LIMK1;KREMEN1;SCARF1;VCAN;IL1B;CLU;RHBDF2;SEMA4A	EVL;SUN2;S1PR1;CD3E;GPR183;RUNX3;FBXO7
GO:0050870	positive regulation of T cell activation	199	15	3.42	4.385964912280702	1	1.7740516942141735e-6	6.77342792693717e-5	FALSE	7	8	SMARCD3;PDCD1LG2;VNN1;LILRB4;CD274;IL1B;CR1	LCK;CD6;ZAP70;CD3E;CD5;TNFRSF13C;IL7R;RUNX3
GO:0006887	exocytosis	286	7	4.92	1.4227642276422765	1	0.22304240411466572	0.916691905832938	FALSE	6	1	SEPTIN4;FCER1G;CEACAM1;ANXA3;CD177;STX11	SEPTIN1
GO:0050871	positive regulation of B cell activation	58	4	1	4	1	0.01753344737622982	0.17851646976761398	FALSE	2	2	TNFSF13;TNFSF13B	TNFRSF13C;GPR183
GO:0001539	cilium or flagellum-dependent cell motility	142	1	2.44	0.4098360655737705	1	0.9160148770125145	1	FALSE	1	0	SEPTIN4	
GO:1903706	regulation of hemopoiesis	324	22	5.57	3.949730700179533	1	4.171494342425538e-8	2.3890495723599595e-6	FALSE	13	9	SMARCD3;C1QC;MAPK14;VNN1;LILRB4;CR1;PSMB9;CEACAM1;TNFAIP6;STAT1;LTF;IRF7;ISG15	ZFP36L2;IKZF3;ZAP70;EEIG1;ETS1;TCF7;CD2;IL7R;RUNX3
GO:1903707	negative regulation of hemopoiesis	88	8	1.51	5.298013245033113	1	1.3350924972432062e-4	0.003086148727034774	FALSE	7	1	C1QC;LILRB4;CR1;PSMB9;CEACAM1;TNFAIP6;LTF	RUNX3
GO:1903708	positive regulation of hemopoiesis	147	8	2.53	3.16205533596838	1	0.003904278266891805	0.055466981683129565	FALSE	4	4	SMARCD3;VNN1;LILRB4;CR1	ZAP70;EEIG1;IL7R;RUNX3
GO:1901652	response to peptide	667	50	11.47	4.3591979075850045	1	3.607252287608977e-19	7.627951183566983e-17	FALSE	42	8	MAPK14;AIM2;FCER1G;IL18RAP;CARD16;TIFA;SOCS3;LILRB4;CD274;GBP5;PLSCR1;GBP1;IFITM1;CASP1;IL1B;PSMB9;CEACAM1;CASP4;GBP2;TRIM21;LCN2;PSME2;IFITM3;LILRA5;PARP9;ALPL;LILRA6;GBP4;STAT1;TNFSF13B;NAIP;IRF7;XAF1;IFIT3;MT2A;PML;OAS1;PARP14;OAS3;OASL;IFIT2;ISG15	ZFP36L2;KLF2;TMC8;TLE5;TCF7;EZR;TNFRSF13C;IL7R
GO:0050877	nervous system process	580	4	9.98	0.4008016032064128	1	0.9910539472178119	1	FALSE	2	2	ST3GAL4;LCN2	S1PR1;ABLIM1
GO:0030900	forebrain development	185	1	3.18	0.31446540880503143	1	0.9605439543352312	1	FALSE	0	1		SUN2
GO:0050878	regulation of body fluid levels	236	13	4.06	3.201970443349754	1	2.2552315149067695e-4	0.004900894414607676	FALSE	11	2	ST3GAL4;MAPK14;FCER1G;SERPING1;ADM;HPSE;PLSCR1;TREML1;CEACAM1;MYL9;GP1BB	LCK;PRKACB
GO:0030901	midbrain development	59	1	1.01	0.9900990099009901	1	0.6415471069913457	1	FALSE	1	0	CASP5	
GO:0090231	regulation of spindle checkpoint	31	1	0.53	1.8867924528301885	1	0.41636941071669764	1	FALSE	1	0	CDK5RAP2	
GO:0021795	cerebral cortex cell migration	25	1	0.43	2.3255813953488373	1	0.35219428068188696	1	FALSE	0	1		SUN2
GO:0043112	receptor metabolic process	66	1	1.14	0.8771929824561404	1	0.6827257696371731	1	FALSE	1	0	SH3GLB1	
GO:0006873	intracellular monoatomic ion homeostasis	312	6	5.37	1.1173184357541899	1	0.44938490745167303	1	FALSE	4	2	RAB20;LCN2;MT2A;PML	TMC8;ANXA6
GO:0043113	receptor clustering	39	1	0.67	1.4925373134328357	1	0.49219519708449	1	FALSE	1	0	TNFAIP6	
GO:0006874	intracellular calcium ion homeostasis	114	2	1.96	1.0204081632653061	1	0.5867484911090917	1	FALSE	1	1	PML	ANXA6
GO:0043114	regulation of vascular permeability	35	2	0.6	3.3333333333333335	1	0.12123418237142373	0.7190350967401162	FALSE	2	0	ADM;CEACAM1	
GO:0021799	cerebral cortex radially oriented cell migration	20	1	0.34	2.941176470588235	1	0.2933822244989184	0.99815313755882	FALSE	0	1		SUN2
GO:0002920	regulation of humoral immune response	27	4	0.46	8.695652173913043	1	0.0010964456629955104	0.019572267062173108	FALSE	4	0	SERPING1;IL1B;CLU;CR1	
GO:0002921	negative regulation of humoral immune response	15	3	0.26	11.538461538461538	1	0.0019613233371447744	0.031530279846847864	FALSE	3	0	SERPING1;CLU;CR1	
GO:0050820	positive regulation of coagulation	22	2	0.38	5.2631578947368425	1	0.05430823360958085	0.41355494236215445	FALSE	2	0	ST3GAL4;HPSE	
GO:0002347	response to tumor cell	46	2	0.79	2.531645569620253	1	0.1872594648145189	0.8557998455231163	FALSE	2	0	CD274;CEACAM1	
GO:0048468	cell development	1739	60	29.91	2.0060180541624875	1	5.7097431356004454e-8	3.203282424441964e-6	FALSE	33	27	C1QA;SMARCD3;C1QC;LIMK1;MAPK14;IL18RAP;ICAM1;KREMEN1;OSCAR;SCARF1;VNN1;SOCS3;ADM;BATF2;LILRB4;HPSE;RAB24;IL1B;CLU;CR1;PSMB9;CEACAM1;SEMA4A;TNFAIP6;STAT1;TNFSF13B;MYL9;LTF;IRF7;MMP9;GP1BB;RSAD2;ISG15	ZFP36L2;EVL;IKZF3;LCK;ZAP70;CD3G;EEIG1;CD3E;ETS1;PBXIP1;TCF7;CD79A;CD2;MS4A1;EZR;GPR183;RORA;ITK;IL7R;RUNX3;ATM;CD79B;IGHM;CD8A;OGT;FBXO7;HBA2
GO:0048469	cell maturation	87	3	1.5	2	1	0.1887314557607766	0.8582676127152603	FALSE	3	0	C1QA;SCARF1;RAB24	
GO:0006820	monoatomic anion transport	100	2	1.72	1.1627906976744187	1	0.5157245153899316	1	FALSE	2	0	SLC26A8;APOL1	
GO:0022600	digestive system process	55	1	0.95	1.0526315789473684	1	0.6156706733977799	1	FALSE	0	1		EZR
GO:0006821	chloride transport	70	2	1.2	1.6666666666666667	1	0.3396591409735764	1	FALSE	2	0	SLC26A8;APOL1	
GO:0070570	regulation of neuron projection regeneration	17	2	0.29	6.8965517241379315	1	0.03380819330296911	0.29582472196716797	FALSE	2	0	KREMEN1;SCARF1	
GO:0008299	isoprenoid biosynthetic process	25	1	0.43	2.3255813953488373	1	0.35219428068188696	1	FALSE	1	0	DHRS9	
GO:0070571	negative regulation of neuron projection regeneration	12	1	0.21	4.761904761904762	1	0.1880331417591714	0.8557998455231163	FALSE	1	0	KREMEN1	
GO:0022603	regulation of anatomical structure morphogenesis	569	19	9.79	1.940755873340143	1	0.0044355740282660564	0.06173869875292855	FALSE	15	4	LIMK1;ADM;HPSE;C3AR1;LRG1;IL1B;CEACAM1;ANXA3;LCN2;WARS1;SEMA4A;STAT1;SPARC;STAB1;PML	KLF2;ETS1;EZR;BCL9L
GO:0071396	cellular response to lipid	462	22	7.95	2.7672955974842766	1	1.569356395734758e-5	4.5895326934838833e-4	FALSE	17	5	PDCD1LG2;MAPK14;IL18RAP;CARD16;CD274;GBP5;CASP1;IL1B;GBP2;LCN2;FFAR2;PPBP;DEFA1;LTF;MMP9;DEFA1;DEFA3	ZFP36L2;LBH;CD6;RORA;ATM
GO:0050810	regulation of steroid biosynthetic process	53	1	0.91	1.0989010989010988	1	0.60204334409759	1	FALSE	1	0	ADM	
GO:0002335	mature B cell differentiation	24	2	0.41	4.878048780487805	1	0.06346313417192695	0.461534803805892	FALSE	1	1	CR1	GPR183
GO:0022607	cellular component assembly	2690	43	46.27	0.9293278582234709	1	0.7312126830908598	1	FALSE	25	18	DUSP3;CDK5RAP2;NLRC4;H2BC21;LIMK1;AIM2;LMNB1;TIFA;SH3GLB1;RAB20;LIMK2;CASP5;GBP5;GBP1;CASP1;IL1B;CLU;CASP4;GBP2;MSRB1;SEMA4A;MYL9;PML;OAS1;ISG15	EVL;TMC8;S1PR1;CABIN1;CD3G;CD3E;NOP53;SPOCK2;RPS28;SEPTIN9;SPTAN1;MS4A1;ABLIM1;EZR;CD247;ATM;PRKACB;OGT
GO:0019222	regulation of metabolic process	4875	92	83.86	1.097066539470546	1	0.1449135064553916	0.7943514042789064	FALSE	62	30	FAM20A;SMARCD3;CDK5RAP2;NLRC4;PDCD1LG2;SEPTIN4;ZNF438;HP;MAPK14;AIM2;TLR5;FCER1G;IL18RAP;LMNB1;CARD16;SH3GLB1;FCGR1A;TNFSF13;ADM;BATF2;LILRB4;CD274;CTSA;NPC2;HPSE;GBP5;SECTM1;C3AR1;PLSCR1;GBP1;CASP1;IL1B;CLU;CR1;PSMB9;CEACAM1;CALHM6;TRIM21;ETV7;LCN2;PSME2;CD177;FFAR2;LILRA5;S100A12;PARP9;HCAR3;CLEC4E;STAT1;TRIM22;NAIP;HCAR2;LTF;IRF7;XAF1;PML;MMP9;OAS1;PARP14;RSAD2;OAS3;ISG15	ZFP36L2;KLF2;IKZF3;LBH;BCL11B;S1PR1;TLE5;CABIN1;CD6;CD3E;NOP53;ETS1;PBXIP1;TCF7;CD2;EZR;BCL9L;AHNAK;IL32;RORA;ITK;CD22;IL7R;RUNX3;RPS4X;ATM;MBNL1;IGHM;OGT;FBXO7
GO:0110020	regulation of actomyosin structure organization	76	3	1.31	2.2900763358778624	1	0.14269054592791677	0.7852979194311175	FALSE	1	2	LIMK1	EVL;S1PR1
GO:0050817	coagulation	171	11	2.94	3.741496598639456	1	1.8130932175570833e-4	0.0040357840121979125	FALSE	10	1	ST3GAL4;MAPK14;FCER1G;SERPING1;HPSE;PLSCR1;TREML1;CEACAM1;MYL9;GP1BB	LCK
GO:0080090	regulation of primary metabolic process	4064	59	69.91	0.8439422114146761	1	0.9525390035743546	1	FALSE	37	22	FAM20A;SMARCD3;CDK5RAP2;NLRC4;SEPTIN4;ZNF438;MAPK14;TNFSF13;ADM;BATF2;LILRB4;CD274;CTSA;NPC2;HPSE;PLSCR1;IL1B;CLU;CR1;CEACAM1;TRIM21;ETV7;PSME2;LILRA5;S100A12;PARP9;HCAR3;STAT1;TRIM22;HCAR2;IRF7;PML;MMP9;OAS1;PARP14;OAS3;ISG15	ZFP36L2;KLF2;IKZF3;LBH;BCL11B;S1PR1;TLE5;CABIN1;NOP53;ETS1;PBXIP1;TCF7;EZR;BCL9L;AHNAK;RORA;IL7R;RUNX3;RPS4X;ATM;MBNL1;OGT
GO:0050818	regulation of coagulation	54	4	0.93	4.301075268817204	1	0.013779303925012686	0.15243181686060311	FALSE	4	0	ST3GAL4;SERPING1;HPSE;CEACAM1	
GO:0050819	negative regulation of coagulation	37	2	0.64	3.125	1	0.13277984903530723	0.7510530967038264	FALSE	2	0	SERPING1;CEACAM1	
GO:0006810	transport	3373	69	58.02	1.189245087900724	1	0.05588317607670496	0.42262132334212366	FALSE	52	17	FLVCR2;C2;SLC26A8;CACNA1E;SEPTIN4;LIMK1;ASGR2;FCER1G;LMNB1;VPS9D1;VAMP5;SH3GLB1;FCGR1A;SCARF1;RAB20;ADM;SORT1;LILRB4;CTSA;NPC2;HPSE;MARCO;PLSCR1;DYSF;RAB24;GRINA;IL1B;CLU;CR1;CEACAM1;CALHM6;RHBDF2;ANXA3;APOL1;KCNJ15;TAP1;LCN2;CD177;STX11;APOL6;FFAR2;LILRA5;PPBP;APOL2;HCAR2;LTF;ACSL1;STAB1;PML;MMP9;GP1BB;RSAD2	SEPTIN1;TMC8;FCMR;SUN2;LCK;ATP8B2;CD6;CD3G;ARL4C;SLC38A1;ESYT1;MS4A1;EZR;ANXA6;CD22;PRKACB;HBA2
GO:0000280	nuclear division	347	4	5.97	0.6700167504187605	1	0.8518444767812694	1	FALSE	3	1	CDK5RAP2;RAB24;IL1B	ATM
GO:0006811	monoatomic ion transport	835	19	14.36	1.3231197771587744	1	0.12928521505606613	0.7450839752392575	FALSE	13	6	FLVCR2;SLC26A8;CACNA1E;GRINA;CALHM6;APOL1;KCNJ15;LCN2;LILRA5;LTF;PML;MMP9;GP1BB	TMC8;LCK;ATP8B2;SLC38A1;MS4A1;ANXA6
GO:0006812	monoatomic cation transport	721	15	12.4	1.2096774193548387	1	0.25971747891457514	0.9687426723692905	FALSE	11	4	FLVCR2;CACNA1E;GRINA;CALHM6;KCNJ15;LCN2;LILRA5;LTF;PML;MMP9;GP1BB	LCK;SLC38A1;MS4A1;ANXA6
GO:0006813	potassium ion transport	130	1	2.24	0.4464285714285714	1	0.8963502306519733	1	FALSE	1	0	KCNJ15	
GO:0006814	sodium ion transport	153	1	2.63	0.3802281368821293	1	0.930756965673239	1	FALSE	0	1		SLC38A1
GO:0000288	nuclear-transcribed mRNA catabolic process, deadenylation-dependent decay	68	1	1.17	0.8547008547008548	1	0.6936008863018237	1	FALSE	0	1		ZFP36L2
GO:0072207	metanephric epithelium development	11	1	0.19	5.2631578947368425	1	0.17380999765353933	0.8359865149344068	FALSE	1	0	STAT1	
GO:0141187	nucleic acid biosynthetic process	3482	37	59.89	0.6177992987143096	1	0.9999016481711969	1	FALSE	17	20	SMARCD3;CDK5RAP2;ZNF438;MAPK14;BATF2;LILRB4;CD274;PLSCR1;IL1B;TRIM21;ETV7;PARP9;STAT1;TRIM22;IRF7;PML;PARP14	KLF2;IKZF3;LBH;BCL11B;S1PR1;TLE5;CABIN1;NOP53;ETS1;PBXIP1;RPS28;TCF7;EZR;BCL9L;AHNAK;RORA;RUNX3;ATM;MBNL1;OGT
GO:0141188	nucleic acid catabolic process	362	3	6.23	0.4815409309791332	1	0.9509853379256997	1	FALSE	1	2	MAPK14	ZFP36L2;ATM
GO:0019217	regulation of fatty acid metabolic process	69	2	1.19	1.680672268907563	1	0.33336642366615776	1	FALSE	2	0	IL1B;CEACAM1	
GO:0019219	regulation of nucleobase-containing compound metabolic process	3063	39	52.69	0.7401784019738091	1	0.9896563289437301	1	FALSE	20	19	SMARCD3;CDK5RAP2;ZNF438;MAPK14;TNFSF13;BATF2;LILRB4;CD274;PLSCR1;IL1B;TRIM21;ETV7;PARP9;STAT1;TRIM22;IRF7;PML;OAS1;PARP14;OAS3	ZFP36L2;KLF2;IKZF3;LBH;BCL11B;S1PR1;TLE5;CABIN1;NOP53;ETS1;PBXIP1;TCF7;EZR;BCL9L;RORA;IL7R;RUNX3;ATM;OGT
GO:1990778	protein localization to cell periphery	289	4	4.97	0.8048289738430584	1	0.7363938576142446	1	FALSE	2	2	VAMP5;GBP1	EZR;OGT
GO:0000271	polysaccharide biosynthetic process	43	1	0.74	1.3513513513513513	1	0.5263447643003082	1	FALSE	1	0	GYG1	
GO:0106106	cold-induced thermogenesis	123	4	2.12	1.8867924528301885	1	0.16206471612255616	0.8296385560910743	FALSE	3	1	LCN2;ALPL;ACSL1	OGT
GO:0016125	sterol metabolic process	110	4	1.89	2.1164021164021167	1	0.12150796071733184	0.7191073929213031	FALSE	4	0	SCARF1;NPC2;APOL1;APOL2	
GO:0000278	mitotic cell cycle	776	11	13.35	0.8239700374531835	1	0.7872448155795624	1	FALSE	6	5	DUSP3;SMARCD3;CDK5RAP2;IL1B;PSME2;PML	ZFP36L2;SUN2;NOP53;CDC25B;ATM
GO:0033157	regulation of intracellular protein transport	124	1	2.13	0.4694835680751174	1	0.884861721113926	1	FALSE	1	0	IL1B	
GO:1902473	regulation of protein localization to synapse	26	1	0.45	2.2222222222222223	1	0.36335827947285637	1	FALSE	0	1		OGT
GO:0046209	nitric oxide metabolic process	67	3	1.15	2.608695652173913	1	0.10835796740550797	0.6738044341006325	FALSE	2	1	IL1B;CLU	KLF2
GO:0071363	cellular response to growth factor stimulus	467	10	8.03	1.2453300124533002	1	0.28416597876281907	0.9882435799922453	FALSE	7	3	DUSP3;MAPK14;SORT1;LRG1;IL1B;LCN2;TNFAIP6	ZFP36L2;BCL9L;OGT
GO:0006836	neurotransmitter transport	151	3	2.6	1.1538461538461537	1	0.48305136641352064	1	FALSE	2	1	DYSF;STX11	SLC38A1
GO:0010965	regulation of mitotic sister chromatid separation	67	2	1.15	1.7391304347826089	1	0.3207314851197859	1	FALSE	1	1	CDK5RAP2	ATM
GO:0000226	microtubule cytoskeleton organization	553	4	9.51	0.4206098843322818	1	0.9872360352369798	1	FALSE	2	2	CDK5RAP2;LIMK2	SUN2;EZR
GO:0010389	regulation of G2/M transition of mitotic cell cycle	90	4	1.55	2.5806451612903225	1	0.06950971413878518	0.4956736813684059	FALSE	1	3	SMARCD3	NOP53;CDC25B;ATM
GO:0141124	intracellular signaling cassette	1516	38	26.08	1.4570552147239264	1	0.01086093997312839	0.12841601714464493	FALSE	28	10	DUSP3;LIMK1;MAPK14;AIM2;ICAM1;CARD16;TIFA;GADD45B;BATF2;LILRB4;HPSE;MARCO;SECTM1;C3AR1;GBP1;TREML1;CASP1;IL1B;CEACAM1;TRIM21;LILRA5;S100A12;STAT1;TRIM22;NAIP;TNFSF10;LTF;IFI35	ZFP36L2;LBH;TMC8;NOP53;EZR;GPR183;RORA;CD22;OGT;FBXO7
GO:0021782	glial cell development	77	2	1.32	1.5151515151515151	1	0.3831320765675206	1	FALSE	2	0	C1QA;CLU	
GO:0071351	cellular response to interleukin-18	10	2	0.17	11.76470588235294	1	0.01210364627151545	0.13674337279598145	FALSE	2	0	IL18RAP;CASP4	
GO:2000736	regulation of stem cell differentiation	56	2	0.96	2.0833333333333335	1	0.2505578131256704	0.9591439851868605	FALSE	0	2		ZFP36L2;LBH
GO:0099072	regulation of postsynaptic membrane neurotransmitter receptor levels	95	1	1.63	0.6134969325153374	1	0.8087630060353375	1	FALSE	0	1		OGT
GO:0060562	epithelial tube morphogenesis	119	1	2.05	0.48780487804878053	1	0.8743256957530148	1	FALSE	1	0	LCN2	
GO:0097396	response to interleukin-17	19	2	0.33	6.0606060606060606	1	0.041568645351998744	0.34523325097475693	FALSE	2	0	SOCS3;IL1B	
GO:0071359	cellular response to dsRNA	16	2	0.28	7.142857142857142	1	0.030166968610228884	0.2692499893166208	FALSE	2	0	OAS1;OAS3	
GO:1905144	response to acetylcholine	30	1	0.52	1.923076923076923	1	0.4061310653788047	1	FALSE	1	0	LY6E	
GO:1905145	cellular response to acetylcholine	28	1	0.48	2.0833333333333335	1	0.385114851703767	1	FALSE	1	0	LY6E	
GO:0036211	protein modification process	1644	28	28.28	0.9900990099009901	1	0.553141533703553	1	FALSE	19	9	FAM20A;DUSP3;SEPTIN4;LIMK1;SOCS3;FBXO6;LIMK2;CEACAM1;TRIM21;UBE2L6;LILRA5;S100A12;PARP9;TRIM22;PML;MMP9;S100A8;PARP14;ISG15	ZAP70;NOP53;CDC25B;IL7R;RUNX3;ATM;PRKACB;OGT;FBXO7
GO:0044546	NLRP3 inflammasome complex assembly	47	1	0.81	1.2345679012345678	1	0.5582071880591637	1	FALSE	1	0	GBP5	
GO:0008286	insulin receptor signaling pathway	102	2	1.75	1.1428571428571428	1	0.5263508631027661	1	FALSE	1	1	IL1B	OGT
GO:1902414	protein localization to cell junction	91	1	1.57	0.6369426751592356	1	0.7949183207764873	1	FALSE	0	1		OGT
GO:1990748	cellular detoxification	98	2	1.69	1.183431952662722	1	0.5049423585926849	1	FALSE	1	1	HP	HBA2
GO:0071383	cellular response to steroid hormone stimulus	161	5	2.77	1.8050541516245486	1	0.14475845164306114	0.7942933803728046	FALSE	3	2	DEFA1;DEFA1;DEFA3	ZFP36L2;LBH
GO:0010324	membrane invagination	58	2	1	2	1	0.26334750624570247	0.9689020087155695	FALSE	2	0	FCGR1A;MARCO	
GO:0071384	cellular response to corticosteroid stimulus	40	1	0.69	1.4492753623188408	1	0.5009557520984682	1	FALSE	0	1		ZFP36L2
GO:0033121	regulation of purine nucleotide catabolic process	43	1	0.74	1.3513513513513513	1	0.5263447643003082	1	FALSE	0	1		OGT
GO:0050801	monoatomic ion homeostasis	353	8	6.07	1.3179571663920921	1	0.2630497037326191	0.9689020087155695	FALSE	6	2	FAM20A;RAB20;LCN2;ALPL;MT2A;PML	TMC8;ANXA6
GO:0099024	plasma membrane invagination	51	2	0.88	2.272727272727273	1	0.2187054892310539	0.9061362319459942	FALSE	2	0	FCGR1A;MARCO	
GO:0050803	regulation of synapse structure or activity	232	4	3.99	1.0025062656641603	1	0.5680832464970551	1	FALSE	3	1	MAPK14;SEMA4A;SPARC	OGT
GO:0050804	modulation of chemical synaptic transmission	328	3	5.64	0.5319148936170213	1	0.9243024771347859	1	FALSE	2	1	DYSF;IL1B	SLC38A1
GO:0062237	protein localization to postsynapse	40	1	0.69	1.4492753623188408	1	0.5009557520984682	1	FALSE	0	1		OGT
GO:0050808	synapse organization	392	10	6.74	1.4836795252225519	1	0.1393603290106094	0.777082240264027	FALSE	7	3	C1QB;C1QA;C1QC;MAPK14;SORT1;SEMA4A;SPARC	SPOCK2;EZR;OGT
GO:0008277	regulation of G protein-coupled receptor signaling pathway	105	1	1.81	0.5524861878453039	1	0.8394376263315729	1	FALSE	1	0	ADM	
GO:0006801	superoxide metabolic process	49	1	0.84	1.1904761904761905	1	0.5733287970016249	1	FALSE	1	0	CD177	
GO:0010970	transport along microtubule	181	1	3.11	0.3215434083601286	1	0.9576669706703105	1	FALSE	0	1		SUN2
GO:0010972	negative regulation of G2/M transition of mitotic cell cycle	67	2	1.15	1.7391304347826089	1	0.3207314851197859	1	FALSE	0	2		NOP53;ATM
GO:0002495	antigen processing and presentation of peptide antigen via MHC class II	29	1	0.5	2	1	0.3957139152715863	1	FALSE	1	0	IFI30	
GO:0010977	negative regulation of neuron projection development	80	1	1.38	0.7246376811594204	1	0.7514836056467379	1	FALSE	1	0	KREMEN1	
GO:0006809	nitric oxide biosynthetic process	60	3	1.03	2.912621359223301	1	0.08426579209277779	0.5643036844410381	FALSE	2	1	IL1B;CLU	KLF2
GO:0036230	granulocyte activation	47	3	0.81	3.7037037037037033	1	0.04682621542568448	0.3731167136382801	FALSE	3	0	FCER1G;ANXA3;CD177	
GO:0071322	cellular response to carbohydrate stimulus	99	1	1.7	0.5882352941176471	1	0.8216768843615636	1	FALSE	0	1		OGT
GO:0008228	opsonization	11	1	0.19	5.2631578947368425	1	0.17380999765353933	0.8359865149344068	FALSE	1	0	C2	
GO:0071326	cellular response to monosaccharide stimulus	92	1	1.58	0.6329113924050632	1	0.7984703279827287	1	FALSE	0	1		OGT
GO:0033143	regulation of intracellular steroid hormone receptor signaling pathway	59	1	1.01	0.9900990099009901	1	0.6415471069913457	1	FALSE	0	1		LBH
GO:0001667	ameboidal-type cell migration	149	5	2.56	1.953125	1	0.11451614477847884	0.697242263557117	FALSE	4	1	LRG1;SEMA4A;PML;MMP9	EVL
GO:0033144	negative regulation of intracellular steroid hormone receptor signaling pathway	30	1	0.52	1.923076923076923	1	0.4061310653788047	1	FALSE	0	1		LBH
GO:0071985	multivesicular body sorting pathway	48	1	0.83	1.2048192771084338	1	0.5658335327837629	1	FALSE	1	0	SORT1	
GO:0010927	cellular component assembly involved in morphogenesis	68	1	1.17	0.8547008547008548	1	0.6936008863018237	1	FALSE	1	0	MYL9	
GO:0033146	regulation of intracellular estrogen receptor signaling pathway	28	1	0.48	2.0833333333333335	1	0.385114851703767	1	FALSE	0	1		LBH
GO:0070507	regulation of microtubule cytoskeleton organization	139	1	2.39	0.41841004184100417	1	0.9114778890447135	1	FALSE	1	0	CDK5RAP2	
GO:0070509	calcium ion import	51	2	0.88	2.272727272727273	1	0.2187054892310539	0.9061362319459942	FALSE	1	1	CACNA1E	MS4A1
GO:0016101	diterpenoid metabolic process	51	1	0.88	1.1363636363636365	1	0.587935018644641	1	FALSE	1	0	DHRS9	
GO:0010332	response to gamma radiation	33	1	0.57	1.7543859649122808	1	0.43632185828118053	1	FALSE	0	1		ATM
GO:0008217	regulation of blood pressure	93	1	1.6	0.625	1	0.8019610797277668	1	FALSE	1	0	ADM	
GO:0008219	cell death	1462	47	25.15	1.8687872763419484	1	1.5622728974362445e-5	4.5895326934838833e-4	FALSE	32	15	NLRC4;SEPTIN4;MAPK14;ICAM1;CARD16;SH3GLB1;KREMEN1;VNN1;GADD45B;SOCS3;CD274;CASP5;PLSCR1;GRINA;CASP1;IL1B;CLU;CASP4;LCN2;STAT1;NAIP;HCAR2;TNFSF10;LTF;IRF7;XAF1;IFIT3;PML;MMP9;S100A8;IFI6;IFIT2	IKZF3;TMC8;FCMR;TLE5;LCK;CD3G;CD3E;NOP53;ETS1;CD2;ANXA6;IL7R;ATM;OGT;FBXO7
GO:0045321	leukocyte activation	755	55	12.99	4.234026173979984	1	1.542899782253595e-20	3.688201305578376e-18	FALSE	27	28	DUSP3;C1QA;SMARCD3;PDCD1LG2;FCER1G;IL18RAP;ICAM1;VNN1;TNFSF13;SOCS3;BATF2;LILRB4;CD274;PLSCR1;DYSF;IL1B;CLU;CR1;PSMB9;CEACAM1;ANXA3;CD177;S100A12;SEMA4A;TNFSF13B;IFI35;RSAD2	ZFP36L2;TRAC;IKZF3;TRBC1;LCK;TRBC2;CD6;ZAP70;CD3G;CD3E;TCF7;CD5;CD79A;CD2;MS4A1;TNFRSF13C;CD247;GPR183;CLEC2D;RORA;ITK;CD22;IL7R;RUNX3;ATM;CD79B;IGHM;CD8A
GO:0001654	eye development	154	1	2.65	0.37735849056603776	1	0.9319619276505327	1	FALSE	1	0	SMARCD3	
GO:0001656	metanephros development	35	1	0.6	1.6666666666666667	1	0.45559508566022555	1	FALSE	1	0	STAT1	
GO:0009060	aerobic respiration	244	4	4.2	0.9523809523809523	1	0.6080271001977857	1	FALSE	2	2	PFKFB3;HK3	NOP53;OGT
GO:1903828	negative regulation of protein localization	156	5	2.68	1.8656716417910446	1	0.13176298688066312	0.7510530967038264	FALSE	5	0	LILRB4;GBP1;IL1B;RHBDF2;RSAD2	
GO:0062207	regulation of pattern recognition receptor signaling pathway	170	10	2.92	3.4246575342465753	1	7.184842854255604e-4	0.013436144902277998	FALSE	8	2	GBP5;GBP2;LTF;IRF7;IFI35;S100A8;RSAD2;OASL	NOP53;OGT
GO:0002460	adaptive immune response based on somatic recombination of immune receptors built from immunoglobulin superfamily domains	322	22	5.54	3.9711191335740073	1	3.7350362191176286e-8	2.161603066600918e-6	FALSE	19	3	C1QB;C1QA;C2;C1QC;FCER1G;IL18RAP;FCGR1A;TNFSF13;SOCS3;LILRB4;CD274;SECTM1;IL1B;CLU;CR1;PSMB9;CEACAM1;SEMA4A;RSAD2	FCMR;RORA;CD8A
GO:0044090	positive regulation of vacuole organization	26	1	0.45	2.2222222222222223	1	0.36335827947285637	1	FALSE	1	0	SH3GLB1	
GO:0044092	negative regulation of molecular function	184	4	3.16	1.2658227848101264	1	0.39022468670921806	1	FALSE	3	1	CR1;CEACAM1;PARP9	TMC8
GO:0044093	positive regulation of molecular function	316	8	5.44	1.4705882352941175	1	0.17863866090901434	0.8474161843639006	FALSE	8	0	MAPK14;PLSCR1;CR1;TRIM21;LILRA5;S100A12;PARP9;MMP9	
GO:0010948	negative regulation of cell cycle process	268	6	4.61	1.3015184381778742	1	0.3146208749557428	1	FALSE	3	3	CDK5RAP2;FBXO6;PARP9	ZFP36L2;NOP53;ATM
GO:0099643	signal release from synapse	109	2	1.87	1.06951871657754	1	0.5622906706466496	1	FALSE	2	0	DYSF;STX11	
GO:0009056	catabolic process	2323	38	39.96	0.950950950950951	1	0.6615475348355134	1	FALSE	31	7	HP;PFKFB3;MAPK14;SH3GLB1;SCARF1;HK3;VNN1;FBXO6;CTSA;HPSE;PGLYRP1;RAB24;IL1B;CLU;PSMB9;CEACAM1;TRIM21;LTA4H;UBE2L6;PSME2;GK;TYMP;HCAR3;TRIM22;HCAR2;ACSL1;PML;MMP9;S100A8;PARP14;ISG15	ZFP36L2;NOP53;EZR;ATM;OGT;FBXO7;HBA2
GO:0099645	neurotransmitter receptor localization to postsynaptic specialization membrane	25	1	0.43	2.3255813953488373	1	0.35219428068188696	1	FALSE	0	1		OGT
GO:0009057	macromolecule catabolic process	1350	21	23.22	0.9043927648578812	1	0.719929495323673	1	FALSE	15	6	MAPK14;SH3GLB1;FBXO6;CTSA;HPSE;PGLYRP1;IL1B;CLU;PSMB9;CEACAM1;TRIM21;UBE2L6;PSME2;PML;ISG15	ZFP36L2;NOP53;EZR;ATM;OGT;FBXO7
GO:0009058	biosynthetic process	6172	100	106.16	0.9419743782969103	1	0.8138638347156331	1	FALSE	66	34	GYG1;SMARCD3;C2;CDK5RAP2;NLRC4;PDCD1LG2;ST3GAL4;ZNF438;HP;PFKFB3;MAPK14;AIM2;TLR5;FCER1G;IL18RAP;LMNB1;VPS9D1;CARD16;FCGR1A;TNFSF13;ADM;BATF2;LILRB4;CD274;HPSE;CASP5;GBP5;DHRS9;SECTM1;C3AR1;PLSCR1;GBP1;CASP1;IL1B;CLU;CR1;PSMB9;CEACAM1;CASP4;CALHM6;TRIM21;RHBDF2;LTA4H;ETV7;LCN2;GK;WARS1;FFAR2;LILRA5;PARP9;CLEC4E;STAT1;TRIM22;TNFSF13B;NAIP;LTF;ACSL1;IRF7;XAF1;PML;GP1BB;OAS1;PARP14;RSAD2;OAS3;ISG15	ZFP36L2;KLF2;RPL18A;ST6GAL1;IKZF3;LBH;BCL11B;S1PR1;TLE5;CABIN1;CD6;CD3E;NOP53;ETS1;PBXIP1;RPS28;TCF7;SLC38A1;CD2;EZR;BCL9L;RPL3;RPL23A;AHNAK;IL32;RORA;ITK;CD22;RUNX3;RPS4X;ATM;MBNL1;IGHM;OGT
GO:0009059	macromolecule biosynthetic process	5329	92	91.66	1.0037093606807768	1	0.5072172153175267	1	FALSE	59	33	GYG1;SMARCD3;C2;CDK5RAP2;NLRC4;PDCD1LG2;ST3GAL4;ZNF438;HP;MAPK14;AIM2;TLR5;FCER1G;IL18RAP;LMNB1;CARD16;FCGR1A;TNFSF13;BATF2;LILRB4;CD274;HPSE;CASP5;GBP5;SECTM1;C3AR1;PLSCR1;GBP1;CASP1;IL1B;CLU;CR1;PSMB9;CEACAM1;CASP4;CALHM6;TRIM21;RHBDF2;ETV7;LCN2;WARS1;FFAR2;LILRA5;PARP9;CLEC4E;STAT1;TRIM22;TNFSF13B;NAIP;LTF;IRF7;XAF1;PML;GP1BB;OAS1;PARP14;RSAD2;OAS3;ISG15	ZFP36L2;KLF2;RPL18A;ST6GAL1;IKZF3;LBH;BCL11B;S1PR1;TLE5;CABIN1;CD6;CD3E;NOP53;ETS1;PBXIP1;RPS28;TCF7;CD2;EZR;BCL9L;RPL3;RPL23A;AHNAK;IL32;RORA;ITK;CD22;RUNX3;RPS4X;ATM;MBNL1;IGHM;OGT
GO:0071331	cellular response to hexose stimulus	90	1	1.55	0.6451612903225806	1	0.7913039880205963	1	FALSE	0	1		OGT
GO:0060541	respiratory system development	53	2	0.91	2.1978021978021975	1	0.23141457878547278	0.9239777444898543	FALSE	2	0	LTA4H;CRISPLD2	
GO:0045920	negative regulation of exocytosis	28	1	0.48	2.0833333333333335	1	0.385114851703767	1	FALSE	1	0	CEACAM1	
GO:1903844	regulation of cellular response to transforming growth factor beta stimulus	110	3	1.89	1.5873015873015874	1	0.29374716488021835	0.9981594020466258	FALSE	1	2	LRG1	BCL9L;OGT
GO:0045921	positive regulation of exocytosis	66	1	1.14	0.8771929824561404	1	0.6827257696371731	1	FALSE	1	0	CD177	
GO:0045922	negative regulation of fatty acid metabolic process	24	1	0.41	2.4390243902439024	1	0.3408353862725555	1	FALSE	1	0	CEACAM1	
GO:1903846	positive regulation of cellular response to transforming growth factor beta stimulus	25	1	0.43	2.3255813953488373	1	0.35219428068188696	1	FALSE	1	0	LRG1	
GO:0045923	positive regulation of fatty acid metabolic process	28	1	0.48	2.0833333333333335	1	0.385114851703767	1	FALSE	1	0	IL1B	
GO:0043269	regulation of monoatomic ion transport	256	5	4.4	1.1363636363636362	1	0.4508772918947722	1	FALSE	4	1	LCN2;LILRA5;PML;MMP9	MS4A1
GO:0099633	protein localization to postsynaptic specialization membrane	25	1	0.43	2.3255813953488373	1	0.35219428068188696	1	FALSE	0	1		OGT
GO:0046782	regulation of viral transcription	19	2	0.33	6.0606060606060606	1	0.041568645351998744	0.34523325097475693	FALSE	2	0	TRIM21;IFITM3	
GO:0045927	positive regulation of growth	162	3	2.79	1.075268817204301	1	0.5301151580185989	1	FALSE	2	1	LIMK1;S100A8	EZR
GO:0046785	microtubule polymerization	93	1	1.6	0.625	1	0.8019610797277668	1	FALSE	1	0	CDK5RAP2	
GO:0043254	regulation of protein-containing complex assembly	357	12	6.14	1.954397394136808	1	0.020798921016552997	0.20456613193024756	FALSE	6	6	CDK5RAP2;SH3GLB1;GBP5;CLU;GBP2;ISG15	EVL;TMC8;NOP53;SPTAN1;ATM;OGT
GO:0002483	antigen processing and presentation of endogenous peptide antigen	17	1	0.29	3.4482758620689657	1	0.2555740156963897	0.9591439851868605	FALSE	1	0	TAP1	
GO:0043255	regulation of carbohydrate biosynthetic process	72	1	1.24	0.8064516129032259	1	0.714250182164103	1	FALSE	0	1		OGT
GO:0045333	cellular respiration	274	5	4.71	1.0615711252653928	1	0.5103054050541025	1	FALSE	3	2	PFKFB3;HK3;OAS1	NOP53;OGT
GO:0099003	vesicle-mediated transport in synapse	201	1	3.46	0.28901734104046245	1	0.9702315682615639	1	FALSE	1	0	STX11	
GO:0045911	positive regulation of DNA recombination	61	1	1.05	0.9523809523809523	1	0.6538272316830465	1	FALSE	1	0	TNFSF13	
GO:0021700	developmental maturation	183	6	3.15	1.9047619047619049	1	0.09633146938239799	0.6229041688074468	FALSE	4	2	C1QA;SCARF1;RAB24;LTF	S1PR1;PHOSPHO1
GO:0009653	anatomical structure morphogenesis	1548	38	26.63	1.426962072850169	1	0.014877139267542003	0.15820988722039833	FALSE	27	11	FAM20A;LIMK1;MAPK14;ADM;HPSE;C3AR1;LRG1;IL1B;CLU;CEACAM1;RHBDF2;ANXA3;ETV7;LCN2;TYMP;WARS1;ITGA2B;SEMA4A;CRISPLD2;ALPL;STAT1;SPARC;MYL9;LTF;STAB1;PML;MMP9	KLF2;EVL;RPL18A;S1PR1;ETS1;ABLIM1;EZR;BCL9L;RPL23A;RORA;MBNL1
GO:0060537	muscle tissue development	180	1	3.1	0.3225806451612903	1	0.9569156722592287	1	FALSE	0	1		S1PR1
GO:0061383	trabecula morphogenesis	22	1	0.38	2.6315789473684212	1	0.31751930342504753	1	FALSE	0	1		S1PR1
GO:0048193	Golgi vesicle transport	295	2	5.07	0.3944773175542406	1	0.9645222056802729	1	FALSE	2	0	VAMP5;SORT1	
GO:0045940	positive regulation of steroid metabolic process	26	1	0.45	2.2222222222222223	1	0.36335827947285637	1	FALSE	1	0	ADM	
GO:0061387	regulation of extent of cell growth	66	1	1.14	0.8771929824561404	1	0.6827257696371731	1	FALSE	1	0	LIMK1	
GO:0098751	bone cell development	11	1	0.19	5.2631578947368425	1	0.17380999765353933	0.8359865149344068	FALSE	1	0	LTF	
GO:0002478	antigen processing and presentation of exogenous peptide antigen	37	1	0.64	1.5625	1	0.47421211643336325	1	FALSE	1	0	IFI30	
GO:0098754	detoxification	121	3	2.08	1.4423076923076923	1	0.3455882893317638	1	FALSE	2	1	HP;MT2A	HBA2
GO:0008202	steroid metabolic process	204	7	3.51	1.9943019943019944	1	0.06282059256854367	0.4604261026265086	FALSE	6	1	SCARF1;ADM;NPC2;DHRS9;APOL1;APOL2	RORA
GO:0043270	positive regulation of monoatomic ion transport	121	3	2.08	1.4423076923076923	1	0.3455882893317638	1	FALSE	2	1	LCN2;LILRA5	MS4A1
GO:0043271	negative regulation of monoatomic ion transport	63	1	1.08	0.9259259259259258	1	0.6656884375515975	1	FALSE	1	0	MMP9	
GO:0000012	single strand break repair	15	0	0.26	0	1	1	1	FALSE	0	0		
GO:0000022	mitotic spindle elongation	11	0	0.19	0	1	1	1	FALSE	0	0		
GO:0000054	ribosomal subunit export from nucleus	13	0	0.22	0	1	1	1	FALSE	0	0		
GO:0000076	DNA replication checkpoint signaling	25	0	0.43	0	1	1	1	FALSE	0	0		
GO:0000079	regulation of cyclin-dependent protein serine/threonine kinase activity	29	0	0.5	0	1	1	1	FALSE	0	0		
GO:0000096	sulfur amino acid metabolic process	24	0	0.41	0	1	1	1	FALSE	0	0		
GO:0000097	sulfur amino acid biosynthetic process	12	0	0.21	0	1	1	1	FALSE	0	0		
GO:0000101	sulfur amino acid transport	11	0	0.19	0	1	1	1	FALSE	0	0		
GO:0000154	rRNA modification	39	0	0.67	0	1	1	1	FALSE	0	0		
GO:0000184	nuclear-transcribed mRNA catabolic process, nonsense-mediated decay	43	0	0.74	0	1	1	1	FALSE	0	0		
GO:0000212	meiotic spindle organization	14	0	0.24	0	1	1	1	FALSE	0	0		
GO:0000244	spliceosomal tri-snRNP complex assembly	38	0	0.65	0	1	1	1	FALSE	0	0		
GO:0000245	spliceosomal complex assembly	75	0	1.29	0	1	1	1	FALSE	0	0		
GO:0000266	mitochondrial fission	36	0	0.62	0	1	1	1	FALSE	0	0		
GO:0000272	polysaccharide catabolic process	29	0	0.5	0	1	1	1	FALSE	0	0		
GO:0000281	mitotic cytokinesis	98	0	1.69	0	1	1	1	FALSE	0	0		
GO:0000290	deadenylation-dependent decapping of nuclear-transcribed mRNA	20	0	0.34	0	1	1	1	FALSE	0	0		
GO:0000303	response to superoxide	17	0	0.29	0	1	1	1	FALSE	0	0		
GO:0000305	response to oxygen radical	18	0	0.31	0	1	1	1	FALSE	0	0		
GO:0000338	protein deneddylation	11	0	0.19	0	1	1	1	FALSE	0	0		
GO:0000375	RNA splicing, via transesterification reactions	313	0	5.38	0	1	1	1	FALSE	0	0		
GO:0000377	RNA splicing, via transesterification reactions with bulged adenosine as nucleophile	309	0	5.32	0	1	1	1	FALSE	0	0		
GO:0000380	alternative mRNA splicing, via spliceosome	77	0	1.32	0	1	1	1	FALSE	0	0		
GO:0000381	regulation of alternative mRNA splicing, via spliceosome	62	0	1.07	0	1	1	1	FALSE	0	0		
GO:0000387	spliceosomal snRNP assembly	71	0	1.22	0	1	1	1	FALSE	0	0		
GO:0000388	spliceosome conformational change to release U4 (or U4atac) and U1 (or U11)	35	0	0.6	0	1	1	1	FALSE	0	0		
GO:0000393	spliceosomal conformational changes to generate catalytic conformation	39	0	0.67	0	1	1	1	FALSE	0	0		
GO:0000394	RNA splicing, via endonucleolytic cleavage and ligation	15	0	0.26	0	1	1	1	FALSE	0	0		
GO:0000398	mRNA splicing, via spliceosome	309	0	5.32	0	1	1	1	FALSE	0	0		
GO:0000460	maturation of 5.8S rRNA	41	0	0.71	0	1	1	1	FALSE	0	0		
GO:0000462	maturation of SSU-rRNA from tricistronic rRNA transcript (SSU-rRNA, 5.8S rRNA, LSU-rRNA)	30	0	0.52	0	1	1	1	FALSE	0	0		
GO:0000463	maturation of LSU-rRNA from tricistronic rRNA transcript (SSU-rRNA, 5.8S rRNA, LSU-rRNA)	23	0	0.4	0	1	1	1	FALSE	0	0		
GO:0000466	maturation of 5.8S rRNA from tricistronic rRNA transcript (SSU-rRNA, 5.8S rRNA, LSU-rRNA)	31	0	0.53	0	1	1	1	FALSE	0	0		
GO:0000470	maturation of LSU-rRNA	32	0	0.55	0	1	1	1	FALSE	0	0		
GO:0000479	endonucleolytic cleavage of tricistronic rRNA transcript (SSU-rRNA, 5.8S rRNA, LSU-rRNA)	22	0	0.38	0	1	1	1	FALSE	0	0		
GO:0000491	small nucleolar ribonucleoprotein complex assembly	11	0	0.19	0	1	1	1	FALSE	0	0		
GO:0000578	embryonic axis specification	19	0	0.33	0	1	1	1	FALSE	0	0		
GO:0000712	resolution of meiotic recombination intermediates	12	0	0.21	0	1	1	1	FALSE	0	0		
GO:0000722	telomere maintenance via recombination	15	0	0.26	0	1	1	1	FALSE	0	0		
GO:0000727	double-strand break repair via break-induced replication	12	0	0.21	0	1	1	1	FALSE	0	0		
GO:0000731	DNA synthesis involved in DNA repair	14	0	0.24	0	1	1	1	FALSE	0	0		
GO:0000959	mitochondrial RNA metabolic process	63	0	1.08	0	1	1	1	FALSE	0	0		
GO:0000963	mitochondrial RNA processing	30	0	0.52	0	1	1	1	FALSE	0	0		
GO:0000966	RNA 5'-end processing	39	0	0.67	0	1	1	1	FALSE	0	0		
GO:0001325	formation of extrachromosomal circular DNA	15	0	0.26	0	1	1	1	FALSE	0	0		
GO:0001508	action potential	100	0	1.72	0	1	1	1	FALSE	0	0		
GO:0001510	RNA methylation	84	0	1.44	0	1	1	1	FALSE	0	0		
GO:0001522	pseudouridine synthesis	18	0	0.31	0	1	1	1	FALSE	0	0		
GO:0001569	branching involved in blood vessel morphogenesis	13	0	0.22	0	1	1	1	FALSE	0	0		
GO:0001573	ganglioside metabolic process	20	0	0.34	0	1	1	1	FALSE	0	0		
GO:0001574	ganglioside biosynthetic process	12	0	0.21	0	1	1	1	FALSE	0	0		
GO:0001655	urogenital system development	16	0	0.28	0	1	1	1	FALSE	0	0		
GO:0001657	ureteric bud development	33	0	0.57	0	1	1	1	FALSE	0	0		
GO:0001658	branching involved in ureteric bud morphogenesis	17	0	0.29	0	1	1	1	FALSE	0	0		
GO:0001662	behavioral fear response	11	0	0.19	0	1	1	1	FALSE	0	0		
GO:0001675	acrosome assembly	14	0	0.24	0	1	1	1	FALSE	0	0		
GO:0001682	tRNA 5'-leader removal	13	0	0.22	0	1	1	1	FALSE	0	0		
GO:0001707	mesoderm formation	21	0	0.36	0	1	1	1	FALSE	0	0		
GO:0001708	cell fate specification	34	0	0.58	0	1	1	1	FALSE	0	0		
GO:0001709	cell fate determination	12	0	0.21	0	1	1	1	FALSE	0	0		
GO:0001731	formation of translation preinitiation complex	12	0	0.21	0	1	1	1	FALSE	0	0		
GO:0001732	formation of cytoplasmic translation initiation complex	15	0	0.26	0	1	1	1	FALSE	0	0		
GO:0001738	morphogenesis of a polarized epithelium	25	0	0.43	0	1	1	1	FALSE	0	0		
GO:0001754	eye photoreceptor cell differentiation	20	0	0.34	0	1	1	1	FALSE	0	0		
GO:0001756	somitogenesis	12	0	0.21	0	1	1	1	FALSE	0	0		
GO:0001763	morphogenesis of a branching structure	50	0	0.86	0	1	1	1	FALSE	0	0		
GO:0001765	membrane raft assembly	11	0	0.19	0	1	1	1	FALSE	0	0		
GO:0001767	establishment of lymphocyte polarity	11	0	0.19	0	1	1	1	FALSE	0	0		
GO:0001768	establishment of T cell polarity	10	0	0.17	0	1	1	1	FALSE	0	0		
GO:0001779	natural killer cell differentiation	14	0	0.24	0	1	1	1	FALSE	0	0		
GO:0001782	B cell homeostasis	14	0	0.24	0	1	1	1	FALSE	0	0		
GO:0001783	B cell apoptotic process	16	0	0.28	0	1	1	1	FALSE	0	0		
GO:0001787	natural killer cell proliferation	14	0	0.24	0	1	1	1	FALSE	0	0		
GO:0001823	mesonephros development	36	0	0.62	0	1	1	1	FALSE	0	0		
GO:0001824	blastocyst development	18	0	0.31	0	1	1	1	FALSE	0	0		
GO:0001825	blastocyst formation	10	0	0.17	0	1	1	1	FALSE	0	0		
GO:0001838	embryonic epithelial tube formation	34	0	0.58	0	1	1	1	FALSE	0	0		
GO:0001841	neural tube formation	28	0	0.48	0	1	1	1	FALSE	0	0		
GO:0001843	neural tube closure	27	0	0.46	0	1	1	1	FALSE	0	0		
GO:0001866	NK T cell proliferation	10	0	0.17	0	1	1	1	FALSE	0	0		
GO:0001881	receptor recycling	41	0	0.71	0	1	1	1	FALSE	0	0		
GO:0001889	liver development	67	0	1.15	0	1	1	1	FALSE	0	0		
GO:0001890	placenta development	46	0	0.79	0	1	1	1	FALSE	0	0		
GO:0001892	embryonic placenta development	21	0	0.36	0	1	1	1	FALSE	0	0		
GO:0001893	maternal placenta development	12	0	0.21	0	1	1	1	FALSE	0	0		
GO:0001895	retina homeostasis	31	0	0.53	0	1	1	1	FALSE	0	0		
GO:0001912	positive regulation of leukocyte mediated cytotoxicity	48	0	0.83	0	1	1	1	FALSE	0	0		
GO:0001916	positive regulation of T cell mediated cytotoxicity	25	0	0.43	0	1	1	1	FALSE	0	0		
GO:0001919	regulation of receptor recycling	20	0	0.34	0	1	1	1	FALSE	0	0		
GO:0001921	positive regulation of receptor recycling	13	0	0.22	0	1	1	1	FALSE	0	0		
GO:0001941	postsynaptic membrane organization	27	0	0.46	0	1	1	1	FALSE	0	0		
GO:0001945	lymph vessel development	14	0	0.24	0	1	1	1	FALSE	0	0		
GO:0001947	heart looping	26	0	0.45	0	1	1	1	FALSE	0	0		
GO:0001953	negative regulation of cell-matrix adhesion	28	0	0.48	0	1	1	1	FALSE	0	0		
GO:0001956	positive regulation of neurotransmitter secretion	15	0	0.26	0	1	1	1	FALSE	0	0		
GO:0001973	G protein-coupled adenosine receptor signaling pathway	10	0	0.17	0	1	1	1	FALSE	0	0		
GO:0001975	response to amphetamine	14	0	0.24	0	1	1	1	FALSE	0	0		
GO:0001990	regulation of systemic arterial blood pressure by hormone	24	0	0.41	0	1	1	1	FALSE	0	0		
GO:0001991	regulation of systemic arterial blood pressure by circulatory renin-angiotensin	13	0	0.22	0	1	1	1	FALSE	0	0		
GO:0002028	regulation of sodium ion transport	45	0	0.77	0	1	1	1	FALSE	0	0		
GO:0002042	cell migration involved in sprouting angiogenesis	48	0	0.83	0	1	1	1	FALSE	0	0		
GO:0002043	blood vessel endothelial cell proliferation involved in sprouting angiogenesis	16	0	0.28	0	1	1	1	FALSE	0	0		
GO:0002065	columnar/cuboidal epithelial cell differentiation	29	0	0.5	0	1	1	1	FALSE	0	0		
GO:0002082	regulation of oxidative phosphorylation	19	0	0.33	0	1	1	1	FALSE	0	0		
GO:0002088	lens development in camera-type eye	37	0	0.64	0	1	1	1	FALSE	0	0		
GO:0002089	lens morphogenesis in camera-type eye	10	0	0.17	0	1	1	1	FALSE	0	0		
GO:0002090	regulation of receptor internalization	62	0	1.07	0	1	1	1	FALSE	0	0		
GO:0002091	negative regulation of receptor internalization	13	0	0.22	0	1	1	1	FALSE	0	0		
GO:0002092	positive regulation of receptor internalization	20	0	0.34	0	1	1	1	FALSE	0	0		
GO:0002097	tRNA wobble base modification	29	0	0.5	0	1	1	1	FALSE	0	0		
GO:0002098	tRNA wobble uridine modification	19	0	0.33	0	1	1	1	FALSE	0	0		
GO:0002182	cytoplasmic translational elongation	44	0	0.76	0	1	1	1	FALSE	0	0		
GO:0002183	cytoplasmic translational initiation	49	0	0.84	0	1	1	1	FALSE	0	0		
GO:0002209	behavioral defense response	12	0	0.21	0	1	1	1	FALSE	0	0		
GO:0002223	stimulatory C-type lectin receptor signaling pathway	21	0	0.36	0	1	1	1	FALSE	0	0		
GO:0002244	hematopoietic progenitor cell differentiation	55	0	0.95	0	1	1	1	FALSE	0	0		
GO:0002279	mast cell activation involved in immune response	45	0	0.77	0	1	1	1	FALSE	0	0		
GO:0002320	lymphoid progenitor cell differentiation	14	0	0.24	0	1	1	1	FALSE	0	0		
GO:0002323	natural killer cell activation involved in immune response	10	0	0.17	0	1	1	1	FALSE	0	0		
GO:0002357	defense response to tumor cell	11	0	0.19	0	1	1	1	FALSE	0	0		
GO:0002371	dendritic cell cytokine production	13	0	0.22	0	1	1	1	FALSE	0	0		
GO:0002396	MHC protein complex assembly	19	0	0.33	0	1	1	1	FALSE	0	0		
GO:0002399	MHC class II protein complex assembly	14	0	0.24	0	1	1	1	FALSE	0	0		
GO:0002448	mast cell mediated immunity	43	0	0.74	0	1	1	1	FALSE	0	0		
GO:0002468	dendritic cell antigen processing and presentation	12	0	0.21	0	1	1	1	FALSE	0	0		
GO:0002475	antigen processing and presentation via MHC class Ib	14	0	0.24	0	1	1	1	FALSE	0	0		
GO:0002501	peptide antigen assembly with MHC protein complex	19	0	0.33	0	1	1	1	FALSE	0	0		
GO:0002503	peptide antigen assembly with MHC class II protein complex	14	0	0.24	0	1	1	1	FALSE	0	0		
GO:0002566	somatic diversification of immune receptors via somatic mutation	10	0	0.17	0	1	1	1	FALSE	0	0		
GO:0002577	regulation of antigen processing and presentation	18	0	0.31	0	1	1	1	FALSE	0	0		
GO:0002717	positive regulation of natural killer cell mediated immunity	27	0	0.46	0	1	1	1	FALSE	0	0		
GO:0002730	regulation of dendritic cell cytokine production	13	0	0.22	0	1	1	1	FALSE	0	0		
GO:0002732	positive regulation of dendritic cell cytokine production	11	0	0.19	0	1	1	1	FALSE	0	0		
GO:0002792	negative regulation of peptide secretion	25	0	0.43	0	1	1	1	FALSE	0	0		
GO:0002826	negative regulation of T-helper 1 type immune response	14	0	0.24	0	1	1	1	FALSE	0	0		
GO:0002836	positive regulation of response to tumor cell	14	0	0.24	0	1	1	1	FALSE	0	0		
GO:0002839	positive regulation of immune response to tumor cell	14	0	0.24	0	1	1	1	FALSE	0	0		
GO:0002902	regulation of B cell apoptotic process	13	0	0.22	0	1	1	1	FALSE	0	0		
GO:0002931	response to ischemia	39	0	0.67	0	1	1	1	FALSE	0	0		
GO:0003009	skeletal muscle contraction	35	0	0.6	0	1	1	1	FALSE	0	0		
GO:0003016	respiratory system process	13	0	0.22	0	1	1	1	FALSE	0	0		
GO:0003044	regulation of systemic arterial blood pressure mediated by a chemical signal	28	0	0.48	0	1	1	1	FALSE	0	0		
GO:0003081	regulation of systemic arterial blood pressure by renin-angiotensin	16	0	0.28	0	1	1	1	FALSE	0	0		
GO:0003085	negative regulation of systemic arterial blood pressure	10	0	0.17	0	1	1	1	FALSE	0	0		
GO:0003094	glomerular filtration	19	0	0.33	0	1	1	1	FALSE	0	0		
GO:0003143	embryonic heart tube morphogenesis	30	0	0.52	0	1	1	1	FALSE	0	0		
GO:0003148	outflow tract septum morphogenesis	14	0	0.24	0	1	1	1	FALSE	0	0		
GO:0003151	outflow tract morphogenesis	38	0	0.65	0	1	1	1	FALSE	0	0		
GO:0003161	cardiac conduction system development	18	0	0.31	0	1	1	1	FALSE	0	0		
GO:0003170	heart valve development	44	0	0.76	0	1	1	1	FALSE	0	0		
GO:0003171	atrioventricular valve development	18	0	0.31	0	1	1	1	FALSE	0	0		
GO:0003174	mitral valve development	10	0	0.17	0	1	1	1	FALSE	0	0		
GO:0003176	aortic valve development	27	0	0.46	0	1	1	1	FALSE	0	0		
GO:0003177	pulmonary valve development	16	0	0.28	0	1	1	1	FALSE	0	0		
GO:0003179	heart valve morphogenesis	36	0	0.62	0	1	1	1	FALSE	0	0		
GO:0003180	aortic valve morphogenesis	22	0	0.38	0	1	1	1	FALSE	0	0		
GO:0003181	atrioventricular valve morphogenesis	18	0	0.31	0	1	1	1	FALSE	0	0		
GO:0003183	mitral valve morphogenesis	10	0	0.17	0	1	1	1	FALSE	0	0		
GO:0003184	pulmonary valve morphogenesis	12	0	0.21	0	1	1	1	FALSE	0	0		
GO:0003197	endocardial cushion development	25	0	0.43	0	1	1	1	FALSE	0	0		
GO:0003203	endocardial cushion morphogenesis	22	0	0.38	0	1	1	1	FALSE	0	0		
GO:0003205	cardiac chamber development	67	0	1.15	0	1	1	1	FALSE	0	0		
GO:0003206	cardiac chamber morphogenesis	53	0	0.91	0	1	1	1	FALSE	0	0		
GO:0003208	cardiac ventricle morphogenesis	34	0	0.58	0	1	1	1	FALSE	0	0		
GO:0003209	cardiac atrium morphogenesis	13	0	0.22	0	1	1	1	FALSE	0	0		
GO:0003229	ventricular cardiac muscle tissue development	29	0	0.5	0	1	1	1	FALSE	0	0		
GO:0003230	cardiac atrium development	18	0	0.31	0	1	1	1	FALSE	0	0		
GO:0003231	cardiac ventricle development	53	0	0.91	0	1	1	1	FALSE	0	0		
GO:0003272	endocardial cushion formation	15	0	0.26	0	1	1	1	FALSE	0	0		
GO:0003279	cardiac septum development	45	0	0.77	0	1	1	1	FALSE	0	0		
GO:0003281	ventricular septum development	33	0	0.57	0	1	1	1	FALSE	0	0		
GO:0003283	atrial septum development	12	0	0.21	0	1	1	1	FALSE	0	0		
GO:0003298	physiological muscle hypertrophy	15	0	0.26	0	1	1	1	FALSE	0	0		
GO:0003299	muscle hypertrophy in response to stress	16	0	0.28	0	1	1	1	FALSE	0	0		
GO:0003300	cardiac muscle hypertrophy	59	0	1.01	0	1	1	1	FALSE	0	0		
GO:0003301	physiological cardiac muscle hypertrophy	15	0	0.26	0	1	1	1	FALSE	0	0		
GO:0003309	type B pancreatic cell differentiation	13	0	0.22	0	1	1	1	FALSE	0	0		
GO:0003323	type B pancreatic cell development	13	0	0.22	0	1	1	1	FALSE	0	0		
GO:0003351	epithelial cilium movement involved in extracellular fluid movement	18	0	0.31	0	1	1	1	FALSE	0	0		
GO:0003352	regulation of cilium movement	23	0	0.4	0	1	1	1	FALSE	0	0		
GO:0003356	regulation of cilium beat frequency	11	0	0.19	0	1	1	1	FALSE	0	0		
GO:0003382	epithelial cell morphogenesis	11	0	0.19	0	1	1	1	FALSE	0	0		
GO:0005513	detection of calcium ion	11	0	0.19	0	1	1	1	FALSE	0	0		
GO:0005979	regulation of glycogen biosynthetic process	23	0	0.4	0	1	1	1	FALSE	0	0		
GO:0005980	glycogen catabolic process	27	0	0.46	0	1	1	1	FALSE	0	0		
GO:0006004	fucose metabolic process	14	0	0.24	0	1	1	1	FALSE	0	0		
GO:0006012	galactose metabolic process	11	0	0.19	0	1	1	1	FALSE	0	0		
GO:0006044	N-acetylglucosamine metabolic process	15	0	0.26	0	1	1	1	FALSE	0	0		
GO:0006047	UDP-N-acetylglucosamine metabolic process	13	0	0.22	0	1	1	1	FALSE	0	0		
GO:0006048	UDP-N-acetylglucosamine biosynthetic process	10	0	0.17	0	1	1	1	FALSE	0	0		
GO:0006067	ethanol metabolic process	10	0	0.17	0	1	1	1	FALSE	0	0		
GO:0006068	ethanol catabolic process	10	0	0.17	0	1	1	1	FALSE	0	0		
GO:0006084	acetyl-CoA metabolic process	38	0	0.65	0	1	1	1	FALSE	0	0		
GO:0006085	acetyl-CoA biosynthetic process	22	0	0.38	0	1	1	1	FALSE	0	0		
GO:0006086	pyruvate decarboxylation to acetyl-CoA	15	0	0.26	0	1	1	1	FALSE	0	0		
GO:0006098	pentose-phosphate shunt	17	0	0.29	0	1	1	1	FALSE	0	0		
GO:0006099	tricarboxylic acid cycle	29	0	0.5	0	1	1	1	FALSE	0	0		
GO:0006103	2-oxoglutarate metabolic process	14	0	0.24	0	1	1	1	FALSE	0	0		
GO:0006104	succinyl-CoA metabolic process	13	0	0.22	0	1	1	1	FALSE	0	0		
GO:0006119	oxidative phosphorylation	127	0	2.18	0	1	1	1	FALSE	0	0		
GO:0006120	mitochondrial electron transport, NADH to ubiquinone	48	0	0.83	0	1	1	1	FALSE	0	0		
GO:0006122	mitochondrial electron transport, ubiquinol to cytochrome c	13	0	0.22	0	1	1	1	FALSE	0	0		
GO:0006123	mitochondrial electron transport, cytochrome c to oxygen	16	0	0.28	0	1	1	1	FALSE	0	0		
GO:0006144	purine nucleobase metabolic process	16	0	0.28	0	1	1	1	FALSE	0	0		
GO:0006167	AMP biosynthetic process	12	0	0.21	0	1	1	1	FALSE	0	0		
GO:0006177	GMP biosynthetic process	11	0	0.19	0	1	1	1	FALSE	0	0		
GO:0006188	IMP biosynthetic process	10	0	0.17	0	1	1	1	FALSE	0	0		
GO:0006221	pyrimidine nucleotide biosynthetic process	30	0	0.52	0	1	1	1	FALSE	0	0		
GO:0006222	UMP biosynthetic process	10	0	0.17	0	1	1	1	FALSE	0	0		
GO:0006241	CTP biosynthetic process	11	0	0.19	0	1	1	1	FALSE	0	0		
GO:0006260	DNA replication	295	0	5.07	0	1	1	1	FALSE	0	0		
GO:0006261	DNA-templated DNA replication	161	0	2.77	0	1	1	1	FALSE	0	0		
GO:0006264	mitochondrial DNA replication	14	0	0.24	0	1	1	1	FALSE	0	0		
GO:0006265	DNA topological change	10	0	0.17	0	1	1	1	FALSE	0	0		
GO:0006270	DNA replication initiation	36	0	0.62	0	1	1	1	FALSE	0	0		
GO:0006271	DNA strand elongation involved in DNA replication	15	0	0.26	0	1	1	1	FALSE	0	0		
GO:0006275	regulation of DNA replication	116	0	2	0	1	1	1	FALSE	0	0		
GO:0006283	transcription-coupled nucleotide-excision repair	11	0	0.19	0	1	1	1	FALSE	0	0		
GO:0006284	base-excision repair	46	0	0.79	0	1	1	1	FALSE	0	0		
GO:0006285	base-excision repair, AP site formation	12	0	0.21	0	1	1	1	FALSE	0	0		
GO:0006287	base-excision repair, gap-filling	13	0	0.22	0	1	1	1	FALSE	0	0		
GO:0006298	mismatch repair	30	0	0.52	0	1	1	1	FALSE	0	0		
GO:0006301	DNA damage tolerance	37	0	0.64	0	1	1	1	FALSE	0	0		
GO:0006304	DNA modification	27	0	0.46	0	1	1	1	FALSE	0	0		
GO:0006307	DNA alkylation repair	10	0	0.17	0	1	1	1	FALSE	0	0		
GO:0006308	DNA catabolic process	25	0	0.43	0	1	1	1	FALSE	0	0		
GO:0006309	apoptotic DNA fragmentation	12	0	0.21	0	1	1	1	FALSE	0	0		
GO:0006312	mitotic recombination	25	0	0.43	0	1	1	1	FALSE	0	0		
GO:0006346	DNA methylation-dependent constitutive heterochromatin formation	25	0	0.43	0	1	1	1	FALSE	0	0		
GO:0006352	DNA-templated transcription initiation	241	0	4.15	0	1	1	1	FALSE	0	0		
GO:0006353	DNA-templated transcription termination	46	0	0.79	0	1	1	1	FALSE	0	0		
GO:0006354	DNA-templated transcription elongation	163	0	2.8	0	1	1	1	FALSE	0	0		
GO:0006359	regulation of transcription by RNA polymerase III	32	0	0.55	0	1	1	1	FALSE	0	0		
GO:0006361	transcription initiation at RNA polymerase I promoter	24	0	0.41	0	1	1	1	FALSE	0	0		
GO:0006362	transcription elongation by RNA polymerase I	13	0	0.22	0	1	1	1	FALSE	0	0		
GO:0006363	termination of RNA polymerase I transcription	15	0	0.26	0	1	1	1	FALSE	0	0		
GO:0006367	transcription initiation at RNA polymerase II promoter	187	0	3.22	0	1	1	1	FALSE	0	0		
GO:0006368	transcription elongation by RNA polymerase II	140	0	2.41	0	1	1	1	FALSE	0	0		
GO:0006369	termination of RNA polymerase II transcription	13	0	0.22	0	1	1	1	FALSE	0	0		
GO:0006376	mRNA splice site recognition	28	0	0.48	0	1	1	1	FALSE	0	0		
GO:0006383	transcription by RNA polymerase III	62	0	1.07	0	1	1	1	FALSE	0	0		
GO:0006384	transcription initiation at RNA polymerase III promoter	26	0	0.45	0	1	1	1	FALSE	0	0		
GO:0006386	termination of RNA polymerase III transcription	17	0	0.29	0	1	1	1	FALSE	0	0		
GO:0006388	tRNA splicing, via endonucleolytic cleavage and ligation	14	0	0.24	0	1	1	1	FALSE	0	0		
GO:0006390	mitochondrial transcription	18	0	0.31	0	1	1	1	FALSE	0	0		
GO:0006400	tRNA modification	96	0	1.65	0	1	1	1	FALSE	0	0		
GO:0006405	RNA export from nucleus	90	0	1.55	0	1	1	1	FALSE	0	0		
GO:0006406	mRNA export from nucleus	70	0	1.2	0	1	1	1	FALSE	0	0		
GO:0006414	translational elongation	75	0	1.29	0	1	1	1	FALSE	0	0		
GO:0006415	translational termination	15	0	0.26	0	1	1	1	FALSE	0	0		
GO:0006448	regulation of translational elongation	12	0	0.21	0	1	1	1	FALSE	0	0		
GO:0006450	regulation of translational fidelity	16	0	0.28	0	1	1	1	FALSE	0	0		
GO:0006458	'de novo' protein folding	11	0	0.19	0	1	1	1	FALSE	0	0		
GO:0006473	protein acetylation	29	0	0.5	0	1	1	1	FALSE	0	0		
GO:0006476	protein deacetylation	27	0	0.46	0	1	1	1	FALSE	0	0		
GO:0006479	protein methylation	39	0	0.67	0	1	1	1	FALSE	0	0		
GO:0006488	dolichol-linked oligosaccharide biosynthetic process	20	0	0.34	0	1	1	1	FALSE	0	0		
GO:0006491	N-glycan processing	21	0	0.36	0	1	1	1	FALSE	0	0		
GO:0006497	protein lipidation	40	0	0.69	0	1	1	1	FALSE	0	0		
GO:0006505	GPI anchor metabolic process	29	0	0.5	0	1	1	1	FALSE	0	0		
GO:0006506	GPI anchor biosynthetic process	29	0	0.5	0	1	1	1	FALSE	0	0		
GO:0006515	protein quality control for misfolded or incompletely synthesized proteins	29	0	0.5	0	1	1	1	FALSE	0	0		
GO:0006517	protein deglycosylation	17	0	0.29	0	1	1	1	FALSE	0	0		
GO:0006525	arginine metabolic process	17	0	0.29	0	1	1	1	FALSE	0	0		
GO:0006536	glutamate metabolic process	14	0	0.24	0	1	1	1	FALSE	0	0		
GO:0006541	glutamine metabolic process	12	0	0.21	0	1	1	1	FALSE	0	0		
GO:0006555	methionine metabolic process	11	0	0.19	0	1	1	1	FALSE	0	0		
GO:0006563	L-serine metabolic process	11	0	0.19	0	1	1	1	FALSE	0	0		
GO:0006568	L-tryptophan metabolic process	14	0	0.24	0	1	1	1	FALSE	0	0		
GO:0006576	biogenic amine metabolic process	46	0	0.79	0	1	1	1	FALSE	0	0		
GO:0006577	amino-acid betaine metabolic process	15	0	0.26	0	1	1	1	FALSE	0	0		
GO:0006582	melanin metabolic process	16	0	0.28	0	1	1	1	FALSE	0	0		
GO:0006584	catecholamine metabolic process	24	0	0.41	0	1	1	1	FALSE	0	0		
GO:0006590	thyroid hormone generation	10	0	0.17	0	1	1	1	FALSE	0	0		
GO:0006595	polyamine metabolic process	18	0	0.31	0	1	1	1	FALSE	0	0		
GO:0006596	polyamine biosynthetic process	13	0	0.22	0	1	1	1	FALSE	0	0		
GO:0006606	protein import into nucleus	128	0	2.2	0	1	1	1	FALSE	0	0		
GO:0006607	NLS-bearing protein import into nucleus	17	0	0.29	0	1	1	1	FALSE	0	0		
GO:0006612	protein targeting to membrane	106	0	1.82	0	1	1	1	FALSE	0	0		
GO:0006613	cotranslational protein targeting to membrane	26	0	0.45	0	1	1	1	FALSE	0	0		
GO:0006614	SRP-dependent cotranslational protein targeting to membrane	21	0	0.36	0	1	1	1	FALSE	0	0		
GO:0006617	SRP-dependent cotranslational protein targeting to membrane, signal sequence recognition	12	0	0.21	0	1	1	1	FALSE	0	0		
GO:0006620	post-translational protein targeting to endoplasmic reticulum membrane	18	0	0.31	0	1	1	1	FALSE	0	0		
GO:0006635	fatty acid beta-oxidation	65	0	1.12	0	1	1	1	FALSE	0	0		
GO:0006654	phosphatidic acid biosynthetic process	29	0	0.5	0	1	1	1	FALSE	0	0		
GO:0006656	phosphatidylcholine biosynthetic process	22	0	0.38	0	1	1	1	FALSE	0	0		
GO:0006665	sphingolipid metabolic process	132	0	2.27	0	1	1	1	FALSE	0	0		
GO:0006670	sphingosine metabolic process	21	0	0.36	0	1	1	1	FALSE	0	0		
GO:0006672	ceramide metabolic process	85	0	1.46	0	1	1	1	FALSE	0	0		
GO:0006677	glycosylceramide metabolic process	17	0	0.29	0	1	1	1	FALSE	0	0		
GO:0006678	glucosylceramide metabolic process	11	0	0.19	0	1	1	1	FALSE	0	0		
GO:0006684	sphingomyelin metabolic process	19	0	0.33	0	1	1	1	FALSE	0	0		
GO:0006686	sphingomyelin biosynthetic process	12	0	0.21	0	1	1	1	FALSE	0	0		
GO:0006687	glycosphingolipid metabolic process	58	0	1	0	1	1	1	FALSE	0	0		
GO:0006688	glycosphingolipid biosynthetic process	38	0	0.65	0	1	1	1	FALSE	0	0		
GO:0006695	cholesterol biosynthetic process	50	0	0.86	0	1	1	1	FALSE	0	0		
GO:0006699	bile acid biosynthetic process	26	0	0.45	0	1	1	1	FALSE	0	0		
GO:0006704	glucocorticoid biosynthetic process	10	0	0.17	0	1	1	1	FALSE	0	0		
GO:0006730	one-carbon metabolic process	21	0	0.36	0	1	1	1	FALSE	0	0		
GO:0006739	NADP+ metabolic process	33	0	0.57	0	1	1	1	FALSE	0	0		
GO:0006740	NADPH regeneration	21	0	0.36	0	1	1	1	FALSE	0	0		
GO:0006743	ubiquinone metabolic process	21	0	0.36	0	1	1	1	FALSE	0	0		
GO:0006744	ubiquinone biosynthetic process	19	0	0.33	0	1	1	1	FALSE	0	0		
GO:0006749	glutathione metabolic process	36	0	0.62	0	1	1	1	FALSE	0	0		
GO:0006750	glutathione biosynthetic process	10	0	0.17	0	1	1	1	FALSE	0	0		
GO:0006760	folic acid-containing compound metabolic process	23	0	0.4	0	1	1	1	FALSE	0	0		
GO:0006766	vitamin metabolic process	27	0	0.46	0	1	1	1	FALSE	0	0		
GO:0006778	porphyrin-containing compound metabolic process	41	0	0.71	0	1	1	1	FALSE	0	0		
GO:0006779	porphyrin-containing compound biosynthetic process	29	0	0.5	0	1	1	1	FALSE	0	0		
GO:0006783	heme biosynthetic process	26	0	0.45	0	1	1	1	FALSE	0	0		
GO:0006784	heme A biosynthetic process	10	0	0.17	0	1	1	1	FALSE	0	0		
GO:0006817	phosphate ion transport	14	0	0.24	0	1	1	1	FALSE	0	0		
GO:0006825	copper ion transport	14	0	0.24	0	1	1	1	FALSE	0	0		
GO:0006828	manganese ion transport	10	0	0.17	0	1	1	1	FALSE	0	0		
GO:0006829	zinc ion transport	24	0	0.41	0	1	1	1	FALSE	0	0		
GO:0006833	water transport	12	0	0.21	0	1	1	1	FALSE	0	0		
GO:0006839	mitochondrial transport	31	0	0.53	0	1	1	1	FALSE	0	0		
GO:0006851	mitochondrial calcium ion transmembrane transport	23	0	0.4	0	1	1	1	FALSE	0	0		
GO:0006855	xenobiotic transmembrane transport	16	0	0.28	0	1	1	1	FALSE	0	0		
GO:0006857	oligopeptide transport	16	0	0.28	0	1	1	1	FALSE	0	0		
GO:0006858	extracellular transport	21	0	0.36	0	1	1	1	FALSE	0	0		
GO:0006863	purine nucleobase transport	11	0	0.19	0	1	1	1	FALSE	0	0		
GO:0006883	intracellular sodium ion homeostasis	20	0	0.34	0	1	1	1	FALSE	0	0		
GO:0006884	cell volume homeostasis	23	0	0.4	0	1	1	1	FALSE	0	0		
GO:0006888	endoplasmic reticulum to Golgi vesicle-mediated transport	125	0	2.15	0	1	1	1	FALSE	0	0		
GO:0006890	retrograde vesicle-mediated transport, Golgi to endoplasmic reticulum	51	0	0.88	0	1	1	1	FALSE	0	0		
GO:0006891	intra-Golgi vesicle-mediated transport	32	0	0.55	0	1	1	1	FALSE	0	0		
GO:0006900	vesicle budding from membrane	85	0	1.46	0	1	1	1	FALSE	0	0		
GO:0006901	vesicle coating	37	0	0.64	0	1	1	1	FALSE	0	0		
GO:0006903	vesicle targeting	62	0	1.07	0	1	1	1	FALSE	0	0		
GO:0006904	vesicle docking involved in exocytosis	34	0	0.58	0	1	1	1	FALSE	0	0		
GO:0006907	pinocytosis	22	0	0.38	0	1	1	1	FALSE	0	0		
GO:0006921	cellular component disassembly involved in execution phase of apoptosis	21	0	0.36	0	1	1	1	FALSE	0	0		
GO:0006929	substrate-dependent cell migration	17	0	0.29	0	1	1	1	FALSE	0	0		
GO:0006939	smooth muscle contraction	52	0	0.89	0	1	1	1	FALSE	0	0		
GO:0006940	regulation of smooth muscle contraction	31	0	0.53	0	1	1	1	FALSE	0	0		
GO:0006942	regulation of striated muscle contraction	67	0	1.15	0	1	1	1	FALSE	0	0		
GO:0006971	hypotonic response	12	0	0.21	0	1	1	1	FALSE	0	0		
GO:0006972	hyperosmotic response	22	0	0.38	0	1	1	1	FALSE	0	0		
GO:0006984	ER-nucleus signaling pathway	48	0	0.83	0	1	1	1	FALSE	0	0		
GO:0006991	response to sterol depletion	15	0	0.26	0	1	1	1	FALSE	0	0		
GO:0006995	cellular response to nitrogen starvation	10	0	0.17	0	1	1	1	FALSE	0	0		
GO:0006999	nuclear pore organization	15	0	0.26	0	1	1	1	FALSE	0	0		
GO:0007000	nucleolus organization	13	0	0.22	0	1	1	1	FALSE	0	0		
GO:0007006	mitochondrial membrane organization	58	0	1	0	1	1	1	FALSE	0	0		
GO:0007007	inner mitochondrial membrane organization	44	0	0.76	0	1	1	1	FALSE	0	0		
GO:0007008	outer mitochondrial membrane organization	14	0	0.24	0	1	1	1	FALSE	0	0		
GO:0007019	microtubule depolymerization	36	0	0.62	0	1	1	1	FALSE	0	0		
GO:0007020	microtubule nucleation	51	0	0.88	0	1	1	1	FALSE	0	0		
GO:0007026	negative regulation of microtubule depolymerization	19	0	0.33	0	1	1	1	FALSE	0	0		
GO:0007031	peroxisome organization	35	0	0.6	0	1	1	1	FALSE	0	0		
GO:0007032	endosome organization	95	0	1.63	0	1	1	1	FALSE	0	0		
GO:0007035	vacuolar acidification	34	0	0.58	0	1	1	1	FALSE	0	0		
GO:0007039	protein catabolic process in the vacuole	23	0	0.4	0	1	1	1	FALSE	0	0		
GO:0007042	lysosomal lumen acidification	24	0	0.41	0	1	1	1	FALSE	0	0		
GO:0007062	sister chromatid cohesion	56	0	0.96	0	1	1	1	FALSE	0	0		
GO:0007063	regulation of sister chromatid cohesion	17	0	0.29	0	1	1	1	FALSE	0	0		
GO:0007064	mitotic sister chromatid cohesion	32	0	0.55	0	1	1	1	FALSE	0	0		
GO:0007076	mitotic chromosome condensation	19	0	0.33	0	1	1	1	FALSE	0	0		
GO:0007080	mitotic metaphase chromosome alignment	64	0	1.1	0	1	1	1	FALSE	0	0		
GO:0007084	mitotic nuclear membrane reassembly	10	0	0.17	0	1	1	1	FALSE	0	0		
GO:0007096	regulation of exit from mitosis	15	0	0.26	0	1	1	1	FALSE	0	0		
GO:0007100	mitotic centrosome separation	12	0	0.21	0	1	1	1	FALSE	0	0		
GO:0007129	homologous chromosome pairing at meiosis	17	0	0.29	0	1	1	1	FALSE	0	0		
GO:0007140	male meiotic nuclear division	22	0	0.38	0	1	1	1	FALSE	0	0		
GO:0007141	male meiosis I	11	0	0.19	0	1	1	1	FALSE	0	0		
GO:0007143	female meiotic nuclear division	18	0	0.31	0	1	1	1	FALSE	0	0		
GO:0007158	neuron cell-cell adhesion	11	0	0.19	0	1	1	1	FALSE	0	0		
GO:0007175	negative regulation of epidermal growth factor-activated receptor activity	10	0	0.17	0	1	1	1	FALSE	0	0		
GO:0007187	G protein-coupled receptor signaling pathway, coupled to cyclic nucleotide second messenger	23	0	0.4	0	1	1	1	FALSE	0	0		
GO:0007212	G protein-coupled dopamine receptor signaling pathway	17	0	0.29	0	1	1	1	FALSE	0	0		
GO:0007213	G protein-coupled acetylcholine receptor signaling pathway	15	0	0.26	0	1	1	1	FALSE	0	0		
GO:0007214	gamma-aminobutyric acid signaling pathway	12	0	0.21	0	1	1	1	FALSE	0	0		
GO:0007215	glutamate receptor signaling pathway	36	0	0.62	0	1	1	1	FALSE	0	0		
GO:0007218	neuropeptide signaling pathway	36	0	0.62	0	1	1	1	FALSE	0	0		
GO:0007250	activation of NF-kappaB-inducing kinase activity	13	0	0.22	0	1	1	1	FALSE	0	0		
GO:0007263	nitric oxide mediated signal transduction	13	0	0.22	0	1	1	1	FALSE	0	0		
GO:0007265	Ras protein signal transduction	97	0	1.67	0	1	1	1	FALSE	0	0		
GO:0007271	synaptic transmission, cholinergic	21	0	0.36	0	1	1	1	FALSE	0	0		
GO:0007274	neuromuscular synaptic transmission	13	0	0.22	0	1	1	1	FALSE	0	0		
GO:0007286	spermatid development	113	0	1.94	0	1	1	1	FALSE	0	0		
GO:0007288	sperm axoneme assembly	19	0	0.33	0	1	1	1	FALSE	0	0		
GO:0007289	spermatid nucleus differentiation	12	0	0.21	0	1	1	1	FALSE	0	0		
GO:0007339	binding of sperm to zona pellucida	12	0	0.21	0	1	1	1	FALSE	0	0		
GO:0007340	acrosome reaction	18	0	0.31	0	1	1	1	FALSE	0	0		
GO:0007350	blastoderm segmentation	12	0	0.21	0	1	1	1	FALSE	0	0		
GO:0007351	tripartite regional subdivision	10	0	0.17	0	1	1	1	FALSE	0	0		
GO:0007368	determination of left/right symmetry	54	0	0.93	0	1	1	1	FALSE	0	0		
GO:0007413	axonal fasciculation	13	0	0.22	0	1	1	1	FALSE	0	0		
GO:0007519	skeletal muscle tissue development	57	0	0.98	0	1	1	1	FALSE	0	0		
GO:0007528	neuromuscular junction development	36	0	0.62	0	1	1	1	FALSE	0	0		
GO:0007549	sex-chromosome dosage compensation	20	0	0.34	0	1	1	1	FALSE	0	0		
GO:0007585	respiratory gaseous exchange by respiratory system	24	0	0.41	0	1	1	1	FALSE	0	0		
GO:0007588	excretion	10	0	0.17	0	1	1	1	FALSE	0	0		
GO:0007589	body fluid secretion	36	0	0.62	0	1	1	1	FALSE	0	0		
GO:0007595	lactation	20	0	0.34	0	1	1	1	FALSE	0	0		
GO:0007602	phototransduction	22	0	0.38	0	1	1	1	FALSE	0	0		
GO:0007605	sensory perception of sound	79	0	1.36	0	1	1	1	FALSE	0	0		
GO:0007606	sensory perception of chemical stimulus	89	0	1.53	0	1	1	1	FALSE	0	0		
GO:0007608	sensory perception of smell	70	0	1.2	0	1	1	1	FALSE	0	0		
GO:0007612	learning	64	0	1.1	0	1	1	1	FALSE	0	0		
GO:0007617	mating behavior	13	0	0.22	0	1	1	1	FALSE	0	0		
GO:0007622	rhythmic behavior	28	0	0.48	0	1	1	1	FALSE	0	0		
GO:0007626	locomotory behavior	44	0	0.76	0	1	1	1	FALSE	0	0		
GO:0007631	feeding behavior	34	0	0.58	0	1	1	1	FALSE	0	0		
GO:0007632	visual behavior	18	0	0.31	0	1	1	1	FALSE	0	0		
GO:0008033	tRNA processing	139	0	2.39	0	1	1	1	FALSE	0	0		
GO:0008038	neuron recognition	26	0	0.45	0	1	1	1	FALSE	0	0		
GO:0008045	motor neuron axon guidance	11	0	0.19	0	1	1	1	FALSE	0	0		
GO:0008053	mitochondrial fusion	32	0	0.55	0	1	1	1	FALSE	0	0		
GO:0008063	Toll signaling pathway	12	0	0.21	0	1	1	1	FALSE	0	0		
GO:0008088	axo-dendritic transport	77	0	1.32	0	1	1	1	FALSE	0	0		
GO:0008089	anterograde axonal transport	40	0	0.69	0	1	1	1	FALSE	0	0		
GO:0008090	retrograde axonal transport	14	0	0.24	0	1	1	1	FALSE	0	0		
GO:0008156	negative regulation of DNA replication	25	0	0.43	0	1	1	1	FALSE	0	0		
GO:0008206	bile acid metabolic process	30	0	0.52	0	1	1	1	FALSE	0	0		
GO:0008210	estrogen metabolic process	17	0	0.29	0	1	1	1	FALSE	0	0		
GO:0008211	glucocorticoid metabolic process	14	0	0.24	0	1	1	1	FALSE	0	0		
GO:0008212	mineralocorticoid metabolic process	10	0	0.17	0	1	1	1	FALSE	0	0		
GO:0008213	protein alkylation	39	0	0.67	0	1	1	1	FALSE	0	0		
GO:0008298	intracellular mRNA localization	18	0	0.31	0	1	1	1	FALSE	0	0		
GO:0008306	associative learning	36	0	0.62	0	1	1	1	FALSE	0	0		
GO:0008344	adult locomotory behavior	12	0	0.21	0	1	1	1	FALSE	0	0		
GO:0008356	asymmetric cell division	12	0	0.21	0	1	1	1	FALSE	0	0		
GO:0008535	respiratory chain complex IV assembly	32	0	0.55	0	1	1	1	FALSE	0	0		
GO:0008542	visual learning	14	0	0.24	0	1	1	1	FALSE	0	0		
GO:0008543	fibroblast growth factor receptor signaling pathway	38	0	0.65	0	1	1	1	FALSE	0	0		
GO:0008584	male gonad development	51	0	0.88	0	1	1	1	FALSE	0	0		
GO:0008595	anterior/posterior axis specification, embryo	10	0	0.17	0	1	1	1	FALSE	0	0		
GO:0008611	ether lipid biosynthetic process	12	0	0.21	0	1	1	1	FALSE	0	0		
GO:0009048	dosage compensation by inactivation of X chromosome	19	0	0.33	0	1	1	1	FALSE	0	0		
GO:0009062	fatty acid catabolic process	93	0	1.6	0	1	1	1	FALSE	0	0		
GO:0009063	amino acid catabolic process	87	0	1.5	0	1	1	1	FALSE	0	0		
GO:0009067	aspartate family amino acid biosynthetic process	12	0	0.21	0	1	1	1	FALSE	0	0		
GO:0009072	aromatic amino acid metabolic process	30	0	0.52	0	1	1	1	FALSE	0	0		
GO:0009074	aromatic amino acid family catabolic process	17	0	0.29	0	1	1	1	FALSE	0	0		
GO:0009081	branched-chain amino acid metabolic process	24	0	0.41	0	1	1	1	FALSE	0	0		
GO:0009083	branched-chain amino acid catabolic process	22	0	0.38	0	1	1	1	FALSE	0	0		
GO:0009084	L-glutamine family amino acid biosynthetic process	16	0	0.28	0	1	1	1	FALSE	0	0		
GO:0009110	vitamin biosynthetic process	18	0	0.31	0	1	1	1	FALSE	0	0		
GO:0009113	purine nucleobase biosynthetic process	10	0	0.17	0	1	1	1	FALSE	0	0		
GO:0009119	ribonucleoside metabolic process	19	0	0.33	0	1	1	1	FALSE	0	0		
GO:0009120	deoxyribonucleoside metabolic process	10	0	0.17	0	1	1	1	FALSE	0	0		
GO:0009124	nucleoside monophosphate biosynthetic process	39	0	0.67	0	1	1	1	FALSE	0	0		
GO:0009126	purine nucleoside monophosphate metabolic process	41	0	0.71	0	1	1	1	FALSE	0	0		
GO:0009127	purine nucleoside monophosphate biosynthetic process	20	0	0.34	0	1	1	1	FALSE	0	0		
GO:0009128	purine nucleoside monophosphate catabolic process	10	0	0.17	0	1	1	1	FALSE	0	0		
GO:0009130	pyrimidine nucleoside monophosphate biosynthetic process	16	0	0.28	0	1	1	1	FALSE	0	0		
GO:0009133	nucleoside diphosphate biosynthetic process	13	0	0.22	0	1	1	1	FALSE	0	0		
GO:0009138	pyrimidine nucleoside diphosphate metabolic process	10	0	0.17	0	1	1	1	FALSE	0	0		
GO:0009143	nucleoside triphosphate catabolic process	11	0	0.19	0	1	1	1	FALSE	0	0		
GO:0009147	pyrimidine nucleoside triphosphate metabolic process	20	0	0.34	0	1	1	1	FALSE	0	0		
GO:0009148	pyrimidine nucleoside triphosphate biosynthetic process	15	0	0.26	0	1	1	1	FALSE	0	0		
GO:0009151	purine deoxyribonucleotide metabolic process	17	0	0.29	0	1	1	1	FALSE	0	0		
GO:0009155	purine deoxyribonucleotide catabolic process	11	0	0.19	0	1	1	1	FALSE	0	0		
GO:0009156	ribonucleoside monophosphate biosynthetic process	32	0	0.55	0	1	1	1	FALSE	0	0		
GO:0009158	ribonucleoside monophosphate catabolic process	13	0	0.22	0	1	1	1	FALSE	0	0		
GO:0009163	nucleoside biosynthetic process	19	0	0.33	0	1	1	1	FALSE	0	0		
GO:0009164	nucleoside catabolic process	12	0	0.21	0	1	1	1	FALSE	0	0		
GO:0009167	purine ribonucleoside monophosphate metabolic process	38	0	0.65	0	1	1	1	FALSE	0	0		
GO:0009168	purine ribonucleoside monophosphate biosynthetic process	18	0	0.31	0	1	1	1	FALSE	0	0		
GO:0009170	purine deoxyribonucleoside monophosphate metabolic process	12	0	0.21	0	1	1	1	FALSE	0	0		
GO:0009173	pyrimidine ribonucleoside monophosphate metabolic process	15	0	0.26	0	1	1	1	FALSE	0	0		
GO:0009174	pyrimidine ribonucleoside monophosphate biosynthetic process	11	0	0.19	0	1	1	1	FALSE	0	0		
GO:0009187	cyclic nucleotide metabolic process	29	0	0.5	0	1	1	1	FALSE	0	0		
GO:0009188	ribonucleoside diphosphate biosynthetic process	11	0	0.19	0	1	1	1	FALSE	0	0		
GO:0009190	cyclic nucleotide biosynthetic process	13	0	0.22	0	1	1	1	FALSE	0	0		
GO:0009208	pyrimidine ribonucleoside triphosphate metabolic process	15	0	0.26	0	1	1	1	FALSE	0	0		
GO:0009209	pyrimidine ribonucleoside triphosphate biosynthetic process	12	0	0.21	0	1	1	1	FALSE	0	0		
GO:0009214	cyclic nucleotide catabolic process	12	0	0.21	0	1	1	1	FALSE	0	0		
GO:0009218	pyrimidine ribonucleotide metabolic process	29	0	0.5	0	1	1	1	FALSE	0	0		
GO:0009220	pyrimidine ribonucleotide biosynthetic process	21	0	0.36	0	1	1	1	FALSE	0	0		
GO:0009225	nucleotide-sugar metabolic process	41	0	0.71	0	1	1	1	FALSE	0	0		
GO:0009226	nucleotide-sugar biosynthetic process	28	0	0.48	0	1	1	1	FALSE	0	0		
GO:0009235	cobalamin metabolic process	10	0	0.17	0	1	1	1	FALSE	0	0		
GO:0009251	glucan catabolic process	28	0	0.48	0	1	1	1	FALSE	0	0		
GO:0009263	deoxyribonucleotide biosynthetic process	16	0	0.28	0	1	1	1	FALSE	0	0		
GO:0009265	2'-deoxyribonucleotide biosynthetic process	16	0	0.28	0	1	1	1	FALSE	0	0		
GO:0009268	response to pH	25	0	0.43	0	1	1	1	FALSE	0	0		
GO:0009299	mRNA transcription	47	0	0.81	0	1	1	1	FALSE	0	0		
GO:0009301	snRNA transcription	18	0	0.31	0	1	1	1	FALSE	0	0		
GO:0009304	tRNA transcription	12	0	0.21	0	1	1	1	FALSE	0	0		
GO:0009308	amine metabolic process	54	0	0.93	0	1	1	1	FALSE	0	0		
GO:0009309	amine biosynthetic process	25	0	0.43	0	1	1	1	FALSE	0	0		
GO:0009310	amine catabolic process	14	0	0.24	0	1	1	1	FALSE	0	0		
GO:0009395	phospholipid catabolic process	44	0	0.76	0	1	1	1	FALSE	0	0		
GO:0009409	response to cold	23	0	0.4	0	1	1	1	FALSE	0	0		
GO:0009415	response to water	10	0	0.17	0	1	1	1	FALSE	0	0		
GO:0009435	NAD+ biosynthetic process	15	0	0.26	0	1	1	1	FALSE	0	0		
GO:0009437	carnitine metabolic process	13	0	0.22	0	1	1	1	FALSE	0	0		
GO:0009451	RNA modification	171	0	2.94	0	1	1	1	FALSE	0	0		
GO:0009581	detection of external stimulus	67	0	1.15	0	1	1	1	FALSE	0	0		
GO:0009582	detection of abiotic stimulus	68	0	1.17	0	1	1	1	FALSE	0	0		
GO:0009583	detection of light stimulus	31	0	0.53	0	1	1	1	FALSE	0	0		
GO:0009584	detection of visible light	13	0	0.22	0	1	1	1	FALSE	0	0		
GO:0009593	detection of chemical stimulus	97	0	1.67	0	1	1	1	FALSE	0	0		
GO:0009651	response to salt stress	15	0	0.26	0	1	1	1	FALSE	0	0		
GO:0009712	catechol-containing compound metabolic process	24	0	0.41	0	1	1	1	FALSE	0	0		
GO:0009713	catechol-containing compound biosynthetic process	10	0	0.17	0	1	1	1	FALSE	0	0		
GO:0009791	post-embryonic development	11	0	0.19	0	1	1	1	FALSE	0	0		
GO:0009798	axis specification	35	0	0.6	0	1	1	1	FALSE	0	0		
GO:0009799	specification of symmetry	60	0	1.03	0	1	1	1	FALSE	0	0		
GO:0009855	determination of bilateral symmetry	60	0	1.03	0	1	1	1	FALSE	0	0		
GO:0009880	embryonic pattern specification	28	0	0.48	0	1	1	1	FALSE	0	0		
GO:0009948	anterior/posterior axis specification	16	0	0.28	0	1	1	1	FALSE	0	0		
GO:0009952	anterior/posterior pattern specification	54	0	0.93	0	1	1	1	FALSE	0	0		
GO:0009953	dorsal/ventral pattern formation	22	0	0.38	0	1	1	1	FALSE	0	0		
GO:0010042	response to manganese ion	15	0	0.26	0	1	1	1	FALSE	0	0		
GO:0010225	response to UV-C	10	0	0.17	0	1	1	1	FALSE	0	0		
GO:0010248	establishment or maintenance of transmembrane electrochemical gradient	12	0	0.21	0	1	1	1	FALSE	0	0		
GO:0010257	NADH dehydrogenase complex assembly	39	0	0.67	0	1	1	1	FALSE	0	0		
GO:0010421	hydrogen peroxide-mediated programmed cell death	14	0	0.24	0	1	1	1	FALSE	0	0		
GO:0010447	response to acidic pH	15	0	0.26	0	1	1	1	FALSE	0	0		
GO:0010453	regulation of cell fate commitment	28	0	0.48	0	1	1	1	FALSE	0	0		
GO:0010457	centriole-centriole cohesion	15	0	0.26	0	1	1	1	FALSE	0	0		
GO:0010458	exit from mitosis	25	0	0.43	0	1	1	1	FALSE	0	0		
GO:0010469	regulation of signaling receptor activity	30	0	0.52	0	1	1	1	FALSE	0	0		
GO:0010499	proteasomal ubiquitin-independent protein catabolic process	19	0	0.33	0	1	1	1	FALSE	0	0		
GO:0010510	regulation of pyruvate decarboxylation to acetyl-CoA	10	0	0.17	0	1	1	1	FALSE	0	0		
GO:0010526	transposable element silencing	32	0	0.55	0	1	1	1	FALSE	0	0		
GO:0010559	regulation of glycoprotein biosynthetic process	30	0	0.52	0	1	1	1	FALSE	0	0		
GO:0010560	positive regulation of glycoprotein biosynthetic process	10	0	0.17	0	1	1	1	FALSE	0	0		
GO:0010561	negative regulation of glycoprotein biosynthetic process	14	0	0.24	0	1	1	1	FALSE	0	0		
GO:0010569	regulation of double-strand break repair via homologous recombination	78	0	1.34	0	1	1	1	FALSE	0	0		
GO:0010587	miRNA catabolic process	14	0	0.24	0	1	1	1	FALSE	0	0		
GO:0010591	regulation of lamellipodium assembly	31	0	0.53	0	1	1	1	FALSE	0	0		
GO:0010592	positive regulation of lamellipodium assembly	24	0	0.41	0	1	1	1	FALSE	0	0		
GO:0010596	negative regulation of endothelial cell migration	39	0	0.67	0	1	1	1	FALSE	0	0		
GO:0010611	regulation of cardiac muscle hypertrophy	46	0	0.79	0	1	1	1	FALSE	0	0		
GO:0010612	regulation of cardiac muscle adaptation	10	0	0.17	0	1	1	1	FALSE	0	0		
GO:0010613	positive regulation of cardiac muscle hypertrophy	20	0	0.34	0	1	1	1	FALSE	0	0		
GO:0010614	negative regulation of cardiac muscle hypertrophy	25	0	0.43	0	1	1	1	FALSE	0	0		
GO:0010635	regulation of mitochondrial fusion	14	0	0.24	0	1	1	1	FALSE	0	0		
GO:0010642	negative regulation of platelet-derived growth factor receptor signaling pathway	11	0	0.19	0	1	1	1	FALSE	0	0		
GO:0010644	cell communication by electrical coupling	22	0	0.38	0	1	1	1	FALSE	0	0		
GO:0010649	regulation of cell communication by electrical coupling	11	0	0.19	0	1	1	1	FALSE	0	0		
GO:0010656	negative regulation of muscle cell apoptotic process	35	0	0.6	0	1	1	1	FALSE	0	0		
GO:0010657	muscle cell apoptotic process	57	0	0.98	0	1	1	1	FALSE	0	0		
GO:0010658	striated muscle cell apoptotic process	29	0	0.5	0	1	1	1	FALSE	0	0		
GO:0010659	cardiac muscle cell apoptotic process	27	0	0.46	0	1	1	1	FALSE	0	0		
GO:0010660	regulation of muscle cell apoptotic process	53	0	0.91	0	1	1	1	FALSE	0	0		
GO:0010661	positive regulation of muscle cell apoptotic process	19	0	0.33	0	1	1	1	FALSE	0	0		
GO:0010662	regulation of striated muscle cell apoptotic process	27	0	0.46	0	1	1	1	FALSE	0	0		
GO:0010664	negative regulation of striated muscle cell apoptotic process	19	0	0.33	0	1	1	1	FALSE	0	0		
GO:0010665	regulation of cardiac muscle cell apoptotic process	25	0	0.43	0	1	1	1	FALSE	0	0		
GO:0010667	negative regulation of cardiac muscle cell apoptotic process	17	0	0.29	0	1	1	1	FALSE	0	0		
GO:0010669	epithelial structure maintenance	19	0	0.33	0	1	1	1	FALSE	0	0		
GO:0010712	regulation of collagen metabolic process	31	0	0.53	0	1	1	1	FALSE	0	0		
GO:0010713	negative regulation of collagen metabolic process	11	0	0.19	0	1	1	1	FALSE	0	0		
GO:0010714	positive regulation of collagen metabolic process	18	0	0.31	0	1	1	1	FALSE	0	0		
GO:0010719	negative regulation of epithelial to mesenchymal transition	30	0	0.52	0	1	1	1	FALSE	0	0		
GO:0010745	negative regulation of macrophage derived foam cell differentiation	11	0	0.19	0	1	1	1	FALSE	0	0		
GO:0010755	regulation of plasminogen activation	17	0	0.29	0	1	1	1	FALSE	0	0		
GO:0010762	regulation of fibroblast migration	33	0	0.57	0	1	1	1	FALSE	0	0		
GO:0010763	positive regulation of fibroblast migration	13	0	0.22	0	1	1	1	FALSE	0	0		
GO:0010765	positive regulation of sodium ion transport	24	0	0.41	0	1	1	1	FALSE	0	0		
GO:0010770	positive regulation of cell morphogenesis	34	0	0.58	0	1	1	1	FALSE	0	0		
GO:0010799	regulation of peptidyl-threonine phosphorylation	10	0	0.17	0	1	1	1	FALSE	0	0		
GO:0010807	regulation of synaptic vesicle priming	11	0	0.19	0	1	1	1	FALSE	0	0		
GO:0010819	regulation of T cell chemotaxis	10	0	0.17	0	1	1	1	FALSE	0	0		
GO:0010828	positive regulation of D-glucose transmembrane transport	32	0	0.55	0	1	1	1	FALSE	0	0		
GO:0010832	negative regulation of myotube differentiation	10	0	0.17	0	1	1	1	FALSE	0	0		
GO:0010842	retina layer formation	10	0	0.17	0	1	1	1	FALSE	0	0		
GO:0010866	regulation of triglyceride biosynthetic process	18	0	0.31	0	1	1	1	FALSE	0	0		
GO:0010867	positive regulation of triglyceride biosynthetic process	13	0	0.22	0	1	1	1	FALSE	0	0		
GO:0010874	regulation of cholesterol efflux	30	0	0.52	0	1	1	1	FALSE	0	0		
GO:0010875	positive regulation of cholesterol efflux	19	0	0.33	0	1	1	1	FALSE	0	0		
GO:0010878	cholesterol storage	17	0	0.29	0	1	1	1	FALSE	0	0		
GO:0010880	regulation of release of sequestered calcium ion into cytosol by sarcoplasmic reticulum	21	0	0.36	0	1	1	1	FALSE	0	0		
GO:0010881	regulation of cardiac muscle contraction by regulation of the release of sequestered calcium ion	16	0	0.28	0	1	1	1	FALSE	0	0		
GO:0010882	regulation of cardiac muscle contraction by calcium ion signaling	22	0	0.38	0	1	1	1	FALSE	0	0		
GO:0010883	regulation of lipid storage	38	0	0.65	0	1	1	1	FALSE	0	0		
GO:0010884	positive regulation of lipid storage	17	0	0.29	0	1	1	1	FALSE	0	0		
GO:0010885	regulation of cholesterol storage	15	0	0.26	0	1	1	1	FALSE	0	0		
GO:0010888	negative regulation of lipid storage	17	0	0.29	0	1	1	1	FALSE	0	0		
GO:0010894	negative regulation of steroid biosynthetic process	16	0	0.28	0	1	1	1	FALSE	0	0		
GO:0010907	positive regulation of glucose metabolic process	35	0	0.6	0	1	1	1	FALSE	0	0		
GO:0010917	negative regulation of mitochondrial membrane potential	11	0	0.19	0	1	1	1	FALSE	0	0		
GO:0010934	macrophage cytokine production	14	0	0.24	0	1	1	1	FALSE	0	0		
GO:0010935	regulation of macrophage cytokine production	14	0	0.24	0	1	1	1	FALSE	0	0		
GO:0010944	negative regulation of transcription by competitive promoter binding	12	0	0.21	0	1	1	1	FALSE	0	0		
GO:0010955	negative regulation of protein processing	16	0	0.28	0	1	1	1	FALSE	0	0		
GO:0010962	regulation of glucan biosynthetic process	23	0	0.4	0	1	1	1	FALSE	0	0		
GO:0010968	regulation of microtubule nucleation	19	0	0.33	0	1	1	1	FALSE	0	0		
GO:0010984	regulation of lipoprotein particle clearance	13	0	0.22	0	1	1	1	FALSE	0	0		
GO:0010988	regulation of low-density lipoprotein particle clearance	10	0	0.17	0	1	1	1	FALSE	0	0		
GO:0010992	ubiquitin recycling	13	0	0.22	0	1	1	1	FALSE	0	0		
GO:0010996	response to auditory stimulus	15	0	0.26	0	1	1	1	FALSE	0	0		
GO:0014014	negative regulation of gliogenesis	19	0	0.33	0	1	1	1	FALSE	0	0		
GO:0014020	primary neural tube formation	27	0	0.46	0	1	1	1	FALSE	0	0		
GO:0014029	neural crest formation	10	0	0.17	0	1	1	1	FALSE	0	0		
GO:0014037	Schwann cell differentiation	29	0	0.5	0	1	1	1	FALSE	0	0		
GO:0014044	Schwann cell development	26	0	0.45	0	1	1	1	FALSE	0	0		
GO:0014046	dopamine secretion	10	0	0.17	0	1	1	1	FALSE	0	0		
GO:0014047	glutamate secretion	13	0	0.22	0	1	1	1	FALSE	0	0		
GO:0014048	regulation of glutamate secretion	11	0	0.19	0	1	1	1	FALSE	0	0		
GO:0014074	response to purine-containing compound	104	0	1.79	0	1	1	1	FALSE	0	0		
GO:0014075	response to amine	27	0	0.46	0	1	1	1	FALSE	0	0		
GO:0014741	negative regulation of muscle hypertrophy	25	0	0.43	0	1	1	1	FALSE	0	0		
GO:0014742	positive regulation of muscle hypertrophy	20	0	0.34	0	1	1	1	FALSE	0	0		
GO:0014743	regulation of muscle hypertrophy	46	0	0.79	0	1	1	1	FALSE	0	0		
GO:0014745	negative regulation of muscle adaptation	11	0	0.19	0	1	1	1	FALSE	0	0		
GO:0014808	release of sequestered calcium ion into cytosol by sarcoplasmic reticulum	28	0	0.48	0	1	1	1	FALSE	0	0		
GO:0014812	muscle cell migration	57	0	0.98	0	1	1	1	FALSE	0	0		
GO:0014819	regulation of skeletal muscle contraction	13	0	0.22	0	1	1	1	FALSE	0	0		
GO:0014823	response to activity	48	0	0.83	0	1	1	1	FALSE	0	0		
GO:0014829	vascular associated smooth muscle contraction	13	0	0.22	0	1	1	1	FALSE	0	0		
GO:0014850	response to muscle activity	15	0	0.26	0	1	1	1	FALSE	0	0		
GO:0014855	striated muscle cell proliferation	36	0	0.62	0	1	1	1	FALSE	0	0		
GO:0014856	skeletal muscle cell proliferation	11	0	0.19	0	1	1	1	FALSE	0	0		
GO:0014887	cardiac muscle adaptation	16	0	0.28	0	1	1	1	FALSE	0	0		
GO:0014888	striated muscle adaptation	22	0	0.38	0	1	1	1	FALSE	0	0		
GO:0014896	muscle hypertrophy	60	0	1.03	0	1	1	1	FALSE	0	0		
GO:0014897	striated muscle hypertrophy	59	0	1.01	0	1	1	1	FALSE	0	0		
GO:0014898	cardiac muscle hypertrophy in response to stress	16	0	0.28	0	1	1	1	FALSE	0	0		
GO:0014904	myotube cell development	16	0	0.28	0	1	1	1	FALSE	0	0		
GO:0014909	smooth muscle cell migration	51	0	0.88	0	1	1	1	FALSE	0	0		
GO:0014910	regulation of smooth muscle cell migration	45	0	0.77	0	1	1	1	FALSE	0	0		
GO:0014911	positive regulation of smooth muscle cell migration	27	0	0.46	0	1	1	1	FALSE	0	0		
GO:0014912	negative regulation of smooth muscle cell migration	15	0	0.26	0	1	1	1	FALSE	0	0		
GO:0015012	heparan sulfate proteoglycan biosynthetic process	24	0	0.41	0	1	1	1	FALSE	0	0		
GO:0015693	magnesium ion transport	19	0	0.33	0	1	1	1	FALSE	0	0		
GO:0015697	quaternary ammonium group transport	12	0	0.21	0	1	1	1	FALSE	0	0		
GO:0015701	bicarbonate transport	24	0	0.41	0	1	1	1	FALSE	0	0		
GO:0015740	C4-dicarboxylate transport	21	0	0.36	0	1	1	1	FALSE	0	0		
GO:0015780	nucleotide-sugar transmembrane transport	13	0	0.22	0	1	1	1	FALSE	0	0		
GO:0015800	acidic amino acid transport	47	0	0.81	0	1	1	1	FALSE	0	0		
GO:0015801	aromatic amino acid transport	11	0	0.19	0	1	1	1	FALSE	0	0		
GO:0015802	basic amino acid transport	16	0	0.28	0	1	1	1	FALSE	0	0		
GO:0015803	branched-chain amino acid transport	12	0	0.21	0	1	1	1	FALSE	0	0		
GO:0015810	aspartate transmembrane transport	15	0	0.26	0	1	1	1	FALSE	0	0		
GO:0015812	gamma-aminobutyric acid transport	12	0	0.21	0	1	1	1	FALSE	0	0		
GO:0015813	L-glutamate transmembrane transport	21	0	0.36	0	1	1	1	FALSE	0	0		
GO:0015838	amino-acid betaine transport	11	0	0.19	0	1	1	1	FALSE	0	0		
GO:0015846	polyamine transport	14	0	0.24	0	1	1	1	FALSE	0	0		
GO:0015851	nucleobase transport	12	0	0.21	0	1	1	1	FALSE	0	0		
GO:0015866	ADP transport	10	0	0.17	0	1	1	1	FALSE	0	0		
GO:0015872	dopamine transport	17	0	0.29	0	1	1	1	FALSE	0	0		
GO:0015874	norepinephrine transport	13	0	0.22	0	1	1	1	FALSE	0	0		
GO:0015919	peroxisomal membrane transport	22	0	0.38	0	1	1	1	FALSE	0	0		
GO:0015937	coenzyme A biosynthetic process	10	0	0.17	0	1	1	1	FALSE	0	0		
GO:0016024	CDP-diacylglycerol biosynthetic process	13	0	0.22	0	1	1	1	FALSE	0	0		
GO:0016054	organic acid catabolic process	200	0	3.44	0	1	1	1	FALSE	0	0		
GO:0016073	snRNA metabolic process	58	0	1	0	1	1	1	FALSE	0	0		
GO:0016074	sno(s)RNA metabolic process	13	0	0.22	0	1	1	1	FALSE	0	0		
GO:0016075	rRNA catabolic process	19	0	0.33	0	1	1	1	FALSE	0	0		
GO:0016078	tRNA decay	17	0	0.29	0	1	1	1	FALSE	0	0		
GO:0016081	synaptic vesicle docking	10	0	0.17	0	1	1	1	FALSE	0	0		
GO:0016082	synaptic vesicle priming	23	0	0.4	0	1	1	1	FALSE	0	0		
GO:0016126	sterol biosynthetic process	55	0	0.95	0	1	1	1	FALSE	0	0		
GO:0016137	glycoside metabolic process	12	0	0.21	0	1	1	1	FALSE	0	0		
GO:0016180	snRNA processing	37	0	0.64	0	1	1	1	FALSE	0	0		
GO:0016185	synaptic vesicle budding from presynaptic endocytic zone membrane	11	0	0.19	0	1	1	1	FALSE	0	0		
GO:0016188	synaptic vesicle maturation	22	0	0.38	0	1	1	1	FALSE	0	0		
GO:0016202	regulation of striated muscle tissue development	13	0	0.22	0	1	1	1	FALSE	0	0		
GO:0016226	iron-sulfur cluster assembly	28	0	0.48	0	1	1	1	FALSE	0	0		
GO:0016237	microautophagy	22	0	0.38	0	1	1	1	FALSE	0	0		
GO:0016242	negative regulation of macroautophagy	32	0	0.55	0	1	1	1	FALSE	0	0		
GO:0016331	morphogenesis of embryonic epithelium	40	0	0.69	0	1	1	1	FALSE	0	0		
GO:0016338	calcium-independent cell-cell adhesion	10	0	0.17	0	1	1	1	FALSE	0	0		
GO:0016339	calcium-dependent cell-cell adhesion	18	0	0.31	0	1	1	1	FALSE	0	0		
GO:0016441	post-transcriptional gene silencing	82	0	1.41	0	1	1	1	FALSE	0	0		
GO:0016446	somatic hypermutation of immunoglobulin genes	10	0	0.17	0	1	1	1	FALSE	0	0		
GO:0016486	peptide hormone processing	26	0	0.45	0	1	1	1	FALSE	0	0		
GO:0016553	base conversion or substitution editing	12	0	0.21	0	1	1	1	FALSE	0	0		
GO:0016556	mRNA modification	23	0	0.4	0	1	1	1	FALSE	0	0		
GO:0016558	protein import into peroxisome matrix	15	0	0.26	0	1	1	1	FALSE	0	0		
GO:0016559	peroxisome fission	10	0	0.17	0	1	1	1	FALSE	0	0		
GO:0016973	poly(A)+ mRNA export from nucleus	20	0	0.34	0	1	1	1	FALSE	0	0		
GO:0017004	cytochrome complex assembly	46	0	0.79	0	1	1	1	FALSE	0	0		
GO:0017062	respiratory chain complex III assembly	14	0	0.24	0	1	1	1	FALSE	0	0		
GO:0017156	calcium-ion regulated exocytosis	42	0	0.72	0	1	1	1	FALSE	0	0		
GO:0017158	regulation of calcium ion-dependent exocytosis	25	0	0.43	0	1	1	1	FALSE	0	0		
GO:0018022	peptidyl-lysine methylation	16	0	0.28	0	1	1	1	FALSE	0	0		
GO:0018107	peptidyl-threonine phosphorylation	28	0	0.48	0	1	1	1	FALSE	0	0		
GO:0018126	protein hydroxylation	15	0	0.26	0	1	1	1	FALSE	0	0		
GO:0018200	peptidyl-glutamic acid modification	14	0	0.24	0	1	1	1	FALSE	0	0		
GO:0018210	peptidyl-threonine modification	28	0	0.48	0	1	1	1	FALSE	0	0		
GO:0018230	peptidyl-L-cysteine S-palmitoylation	15	0	0.26	0	1	1	1	FALSE	0	0		
GO:0018231	peptidyl-S-diacylglycerol-L-cysteine biosynthetic process from peptidyl-cysteine	15	0	0.26	0	1	1	1	FALSE	0	0		
GO:0018342	protein prenylation	10	0	0.17	0	1	1	1	FALSE	0	0		
GO:0018345	protein palmitoylation	20	0	0.34	0	1	1	1	FALSE	0	0		
GO:0018394	peptidyl-lysine acetylation	12	0	0.21	0	1	1	1	FALSE	0	0		
GO:0018958	phenol-containing compound metabolic process	56	0	0.96	0	1	1	1	FALSE	0	0		
GO:0019068	virion assembly	33	0	0.57	0	1	1	1	FALSE	0	0		
GO:0019076	viral release from host cell	26	0	0.45	0	1	1	1	FALSE	0	0		
GO:0019081	viral translation	23	0	0.4	0	1	1	1	FALSE	0	0		
GO:0019098	reproductive behavior	15	0	0.26	0	1	1	1	FALSE	0	0		
GO:0019184	nonribosomal peptide biosynthetic process	12	0	0.21	0	1	1	1	FALSE	0	0		
GO:0019228	neuronal action potential	16	0	0.28	0	1	1	1	FALSE	0	0		
GO:0019233	sensory perception of pain	39	0	0.67	0	1	1	1	FALSE	0	0		
GO:0019359	nicotinamide nucleotide biosynthetic process	18	0	0.31	0	1	1	1	FALSE	0	0		
GO:0019363	pyridine nucleotide biosynthetic process	18	0	0.31	0	1	1	1	FALSE	0	0		
GO:0019369	arachidonate metabolic process	39	0	0.67	0	1	1	1	FALSE	0	0		
GO:0019377	glycolipid catabolic process	18	0	0.31	0	1	1	1	FALSE	0	0		
GO:0019395	fatty acid oxidation	86	0	1.48	0	1	1	1	FALSE	0	0		
GO:0019430	removal of superoxide radicals	14	0	0.24	0	1	1	1	FALSE	0	0		
GO:0019433	triglyceride catabolic process	21	0	0.36	0	1	1	1	FALSE	0	0		
GO:0019646	aerobic electron transport chain	81	0	1.39	0	1	1	1	FALSE	0	0		
GO:0019673	GDP-mannose metabolic process	10	0	0.17	0	1	1	1	FALSE	0	0		
GO:0019748	secondary metabolic process	32	0	0.55	0	1	1	1	FALSE	0	0		
GO:0019856	pyrimidine nucleobase biosynthetic process	11	0	0.19	0	1	1	1	FALSE	0	0		
GO:0019896	axonal transport of mitochondrion	15	0	0.26	0	1	1	1	FALSE	0	0		
GO:0019985	translesion synthesis	26	0	0.45	0	1	1	1	FALSE	0	0		
GO:0020027	hemoglobin metabolic process	11	0	0.19	0	1	1	1	FALSE	0	0		
GO:0021510	spinal cord development	35	0	0.6	0	1	1	1	FALSE	0	0		
GO:0021533	cell differentiation in hindbrain	10	0	0.17	0	1	1	1	FALSE	0	0		
GO:0021536	diencephalon development	21	0	0.36	0	1	1	1	FALSE	0	0		
GO:0021544	subpallium development	10	0	0.17	0	1	1	1	FALSE	0	0		
GO:0021545	cranial nerve development	23	0	0.4	0	1	1	1	FALSE	0	0		
GO:0021575	hindbrain morphogenesis	19	0	0.33	0	1	1	1	FALSE	0	0		
GO:0021587	cerebellum morphogenesis	18	0	0.31	0	1	1	1	FALSE	0	0		
GO:0021591	ventricular system development	10	0	0.17	0	1	1	1	FALSE	0	0		
GO:0021602	cranial nerve morphogenesis	12	0	0.21	0	1	1	1	FALSE	0	0		
GO:0021675	nerve development	32	0	0.55	0	1	1	1	FALSE	0	0		
GO:0021680	cerebellar Purkinje cell layer development	12	0	0.21	0	1	1	1	FALSE	0	0		
GO:0021695	cerebellar cortex development	24	0	0.41	0	1	1	1	FALSE	0	0		
GO:0021696	cerebellar cortex morphogenesis	16	0	0.28	0	1	1	1	FALSE	0	0		
GO:0021697	cerebellar cortex formation	11	0	0.19	0	1	1	1	FALSE	0	0		
GO:0021756	striatum development	10	0	0.17	0	1	1	1	FALSE	0	0		
GO:0021761	limbic system development	50	0	0.86	0	1	1	1	FALSE	0	0		
GO:0021766	hippocampus development	41	0	0.71	0	1	1	1	FALSE	0	0		
GO:0021772	olfactory bulb development	10	0	0.17	0	1	1	1	FALSE	0	0		
GO:0021846	cell proliferation in forebrain	13	0	0.22	0	1	1	1	FALSE	0	0		
GO:0021854	hypothalamus development	11	0	0.19	0	1	1	1	FALSE	0	0		
GO:0021872	forebrain generation of neurons	32	0	0.55	0	1	1	1	FALSE	0	0		
GO:0021879	forebrain neuron differentiation	29	0	0.5	0	1	1	1	FALSE	0	0		
GO:0021884	forebrain neuron development	14	0	0.24	0	1	1	1	FALSE	0	0		
GO:0021915	neural tube development	49	0	0.84	0	1	1	1	FALSE	0	0		
GO:0021952	central nervous system projection neuron axonogenesis	11	0	0.19	0	1	1	1	FALSE	0	0		
GO:0021953	central nervous system neuron differentiation	72	0	1.24	0	1	1	1	FALSE	0	0		
GO:0021954	central nervous system neuron development	37	0	0.64	0	1	1	1	FALSE	0	0		
GO:0021955	central nervous system neuron axonogenesis	17	0	0.29	0	1	1	1	FALSE	0	0		
GO:0021988	olfactory lobe development	10	0	0.17	0	1	1	1	FALSE	0	0		
GO:0022011	myelination in peripheral nervous system	16	0	0.28	0	1	1	1	FALSE	0	0		
GO:0022038	corpus callosum development	13	0	0.22	0	1	1	1	FALSE	0	0		
GO:0022410	circadian sleep/wake cycle process	10	0	0.17	0	1	1	1	FALSE	0	0		
GO:0022616	DNA strand elongation	37	0	0.64	0	1	1	1	FALSE	0	0		
GO:0022898	regulation of transmembrane transporter activity	51	0	0.88	0	1	1	1	FALSE	0	0		
GO:0022900	electron transport chain	110	0	1.89	0	1	1	1	FALSE	0	0		
GO:0022904	respiratory electron transport chain	103	0	1.77	0	1	1	1	FALSE	0	0		
GO:0023035	CD40 signaling pathway	13	0	0.22	0	1	1	1	FALSE	0	0		
GO:0030007	intracellular potassium ion homeostasis	16	0	0.28	0	1	1	1	FALSE	0	0		
GO:0030011	maintenance of cell polarity	12	0	0.21	0	1	1	1	FALSE	0	0		
GO:0030148	sphingolipid biosynthetic process	92	0	1.58	0	1	1	1	FALSE	0	0		
GO:0030149	sphingolipid catabolic process	37	0	0.64	0	1	1	1	FALSE	0	0		
GO:0030150	protein import into mitochondrial matrix	24	0	0.41	0	1	1	1	FALSE	0	0		
GO:0030174	regulation of DNA-templated DNA replication initiation	17	0	0.29	0	1	1	1	FALSE	0	0		
GO:0030177	positive regulation of Wnt signaling pathway	112	0	1.93	0	1	1	1	FALSE	0	0		
GO:0030199	collagen fibril organization	46	0	0.79	0	1	1	1	FALSE	0	0		
GO:0030210	heparin proteoglycan biosynthetic process	10	0	0.17	0	1	1	1	FALSE	0	0		
GO:0030214	hyaluronan catabolic process	13	0	0.22	0	1	1	1	FALSE	0	0		
GO:0030216	keratinocyte differentiation	67	0	1.15	0	1	1	1	FALSE	0	0		
GO:0030220	platelet formation	18	0	0.31	0	1	1	1	FALSE	0	0		
GO:0030258	lipid modification	137	0	2.36	0	1	1	1	FALSE	0	0		
GO:0030261	chromosome condensation	33	0	0.57	0	1	1	1	FALSE	0	0		
GO:0030262	apoptotic nuclear changes	19	0	0.33	0	1	1	1	FALSE	0	0		
GO:0030277	maintenance of gastrointestinal epithelium	13	0	0.22	0	1	1	1	FALSE	0	0		
GO:0030325	adrenal gland development	11	0	0.19	0	1	1	1	FALSE	0	0		
GO:0030397	membrane disassembly	13	0	0.22	0	1	1	1	FALSE	0	0		
GO:0030431	sleep	11	0	0.19	0	1	1	1	FALSE	0	0		
GO:0030488	tRNA methylation	40	0	0.69	0	1	1	1	FALSE	0	0		
GO:0030497	fatty acid elongation	13	0	0.22	0	1	1	1	FALSE	0	0		
GO:0030502	negative regulation of bone mineralization	11	0	0.19	0	1	1	1	FALSE	0	0		
GO:0030513	positive regulation of BMP signaling pathway	17	0	0.29	0	1	1	1	FALSE	0	0		
GO:0030517	negative regulation of axon extension	17	0	0.29	0	1	1	1	FALSE	0	0		
GO:0030521	androgen receptor signaling pathway	36	0	0.62	0	1	1	1	FALSE	0	0		
GO:0030534	adult behavior	37	0	0.64	0	1	1	1	FALSE	0	0		
GO:0030808	regulation of nucleotide biosynthetic process	18	0	0.31	0	1	1	1	FALSE	0	0		
GO:0030810	positive regulation of nucleotide biosynthetic process	12	0	0.21	0	1	1	1	FALSE	0	0		
GO:0030812	negative regulation of nucleotide catabolic process	14	0	0.24	0	1	1	1	FALSE	0	0		
GO:0030813	positive regulation of nucleotide catabolic process	18	0	0.31	0	1	1	1	FALSE	0	0		
GO:0030836	positive regulation of actin filament depolymerization	12	0	0.21	0	1	1	1	FALSE	0	0		
GO:0030850	prostate gland development	11	0	0.19	0	1	1	1	FALSE	0	0		
GO:0030858	positive regulation of epithelial cell differentiation	36	0	0.62	0	1	1	1	FALSE	0	0		
GO:0030859	polarized epithelial cell differentiation	13	0	0.22	0	1	1	1	FALSE	0	0		
GO:0030948	negative regulation of vascular endothelial growth factor receptor signaling pathway	11	0	0.19	0	1	1	1	FALSE	0	0		
GO:0030968	endoplasmic reticulum unfolded protein response	87	0	1.5	0	1	1	1	FALSE	0	0		
GO:0030970	retrograde protein transport, ER to cytosol	28	0	0.48	0	1	1	1	FALSE	0	0		
GO:0031016	pancreas development	32	0	0.55	0	1	1	1	FALSE	0	0		
GO:0031018	endocrine pancreas development	18	0	0.31	0	1	1	1	FALSE	0	0		
GO:0031047	regulatory ncRNA-mediated gene silencing	135	0	2.32	0	1	1	1	FALSE	0	0		
GO:0031048	regulatory ncRNA-mediated heterochromatin formation	19	0	0.33	0	1	1	1	FALSE	0	0		
GO:0031053	primary miRNA processing	16	0	0.28	0	1	1	1	FALSE	0	0		
GO:0031054	pre-miRNA processing	14	0	0.24	0	1	1	1	FALSE	0	0		
GO:0031100	animal organ regeneration	37	0	0.64	0	1	1	1	FALSE	0	0		
GO:0031111	negative regulation of microtubule polymerization or depolymerization	30	0	0.52	0	1	1	1	FALSE	0	0		
GO:0031114	regulation of microtubule depolymerization	25	0	0.43	0	1	1	1	FALSE	0	0		
GO:0031115	negative regulation of microtubule polymerization	11	0	0.19	0	1	1	1	FALSE	0	0		
GO:0031118	rRNA pseudouridine synthesis	10	0	0.17	0	1	1	1	FALSE	0	0		
GO:0031123	RNA 3'-end processing	90	0	1.55	0	1	1	1	FALSE	0	0		
GO:0031124	mRNA 3'-end processing	44	0	0.76	0	1	1	1	FALSE	0	0		
GO:0031125	rRNA 3'-end processing	12	0	0.21	0	1	1	1	FALSE	0	0		
GO:0031126	sno(s)RNA 3'-end processing	11	0	0.19	0	1	1	1	FALSE	0	0		
GO:0031128	developmental induction	10	0	0.17	0	1	1	1	FALSE	0	0		
GO:0031145	anaphase-promoting complex-dependent catabolic process	24	0	0.41	0	1	1	1	FALSE	0	0		
GO:0031163	metallo-sulfur cluster assembly	28	0	0.48	0	1	1	1	FALSE	0	0		
GO:0031167	rRNA methylation	28	0	0.48	0	1	1	1	FALSE	0	0		
GO:0031204	post-translational protein targeting to membrane, translocation	11	0	0.19	0	1	1	1	FALSE	0	0		
GO:0031268	pseudopodium organization	14	0	0.24	0	1	1	1	FALSE	0	0		
GO:0031269	pseudopodium assembly	13	0	0.22	0	1	1	1	FALSE	0	0		
GO:0031272	regulation of pseudopodium assembly	11	0	0.19	0	1	1	1	FALSE	0	0		
GO:0031274	positive regulation of pseudopodium assembly	11	0	0.19	0	1	1	1	FALSE	0	0		
GO:0031293	membrane protein intracellular domain proteolysis	13	0	0.22	0	1	1	1	FALSE	0	0		
GO:0031297	replication fork processing	59	0	1.01	0	1	1	1	FALSE	0	0		
GO:0031338	regulation of vesicle fusion	21	0	0.36	0	1	1	1	FALSE	0	0		
GO:0031340	positive regulation of vesicle fusion	15	0	0.26	0	1	1	1	FALSE	0	0		
GO:0031343	positive regulation of cell killing	50	0	0.86	0	1	1	1	FALSE	0	0		
GO:0031424	keratinization	19	0	0.33	0	1	1	1	FALSE	0	0		
GO:0031440	regulation of mRNA 3'-end processing	15	0	0.26	0	1	1	1	FALSE	0	0		
GO:0031445	regulation of heterochromatin formation	12	0	0.21	0	1	1	1	FALSE	0	0		
GO:0031468	nuclear membrane reassembly	24	0	0.41	0	1	1	1	FALSE	0	0		
GO:0031509	subtelomeric heterochromatin formation	10	0	0.17	0	1	1	1	FALSE	0	0		
GO:0031571	mitotic G1 DNA damage checkpoint signaling	14	0	0.24	0	1	1	1	FALSE	0	0		
GO:0031573	mitotic intra-S DNA damage checkpoint signaling	17	0	0.29	0	1	1	1	FALSE	0	0		
GO:0031630	regulation of synaptic vesicle fusion to presynaptic active zone membrane	11	0	0.19	0	1	1	1	FALSE	0	0		
GO:0031639	plasminogen activation	20	0	0.34	0	1	1	1	FALSE	0	0		
GO:0031641	regulation of myelination	30	0	0.52	0	1	1	1	FALSE	0	0		
GO:0031643	positive regulation of myelination	18	0	0.31	0	1	1	1	FALSE	0	0		
GO:0031644	regulation of nervous system process	82	0	1.41	0	1	1	1	FALSE	0	0		
GO:0031646	positive regulation of nervous system process	28	0	0.48	0	1	1	1	FALSE	0	0		
GO:0031666	positive regulation of lipopolysaccharide-mediated signaling pathway	11	0	0.19	0	1	1	1	FALSE	0	0		
GO:0031958	nuclear receptor-mediated corticosteroid signaling pathway	12	0	0.21	0	1	1	1	FALSE	0	0		
GO:0031998	regulation of fatty acid beta-oxidation	17	0	0.29	0	1	1	1	FALSE	0	0		
GO:0032011	ARF protein signal transduction	19	0	0.33	0	1	1	1	FALSE	0	0		
GO:0032012	regulation of ARF protein signal transduction	19	0	0.33	0	1	1	1	FALSE	0	0		
GO:0032025	response to cobalt ion	10	0	0.17	0	1	1	1	FALSE	0	0		
GO:0032026	response to magnesium ion	13	0	0.22	0	1	1	1	FALSE	0	0		
GO:0032042	mitochondrial DNA metabolic process	18	0	0.31	0	1	1	1	FALSE	0	0		
GO:0032048	cardiolipin metabolic process	11	0	0.19	0	1	1	1	FALSE	0	0		
GO:0032094	response to food	22	0	0.38	0	1	1	1	FALSE	0	0		
GO:0032095	regulation of response to food	13	0	0.22	0	1	1	1	FALSE	0	0		
GO:0032096	negative regulation of response to food	10	0	0.17	0	1	1	1	FALSE	0	0		
GO:0032098	regulation of appetite	17	0	0.29	0	1	1	1	FALSE	0	0		
GO:0032099	negative regulation of appetite	10	0	0.17	0	1	1	1	FALSE	0	0		
GO:0032107	regulation of response to nutrient levels	20	0	0.34	0	1	1	1	FALSE	0	0		
GO:0032108	negative regulation of response to nutrient levels	10	0	0.17	0	1	1	1	FALSE	0	0		
GO:0032147	activation of protein kinase activity	41	0	0.71	0	1	1	1	FALSE	0	0		
GO:0032196	transposition	35	0	0.6	0	1	1	1	FALSE	0	0		
GO:0032197	retrotransposition	33	0	0.57	0	1	1	1	FALSE	0	0		
GO:0032201	telomere maintenance via semi-conservative replication	10	0	0.17	0	1	1	1	FALSE	0	0		
GO:0032239	regulation of nucleobase-containing compound transport	17	0	0.29	0	1	1	1	FALSE	0	0		
GO:0032252	secretory granule localization	15	0	0.26	0	1	1	1	FALSE	0	0		
GO:0032253	dense core granule localization	15	0	0.26	0	1	1	1	FALSE	0	0		
GO:0032261	purine nucleotide salvage	17	0	0.29	0	1	1	1	FALSE	0	0		
GO:0032288	myelin assembly	15	0	0.26	0	1	1	1	FALSE	0	0		
GO:0032292	peripheral nervous system axon ensheathment	16	0	0.28	0	1	1	1	FALSE	0	0		
GO:0032330	regulation of chondrocyte differentiation	23	0	0.4	0	1	1	1	FALSE	0	0		
GO:0032332	positive regulation of chondrocyte differentiation	11	0	0.19	0	1	1	1	FALSE	0	0		
GO:0032354	response to follicle-stimulating hormone	10	0	0.17	0	1	1	1	FALSE	0	0		
GO:0032355	response to estradiol	74	0	1.27	0	1	1	1	FALSE	0	0		
GO:0032369	negative regulation of lipid transport	22	0	0.38	0	1	1	1	FALSE	0	0		
GO:0032371	regulation of sterol transport	42	0	0.72	0	1	1	1	FALSE	0	0		
GO:0032373	positive regulation of sterol transport	27	0	0.46	0	1	1	1	FALSE	0	0		
GO:0032374	regulation of cholesterol transport	42	0	0.72	0	1	1	1	FALSE	0	0		
GO:0032376	positive regulation of cholesterol transport	27	0	0.46	0	1	1	1	FALSE	0	0		
GO:0032387	negative regulation of intracellular transport	42	0	0.72	0	1	1	1	FALSE	0	0		
GO:0032400	melanosome localization	21	0	0.36	0	1	1	1	FALSE	0	0		
GO:0032401	establishment of melanosome localization	17	0	0.29	0	1	1	1	FALSE	0	0		
GO:0032402	melanosome transport	17	0	0.29	0	1	1	1	FALSE	0	0		
GO:0032410	negative regulation of transporter activity	17	0	0.29	0	1	1	1	FALSE	0	0		
GO:0032411	positive regulation of transporter activity	25	0	0.43	0	1	1	1	FALSE	0	0		
GO:0032413	negative regulation of ion transmembrane transporter activity	16	0	0.28	0	1	1	1	FALSE	0	0		
GO:0032414	positive regulation of ion transmembrane transporter activity	22	0	0.38	0	1	1	1	FALSE	0	0		
GO:0032418	lysosome localization	73	0	1.26	0	1	1	1	FALSE	0	0		
GO:0032438	melanosome organization	34	0	0.58	0	1	1	1	FALSE	0	0		
GO:0032482	Rab protein signal transduction	23	0	0.4	0	1	1	1	FALSE	0	0		
GO:0032486	Rap protein signal transduction	15	0	0.26	0	1	1	1	FALSE	0	0		
GO:0032490	detection of molecule of bacterial origin	11	0	0.19	0	1	1	1	FALSE	0	0		
GO:0032495	response to muramyl dipeptide	17	0	0.29	0	1	1	1	FALSE	0	0		
GO:0032506	cytokinetic process	51	0	0.88	0	1	1	1	FALSE	0	0		
GO:0032510	endosome to lysosome transport via multivesicular body sorting pathway	18	0	0.31	0	1	1	1	FALSE	0	0		
GO:0032511	late endosome to vacuole transport via multivesicular body sorting pathway	26	0	0.45	0	1	1	1	FALSE	0	0		
GO:0032527	protein exit from endoplasmic reticulum	45	0	0.77	0	1	1	1	FALSE	0	0		
GO:0032543	mitochondrial translation	129	0	2.22	0	1	1	1	FALSE	0	0		
GO:0032570	response to progesterone	22	0	0.38	0	1	1	1	FALSE	0	0		
GO:0032620	interleukin-17 production	32	0	0.55	0	1	1	1	FALSE	0	0		
GO:0032660	regulation of interleukin-17 production	32	0	0.55	0	1	1	1	FALSE	0	0		
GO:0032688	negative regulation of interferon-beta production	12	0	0.21	0	1	1	1	FALSE	0	0		
GO:0032700	negative regulation of interleukin-17 production	12	0	0.21	0	1	1	1	FALSE	0	0		
GO:0032717	negative regulation of interleukin-8 production	17	0	0.29	0	1	1	1	FALSE	0	0		
GO:0032736	positive regulation of interleukin-13 production	14	0	0.24	0	1	1	1	FALSE	0	0		
GO:0032740	positive regulation of interleukin-17 production	21	0	0.36	0	1	1	1	FALSE	0	0		
GO:0032784	regulation of DNA-templated transcription elongation	103	0	1.77	0	1	1	1	FALSE	0	0		
GO:0032785	negative regulation of DNA-templated transcription, elongation	24	0	0.41	0	1	1	1	FALSE	0	0		
GO:0032786	positive regulation of DNA-templated transcription, elongation	62	0	1.07	0	1	1	1	FALSE	0	0		
GO:0032790	ribosome disassembly	46	0	0.79	0	1	1	1	FALSE	0	0		
GO:0032814	regulation of natural killer cell activation	34	0	0.58	0	1	1	1	FALSE	0	0		
GO:0032816	positive regulation of natural killer cell activation	14	0	0.24	0	1	1	1	FALSE	0	0		
GO:0032817	regulation of natural killer cell proliferation	11	0	0.19	0	1	1	1	FALSE	0	0		
GO:0032872	regulation of stress-activated MAPK cascade	29	0	0.5	0	1	1	1	FALSE	0	0		
GO:0032874	positive regulation of stress-activated MAPK cascade	16	0	0.28	0	1	1	1	FALSE	0	0		
GO:0032878	regulation of establishment or maintenance of cell polarity	23	0	0.4	0	1	1	1	FALSE	0	0		
GO:0032881	regulation of polysaccharide metabolic process	33	0	0.57	0	1	1	1	FALSE	0	0		
GO:0032885	regulation of polysaccharide biosynthetic process	29	0	0.5	0	1	1	1	FALSE	0	0		
GO:0032891	negative regulation of organic acid transport	17	0	0.29	0	1	1	1	FALSE	0	0		
GO:0032905	transforming growth factor beta1 production	11	0	0.19	0	1	1	1	FALSE	0	0		
GO:0032924	activin receptor signaling pathway	32	0	0.55	0	1	1	1	FALSE	0	0		
GO:0032925	regulation of activin receptor signaling pathway	19	0	0.33	0	1	1	1	FALSE	0	0		
GO:0032926	negative regulation of activin receptor signaling pathway	15	0	0.26	0	1	1	1	FALSE	0	0		
GO:0032933	SREBP signaling pathway	13	0	0.22	0	1	1	1	FALSE	0	0		
GO:0032941	secretion by tissue	15	0	0.26	0	1	1	1	FALSE	0	0		
GO:0032958	inositol phosphate biosynthetic process	16	0	0.28	0	1	1	1	FALSE	0	0		
GO:0032964	collagen biosynthetic process	39	0	0.67	0	1	1	1	FALSE	0	0		
GO:0032965	regulation of collagen biosynthetic process	27	0	0.46	0	1	1	1	FALSE	0	0		
GO:0032966	negative regulation of collagen biosynthetic process	10	0	0.17	0	1	1	1	FALSE	0	0		
GO:0032967	positive regulation of collagen biosynthetic process	17	0	0.29	0	1	1	1	FALSE	0	0		
GO:0032968	positive regulation of transcription elongation by RNA polymerase II	55	0	0.95	0	1	1	1	FALSE	0	0		
GO:0032981	mitochondrial respiratory chain complex I assembly	39	0	0.67	0	1	1	1	FALSE	0	0		
GO:0033013	tetrapyrrole metabolic process	51	0	0.88	0	1	1	1	FALSE	0	0		
GO:0033014	tetrapyrrole biosynthetic process	29	0	0.5	0	1	1	1	FALSE	0	0		
GO:0033059	cellular pigmentation	56	0	0.96	0	1	1	1	FALSE	0	0		
GO:0033108	mitochondrial respiratory chain complex assembly	93	0	1.6	0	1	1	1	FALSE	0	0		
GO:0033119	negative regulation of RNA splicing	32	0	0.55	0	1	1	1	FALSE	0	0		
GO:0033120	positive regulation of RNA splicing	25	0	0.43	0	1	1	1	FALSE	0	0		
GO:0033122	negative regulation of purine nucleotide catabolic process	14	0	0.24	0	1	1	1	FALSE	0	0		
GO:0033123	positive regulation of purine nucleotide catabolic process	18	0	0.31	0	1	1	1	FALSE	0	0		
GO:0033135	regulation of peptidyl-serine phosphorylation	27	0	0.46	0	1	1	1	FALSE	0	0		
GO:0033138	positive regulation of peptidyl-serine phosphorylation	20	0	0.34	0	1	1	1	FALSE	0	0		
GO:0033145	positive regulation of intracellular steroid hormone receptor signaling pathway	10	0	0.17	0	1	1	1	FALSE	0	0		
GO:0033151	V(D)J recombination	14	0	0.24	0	1	1	1	FALSE	0	0		
GO:0033152	immunoglobulin V(D)J recombination	10	0	0.17	0	1	1	1	FALSE	0	0		
GO:0033173	calcineurin-NFAT signaling cascade	36	0	0.62	0	1	1	1	FALSE	0	0		
GO:0033194	response to hydroperoxide	13	0	0.22	0	1	1	1	FALSE	0	0		
GO:0033198	response to ATP	26	0	0.45	0	1	1	1	FALSE	0	0		
GO:0033233	regulation of protein sumoylation	18	0	0.31	0	1	1	1	FALSE	0	0		
GO:0033235	positive regulation of protein sumoylation	12	0	0.21	0	1	1	1	FALSE	0	0		
GO:0033238	regulation of amine metabolic process	13	0	0.22	0	1	1	1	FALSE	0	0		
GO:0033260	nuclear DNA replication	36	0	0.62	0	1	1	1	FALSE	0	0		
GO:0033262	regulation of nuclear cell cycle DNA replication	12	0	0.21	0	1	1	1	FALSE	0	0		
GO:0033314	mitotic DNA replication checkpoint signaling	12	0	0.21	0	1	1	1	FALSE	0	0		
GO:0033363	secretory granule organization	49	0	0.84	0	1	1	1	FALSE	0	0		
GO:0033489	cholesterol biosynthetic process via desmosterol	19	0	0.33	0	1	1	1	FALSE	0	0		
GO:0033490	cholesterol biosynthetic process via lathosterol	19	0	0.33	0	1	1	1	FALSE	0	0		
GO:0033539	fatty acid beta-oxidation using acyl-CoA dehydrogenase	12	0	0.21	0	1	1	1	FALSE	0	0		
GO:0033540	fatty acid beta-oxidation using acyl-CoA oxidase	14	0	0.24	0	1	1	1	FALSE	0	0		
GO:0033555	multicellular organismal response to stress	33	0	0.57	0	1	1	1	FALSE	0	0		
GO:0033572	transferrin transport	10	0	0.17	0	1	1	1	FALSE	0	0		
GO:0033574	response to testosterone	28	0	0.48	0	1	1	1	FALSE	0	0		
GO:0033617	mitochondrial respiratory chain complex IV assembly	29	0	0.5	0	1	1	1	FALSE	0	0		
GO:0033622	integrin activation	18	0	0.31	0	1	1	1	FALSE	0	0		
GO:0033623	regulation of integrin activation	12	0	0.21	0	1	1	1	FALSE	0	0		
GO:0033629	negative regulation of cell adhesion mediated by integrin	13	0	0.22	0	1	1	1	FALSE	0	0		
GO:0033750	ribosome localization	13	0	0.22	0	1	1	1	FALSE	0	0		
GO:0033762	response to glucagon	20	0	0.34	0	1	1	1	FALSE	0	0		
GO:0033865	nucleoside bisphosphate metabolic process	12	0	0.21	0	1	1	1	FALSE	0	0		
GO:0033875	ribonucleoside bisphosphate metabolic process	12	0	0.21	0	1	1	1	FALSE	0	0		
GO:0033962	P-body assembly	21	0	0.36	0	1	1	1	FALSE	0	0		
GO:0034032	purine nucleoside bisphosphate metabolic process	12	0	0.21	0	1	1	1	FALSE	0	0		
GO:0034035	purine ribonucleoside bisphosphate metabolic process	12	0	0.21	0	1	1	1	FALSE	0	0		
GO:0034058	endosomal vesicle fusion	15	0	0.26	0	1	1	1	FALSE	0	0		
GO:0034063	stress granule assembly	33	0	0.57	0	1	1	1	FALSE	0	0		
GO:0034080	CENP-A containing chromatin assembly	11	0	0.19	0	1	1	1	FALSE	0	0		
GO:0034085	establishment of sister chromatid cohesion	10	0	0.17	0	1	1	1	FALSE	0	0		
GO:0034086	maintenance of sister chromatid cohesion	13	0	0.22	0	1	1	1	FALSE	0	0		
GO:0034088	maintenance of mitotic sister chromatid cohesion	13	0	0.22	0	1	1	1	FALSE	0	0		
GO:0034104	negative regulation of tissue remodeling	15	0	0.26	0	1	1	1	FALSE	0	0		
GO:0034112	positive regulation of homotypic cell-cell adhesion	15	0	0.26	0	1	1	1	FALSE	0	0		
GO:0034122	negative regulation of toll-like receptor signaling pathway	17	0	0.29	0	1	1	1	FALSE	0	0		
GO:0034134	toll-like receptor 2 signaling pathway	16	0	0.28	0	1	1	1	FALSE	0	0		
GO:0034135	regulation of toll-like receptor 2 signaling pathway	11	0	0.19	0	1	1	1	FALSE	0	0		
GO:0034144	negative regulation of toll-like receptor 4 signaling pathway	12	0	0.21	0	1	1	1	FALSE	0	0		
GO:0034214	protein hexamerization	12	0	0.21	0	1	1	1	FALSE	0	0		
GO:0034243	regulation of transcription elongation by RNA polymerase II	92	0	1.58	0	1	1	1	FALSE	0	0		
GO:0034244	negative regulation of transcription elongation by RNA polymerase II	18	0	0.31	0	1	1	1	FALSE	0	0		
GO:0034260	negative regulation of GTPase activity	14	0	0.24	0	1	1	1	FALSE	0	0		
GO:0034309	primary alcohol biosynthetic process	12	0	0.21	0	1	1	1	FALSE	0	0		
GO:0034310	primary alcohol catabolic process	11	0	0.19	0	1	1	1	FALSE	0	0		
GO:0034311	diol metabolic process	31	0	0.53	0	1	1	1	FALSE	0	0		
GO:0034312	diol biosynthetic process	22	0	0.38	0	1	1	1	FALSE	0	0		
GO:0034314	Arp2/3 complex-mediated actin nucleation	40	0	0.69	0	1	1	1	FALSE	0	0		
GO:0034315	regulation of Arp2/3 complex-mediated actin nucleation	27	0	0.46	0	1	1	1	FALSE	0	0		
GO:0034332	adherens junction organization	39	0	0.67	0	1	1	1	FALSE	0	0		
GO:0034333	adherens junction assembly	12	0	0.21	0	1	1	1	FALSE	0	0		
GO:0034349	glial cell apoptotic process	14	0	0.24	0	1	1	1	FALSE	0	0		
GO:0034350	regulation of glial cell apoptotic process	10	0	0.17	0	1	1	1	FALSE	0	0		
GO:0034367	protein-containing complex remodeling	18	0	0.31	0	1	1	1	FALSE	0	0		
GO:0034368	protein-lipid complex remodeling	17	0	0.29	0	1	1	1	FALSE	0	0		
GO:0034369	plasma lipoprotein particle remodeling	17	0	0.29	0	1	1	1	FALSE	0	0		
GO:0034375	high-density lipoprotein particle remodeling	11	0	0.19	0	1	1	1	FALSE	0	0		
GO:0034381	plasma lipoprotein particle clearance	29	0	0.5	0	1	1	1	FALSE	0	0		
GO:0034383	low-density lipoprotein particle clearance	20	0	0.34	0	1	1	1	FALSE	0	0		
GO:0034389	lipid droplet organization	34	0	0.58	0	1	1	1	FALSE	0	0		
GO:0034390	smooth muscle cell apoptotic process	23	0	0.4	0	1	1	1	FALSE	0	0		
GO:0034391	regulation of smooth muscle cell apoptotic process	22	0	0.38	0	1	1	1	FALSE	0	0		
GO:0034392	negative regulation of smooth muscle cell apoptotic process	11	0	0.19	0	1	1	1	FALSE	0	0		
GO:0034393	positive regulation of smooth muscle cell apoptotic process	11	0	0.19	0	1	1	1	FALSE	0	0		
GO:0034404	nucleobase-containing small molecule biosynthetic process	19	0	0.33	0	1	1	1	FALSE	0	0		
GO:0034440	lipid oxidation	91	0	1.57	0	1	1	1	FALSE	0	0		
GO:0034453	microtubule anchoring	24	0	0.41	0	1	1	1	FALSE	0	0		
GO:0034454	microtubule anchoring at centrosome	11	0	0.19	0	1	1	1	FALSE	0	0		
GO:0034472	snRNA 3'-end processing	22	0	0.38	0	1	1	1	FALSE	0	0		
GO:0034497	protein localization to phagophore assembly site	16	0	0.28	0	1	1	1	FALSE	0	0		
GO:0034498	early endosome to Golgi transport	12	0	0.21	0	1	1	1	FALSE	0	0		
GO:0034501	protein localization to kinetochore	15	0	0.26	0	1	1	1	FALSE	0	0		
GO:0034551	mitochondrial respiratory chain complex III assembly	14	0	0.24	0	1	1	1	FALSE	0	0		
GO:0034587	piRNA processing	12	0	0.21	0	1	1	1	FALSE	0	0		
GO:0034620	cellular response to unfolded protein	96	0	1.65	0	1	1	1	FALSE	0	0		
GO:0034638	phosphatidylcholine catabolic process	13	0	0.22	0	1	1	1	FALSE	0	0		
GO:0034643	establishment of mitochondrion localization, microtubule-mediated	25	0	0.43	0	1	1	1	FALSE	0	0		
GO:0034656	nucleobase-containing small molecule catabolic process	14	0	0.24	0	1	1	1	FALSE	0	0		
GO:0034694	response to prostaglandin	22	0	0.38	0	1	1	1	FALSE	0	0		
GO:0034695	response to prostaglandin E	15	0	0.26	0	1	1	1	FALSE	0	0		
GO:0034698	response to gonadotropin	18	0	0.31	0	1	1	1	FALSE	0	0		
GO:0034727	piecemeal microautophagy of the nucleus	18	0	0.31	0	1	1	1	FALSE	0	0		
GO:0034975	protein folding in endoplasmic reticulum	10	0	0.17	0	1	1	1	FALSE	0	0		
GO:0035022	positive regulation of Rac protein signal transduction	22	0	0.38	0	1	1	1	FALSE	0	0		
GO:0035023	regulation of Rho protein signal transduction	73	0	1.26	0	1	1	1	FALSE	0	0		
GO:0035024	negative regulation of Rho protein signal transduction	17	0	0.29	0	1	1	1	FALSE	0	0		
GO:0035025	positive regulation of Rho protein signal transduction	23	0	0.4	0	1	1	1	FALSE	0	0		
GO:0035036	sperm-egg recognition	17	0	0.29	0	1	1	1	FALSE	0	0		
GO:0035050	embryonic heart tube development	36	0	0.62	0	1	1	1	FALSE	0	0		
GO:0035051	cardiocyte differentiation	81	0	1.39	0	1	1	1	FALSE	0	0		
GO:0035082	axoneme assembly	63	0	1.08	0	1	1	1	FALSE	0	0		
GO:0035088	establishment or maintenance of apical/basal cell polarity	33	0	0.57	0	1	1	1	FALSE	0	0		
GO:0035089	establishment of apical/basal cell polarity	13	0	0.22	0	1	1	1	FALSE	0	0		
GO:0035094	response to nicotine	26	0	0.45	0	1	1	1	FALSE	0	0		
GO:0035148	tube formation	51	0	0.88	0	1	1	1	FALSE	0	0		
GO:0035162	embryonic hemopoiesis	14	0	0.24	0	1	1	1	FALSE	0	0		
GO:0035176	social behavior	22	0	0.38	0	1	1	1	FALSE	0	0		
GO:0035194	regulatory ncRNA-mediated post-transcriptional gene silencing	77	0	1.32	0	1	1	1	FALSE	0	0		
GO:0035195	miRNA-mediated post-transcriptional gene silencing	68	0	1.17	0	1	1	1	FALSE	0	0		
GO:0035196	miRNA processing	40	0	0.69	0	1	1	1	FALSE	0	0		
GO:0035235	ionotropic glutamate receptor signaling pathway	18	0	0.31	0	1	1	1	FALSE	0	0		
GO:0035249	synaptic transmission, glutamatergic	54	0	0.93	0	1	1	1	FALSE	0	0		
GO:0035269	protein O-linked glycosylation via mannose	17	0	0.29	0	1	1	1	FALSE	0	0		
GO:0035270	endocrine system development	41	0	0.71	0	1	1	1	FALSE	0	0		
GO:0035272	exocrine system development	10	0	0.17	0	1	1	1	FALSE	0	0		
GO:0035278	miRNA-mediated gene silencing by inhibition of translation	19	0	0.33	0	1	1	1	FALSE	0	0		
GO:0035282	segmentation	29	0	0.5	0	1	1	1	FALSE	0	0		
GO:0035303	regulation of dephosphorylation	18	0	0.31	0	1	1	1	FALSE	0	0		
GO:0035332	positive regulation of hippo signaling	13	0	0.22	0	1	1	1	FALSE	0	0		
GO:0035357	peroxisome proliferator activated receptor signaling pathway	23	0	0.4	0	1	1	1	FALSE	0	0		
GO:0035358	regulation of peroxisome proliferator activated receptor signaling pathway	15	0	0.26	0	1	1	1	FALSE	0	0		
GO:0035372	protein localization to microtubule	16	0	0.28	0	1	1	1	FALSE	0	0		
GO:0035435	phosphate ion transmembrane transport	11	0	0.19	0	1	1	1	FALSE	0	0		
GO:0035459	vesicle cargo loading	30	0	0.52	0	1	1	1	FALSE	0	0		
GO:0035461	vitamin transmembrane transport	13	0	0.22	0	1	1	1	FALSE	0	0		
GO:0035493	SNARE complex assembly	22	0	0.38	0	1	1	1	FALSE	0	0		
GO:0035519	protein K29-linked ubiquitination	10	0	0.17	0	1	1	1	FALSE	0	0		
GO:0035542	regulation of SNARE complex assembly	14	0	0.24	0	1	1	1	FALSE	0	0		
GO:0035567	non-canonical Wnt signaling pathway	48	0	0.83	0	1	1	1	FALSE	0	0		
GO:0035588	G protein-coupled purinergic receptor signaling pathway	10	0	0.17	0	1	1	1	FALSE	0	0		
GO:0035601	protein deacylation	33	0	0.57	0	1	1	1	FALSE	0	0		
GO:0035627	ceramide transport	14	0	0.24	0	1	1	1	FALSE	0	0		
GO:0035633	maintenance of blood-brain barrier	26	0	0.45	0	1	1	1	FALSE	0	0		
GO:0035640	exploration behavior	13	0	0.22	0	1	1	1	FALSE	0	0		
GO:0035646	endosome to melanosome transport	10	0	0.17	0	1	1	1	FALSE	0	0		
GO:0035672	oligopeptide transmembrane transport	14	0	0.24	0	1	1	1	FALSE	0	0		
GO:0035696	monocyte extravasation	10	0	0.17	0	1	1	1	FALSE	0	0		
GO:0035720	intraciliary anterograde transport	22	0	0.38	0	1	1	1	FALSE	0	0		
GO:0035721	intraciliary retrograde transport	21	0	0.36	0	1	1	1	FALSE	0	0		
GO:0035723	interleukin-15-mediated signaling pathway	10	0	0.17	0	1	1	1	FALSE	0	0		
GO:0035728	response to hepatocyte growth factor	10	0	0.17	0	1	1	1	FALSE	0	0		
GO:0035751	regulation of lysosomal lumen pH	30	0	0.52	0	1	1	1	FALSE	0	0		
GO:0035767	endothelial cell chemotaxis	20	0	0.34	0	1	1	1	FALSE	0	0		
GO:0035773	insulin secretion involved in cellular response to glucose stimulus	42	0	0.72	0	1	1	1	FALSE	0	0		
GO:0035774	positive regulation of insulin secretion involved in cellular response to glucose stimulus	24	0	0.41	0	1	1	1	FALSE	0	0		
GO:0035791	platelet-derived growth factor receptor-beta signaling pathway	11	0	0.19	0	1	1	1	FALSE	0	0		
GO:0035794	positive regulation of mitochondrial membrane permeability	30	0	0.52	0	1	1	1	FALSE	0	0		
GO:0035795	negative regulation of mitochondrial membrane permeability	13	0	0.22	0	1	1	1	FALSE	0	0		
GO:0035864	response to potassium ion	13	0	0.22	0	1	1	1	FALSE	0	0		
GO:0035871	protein K11-linked deubiquitination	10	0	0.17	0	1	1	1	FALSE	0	0		
GO:0035872	nucleotide-binding domain, leucine rich repeat containing receptor signaling pathway	27	0	0.46	0	1	1	1	FALSE	0	0		
GO:0035883	enteroendocrine cell differentiation	14	0	0.24	0	1	1	1	FALSE	0	0		
GO:0035891	exit from host cell	26	0	0.45	0	1	1	1	FALSE	0	0		
GO:0035902	response to immobilization stress	14	0	0.24	0	1	1	1	FALSE	0	0		
GO:0035904	aorta development	24	0	0.41	0	1	1	1	FALSE	0	0		
GO:0035909	aorta morphogenesis	16	0	0.28	0	1	1	1	FALSE	0	0		
GO:0035914	skeletal muscle cell differentiation	16	0	0.28	0	1	1	1	FALSE	0	0		
GO:0035929	steroid hormone secretion	15	0	0.26	0	1	1	1	FALSE	0	0		
GO:0035930	corticosteroid hormone secretion	10	0	0.17	0	1	1	1	FALSE	0	0		
GO:0035967	cellular response to topologically incorrect protein	110	0	1.89	0	1	1	1	FALSE	0	0		
GO:0035973	aggrephagy	17	0	0.29	0	1	1	1	FALSE	0	0		
GO:0035994	response to muscle stretch	14	0	0.24	0	1	1	1	FALSE	0	0		
GO:0036006	cellular response to macrophage colony-stimulating factor stimulus	11	0	0.19	0	1	1	1	FALSE	0	0		
GO:0036119	response to platelet-derived growth factor	21	0	0.36	0	1	1	1	FALSE	0	0		
GO:0036120	cellular response to platelet-derived growth factor stimulus	18	0	0.31	0	1	1	1	FALSE	0	0		
GO:0036151	phosphatidylcholine acyl-chain remodeling	14	0	0.24	0	1	1	1	FALSE	0	0		
GO:0036152	phosphatidylethanolamine acyl-chain remodeling	11	0	0.19	0	1	1	1	FALSE	0	0		
GO:0036158	outer dynein arm assembly	14	0	0.24	0	1	1	1	FALSE	0	0		
GO:0036159	inner dynein arm assembly	10	0	0.17	0	1	1	1	FALSE	0	0		
GO:0036196	zymosterol metabolic process	14	0	0.24	0	1	1	1	FALSE	0	0		
GO:0036197	zymosterol biosynthetic process	14	0	0.24	0	1	1	1	FALSE	0	0		
GO:0036257	multivesicular body organization	32	0	0.55	0	1	1	1	FALSE	0	0		
GO:0036258	multivesicular body assembly	31	0	0.53	0	1	1	1	FALSE	0	0		
GO:0036260	RNA capping	17	0	0.29	0	1	1	1	FALSE	0	0		
GO:0036261	7-methylguanosine cap hypermethylation	10	0	0.17	0	1	1	1	FALSE	0	0		
GO:0036297	interstrand cross-link repair	41	0	0.71	0	1	1	1	FALSE	0	0		
GO:0036303	lymph vessel morphogenesis	10	0	0.17	0	1	1	1	FALSE	0	0		
GO:0036344	platelet morphogenesis	19	0	0.33	0	1	1	1	FALSE	0	0		
GO:0036376	sodium ion export across plasma membrane	14	0	0.24	0	1	1	1	FALSE	0	0		
GO:0036444	calcium import into the mitochondrion	16	0	0.28	0	1	1	1	FALSE	0	0		
GO:0036465	synaptic vesicle recycling	76	0	1.31	0	1	1	1	FALSE	0	0		
GO:0036490	regulation of translation in response to endoplasmic reticulum stress	10	0	0.17	0	1	1	1	FALSE	0	0		
GO:0036498	IRE1-mediated unfolded protein response	22	0	0.38	0	1	1	1	FALSE	0	0		
GO:0036499	PERK-mediated unfolded protein response	22	0	0.38	0	1	1	1	FALSE	0	0		
GO:0036500	ATF6-mediated unfolded protein response	10	0	0.17	0	1	1	1	FALSE	0	0		
GO:0036507	protein demannosylation	15	0	0.26	0	1	1	1	FALSE	0	0		
GO:0036508	protein alpha-1,2-demannosylation	15	0	0.26	0	1	1	1	FALSE	0	0		
GO:0038084	vascular endothelial growth factor signaling pathway	36	0	0.62	0	1	1	1	FALSE	0	0		
GO:0038092	nodal signaling pathway	10	0	0.17	0	1	1	1	FALSE	0	0		
GO:0038128	ERBB2 signaling pathway	18	0	0.31	0	1	1	1	FALSE	0	0		
GO:0038166	angiotensin-activated signaling pathway	12	0	0.21	0	1	1	1	FALSE	0	0		
GO:0038203	TORC2 signaling	23	0	0.4	0	1	1	1	FALSE	0	0		
GO:0039692	single stranded viral RNA replication via double stranded DNA intermediate	14	0	0.24	0	1	1	1	FALSE	0	0		
GO:0039694	viral RNA genome replication	23	0	0.4	0	1	1	1	FALSE	0	0		
GO:0039702	viral budding via host ESCRT complex	20	0	0.34	0	1	1	1	FALSE	0	0		
GO:0040019	positive regulation of embryonic development	17	0	0.29	0	1	1	1	FALSE	0	0		
GO:0040020	regulation of meiotic nuclear division	11	0	0.19	0	1	1	1	FALSE	0	0		
GO:0040036	regulation of fibroblast growth factor receptor signaling pathway	16	0	0.28	0	1	1	1	FALSE	0	0		
GO:0042026	protein refolding	24	0	0.41	0	1	1	1	FALSE	0	0		
GO:0042044	fluid transport	17	0	0.29	0	1	1	1	FALSE	0	0		
GO:0042053	regulation of dopamine metabolic process	11	0	0.19	0	1	1	1	FALSE	0	0		
GO:0042069	regulation of catecholamine metabolic process	11	0	0.19	0	1	1	1	FALSE	0	0		
GO:0042073	intraciliary transport	50	0	0.86	0	1	1	1	FALSE	0	0		
GO:0042104	positive regulation of activated T cell proliferation	19	0	0.33	0	1	1	1	FALSE	0	0		
GO:0042147	retrograde transport, endosome to Golgi	96	0	1.65	0	1	1	1	FALSE	0	0		
GO:0042158	lipoprotein biosynthetic process	42	0	0.72	0	1	1	1	FALSE	0	0		
GO:0042168	heme metabolic process	39	0	0.67	0	1	1	1	FALSE	0	0		
GO:0042182	ketone catabolic process	14	0	0.24	0	1	1	1	FALSE	0	0		
GO:0042219	modified amino acid catabolic process	20	0	0.34	0	1	1	1	FALSE	0	0		
GO:0042220	response to cocaine	26	0	0.45	0	1	1	1	FALSE	0	0		
GO:0042246	tissue regeneration	37	0	0.64	0	1	1	1	FALSE	0	0		
GO:0042276	error-prone translesion synthesis	12	0	0.21	0	1	1	1	FALSE	0	0		
GO:0042278	purine nucleoside metabolic process	21	0	0.36	0	1	1	1	FALSE	0	0		
GO:0042306	regulation of protein import into nucleus	46	0	0.79	0	1	1	1	FALSE	0	0		
GO:0042307	positive regulation of protein import into nucleus	33	0	0.57	0	1	1	1	FALSE	0	0		
GO:0042308	negative regulation of protein import into nucleus	12	0	0.21	0	1	1	1	FALSE	0	0		
GO:0042359	vitamin D metabolic process	13	0	0.22	0	1	1	1	FALSE	0	0		
GO:0042373	vitamin K metabolic process	11	0	0.19	0	1	1	1	FALSE	0	0		
GO:0042401	biogenic amine biosynthetic process	24	0	0.41	0	1	1	1	FALSE	0	0		
GO:0042402	biogenic amine catabolic process	13	0	0.22	0	1	1	1	FALSE	0	0		
GO:0042403	thyroid hormone metabolic process	16	0	0.28	0	1	1	1	FALSE	0	0		
GO:0042407	cristae formation	18	0	0.31	0	1	1	1	FALSE	0	0		
GO:0042417	dopamine metabolic process	19	0	0.33	0	1	1	1	FALSE	0	0		
GO:0042423	catecholamine biosynthetic process	10	0	0.17	0	1	1	1	FALSE	0	0		
GO:0042430	indole-containing compound metabolic process	21	0	0.36	0	1	1	1	FALSE	0	0		
GO:0042438	melanin biosynthetic process	16	0	0.28	0	1	1	1	FALSE	0	0		
GO:0042440	pigment metabolic process	55	0	0.95	0	1	1	1	FALSE	0	0		
GO:0042451	purine nucleoside biosynthetic process	10	0	0.17	0	1	1	1	FALSE	0	0		
GO:0042455	ribonucleoside biosynthetic process	11	0	0.19	0	1	1	1	FALSE	0	0		
GO:0042461	photoreceptor cell development	22	0	0.38	0	1	1	1	FALSE	0	0		
GO:0042462	eye photoreceptor cell development	13	0	0.22	0	1	1	1	FALSE	0	0		
GO:0042490	mechanoreceptor differentiation	21	0	0.36	0	1	1	1	FALSE	0	0		
GO:0042491	inner ear auditory receptor cell differentiation	13	0	0.22	0	1	1	1	FALSE	0	0		
GO:0042537	benzene-containing compound metabolic process	15	0	0.26	0	1	1	1	FALSE	0	0		
GO:0042541	hemoglobin biosynthetic process	10	0	0.17	0	1	1	1	FALSE	0	0		
GO:0042558	pteridine-containing compound metabolic process	30	0	0.52	0	1	1	1	FALSE	0	0		
GO:0042559	pteridine-containing compound biosynthetic process	14	0	0.24	0	1	1	1	FALSE	0	0		
GO:0042574	retinal metabolic process	12	0	0.21	0	1	1	1	FALSE	0	0		
GO:0042596	fear response	13	0	0.22	0	1	1	1	FALSE	0	0		
GO:0042659	regulation of cell fate specification	15	0	0.26	0	1	1	1	FALSE	0	0		
GO:0042733	embryonic digit morphogenesis	14	0	0.24	0	1	1	1	FALSE	0	0		
GO:0042745	circadian sleep/wake cycle	12	0	0.21	0	1	1	1	FALSE	0	0		
GO:0042749	regulation of circadian sleep/wake cycle	11	0	0.19	0	1	1	1	FALSE	0	0		
GO:0042755	eating behavior	12	0	0.21	0	1	1	1	FALSE	0	0		
GO:0042759	long-chain fatty acid biosynthetic process	18	0	0.31	0	1	1	1	FALSE	0	0		
GO:0042761	very long-chain fatty acid biosynthetic process	11	0	0.19	0	1	1	1	FALSE	0	0		
GO:0042762	regulation of sulfur metabolic process	13	0	0.22	0	1	1	1	FALSE	0	0		
GO:0042773	ATP synthesis coupled electron transport	86	0	1.48	0	1	1	1	FALSE	0	0		
GO:0042775	mitochondrial ATP synthesis coupled electron transport	86	0	1.48	0	1	1	1	FALSE	0	0		
GO:0042776	proton motive force-driven mitochondrial ATP synthesis	67	0	1.15	0	1	1	1	FALSE	0	0		
GO:0042789	mRNA transcription by RNA polymerase II	42	0	0.72	0	1	1	1	FALSE	0	0		
GO:0042795	snRNA transcription by RNA polymerase II	15	0	0.26	0	1	1	1	FALSE	0	0		
GO:0042796	snRNA transcription by RNA polymerase III	10	0	0.17	0	1	1	1	FALSE	0	0		
GO:0042797	tRNA transcription by RNA polymerase III	11	0	0.19	0	1	1	1	FALSE	0	0		
GO:0042908	xenobiotic transport	40	0	0.69	0	1	1	1	FALSE	0	0		
GO:0042921	nuclear receptor-mediated glucocorticoid signaling pathway	11	0	0.19	0	1	1	1	FALSE	0	0		
GO:0042953	lipoprotein transport	17	0	0.29	0	1	1	1	FALSE	0	0		
GO:0042983	amyloid precursor protein biosynthetic process	13	0	0.22	0	1	1	1	FALSE	0	0		
GO:0042984	regulation of amyloid precursor protein biosynthetic process	13	0	0.22	0	1	1	1	FALSE	0	0		
GO:0042996	regulation of Golgi to plasma membrane protein transport	11	0	0.19	0	1	1	1	FALSE	0	0		
GO:0043030	regulation of macrophage activation	44	0	0.76	0	1	1	1	FALSE	0	0		
GO:0043031	negative regulation of macrophage activation	14	0	0.24	0	1	1	1	FALSE	0	0		
GO:0043032	positive regulation of macrophage activation	20	0	0.34	0	1	1	1	FALSE	0	0		
GO:0043043	peptide biosynthetic process	16	0	0.28	0	1	1	1	FALSE	0	0		
GO:0043045	epigenetic programming of gene expression	18	0	0.31	0	1	1	1	FALSE	0	0		
GO:0043087	regulation of GTPase activity	107	0	1.84	0	1	1	1	FALSE	0	0		
GO:0043094	metabolic compound salvage	41	0	0.71	0	1	1	1	FALSE	0	0		
GO:0043101	purine-containing compound salvage	21	0	0.36	0	1	1	1	FALSE	0	0		
GO:0043117	positive regulation of vascular permeability	16	0	0.28	0	1	1	1	FALSE	0	0		
GO:0043144	sno(s)RNA processing	11	0	0.19	0	1	1	1	FALSE	0	0		
GO:0043162	ubiquitin-dependent protein catabolic process via the multivesicular body sorting pathway	34	0	0.58	0	1	1	1	FALSE	0	0		
GO:0043173	nucleotide salvage	24	0	0.41	0	1	1	1	FALSE	0	0		
GO:0043174	nucleoside salvage	12	0	0.21	0	1	1	1	FALSE	0	0		
GO:0043201	response to L-leucine	14	0	0.24	0	1	1	1	FALSE	0	0		
GO:0043243	positive regulation of protein-containing complex disassembly	33	0	0.57	0	1	1	1	FALSE	0	0		
GO:0043247	telomere maintenance in response to DNA damage	30	0	0.52	0	1	1	1	FALSE	0	0		
GO:0043248	proteasome assembly	15	0	0.26	0	1	1	1	FALSE	0	0		
GO:0043249	erythrocyte maturation	14	0	0.24	0	1	1	1	FALSE	0	0		
GO:0043266	regulation of potassium ion transport	45	0	0.77	0	1	1	1	FALSE	0	0		
GO:0043267	negative regulation of potassium ion transport	18	0	0.31	0	1	1	1	FALSE	0	0		
GO:0043268	positive regulation of potassium ion transport	23	0	0.4	0	1	1	1	FALSE	0	0		
GO:0043279	response to alkaloid	52	0	0.89	0	1	1	1	FALSE	0	0		
GO:0043297	apical junction assembly	49	0	0.84	0	1	1	1	FALSE	0	0		
GO:0043303	mast cell degranulation	42	0	0.72	0	1	1	1	FALSE	0	0		
GO:0043304	regulation of mast cell degranulation	21	0	0.36	0	1	1	1	FALSE	0	0		
GO:0043306	positive regulation of mast cell degranulation	10	0	0.17	0	1	1	1	FALSE	0	0		
GO:0043328	protein transport to vacuole involved in ubiquitin-dependent protein catabolic process via the multivesicular body sorting pathway	16	0	0.28	0	1	1	1	FALSE	0	0		
GO:0043335	protein unfolding	10	0	0.17	0	1	1	1	FALSE	0	0		
GO:0043372	positive regulation of CD4-positive, alpha-beta T cell differentiation	28	0	0.48	0	1	1	1	FALSE	0	0		
GO:0043392	negative regulation of DNA binding	10	0	0.17	0	1	1	1	FALSE	0	0		
GO:0043403	skeletal muscle tissue regeneration	20	0	0.34	0	1	1	1	FALSE	0	0		
GO:0043407	negative regulation of MAP kinase activity	15	0	0.26	0	1	1	1	FALSE	0	0		
GO:0043414	macromolecule methylation	121	0	2.08	0	1	1	1	FALSE	0	0		
GO:0043455	regulation of secondary metabolic process	14	0	0.24	0	1	1	1	FALSE	0	0		
GO:0043473	pigmentation	70	0	1.2	0	1	1	1	FALSE	0	0		
GO:0043476	pigment accumulation	11	0	0.19	0	1	1	1	FALSE	0	0		
GO:0043482	cellular pigment accumulation	11	0	0.19	0	1	1	1	FALSE	0	0		
GO:0043485	endosome to pigment granule transport	10	0	0.17	0	1	1	1	FALSE	0	0		
GO:0043502	regulation of muscle adaptation	57	0	0.98	0	1	1	1	FALSE	0	0		
GO:0043506	regulation of JUN kinase activity	12	0	0.21	0	1	1	1	FALSE	0	0		
GO:0043518	negative regulation of DNA damage response, signal transduction by p53 class mediator	13	0	0.22	0	1	1	1	FALSE	0	0		
GO:0043537	negative regulation of blood vessel endothelial cell migration	28	0	0.48	0	1	1	1	FALSE	0	0		
GO:0043543	protein acylation	56	0	0.96	0	1	1	1	FALSE	0	0		
GO:0043547	positive regulation of GTPase activity	72	0	1.24	0	1	1	1	FALSE	0	0		
GO:0043562	cellular response to nitrogen levels	10	0	0.17	0	1	1	1	FALSE	0	0		
GO:0043567	regulation of insulin-like growth factor receptor signaling pathway	13	0	0.22	0	1	1	1	FALSE	0	0		
GO:0043574	peroxisomal transport	22	0	0.38	0	1	1	1	FALSE	0	0		
GO:0043576	regulation of respiratory gaseous exchange	10	0	0.17	0	1	1	1	FALSE	0	0		
GO:0043627	response to estrogen	44	0	0.76	0	1	1	1	FALSE	0	0		
GO:0043647	inositol phosphate metabolic process	29	0	0.5	0	1	1	1	FALSE	0	0		
GO:0043648	dicarboxylic acid metabolic process	71	0	1.22	0	1	1	1	FALSE	0	0		
GO:0043649	dicarboxylic acid catabolic process	13	0	0.22	0	1	1	1	FALSE	0	0		
GO:0043650	dicarboxylic acid biosynthetic process	10	0	0.17	0	1	1	1	FALSE	0	0		
GO:0043651	linoleic acid metabolic process	14	0	0.24	0	1	1	1	FALSE	0	0		
GO:0043652	engulfment of apoptotic cell	10	0	0.17	0	1	1	1	FALSE	0	0		
GO:0043653	mitochondrial fragmentation involved in apoptotic process	11	0	0.19	0	1	1	1	FALSE	0	0		
GO:0043921	host-mediated perturbation of viral transcription	28	0	0.48	0	1	1	1	FALSE	0	0		
GO:0043922	host-mediated suppression of viral transcription	13	0	0.22	0	1	1	1	FALSE	0	0		
GO:0043923	host-mediated activation of viral transcription	17	0	0.29	0	1	1	1	FALSE	0	0		
GO:0044027	negative regulation of gene expression via chromosomal CpG island methylation	12	0	0.21	0	1	1	1	FALSE	0	0		
GO:0044029	positive regulation of gene expression via chromosomal CpG island demethylation	10	0	0.17	0	1	1	1	FALSE	0	0		
GO:0044058	regulation of digestive system process	19	0	0.33	0	1	1	1	FALSE	0	0		
GO:0044060	regulation of endocrine process	24	0	0.41	0	1	1	1	FALSE	0	0		
GO:0044091	membrane biogenesis	58	0	1	0	1	1	1	FALSE	0	0		
GO:0044320	cellular response to leptin stimulus	13	0	0.22	0	1	1	1	FALSE	0	0		
GO:0044321	response to leptin	16	0	0.28	0	1	1	1	FALSE	0	0		
GO:0044331	cell-cell adhesion mediated by cadherin	36	0	0.62	0	1	1	1	FALSE	0	0		
GO:0044342	type B pancreatic cell proliferation	12	0	0.21	0	1	1	1	FALSE	0	0		
GO:0044351	macropinocytosis	10	0	0.17	0	1	1	1	FALSE	0	0		
GO:0044380	protein localization to cytoskeleton	59	0	1.01	0	1	1	1	FALSE	0	0		
GO:0044458	motile cilium assembly	51	0	0.88	0	1	1	1	FALSE	0	0		
GO:0044550	secondary metabolite biosynthetic process	18	0	0.31	0	1	1	1	FALSE	0	0		
GO:0044571	[2Fe-2S] cluster assembly	11	0	0.19	0	1	1	1	FALSE	0	0		
GO:0044743	protein transmembrane import into intracellular organelle	15	0	0.26	0	1	1	1	FALSE	0	0		
GO:0044786	cell cycle DNA replication	40	0	0.69	0	1	1	1	FALSE	0	0		
GO:0044794	host-mediated activation of viral process	37	0	0.64	0	1	1	1	FALSE	0	0		
GO:0044804	nucleophagy	23	0	0.4	0	1	1	1	FALSE	0	0		
GO:0044819	mitotic G1/S transition checkpoint signaling	15	0	0.26	0	1	1	1	FALSE	0	0		
GO:0044827	host-mediated perturbation of viral genome replication	11	0	0.19	0	1	1	1	FALSE	0	0		
GO:0044829	host-mediated activation of viral genome replication	10	0	0.17	0	1	1	1	FALSE	0	0		
GO:0044837	actomyosin contractile ring organization	10	0	0.17	0	1	1	1	FALSE	0	0		
GO:0044857	plasma membrane raft organization	12	0	0.21	0	1	1	1	FALSE	0	0		
GO:0044872	lipoprotein localization	18	0	0.31	0	1	1	1	FALSE	0	0		
GO:0045003	double-strand break repair via synthesis-dependent strand annealing	10	0	0.17	0	1	1	1	FALSE	0	0		
GO:0045005	DNA-templated DNA replication maintenance of fidelity	67	0	1.15	0	1	1	1	FALSE	0	0		
GO:0045006	DNA deamination	13	0	0.22	0	1	1	1	FALSE	0	0		
GO:0045010	actin nucleation	48	0	0.83	0	1	1	1	FALSE	0	0		
GO:0045019	negative regulation of nitric oxide biosynthetic process	11	0	0.19	0	1	1	1	FALSE	0	0		
GO:0045039	protein insertion into mitochondrial inner membrane	18	0	0.31	0	1	1	1	FALSE	0	0		
GO:0045040	protein insertion into mitochondrial outer membrane	13	0	0.22	0	1	1	1	FALSE	0	0		
GO:0045047	protein targeting to ER	41	0	0.71	0	1	1	1	FALSE	0	0		
GO:0045048	protein insertion into ER membrane	31	0	0.53	0	1	1	1	FALSE	0	0		
GO:0045050	protein insertion into ER membrane by stop-transfer membrane-anchor sequence	12	0	0.21	0	1	1	1	FALSE	0	0		
GO:0045064	T-helper 2 cell differentiation	14	0	0.24	0	1	1	1	FALSE	0	0		
GO:0045070	positive regulation of viral genome replication	27	0	0.46	0	1	1	1	FALSE	0	0		
GO:0045091	regulation of single stranded viral RNA replication via double stranded DNA intermediate	13	0	0.22	0	1	1	1	FALSE	0	0		
GO:0045103	intermediate filament-based process	42	0	0.72	0	1	1	1	FALSE	0	0		
GO:0045104	intermediate filament cytoskeleton organization	42	0	0.72	0	1	1	1	FALSE	0	0		
GO:0045109	intermediate filament organization	30	0	0.52	0	1	1	1	FALSE	0	0		
GO:0045116	protein neddylation	25	0	0.43	0	1	1	1	FALSE	0	0		
GO:0045117	azole transmembrane transport	11	0	0.19	0	1	1	1	FALSE	0	0		
GO:0045132	meiotic chromosome segregation	44	0	0.76	0	1	1	1	FALSE	0	0		
GO:0045143	homologous chromosome segregation	26	0	0.45	0	1	1	1	FALSE	0	0		
GO:0045161	neuronal ion channel clustering	11	0	0.19	0	1	1	1	FALSE	0	0		
GO:0045187	regulation of circadian sleep/wake cycle, sleep	10	0	0.17	0	1	1	1	FALSE	0	0		
GO:0045197	establishment or maintenance of epithelial cell apical/basal polarity	30	0	0.52	0	1	1	1	FALSE	0	0		
GO:0045214	sarcomere organization	23	0	0.4	0	1	1	1	FALSE	0	0		
GO:0045292	mRNA cis splicing, via spliceosome	29	0	0.5	0	1	1	1	FALSE	0	0		
GO:0045324	late endosome to vacuole transport	35	0	0.6	0	1	1	1	FALSE	0	0		
GO:0045338	farnesyl diphosphate metabolic process	11	0	0.19	0	1	1	1	FALSE	0	0		
GO:0045342	MHC class II biosynthetic process	15	0	0.26	0	1	1	1	FALSE	0	0		
GO:0045346	regulation of MHC class II biosynthetic process	14	0	0.24	0	1	1	1	FALSE	0	0		
GO:0045348	positive regulation of MHC class II biosynthetic process	10	0	0.17	0	1	1	1	FALSE	0	0		
GO:0045454	cell redox homeostasis	38	0	0.65	0	1	1	1	FALSE	0	0		
GO:0045472	response to ether	16	0	0.28	0	1	1	1	FALSE	0	0		
GO:0045494	photoreceptor cell maintenance	26	0	0.45	0	1	1	1	FALSE	0	0		
GO:0045540	regulation of cholesterol biosynthetic process	22	0	0.38	0	1	1	1	FALSE	0	0		
GO:0045542	positive regulation of cholesterol biosynthetic process	12	0	0.21	0	1	1	1	FALSE	0	0		
GO:0045579	positive regulation of B cell differentiation	12	0	0.21	0	1	1	1	FALSE	0	0		
GO:0045600	positive regulation of fat cell differentiation	40	0	0.69	0	1	1	1	FALSE	0	0		
GO:0045604	regulation of epidermal cell differentiation	26	0	0.45	0	1	1	1	FALSE	0	0		
GO:0045606	positive regulation of epidermal cell differentiation	13	0	0.22	0	1	1	1	FALSE	0	0		
GO:0045616	regulation of keratinocyte differentiation	20	0	0.34	0	1	1	1	FALSE	0	0		
GO:0045618	positive regulation of keratinocyte differentiation	11	0	0.19	0	1	1	1	FALSE	0	0		
GO:0045622	regulation of T-helper cell differentiation	38	0	0.65	0	1	1	1	FALSE	0	0		
GO:0045623	negative regulation of T-helper cell differentiation	15	0	0.26	0	1	1	1	FALSE	0	0		
GO:0045624	positive regulation of T-helper cell differentiation	20	0	0.34	0	1	1	1	FALSE	0	0		
GO:0045651	positive regulation of macrophage differentiation	13	0	0.22	0	1	1	1	FALSE	0	0		
GO:0045652	regulation of megakaryocyte differentiation	27	0	0.46	0	1	1	1	FALSE	0	0		
GO:0045653	negative regulation of megakaryocyte differentiation	12	0	0.21	0	1	1	1	FALSE	0	0		
GO:0045662	negative regulation of myoblast differentiation	13	0	0.22	0	1	1	1	FALSE	0	0		
GO:0045666	positive regulation of neuron differentiation	30	0	0.52	0	1	1	1	FALSE	0	0		
GO:0045682	regulation of epidermis development	31	0	0.53	0	1	1	1	FALSE	0	0		
GO:0045684	positive regulation of epidermis development	18	0	0.31	0	1	1	1	FALSE	0	0		
GO:0045685	regulation of glial cell differentiation	35	0	0.6	0	1	1	1	FALSE	0	0		
GO:0045686	negative regulation of glial cell differentiation	10	0	0.17	0	1	1	1	FALSE	0	0		
GO:0045687	positive regulation of glial cell differentiation	23	0	0.4	0	1	1	1	FALSE	0	0		
GO:0045721	negative regulation of gluconeogenesis	13	0	0.22	0	1	1	1	FALSE	0	0		
GO:0045722	positive regulation of gluconeogenesis	15	0	0.26	0	1	1	1	FALSE	0	0		
GO:0045725	positive regulation of glycogen biosynthetic process	13	0	0.22	0	1	1	1	FALSE	0	0		
GO:0045730	respiratory burst	30	0	0.52	0	1	1	1	FALSE	0	0		
GO:0045738	negative regulation of DNA repair	38	0	0.65	0	1	1	1	FALSE	0	0		
GO:0045740	positive regulation of DNA replication	38	0	0.65	0	1	1	1	FALSE	0	0		
GO:0045745	positive regulation of G protein-coupled receptor signaling pathway	25	0	0.43	0	1	1	1	FALSE	0	0		
GO:0045746	negative regulation of Notch signaling pathway	26	0	0.45	0	1	1	1	FALSE	0	0		
GO:0045761	regulation of adenylate cyclase activity	20	0	0.34	0	1	1	1	FALSE	0	0		
GO:0045762	positive regulation of adenylate cyclase activity	12	0	0.21	0	1	1	1	FALSE	0	0		
GO:0045776	negative regulation of blood pressure	21	0	0.36	0	1	1	1	FALSE	0	0		
GO:0045777	positive regulation of blood pressure	11	0	0.19	0	1	1	1	FALSE	0	0		
GO:0045779	negative regulation of bone resorption	11	0	0.19	0	1	1	1	FALSE	0	0		
GO:0045780	positive regulation of bone resorption	11	0	0.19	0	1	1	1	FALSE	0	0		
GO:0045815	transcription initiation-coupled chromatin remodeling	55	0	0.95	0	1	1	1	FALSE	0	0		
GO:0045820	negative regulation of glycolytic process	14	0	0.24	0	1	1	1	FALSE	0	0		
GO:0045821	positive regulation of glycolytic process	18	0	0.31	0	1	1	1	FALSE	0	0		
GO:0045822	negative regulation of heart contraction	12	0	0.21	0	1	1	1	FALSE	0	0		
GO:0045837	negative regulation of membrane potential	11	0	0.19	0	1	1	1	FALSE	0	0		
GO:0045838	positive regulation of membrane potential	10	0	0.17	0	1	1	1	FALSE	0	0		
GO:0045842	positive regulation of mitotic metaphase/anaphase transition	17	0	0.29	0	1	1	1	FALSE	0	0		
GO:0045869	negative regulation of single stranded viral RNA replication via double stranded DNA intermediate	10	0	0.17	0	1	1	1	FALSE	0	0		
GO:0045879	negative regulation of smoothened signaling pathway	26	0	0.45	0	1	1	1	FALSE	0	0		
GO:0045880	positive regulation of smoothened signaling pathway	27	0	0.46	0	1	1	1	FALSE	0	0		
GO:0045907	positive regulation of vasoconstriction	13	0	0.22	0	1	1	1	FALSE	0	0		
GO:0045910	negative regulation of DNA recombination	37	0	0.64	0	1	1	1	FALSE	0	0		
GO:0045912	negative regulation of carbohydrate metabolic process	38	0	0.65	0	1	1	1	FALSE	0	0		
GO:0045913	positive regulation of carbohydrate metabolic process	60	0	1.03	0	1	1	1	FALSE	0	0		
GO:0045932	negative regulation of muscle contraction	15	0	0.26	0	1	1	1	FALSE	0	0		
GO:0045933	positive regulation of muscle contraction	33	0	0.57	0	1	1	1	FALSE	0	0		
GO:0045939	negative regulation of steroid metabolic process	18	0	0.31	0	1	1	1	FALSE	0	0		
GO:0045943	positive regulation of transcription by RNA polymerase I	33	0	0.57	0	1	1	1	FALSE	0	0		
GO:0045945	positive regulation of transcription by RNA polymerase III	20	0	0.34	0	1	1	1	FALSE	0	0		
GO:0045948	positive regulation of translational initiation	26	0	0.45	0	1	1	1	FALSE	0	0		
GO:0045954	positive regulation of natural killer cell mediated cytotoxicity	22	0	0.38	0	1	1	1	FALSE	0	0		
GO:0045956	positive regulation of calcium ion-dependent exocytosis	10	0	0.17	0	1	1	1	FALSE	0	0		
GO:0045980	negative regulation of nucleotide metabolic process	20	0	0.34	0	1	1	1	FALSE	0	0		
GO:0045981	positive regulation of nucleotide metabolic process	32	0	0.55	0	1	1	1	FALSE	0	0		
GO:0045987	positive regulation of smooth muscle contraction	15	0	0.26	0	1	1	1	FALSE	0	0		
GO:0045995	regulation of embryonic development	71	0	1.22	0	1	1	1	FALSE	0	0		
GO:0046033	AMP metabolic process	21	0	0.36	0	1	1	1	FALSE	0	0		
GO:0046036	CTP metabolic process	13	0	0.22	0	1	1	1	FALSE	0	0		
GO:0046037	GMP metabolic process	25	0	0.43	0	1	1	1	FALSE	0	0		
GO:0046039	GTP metabolic process	22	0	0.38	0	1	1	1	FALSE	0	0		
GO:0046040	IMP metabolic process	16	0	0.28	0	1	1	1	FALSE	0	0		
GO:0046049	UMP metabolic process	14	0	0.24	0	1	1	1	FALSE	0	0		
GO:0046058	cAMP metabolic process	17	0	0.29	0	1	1	1	FALSE	0	0		
GO:0046068	cGMP metabolic process	10	0	0.17	0	1	1	1	FALSE	0	0		
GO:0046112	nucleobase biosynthetic process	20	0	0.34	0	1	1	1	FALSE	0	0		
GO:0046128	purine ribonucleoside metabolic process	17	0	0.29	0	1	1	1	FALSE	0	0		
GO:0046129	purine ribonucleoside biosynthetic process	10	0	0.17	0	1	1	1	FALSE	0	0		
GO:0046148	pigment biosynthetic process	42	0	0.72	0	1	1	1	FALSE	0	0		
GO:0046165	alcohol biosynthetic process	111	0	1.91	0	1	1	1	FALSE	0	0		
GO:0046173	polyol biosynthetic process	48	0	0.83	0	1	1	1	FALSE	0	0		
GO:0046184	aldehyde biosynthetic process	14	0	0.24	0	1	1	1	FALSE	0	0		
GO:0046185	aldehyde catabolic process	10	0	0.17	0	1	1	1	FALSE	0	0		
GO:0046189	phenol-containing compound biosynthetic process	28	0	0.48	0	1	1	1	FALSE	0	0		
GO:0046320	regulation of fatty acid oxidation	26	0	0.45	0	1	1	1	FALSE	0	0		
GO:0046321	positive regulation of fatty acid oxidation	12	0	0.21	0	1	1	1	FALSE	0	0		
GO:0046322	negative regulation of fatty acid oxidation	10	0	0.17	0	1	1	1	FALSE	0	0		
GO:0046324	regulation of D-glucose import across plasma membrane	38	0	0.65	0	1	1	1	FALSE	0	0		
GO:0046325	negative regulation of D-glucose import across plasma membrane	10	0	0.17	0	1	1	1	FALSE	0	0		
GO:0046326	positive regulation of D-glucose import across plasma membrane	25	0	0.43	0	1	1	1	FALSE	0	0		
GO:0046337	phosphatidylethanolamine metabolic process	25	0	0.43	0	1	1	1	FALSE	0	0		
GO:0046339	diacylglycerol metabolic process	20	0	0.34	0	1	1	1	FALSE	0	0		
GO:0046341	CDP-diacylglycerol metabolic process	14	0	0.24	0	1	1	1	FALSE	0	0		
GO:0046348	amino sugar catabolic process	12	0	0.21	0	1	1	1	FALSE	0	0		
GO:0046349	amino sugar biosynthetic process	13	0	0.22	0	1	1	1	FALSE	0	0		
GO:0046385	deoxyribose phosphate biosynthetic process	16	0	0.28	0	1	1	1	FALSE	0	0		
GO:0046395	carboxylic acid catabolic process	200	0	3.44	0	1	1	1	FALSE	0	0		
GO:0046459	short-chain fatty acid metabolic process	14	0	0.24	0	1	1	1	FALSE	0	0		
GO:0046461	neutral lipid catabolic process	30	0	0.52	0	1	1	1	FALSE	0	0		
GO:0046462	monoacylglycerol metabolic process	10	0	0.17	0	1	1	1	FALSE	0	0		
GO:0046464	acylglycerol catabolic process	30	0	0.52	0	1	1	1	FALSE	0	0		
GO:0046469	platelet activating factor metabolic process	10	0	0.17	0	1	1	1	FALSE	0	0		
GO:0046470	phosphatidylcholine metabolic process	58	0	1	0	1	1	1	FALSE	0	0		
GO:0046471	phosphatidylglycerol metabolic process	25	0	0.43	0	1	1	1	FALSE	0	0		
GO:0046473	phosphatidic acid metabolic process	31	0	0.53	0	1	1	1	FALSE	0	0		
GO:0046475	glycerophospholipid catabolic process	31	0	0.53	0	1	1	1	FALSE	0	0		
GO:0046479	glycosphingolipid catabolic process	16	0	0.28	0	1	1	1	FALSE	0	0		
GO:0046485	ether lipid metabolic process	22	0	0.38	0	1	1	1	FALSE	0	0		
GO:0046503	glycerolipid catabolic process	56	0	0.96	0	1	1	1	FALSE	0	0		
GO:0046504	glycerol ether biosynthetic process	12	0	0.21	0	1	1	1	FALSE	0	0		
GO:0046512	sphingosine biosynthetic process	15	0	0.26	0	1	1	1	FALSE	0	0		
GO:0046513	ceramide biosynthetic process	56	0	0.96	0	1	1	1	FALSE	0	0		
GO:0046514	ceramide catabolic process	18	0	0.31	0	1	1	1	FALSE	0	0		
GO:0046519	sphingoid metabolic process	22	0	0.38	0	1	1	1	FALSE	0	0		
GO:0046520	sphingoid biosynthetic process	15	0	0.26	0	1	1	1	FALSE	0	0		
GO:0046530	photoreceptor cell differentiation	29	0	0.5	0	1	1	1	FALSE	0	0		
GO:0046578	regulation of Ras protein signal transduction	44	0	0.76	0	1	1	1	FALSE	0	0		
GO:0046579	positive regulation of Ras protein signal transduction	17	0	0.29	0	1	1	1	FALSE	0	0		
GO:0046580	negative regulation of Ras protein signal transduction	21	0	0.36	0	1	1	1	FALSE	0	0		
GO:0046601	positive regulation of centriole replication	11	0	0.19	0	1	1	1	FALSE	0	0		
GO:0046618	xenobiotic export from cell	17	0	0.29	0	1	1	1	FALSE	0	0		
GO:0046620	regulation of organ growth	46	0	0.79	0	1	1	1	FALSE	0	0		
GO:0046621	negative regulation of organ growth	18	0	0.31	0	1	1	1	FALSE	0	0		
GO:0046622	positive regulation of organ growth	22	0	0.38	0	1	1	1	FALSE	0	0		
GO:0046628	positive regulation of insulin receptor signaling pathway	19	0	0.33	0	1	1	1	FALSE	0	0		
GO:0046641	positive regulation of alpha-beta T cell proliferation	17	0	0.29	0	1	1	1	FALSE	0	0		
GO:0046653	tetrahydrofolate metabolic process	17	0	0.29	0	1	1	1	FALSE	0	0		
GO:0046655	folic acid metabolic process	14	0	0.24	0	1	1	1	FALSE	0	0		
GO:0046676	negative regulation of insulin secretion	21	0	0.36	0	1	1	1	FALSE	0	0		
GO:0046683	response to organophosphorus	90	0	1.55	0	1	1	1	FALSE	0	0		
GO:0046685	response to arsenic-containing substance	25	0	0.43	0	1	1	1	FALSE	0	0		
GO:0046697	decidualization	11	0	0.19	0	1	1	1	FALSE	0	0		
GO:0046710	GDP metabolic process	10	0	0.17	0	1	1	1	FALSE	0	0		
GO:0046716	muscle cell cellular homeostasis	10	0	0.17	0	1	1	1	FALSE	0	0		
GO:0046717	acid secretion	20	0	0.34	0	1	1	1	FALSE	0	0		
GO:0046753	non-lytic viral release	13	0	0.22	0	1	1	1	FALSE	0	0		
GO:0046755	viral budding	23	0	0.4	0	1	1	1	FALSE	0	0		
GO:0046761	viral budding from plasma membrane	12	0	0.21	0	1	1	1	FALSE	0	0		
GO:0046823	negative regulation of nucleocytoplasmic transport	22	0	0.38	0	1	1	1	FALSE	0	0		
GO:0046831	regulation of RNA export from nucleus	16	0	0.28	0	1	1	1	FALSE	0	0		
GO:0046839	phospholipid dephosphorylation	32	0	0.55	0	1	1	1	FALSE	0	0		
GO:0046851	negative regulation of bone remodeling	12	0	0.21	0	1	1	1	FALSE	0	0		
GO:0046856	phosphatidylinositol dephosphorylation	23	0	0.4	0	1	1	1	FALSE	0	0		
GO:0046902	regulation of mitochondrial membrane permeability	43	0	0.74	0	1	1	1	FALSE	0	0		
GO:0046931	pore complex assembly	19	0	0.33	0	1	1	1	FALSE	0	0		
GO:0046940	nucleoside monophosphate phosphorylation	10	0	0.17	0	1	1	1	FALSE	0	0		
GO:0047484	regulation of response to osmotic stress	11	0	0.19	0	1	1	1	FALSE	0	0		
GO:0047496	vesicle transport along microtubule	44	0	0.76	0	1	1	1	FALSE	0	0		
GO:0047497	mitochondrion transport along microtubule	25	0	0.43	0	1	1	1	FALSE	0	0		
GO:0048009	insulin-like growth factor receptor signaling pathway	37	0	0.64	0	1	1	1	FALSE	0	0		
GO:0048011	neurotrophin TRK receptor signaling pathway	12	0	0.21	0	1	1	1	FALSE	0	0		
GO:0048015	phosphatidylinositol-mediated signaling	22	0	0.38	0	1	1	1	FALSE	0	0		
GO:0048021	regulation of melanin biosynthetic process	14	0	0.24	0	1	1	1	FALSE	0	0		
GO:0048024	regulation of mRNA splicing, via spliceosome	104	0	1.79	0	1	1	1	FALSE	0	0		
GO:0048025	negative regulation of mRNA splicing, via spliceosome	26	0	0.45	0	1	1	1	FALSE	0	0		
GO:0048026	positive regulation of mRNA splicing, via spliceosome	11	0	0.19	0	1	1	1	FALSE	0	0		
GO:0048048	embryonic eye morphogenesis	12	0	0.21	0	1	1	1	FALSE	0	0		
GO:0048066	developmental pigmentation	25	0	0.43	0	1	1	1	FALSE	0	0		
GO:0048147	negative regulation of fibroblast proliferation	20	0	0.34	0	1	1	1	FALSE	0	0		
GO:0048168	regulation of neuronal synaptic plasticity	37	0	0.64	0	1	1	1	FALSE	0	0		
GO:0048169	regulation of long-term neuronal synaptic plasticity	15	0	0.26	0	1	1	1	FALSE	0	0		
GO:0048172	regulation of short-term neuronal synaptic plasticity	11	0	0.19	0	1	1	1	FALSE	0	0		
GO:0048194	Golgi vesicle budding	10	0	0.17	0	1	1	1	FALSE	0	0		
GO:0048199	vesicle targeting, to, from or within Golgi	32	0	0.55	0	1	1	1	FALSE	0	0		
GO:0048207	vesicle targeting, rough ER to cis-Golgi	25	0	0.43	0	1	1	1	FALSE	0	0		
GO:0048208	COPII vesicle coating	24	0	0.41	0	1	1	1	FALSE	0	0		
GO:0048240	sperm capacitation	16	0	0.28	0	1	1	1	FALSE	0	0		
GO:0048261	negative regulation of receptor-mediated endocytosis	20	0	0.34	0	1	1	1	FALSE	0	0		
GO:0048265	response to pain	17	0	0.29	0	1	1	1	FALSE	0	0		
GO:0048266	behavioral response to pain	10	0	0.17	0	1	1	1	FALSE	0	0		
GO:0048268	clathrin coat assembly	20	0	0.34	0	1	1	1	FALSE	0	0		
GO:0048286	lung alveolus development	10	0	0.17	0	1	1	1	FALSE	0	0		
GO:0048308	organelle inheritance	16	0	0.28	0	1	1	1	FALSE	0	0		
GO:0048311	mitochondrion distribution	13	0	0.22	0	1	1	1	FALSE	0	0		
GO:0048313	Golgi inheritance	16	0	0.28	0	1	1	1	FALSE	0	0		
GO:0048332	mesoderm morphogenesis	21	0	0.36	0	1	1	1	FALSE	0	0		
GO:0048333	mesodermal cell differentiation	12	0	0.21	0	1	1	1	FALSE	0	0		
GO:0048388	endosomal lumen acidification	13	0	0.22	0	1	1	1	FALSE	0	0		
GO:0048483	autonomic nervous system development	20	0	0.34	0	1	1	1	FALSE	0	0		
GO:0048488	synaptic vesicle endocytosis	66	0	1.14	0	1	1	1	FALSE	0	0		
GO:0048489	synaptic vesicle transport	46	0	0.79	0	1	1	1	FALSE	0	0		
GO:0048490	anterograde synaptic vesicle transport	19	0	0.33	0	1	1	1	FALSE	0	0		
GO:0048512	circadian behavior	27	0	0.46	0	1	1	1	FALSE	0	0		
GO:0048520	positive regulation of behavior	13	0	0.22	0	1	1	1	FALSE	0	0		
GO:0048534	hematopoietic or lymphoid organ development	24	0	0.41	0	1	1	1	FALSE	0	0		
GO:0048546	digestive tract morphogenesis	12	0	0.21	0	1	1	1	FALSE	0	0		
GO:0048548	regulation of pinocytosis	13	0	0.22	0	1	1	1	FALSE	0	0		
GO:0048565	digestive tract development	46	0	0.79	0	1	1	1	FALSE	0	0		
GO:0048566	embryonic digestive tract development	11	0	0.19	0	1	1	1	FALSE	0	0		
GO:0048592	eye morphogenesis	59	0	1.01	0	1	1	1	FALSE	0	0		
GO:0048593	camera-type eye morphogenesis	42	0	0.72	0	1	1	1	FALSE	0	0		
GO:0048634	regulation of muscle organ development	16	0	0.28	0	1	1	1	FALSE	0	0		
GO:0048640	negative regulation of developmental growth	47	0	0.81	0	1	1	1	FALSE	0	0		
GO:0048645	animal organ formation	14	0	0.24	0	1	1	1	FALSE	0	0		
GO:0048662	negative regulation of smooth muscle cell proliferation	32	0	0.55	0	1	1	1	FALSE	0	0		
GO:0048663	neuron fate commitment	10	0	0.17	0	1	1	1	FALSE	0	0		
GO:0048668	collateral sprouting	13	0	0.22	0	1	1	1	FALSE	0	0		
GO:0048701	embryonic cranial skeleton morphogenesis	10	0	0.17	0	1	1	1	FALSE	0	0		
GO:0048704	embryonic skeletal system morphogenesis	20	0	0.34	0	1	1	1	FALSE	0	0		
GO:0048706	embryonic skeletal system development	33	0	0.57	0	1	1	1	FALSE	0	0		
GO:0048710	regulation of astrocyte differentiation	13	0	0.22	0	1	1	1	FALSE	0	0		
GO:0048713	regulation of oligodendrocyte differentiation	20	0	0.34	0	1	1	1	FALSE	0	0		
GO:0048714	positive regulation of oligodendrocyte differentiation	12	0	0.21	0	1	1	1	FALSE	0	0		
GO:0048741	skeletal muscle fiber development	14	0	0.24	0	1	1	1	FALSE	0	0		
GO:0048745	smooth muscle tissue development	10	0	0.17	0	1	1	1	FALSE	0	0		
GO:0048753	pigment granule organization	34	0	0.58	0	1	1	1	FALSE	0	0		
GO:0048754	branching morphogenesis of an epithelial tube	40	0	0.69	0	1	1	1	FALSE	0	0		
GO:0048757	pigment granule maturation	10	0	0.17	0	1	1	1	FALSE	0	0		
GO:0048791	calcium ion-regulated exocytosis of neurotransmitter	11	0	0.19	0	1	1	1	FALSE	0	0		
GO:0048806	genitalia development	10	0	0.17	0	1	1	1	FALSE	0	0		
GO:0048813	dendrite morphogenesis	100	0	1.72	0	1	1	1	FALSE	0	0		
GO:0048814	regulation of dendrite morphogenesis	50	0	0.86	0	1	1	1	FALSE	0	0		
GO:0048844	artery morphogenesis	32	0	0.55	0	1	1	1	FALSE	0	0		
GO:0048846	axon extension involved in axon guidance	10	0	0.17	0	1	1	1	FALSE	0	0		
GO:0048854	brain morphogenesis	15	0	0.26	0	1	1	1	FALSE	0	0		
GO:0050427	3'-phosphoadenosine 5'-phosphosulfate metabolic process	12	0	0.21	0	1	1	1	FALSE	0	0		
GO:0050432	catecholamine secretion	18	0	0.31	0	1	1	1	FALSE	0	0		
GO:0050433	regulation of catecholamine secretion	17	0	0.29	0	1	1	1	FALSE	0	0		
GO:0050482	arachidonate secretion	14	0	0.24	0	1	1	1	FALSE	0	0		
GO:0050650	chondroitin sulfate proteoglycan biosynthetic process	21	0	0.36	0	1	1	1	FALSE	0	0		
GO:0050651	dermatan sulfate proteoglycan biosynthetic process	13	0	0.22	0	1	1	1	FALSE	0	0		
GO:0050654	chondroitin sulfate proteoglycan metabolic process	28	0	0.48	0	1	1	1	FALSE	0	0		
GO:0050655	dermatan sulfate proteoglycan metabolic process	17	0	0.29	0	1	1	1	FALSE	0	0		
GO:0050657	nucleic acid transport	150	0	2.58	0	1	1	1	FALSE	0	0		
GO:0050658	RNA transport	150	0	2.58	0	1	1	1	FALSE	0	0		
GO:0050667	homocysteine metabolic process	12	0	0.21	0	1	1	1	FALSE	0	0		
GO:0050684	regulation of mRNA processing	125	0	2.15	0	1	1	1	FALSE	0	0		
GO:0050685	positive regulation of mRNA processing	15	0	0.26	0	1	1	1	FALSE	0	0		
GO:0050686	negative regulation of mRNA processing	27	0	0.46	0	1	1	1	FALSE	0	0		
GO:0050687	negative regulation of defense response to virus	15	0	0.26	0	1	1	1	FALSE	0	0		
GO:0050746	regulation of lipoprotein metabolic process	13	0	0.22	0	1	1	1	FALSE	0	0		
GO:0050771	negative regulation of axonogenesis	27	0	0.46	0	1	1	1	FALSE	0	0		
GO:0050773	regulation of dendrite development	72	0	1.24	0	1	1	1	FALSE	0	0		
GO:0050775	positive regulation of dendrite morphogenesis	32	0	0.55	0	1	1	1	FALSE	0	0		
GO:0050802	circadian sleep/wake cycle, sleep	10	0	0.17	0	1	1	1	FALSE	0	0		
GO:0050806	positive regulation of synaptic transmission	93	0	1.6	0	1	1	1	FALSE	0	0		
GO:0050812	regulation of acyl-CoA biosynthetic process	10	0	0.17	0	1	1	1	FALSE	0	0		
GO:0050847	progesterone receptor signaling pathway	10	0	0.17	0	1	1	1	FALSE	0	0		
GO:0050850	positive regulation of calcium-mediated signaling	35	0	0.6	0	1	1	1	FALSE	0	0		
GO:0050872	white fat cell differentiation	11	0	0.19	0	1	1	1	FALSE	0	0		
GO:0050873	brown fat cell differentiation	25	0	0.43	0	1	1	1	FALSE	0	0		
GO:0050879	multicellular organismal movement	38	0	0.65	0	1	1	1	FALSE	0	0		
GO:0050881	musculoskeletal movement	38	0	0.65	0	1	1	1	FALSE	0	0		
GO:0050885	neuromuscular process controlling balance	15	0	0.26	0	1	1	1	FALSE	0	0		
GO:0050905	neuromuscular process	68	0	1.17	0	1	1	1	FALSE	0	0		
GO:0050906	detection of stimulus involved in sensory perception	104	0	1.79	0	1	1	1	FALSE	0	0		
GO:0050907	detection of chemical stimulus involved in sensory perception	69	0	1.19	0	1	1	1	FALSE	0	0		
GO:0050909	sensory perception of taste	18	0	0.31	0	1	1	1	FALSE	0	0		
GO:0050910	detection of mechanical stimulus involved in sensory perception of sound	11	0	0.19	0	1	1	1	FALSE	0	0		
GO:0050911	detection of chemical stimulus involved in sensory perception of smell	57	0	0.98	0	1	1	1	FALSE	0	0		
GO:0050912	detection of chemical stimulus involved in sensory perception of taste	11	0	0.19	0	1	1	1	FALSE	0	0		
GO:0050913	sensory perception of bitter taste	10	0	0.17	0	1	1	1	FALSE	0	0		
GO:0050931	pigment cell differentiation	19	0	0.33	0	1	1	1	FALSE	0	0		
GO:0050954	sensory perception of mechanical stimulus	88	0	1.51	0	1	1	1	FALSE	0	0		
GO:0050974	detection of mechanical stimulus involved in sensory perception	20	0	0.34	0	1	1	1	FALSE	0	0		
GO:0050982	detection of mechanical stimulus	31	0	0.53	0	1	1	1	FALSE	0	0		
GO:0051014	actin filament severing	16	0	0.28	0	1	1	1	FALSE	0	0		
GO:0051016	barbed-end actin filament capping	26	0	0.45	0	1	1	1	FALSE	0	0		
GO:0051028	mRNA transport	126	0	2.17	0	1	1	1	FALSE	0	0		
GO:0051036	regulation of endosome size	11	0	0.19	0	1	1	1	FALSE	0	0		
GO:0051057	positive regulation of small GTPase mediated signal transduction	65	0	1.12	0	1	1	1	FALSE	0	0		
GO:0051058	negative regulation of small GTPase mediated signal transduction	54	0	0.93	0	1	1	1	FALSE	0	0		
GO:0051081	nuclear membrane disassembly	12	0	0.21	0	1	1	1	FALSE	0	0		
GO:0051123	RNA polymerase II preinitiation complex assembly	57	0	0.98	0	1	1	1	FALSE	0	0		
GO:0051125	regulation of actin nucleation	33	0	0.57	0	1	1	1	FALSE	0	0		
GO:0051127	positive regulation of actin nucleation	11	0	0.19	0	1	1	1	FALSE	0	0		
GO:0051133	regulation of NK T cell activation	11	0	0.19	0	1	1	1	FALSE	0	0		
GO:0051148	negative regulation of muscle cell differentiation	44	0	0.76	0	1	1	1	FALSE	0	0		
GO:0051151	negative regulation of smooth muscle cell differentiation	12	0	0.21	0	1	1	1	FALSE	0	0		
GO:0051154	negative regulation of striated muscle cell differentiation	26	0	0.45	0	1	1	1	FALSE	0	0		
GO:0051170	import into nucleus	132	0	2.27	0	1	1	1	FALSE	0	0		
GO:0051177	meiotic sister chromatid cohesion	14	0	0.24	0	1	1	1	FALSE	0	0		
GO:0051180	vitamin transport	38	0	0.65	0	1	1	1	FALSE	0	0		
GO:0051204	protein insertion into mitochondrial membrane	31	0	0.53	0	1	1	1	FALSE	0	0		
GO:0051205	protein insertion into membrane	67	0	1.15	0	1	1	1	FALSE	0	0		
GO:0051225	spindle assembly	122	0	2.1	0	1	1	1	FALSE	0	0		
GO:0051231	spindle elongation	12	0	0.21	0	1	1	1	FALSE	0	0		
GO:0051255	spindle midzone assembly	12	0	0.21	0	1	1	1	FALSE	0	0		
GO:0051256	mitotic spindle midzone assembly	10	0	0.17	0	1	1	1	FALSE	0	0		
GO:0051279	regulation of release of sequestered calcium ion into cytosol	45	0	0.77	0	1	1	1	FALSE	0	0		
GO:0051281	positive regulation of release of sequestered calcium ion into cytosol	18	0	0.31	0	1	1	1	FALSE	0	0		
GO:0051290	protein heterotetramerization	13	0	0.22	0	1	1	1	FALSE	0	0		
GO:0051291	protein heterooligomerization	20	0	0.34	0	1	1	1	FALSE	0	0		
GO:0051292	nuclear pore complex assembly	10	0	0.17	0	1	1	1	FALSE	0	0		
GO:0051299	centrosome separation	14	0	0.24	0	1	1	1	FALSE	0	0		
GO:0051315	attachment of mitotic spindle microtubules to kinetochore	26	0	0.45	0	1	1	1	FALSE	0	0		
GO:0051349	positive regulation of lyase activity	13	0	0.22	0	1	1	1	FALSE	0	0		
GO:0051382	kinetochore assembly	30	0	0.52	0	1	1	1	FALSE	0	0		
GO:0051383	kinetochore organization	31	0	0.53	0	1	1	1	FALSE	0	0		
GO:0051385	response to mineralocorticoid	27	0	0.46	0	1	1	1	FALSE	0	0		
GO:0051412	response to corticosterone	10	0	0.17	0	1	1	1	FALSE	0	0		
GO:0051438	regulation of ubiquitin-protein transferase activity	16	0	0.28	0	1	1	1	FALSE	0	0		
GO:0051447	negative regulation of meiotic cell cycle	12	0	0.21	0	1	1	1	FALSE	0	0		
GO:0051450	myoblast proliferation	13	0	0.22	0	1	1	1	FALSE	0	0		
GO:0051469	vesicle fusion with vacuole	10	0	0.17	0	1	1	1	FALSE	0	0		
GO:0051480	regulation of cytosolic calcium ion concentration	33	0	0.57	0	1	1	1	FALSE	0	0		
GO:0051489	regulation of filopodium assembly	36	0	0.62	0	1	1	1	FALSE	0	0		
GO:0051491	positive regulation of filopodium assembly	21	0	0.36	0	1	1	1	FALSE	0	0		
GO:0051580	regulation of neurotransmitter uptake	13	0	0.22	0	1	1	1	FALSE	0	0		
GO:0051590	positive regulation of neurotransmitter transport	19	0	0.33	0	1	1	1	FALSE	0	0		
GO:0051591	response to cAMP	58	0	1	0	1	1	1	FALSE	0	0		
GO:0051592	response to calcium ion	97	0	1.67	0	1	1	1	FALSE	0	0		
GO:0051602	response to electrical stimulus	19	0	0.33	0	1	1	1	FALSE	0	0		
GO:0051610	serotonin uptake	10	0	0.17	0	1	1	1	FALSE	0	0		
GO:0051639	actin filament network formation	13	0	0.22	0	1	1	1	FALSE	0	0		
GO:0051645	Golgi localization	12	0	0.21	0	1	1	1	FALSE	0	0		
GO:0051646	mitochondrion localization	47	0	0.81	0	1	1	1	FALSE	0	0		
GO:0051654	establishment of mitochondrion localization	28	0	0.48	0	1	1	1	FALSE	0	0		
GO:0051764	actin crosslink formation	12	0	0.21	0	1	1	1	FALSE	0	0		
GO:0051775	response to redox state	11	0	0.19	0	1	1	1	FALSE	0	0		
GO:0051782	negative regulation of cell division	10	0	0.17	0	1	1	1	FALSE	0	0		
GO:0051791	medium-chain fatty acid metabolic process	12	0	0.21	0	1	1	1	FALSE	0	0		
GO:0051875	pigment granule localization	21	0	0.36	0	1	1	1	FALSE	0	0		
GO:0051894	positive regulation of focal adhesion assembly	18	0	0.31	0	1	1	1	FALSE	0	0		
GO:0051895	negative regulation of focal adhesion assembly	17	0	0.29	0	1	1	1	FALSE	0	0		
GO:0051904	pigment granule transport	17	0	0.29	0	1	1	1	FALSE	0	0		
GO:0051905	establishment of pigment granule localization	17	0	0.29	0	1	1	1	FALSE	0	0		
GO:0051917	regulation of fibrinolysis	12	0	0.21	0	1	1	1	FALSE	0	0		
GO:0051926	negative regulation of calcium ion transport	34	0	0.58	0	1	1	1	FALSE	0	0		
GO:0051930	regulation of sensory perception of pain	10	0	0.17	0	1	1	1	FALSE	0	0		
GO:0051931	regulation of sensory perception	10	0	0.17	0	1	1	1	FALSE	0	0		
GO:0051937	catecholamine transport	26	0	0.45	0	1	1	1	FALSE	0	0		
GO:0051938	L-glutamate import	27	0	0.46	0	1	1	1	FALSE	0	0		
GO:0051952	regulation of amine transport	36	0	0.62	0	1	1	1	FALSE	0	0		
GO:0051953	negative regulation of amine transport	12	0	0.21	0	1	1	1	FALSE	0	0		
GO:0051954	positive regulation of amine transport	17	0	0.29	0	1	1	1	FALSE	0	0		
GO:0051955	regulation of amino acid transport	23	0	0.4	0	1	1	1	FALSE	0	0		
GO:0051957	positive regulation of amino acid transport	13	0	0.22	0	1	1	1	FALSE	0	0		
GO:0051966	regulation of synaptic transmission, glutamatergic	40	0	0.69	0	1	1	1	FALSE	0	0		
GO:0051968	positive regulation of synaptic transmission, glutamatergic	18	0	0.31	0	1	1	1	FALSE	0	0		
GO:0051984	positive regulation of chromosome segregation	27	0	0.46	0	1	1	1	FALSE	0	0		
GO:0051987	positive regulation of attachment of spindle microtubules to kinetochore	11	0	0.19	0	1	1	1	FALSE	0	0		
GO:0051988	regulation of attachment of spindle microtubules to kinetochore	23	0	0.4	0	1	1	1	FALSE	0	0		
GO:0052652	cyclic purine nucleotide metabolic process	28	0	0.48	0	1	1	1	FALSE	0	0		
GO:0055003	cardiac myofibril assembly	11	0	0.19	0	1	1	1	FALSE	0	0		
GO:0055006	cardiac cell development	48	0	0.83	0	1	1	1	FALSE	0	0		
GO:0055007	cardiac muscle cell differentiation	64	0	1.1	0	1	1	1	FALSE	0	0		
GO:0055010	ventricular cardiac muscle tissue morphogenesis	23	0	0.4	0	1	1	1	FALSE	0	0		
GO:0055013	cardiac muscle cell development	41	0	0.71	0	1	1	1	FALSE	0	0		
GO:0055021	regulation of cardiac muscle tissue growth	32	0	0.55	0	1	1	1	FALSE	0	0		
GO:0055022	negative regulation of cardiac muscle tissue growth	13	0	0.22	0	1	1	1	FALSE	0	0		
GO:0055023	positive regulation of cardiac muscle tissue growth	17	0	0.29	0	1	1	1	FALSE	0	0		
GO:0055057	neuroblast division	11	0	0.19	0	1	1	1	FALSE	0	0		
GO:0055075	potassium ion homeostasis	23	0	0.4	0	1	1	1	FALSE	0	0		
GO:0055078	sodium ion homeostasis	28	0	0.48	0	1	1	1	FALSE	0	0		
GO:0055081	monoatomic anion homeostasis	10	0	0.17	0	1	1	1	FALSE	0	0		
GO:0055089	fatty acid homeostasis	11	0	0.19	0	1	1	1	FALSE	0	0		
GO:0055091	phospholipid homeostasis	13	0	0.22	0	1	1	1	FALSE	0	0		
GO:0055093	response to hyperoxia	15	0	0.26	0	1	1	1	FALSE	0	0		
GO:0055117	regulation of cardiac muscle contraction	56	0	0.96	0	1	1	1	FALSE	0	0		
GO:0055119	relaxation of cardiac muscle	14	0	0.24	0	1	1	1	FALSE	0	0		
GO:0055123	digestive system development	49	0	0.84	0	1	1	1	FALSE	0	0		
GO:0060021	roof of mouth development	27	0	0.46	0	1	1	1	FALSE	0	0		
GO:0060037	pharyngeal system development	10	0	0.17	0	1	1	1	FALSE	0	0		
GO:0060038	cardiac muscle cell proliferation	26	0	0.45	0	1	1	1	FALSE	0	0		
GO:0060042	retina morphogenesis in camera-type eye	22	0	0.38	0	1	1	1	FALSE	0	0		
GO:0060043	regulation of cardiac muscle cell proliferation	19	0	0.33	0	1	1	1	FALSE	0	0		
GO:0060045	positive regulation of cardiac muscle cell proliferation	14	0	0.24	0	1	1	1	FALSE	0	0		
GO:0060048	cardiac muscle contraction	92	0	1.58	0	1	1	1	FALSE	0	0		
GO:0060071	Wnt signaling pathway, planar cell polarity pathway	33	0	0.57	0	1	1	1	FALSE	0	0		
GO:0060074	synapse maturation	30	0	0.52	0	1	1	1	FALSE	0	0		
GO:0060078	regulation of postsynaptic membrane potential	79	0	1.36	0	1	1	1	FALSE	0	0		
GO:0060079	excitatory postsynaptic potential	63	0	1.08	0	1	1	1	FALSE	0	0		
GO:0060080	inhibitory postsynaptic potential	12	0	0.21	0	1	1	1	FALSE	0	0		
GO:0060099	regulation of phagocytosis, engulfment	13	0	0.22	0	1	1	1	FALSE	0	0		
GO:0060100	positive regulation of phagocytosis, engulfment	11	0	0.19	0	1	1	1	FALSE	0	0		
GO:0060113	inner ear receptor cell differentiation	19	0	0.33	0	1	1	1	FALSE	0	0		
GO:0060117	auditory receptor cell development	11	0	0.19	0	1	1	1	FALSE	0	0		
GO:0060119	inner ear receptor cell development	16	0	0.28	0	1	1	1	FALSE	0	0		
GO:0060122	inner ear receptor cell stereocilium organization	11	0	0.19	0	1	1	1	FALSE	0	0		
GO:0060147	regulation of post-transcriptional gene silencing	27	0	0.46	0	1	1	1	FALSE	0	0		
GO:0060148	positive regulation of post-transcriptional gene silencing	10	0	0.17	0	1	1	1	FALSE	0	0		
GO:0060149	negative regulation of post-transcriptional gene silencing	12	0	0.21	0	1	1	1	FALSE	0	0		
GO:0060155	platelet dense granule organization	27	0	0.46	0	1	1	1	FALSE	0	0		
GO:0060211	regulation of nuclear-transcribed mRNA poly(A) tail shortening	15	0	0.26	0	1	1	1	FALSE	0	0		
GO:0060213	positive regulation of nuclear-transcribed mRNA poly(A) tail shortening	13	0	0.22	0	1	1	1	FALSE	0	0		
GO:0060218	hematopoietic stem cell differentiation	22	0	0.38	0	1	1	1	FALSE	0	0		
GO:0060236	regulation of mitotic spindle organization	41	0	0.71	0	1	1	1	FALSE	0	0		
GO:0060245	detection of cell density	10	0	0.17	0	1	1	1	FALSE	0	0		
GO:0060259	regulation of feeding behavior	18	0	0.31	0	1	1	1	FALSE	0	0		
GO:0060260	regulation of transcription initiation by RNA polymerase II	77	0	1.32	0	1	1	1	FALSE	0	0		
GO:0060261	positive regulation of transcription initiation by RNA polymerase II	60	0	1.03	0	1	1	1	FALSE	0	0		
GO:0060263	regulation of respiratory burst	15	0	0.26	0	1	1	1	FALSE	0	0		
GO:0060291	long-term synaptic potentiation	54	0	0.93	0	1	1	1	FALSE	0	0		
GO:0060292	long-term synaptic depression	19	0	0.33	0	1	1	1	FALSE	0	0		
GO:0060295	regulation of cilium movement involved in cell motility	15	0	0.26	0	1	1	1	FALSE	0	0		
GO:0060306	regulation of membrane repolarization	26	0	0.45	0	1	1	1	FALSE	0	0		
GO:0060307	regulation of ventricular cardiac muscle cell membrane repolarization	14	0	0.24	0	1	1	1	FALSE	0	0		
GO:0060317	cardiac epithelial to mesenchymal transition	20	0	0.34	0	1	1	1	FALSE	0	0		
GO:0060340	positive regulation of type I interferon-mediated signaling pathway	16	0	0.28	0	1	1	1	FALSE	0	0		
GO:0060350	endochondral bone morphogenesis	14	0	0.24	0	1	1	1	FALSE	0	0		
GO:0060382	regulation of DNA strand elongation	17	0	0.29	0	1	1	1	FALSE	0	0		
GO:0060384	innervation	10	0	0.17	0	1	1	1	FALSE	0	0		
GO:0060390	regulation of SMAD protein signal transduction	51	0	0.88	0	1	1	1	FALSE	0	0		
GO:0060391	positive regulation of SMAD protein signal transduction	33	0	0.57	0	1	1	1	FALSE	0	0		
GO:0060392	negative regulation of SMAD protein signal transduction	20	0	0.34	0	1	1	1	FALSE	0	0		
GO:0060395	SMAD protein signal transduction	65	0	1.12	0	1	1	1	FALSE	0	0		
GO:0060396	growth hormone receptor signaling pathway	22	0	0.38	0	1	1	1	FALSE	0	0		
GO:0060397	growth hormone receptor signaling pathway via JAK-STAT	10	0	0.17	0	1	1	1	FALSE	0	0		
GO:0060411	cardiac septum morphogenesis	33	0	0.57	0	1	1	1	FALSE	0	0		
GO:0060412	ventricular septum morphogenesis	24	0	0.41	0	1	1	1	FALSE	0	0		
GO:0060416	response to growth hormone	32	0	0.55	0	1	1	1	FALSE	0	0		
GO:0060420	regulation of heart growth	36	0	0.62	0	1	1	1	FALSE	0	0		
GO:0060421	positive regulation of heart growth	20	0	0.34	0	1	1	1	FALSE	0	0		
GO:0060538	skeletal muscle organ development	64	0	1.1	0	1	1	1	FALSE	0	0		
GO:0060546	negative regulation of necroptotic process	13	0	0.22	0	1	1	1	FALSE	0	0		
GO:0060563	neuroepithelial cell differentiation	14	0	0.24	0	1	1	1	FALSE	0	0		
GO:0060586	multicellular organismal-level iron ion homeostasis	15	0	0.26	0	1	1	1	FALSE	0	0		
GO:0060606	tube closure	27	0	0.46	0	1	1	1	FALSE	0	0		
GO:0060612	adipose tissue development	44	0	0.76	0	1	1	1	FALSE	0	0		
GO:0060623	regulation of chromosome condensation	10	0	0.17	0	1	1	1	FALSE	0	0		
GO:0060628	regulation of ER to Golgi vesicle-mediated transport	20	0	0.34	0	1	1	1	FALSE	0	0		
GO:0060632	regulation of microtubule-based movement	44	0	0.76	0	1	1	1	FALSE	0	0		
GO:0060633	negative regulation of transcription initiation by RNA polymerase II	14	0	0.24	0	1	1	1	FALSE	0	0		
GO:0060675	ureteric bud morphogenesis	21	0	0.36	0	1	1	1	FALSE	0	0		
GO:0060688	regulation of morphogenesis of a branching structure	26	0	0.45	0	1	1	1	FALSE	0	0		
GO:0060765	regulation of androgen receptor signaling pathway	25	0	0.43	0	1	1	1	FALSE	0	0		
GO:0060766	negative regulation of androgen receptor signaling pathway	11	0	0.19	0	1	1	1	FALSE	0	0		
GO:0060795	cell fate commitment involved in formation of primary germ layer	12	0	0.21	0	1	1	1	FALSE	0	0		
GO:0060816	random inactivation of X chromosome	10	0	0.17	0	1	1	1	FALSE	0	0		
GO:0060840	artery development	42	0	0.72	0	1	1	1	FALSE	0	0		
GO:0060914	heart formation	12	0	0.21	0	1	1	1	FALSE	0	0		
GO:0060964	regulation of miRNA-mediated gene silencing	26	0	0.45	0	1	1	1	FALSE	0	0		
GO:0060965	negative regulation of miRNA-mediated gene silencing	12	0	0.21	0	1	1	1	FALSE	0	0		
GO:0060966	regulation of gene silencing by regulatory ncRNA	31	0	0.53	0	1	1	1	FALSE	0	0		
GO:0060967	negative regulation of gene silencing by regulatory ncRNA	15	0	0.26	0	1	1	1	FALSE	0	0		
GO:0060972	left/right pattern formation	55	0	0.95	0	1	1	1	FALSE	0	0		
GO:0060976	coronary vasculature development	12	0	0.21	0	1	1	1	FALSE	0	0		
GO:0060996	dendritic spine development	75	0	1.29	0	1	1	1	FALSE	0	0		
GO:0060997	dendritic spine morphogenesis	50	0	0.86	0	1	1	1	FALSE	0	0		
GO:0060998	regulation of dendritic spine development	44	0	0.76	0	1	1	1	FALSE	0	0		
GO:0060999	positive regulation of dendritic spine development	34	0	0.58	0	1	1	1	FALSE	0	0		
GO:0061001	regulation of dendritic spine morphogenesis	37	0	0.64	0	1	1	1	FALSE	0	0		
GO:0061003	positive regulation of dendritic spine morphogenesis	18	0	0.31	0	1	1	1	FALSE	0	0		
GO:0061008	hepaticobiliary system development	68	0	1.17	0	1	1	1	FALSE	0	0		
GO:0061035	regulation of cartilage development	31	0	0.53	0	1	1	1	FALSE	0	0		
GO:0061036	positive regulation of cartilage development	17	0	0.29	0	1	1	1	FALSE	0	0		
GO:0061037	negative regulation of cartilage development	10	0	0.17	0	1	1	1	FALSE	0	0		
GO:0061049	cell growth involved in cardiac muscle cell development	15	0	0.26	0	1	1	1	FALSE	0	0		
GO:0061050	regulation of cell growth involved in cardiac muscle cell development	12	0	0.21	0	1	1	1	FALSE	0	0		
GO:0061053	somite development	21	0	0.36	0	1	1	1	FALSE	0	0		
GO:0061081	positive regulation of myeloid leukocyte cytokine production involved in immune response	19	0	0.33	0	1	1	1	FALSE	0	0		
GO:0061082	myeloid leukocyte cytokine production	24	0	0.41	0	1	1	1	FALSE	0	0		
GO:0061099	negative regulation of protein tyrosine kinase activity	12	0	0.21	0	1	1	1	FALSE	0	0		
GO:0061117	negative regulation of heart growth	13	0	0.22	0	1	1	1	FALSE	0	0		
GO:0061138	morphogenesis of a branching epithelium	43	0	0.74	0	1	1	1	FALSE	0	0		
GO:0061162	establishment of monopolar cell polarity	14	0	0.24	0	1	1	1	FALSE	0	0		
GO:0061178	regulation of insulin secretion involved in cellular response to glucose stimulus	36	0	0.62	0	1	1	1	FALSE	0	0		
GO:0061245	establishment or maintenance of bipolar cell polarity	33	0	0.57	0	1	1	1	FALSE	0	0		
GO:0061318	renal filtration cell differentiation	13	0	0.22	0	1	1	1	FALSE	0	0		
GO:0061333	renal tubule morphogenesis	26	0	0.45	0	1	1	1	FALSE	0	0		
GO:0061337	cardiac conduction	62	0	1.07	0	1	1	1	FALSE	0	0		
GO:0061339	establishment or maintenance of monopolar cell polarity	15	0	0.26	0	1	1	1	FALSE	0	0		
GO:0061371	determination of heart left/right asymmetry	28	0	0.48	0	1	1	1	FALSE	0	0		
GO:0061436	establishment of skin barrier	16	0	0.28	0	1	1	1	FALSE	0	0		
GO:0061437	renal system vasculature development	21	0	0.36	0	1	1	1	FALSE	0	0		
GO:0061440	kidney vasculature development	21	0	0.36	0	1	1	1	FALSE	0	0		
GO:0061450	trophoblast cell migration	16	0	0.28	0	1	1	1	FALSE	0	0		
GO:0061511	centriole elongation	11	0	0.19	0	1	1	1	FALSE	0	0		
GO:0061512	protein localization to cilium	79	0	1.36	0	1	1	1	FALSE	0	0		
GO:0061577	calcium ion transmembrane transport via high voltage-gated calcium channel	14	0	0.24	0	1	1	1	FALSE	0	0		
GO:0061635	regulation of protein complex stability	12	0	0.21	0	1	1	1	FALSE	0	0		
GO:0061644	protein localization to CENP-A containing chromatin	11	0	0.19	0	1	1	1	FALSE	0	0		
GO:0061668	mitochondrial ribosome assembly	26	0	0.45	0	1	1	1	FALSE	0	0		
GO:0061709	reticulophagy	24	0	0.41	0	1	1	1	FALSE	0	0		
GO:0061723	glycophagy	12	0	0.21	0	1	1	1	FALSE	0	0		
GO:0061734	type 2 mitophagy	15	0	0.26	0	1	1	1	FALSE	0	0		
GO:0061763	multivesicular body-lysosome fusion	11	0	0.19	0	1	1	1	FALSE	0	0		
GO:0061795	Golgi lumen acidification	15	0	0.26	0	1	1	1	FALSE	0	0		
GO:0061909	autophagosome-lysosome fusion	21	0	0.36	0	1	1	1	FALSE	0	0		
GO:0061952	midbody abscission	22	0	0.38	0	1	1	1	FALSE	0	0		
GO:0062009	secondary palate development	13	0	0.22	0	1	1	1	FALSE	0	0		
GO:0062099	negative regulation of programmed necrotic cell death	15	0	0.26	0	1	1	1	FALSE	0	0		
GO:0062125	regulation of mitochondrial gene expression	28	0	0.48	0	1	1	1	FALSE	0	0		
GO:0062176	R-loop processing	10	0	0.17	0	1	1	1	FALSE	0	0		
GO:0065002	intracellular protein transmembrane transport	33	0	0.57	0	1	1	1	FALSE	0	0		
GO:0070071	proton-transporting two-sector ATPase complex assembly	14	0	0.24	0	1	1	1	FALSE	0	0		
GO:0070098	chemokine-mediated signaling pathway	62	0	1.07	0	1	1	1	FALSE	0	0		
GO:0070129	regulation of mitochondrial translation	20	0	0.34	0	1	1	1	FALSE	0	0		
GO:0070131	positive regulation of mitochondrial translation	13	0	0.22	0	1	1	1	FALSE	0	0		
GO:0070142	synaptic vesicle budding	12	0	0.21	0	1	1	1	FALSE	0	0		
GO:0070168	negative regulation of biomineral tissue development	20	0	0.34	0	1	1	1	FALSE	0	0		
GO:0070192	chromosome organization involved in meiotic cell cycle	24	0	0.41	0	1	1	1	FALSE	0	0		
GO:0070199	establishment of protein localization to chromosome	21	0	0.36	0	1	1	1	FALSE	0	0		
GO:0070200	establishment of protein localization to telomere	11	0	0.19	0	1	1	1	FALSE	0	0		
GO:0070206	protein trimerization	16	0	0.28	0	1	1	1	FALSE	0	0		
GO:0070207	protein homotrimerization	14	0	0.24	0	1	1	1	FALSE	0	0		
GO:0070213	protein auto-ADP-ribosylation	12	0	0.21	0	1	1	1	FALSE	0	0		
GO:0070229	negative regulation of lymphocyte apoptotic process	18	0	0.31	0	1	1	1	FALSE	0	0		
GO:0070252	actin-mediated cell contraction	80	0	1.38	0	1	1	1	FALSE	0	0		
GO:0070286	axonemal dynein complex assembly	28	0	0.48	0	1	1	1	FALSE	0	0		
GO:0070293	renal absorption	19	0	0.33	0	1	1	1	FALSE	0	0		
GO:0070296	sarcoplasmic reticulum calcium ion transport	30	0	0.52	0	1	1	1	FALSE	0	0		
GO:0070302	regulation of stress-activated protein kinase signaling cascade	30	0	0.52	0	1	1	1	FALSE	0	0		
GO:0070304	positive regulation of stress-activated protein kinase signaling cascade	16	0	0.28	0	1	1	1	FALSE	0	0		
GO:0070306	lens fiber cell differentiation	24	0	0.41	0	1	1	1	FALSE	0	0		
GO:0070307	lens fiber cell development	10	0	0.17	0	1	1	1	FALSE	0	0		
GO:0070314	G1 to G0 transition	13	0	0.22	0	1	1	1	FALSE	0	0		
GO:0070341	fat cell proliferation	11	0	0.19	0	1	1	1	FALSE	0	0		
GO:0070424	regulation of nucleotide-binding domain, leucine rich repeat containing receptor signaling pathway	13	0	0.22	0	1	1	1	FALSE	0	0		
GO:0070431	nucleotide-binding oligomerization domain containing 2 signaling pathway	17	0	0.29	0	1	1	1	FALSE	0	0		
GO:0070475	rRNA base methylation	10	0	0.17	0	1	1	1	FALSE	0	0		
GO:0070493	thrombin-activated receptor signaling pathway	11	0	0.19	0	1	1	1	FALSE	0	0		
GO:0070601	centromeric sister chromatid cohesion	13	0	0.22	0	1	1	1	FALSE	0	0		
GO:0070633	transepithelial transport	23	0	0.4	0	1	1	1	FALSE	0	0		
GO:0070671	response to interleukin-12	11	0	0.19	0	1	1	1	FALSE	0	0		
GO:0070672	response to interleukin-15	10	0	0.17	0	1	1	1	FALSE	0	0		
GO:0070723	response to cholesterol	21	0	0.36	0	1	1	1	FALSE	0	0		
GO:0070830	bicellular tight junction assembly	41	0	0.71	0	1	1	1	FALSE	0	0		
GO:0070837	dehydroascorbic acid transport	10	0	0.17	0	1	1	1	FALSE	0	0		
GO:0070861	regulation of protein exit from endoplasmic reticulum	23	0	0.4	0	1	1	1	FALSE	0	0		
GO:0070863	positive regulation of protein exit from endoplasmic reticulum	14	0	0.24	0	1	1	1	FALSE	0	0		
GO:0070873	regulation of glycogen metabolic process	27	0	0.46	0	1	1	1	FALSE	0	0		
GO:0070875	positive regulation of glycogen metabolic process	16	0	0.28	0	1	1	1	FALSE	0	0		
GO:0070884	regulation of calcineurin-NFAT signaling cascade	29	0	0.5	0	1	1	1	FALSE	0	0		
GO:0070885	negative regulation of calcineurin-NFAT signaling cascade	10	0	0.17	0	1	1	1	FALSE	0	0		
GO:0070886	positive regulation of calcineurin-NFAT signaling cascade	17	0	0.29	0	1	1	1	FALSE	0	0		
GO:0070897	transcription preinitiation complex assembly	69	0	1.19	0	1	1	1	FALSE	0	0		
GO:0070900	mitochondrial tRNA modification	14	0	0.24	0	1	1	1	FALSE	0	0		
GO:0070914	UV-damage excision repair	12	0	0.21	0	1	1	1	FALSE	0	0		
GO:0070918	regulatory ncRNA processing	56	0	0.96	0	1	1	1	FALSE	0	0		
GO:0070922	RISC complex assembly	10	0	0.17	0	1	1	1	FALSE	0	0		
GO:0070934	CRD-mediated mRNA stabilization	12	0	0.21	0	1	1	1	FALSE	0	0		
GO:0070942	neutrophil mediated cytotoxicity	11	0	0.19	0	1	1	1	FALSE	0	0		
GO:0070972	protein localization to endoplasmic reticulum	26	0	0.45	0	1	1	1	FALSE	0	0		
GO:0070979	protein K11-linked ubiquitination	37	0	0.64	0	1	1	1	FALSE	0	0		
GO:0071025	RNA surveillance	39	0	0.67	0	1	1	1	FALSE	0	0		
GO:0071027	nuclear RNA surveillance	34	0	0.58	0	1	1	1	FALSE	0	0		
GO:0071028	nuclear mRNA surveillance	11	0	0.19	0	1	1	1	FALSE	0	0		
GO:0071045	nuclear histone mRNA catabolic process	12	0	0.21	0	1	1	1	FALSE	0	0		
GO:0071071	regulation of phospholipid biosynthetic process	14	0	0.24	0	1	1	1	FALSE	0	0		
GO:0071103	DNA conformation change	18	0	0.31	0	1	1	1	FALSE	0	0		
GO:0071108	protein K48-linked deubiquitination	25	0	0.43	0	1	1	1	FALSE	0	0		
GO:0071166	ribonucleoprotein complex localization	11	0	0.19	0	1	1	1	FALSE	0	0		
GO:0071168	protein localization to chromatin	53	0	0.91	0	1	1	1	FALSE	0	0		
GO:0071218	cellular response to misfolded protein	16	0	0.28	0	1	1	1	FALSE	0	0		
GO:0071225	cellular response to muramyl dipeptide	10	0	0.17	0	1	1	1	FALSE	0	0		
GO:0071230	cellular response to amino acid stimulus	52	0	0.89	0	1	1	1	FALSE	0	0		
GO:0071233	cellular response to L-leucine	12	0	0.21	0	1	1	1	FALSE	0	0		
GO:0071243	cellular response to arsenic-containing substance	15	0	0.26	0	1	1	1	FALSE	0	0		
GO:0071277	cellular response to calcium ion	55	0	0.95	0	1	1	1	FALSE	0	0		
GO:0071287	cellular response to manganese ion	10	0	0.17	0	1	1	1	FALSE	0	0		
GO:0071295	cellular response to vitamin	19	0	0.33	0	1	1	1	FALSE	0	0		
GO:0071305	cellular response to vitamin D	14	0	0.24	0	1	1	1	FALSE	0	0		
GO:0071312	cellular response to alkaloid	23	0	0.4	0	1	1	1	FALSE	0	0		
GO:0071318	cellular response to ATP	16	0	0.28	0	1	1	1	FALSE	0	0		
GO:0071320	cellular response to cAMP	40	0	0.69	0	1	1	1	FALSE	0	0		
GO:0071349	cellular response to interleukin-12	10	0	0.17	0	1	1	1	FALSE	0	0		
GO:0071350	cellular response to interleukin-15	10	0	0.17	0	1	1	1	FALSE	0	0		
GO:0071371	cellular response to gonadotropin stimulus	13	0	0.22	0	1	1	1	FALSE	0	0		
GO:0071377	cellular response to glucagon stimulus	14	0	0.24	0	1	1	1	FALSE	0	0		
GO:0071378	cellular response to growth hormone stimulus	23	0	0.4	0	1	1	1	FALSE	0	0		
GO:0071379	cellular response to prostaglandin stimulus	15	0	0.26	0	1	1	1	FALSE	0	0		
GO:0071380	cellular response to prostaglandin E stimulus	10	0	0.17	0	1	1	1	FALSE	0	0		
GO:0071391	cellular response to estrogen stimulus	15	0	0.26	0	1	1	1	FALSE	0	0		
GO:0071392	cellular response to estradiol stimulus	24	0	0.41	0	1	1	1	FALSE	0	0		
GO:0071397	cellular response to cholesterol	13	0	0.22	0	1	1	1	FALSE	0	0		
GO:0071425	hematopoietic stem cell proliferation	18	0	0.31	0	1	1	1	FALSE	0	0		
GO:0071450	cellular response to oxygen radical	15	0	0.26	0	1	1	1	FALSE	0	0		
GO:0071451	cellular response to superoxide	15	0	0.26	0	1	1	1	FALSE	0	0		
GO:0071459	protein localization to chromosome, centromeric region	30	0	0.52	0	1	1	1	FALSE	0	0		
GO:0071467	cellular response to pH	17	0	0.29	0	1	1	1	FALSE	0	0		
GO:0071468	cellular response to acidic pH	12	0	0.21	0	1	1	1	FALSE	0	0		
GO:0071472	cellular response to salt stress	13	0	0.22	0	1	1	1	FALSE	0	0		
GO:0071474	cellular hyperosmotic response	19	0	0.33	0	1	1	1	FALSE	0	0		
GO:0071476	cellular hypotonic response	10	0	0.17	0	1	1	1	FALSE	0	0		
GO:0071501	cellular response to sterol depletion	13	0	0.22	0	1	1	1	FALSE	0	0		
GO:0071539	protein localization to centrosome	35	0	0.6	0	1	1	1	FALSE	0	0		
GO:0071542	dopaminergic neuron differentiation	16	0	0.28	0	1	1	1	FALSE	0	0		
GO:0071548	response to dexamethasone	25	0	0.43	0	1	1	1	FALSE	0	0		
GO:0071549	cellular response to dexamethasone stimulus	15	0	0.26	0	1	1	1	FALSE	0	0		
GO:0071577	zinc ion transmembrane transport	24	0	0.41	0	1	1	1	FALSE	0	0		
GO:0071578	zinc ion import across plasma membrane	11	0	0.19	0	1	1	1	FALSE	0	0		
GO:0071604	transforming growth factor beta production	30	0	0.52	0	1	1	1	FALSE	0	0		
GO:0071625	vocalization behavior	11	0	0.19	0	1	1	1	FALSE	0	0		
GO:0071634	regulation of transforming growth factor beta production	26	0	0.45	0	1	1	1	FALSE	0	0		
GO:0071635	negative regulation of transforming growth factor beta production	11	0	0.19	0	1	1	1	FALSE	0	0		
GO:0071636	positive regulation of transforming growth factor beta production	12	0	0.21	0	1	1	1	FALSE	0	0		
GO:0071676	negative regulation of mononuclear cell migration	25	0	0.43	0	1	1	1	FALSE	0	0		
GO:0071679	commissural neuron axon guidance	10	0	0.17	0	1	1	1	FALSE	0	0		
GO:0071709	membrane assembly	53	0	0.91	0	1	1	1	FALSE	0	0		
GO:0071711	basement membrane organization	21	0	0.36	0	1	1	1	FALSE	0	0		
GO:0071731	response to nitric oxide	16	0	0.28	0	1	1	1	FALSE	0	0		
GO:0071732	cellular response to nitric oxide	12	0	0.21	0	1	1	1	FALSE	0	0		
GO:0071763	nuclear membrane organization	45	0	0.77	0	1	1	1	FALSE	0	0		
GO:0071786	endoplasmic reticulum tubular network organization	22	0	0.38	0	1	1	1	FALSE	0	0		
GO:0071816	tail-anchored membrane protein insertion into ER membrane	18	0	0.31	0	1	1	1	FALSE	0	0		
GO:0071867	response to monoamine	38	0	0.65	0	1	1	1	FALSE	0	0		
GO:0071868	cellular response to monoamine stimulus	37	0	0.64	0	1	1	1	FALSE	0	0		
GO:0071869	response to catecholamine	36	0	0.62	0	1	1	1	FALSE	0	0		
GO:0071870	cellular response to catecholamine stimulus	35	0	0.6	0	1	1	1	FALSE	0	0		
GO:0071871	response to epinephrine	12	0	0.21	0	1	1	1	FALSE	0	0		
GO:0071872	cellular response to epinephrine stimulus	10	0	0.17	0	1	1	1	FALSE	0	0		
GO:0071875	adrenergic receptor signaling pathway	17	0	0.29	0	1	1	1	FALSE	0	0		
GO:0071880	adenylate cyclase-activating adrenergic receptor signaling pathway	10	0	0.17	0	1	1	1	FALSE	0	0		
GO:0071895	odontoblast differentiation	11	0	0.19	0	1	1	1	FALSE	0	0		
GO:0071901	negative regulation of protein serine/threonine kinase activity	26	0	0.45	0	1	1	1	FALSE	0	0		
GO:0072010	glomerular epithelium development	16	0	0.28	0	1	1	1	FALSE	0	0		
GO:0072012	glomerulus vasculature development	19	0	0.33	0	1	1	1	FALSE	0	0		
GO:0072078	nephron tubule morphogenesis	24	0	0.41	0	1	1	1	FALSE	0	0		
GO:0072089	stem cell proliferation	42	0	0.72	0	1	1	1	FALSE	0	0		
GO:0072091	regulation of stem cell proliferation	23	0	0.4	0	1	1	1	FALSE	0	0		
GO:0072109	glomerular mesangium development	10	0	0.17	0	1	1	1	FALSE	0	0		
GO:0072112	podocyte differentiation	13	0	0.22	0	1	1	1	FALSE	0	0		
GO:0072132	mesenchyme morphogenesis	26	0	0.45	0	1	1	1	FALSE	0	0		
GO:0072163	mesonephric epithelium development	34	0	0.58	0	1	1	1	FALSE	0	0		
GO:0072164	mesonephric tubule development	34	0	0.58	0	1	1	1	FALSE	0	0		
GO:0072171	mesonephric tubule morphogenesis	21	0	0.36	0	1	1	1	FALSE	0	0		
GO:0072175	epithelial tube formation	44	0	0.76	0	1	1	1	FALSE	0	0		
GO:0072311	glomerular epithelial cell differentiation	14	0	0.24	0	1	1	1	FALSE	0	0		
GO:0072329	monocarboxylic acid catabolic process	105	0	1.81	0	1	1	1	FALSE	0	0		
GO:0072337	modified amino acid transport	33	0	0.57	0	1	1	1	FALSE	0	0		
GO:0072344	rescue of stalled cytosolic ribosome	38	0	0.65	0	1	1	1	FALSE	0	0		
GO:0072350	tricarboxylic acid metabolic process	13	0	0.22	0	1	1	1	FALSE	0	0		
GO:0072393	microtubule anchoring at microtubule organizing center	13	0	0.22	0	1	1	1	FALSE	0	0		
GO:0072497	mesenchymal stem cell differentiation	11	0	0.19	0	1	1	1	FALSE	0	0		
GO:0072525	pyridine-containing compound biosynthetic process	21	0	0.36	0	1	1	1	FALSE	0	0		
GO:0072528	pyrimidine-containing compound biosynthetic process	40	0	0.69	0	1	1	1	FALSE	0	0		
GO:0072530	purine-containing compound transmembrane transport	32	0	0.55	0	1	1	1	FALSE	0	0		
GO:0072531	pyrimidine-containing compound transmembrane transport	13	0	0.22	0	1	1	1	FALSE	0	0		
GO:0072537	fibroblast activation	15	0	0.26	0	1	1	1	FALSE	0	0		
GO:0072583	clathrin-dependent endocytosis	47	0	0.81	0	1	1	1	FALSE	0	0		
GO:0072584	caveolin-mediated endocytosis	12	0	0.21	0	1	1	1	FALSE	0	0		
GO:0072599	establishment of protein localization to endoplasmic reticulum	44	0	0.76	0	1	1	1	FALSE	0	0		
GO:0072662	protein localization to peroxisome	18	0	0.31	0	1	1	1	FALSE	0	0		
GO:0072663	establishment of protein localization to peroxisome	20	0	0.34	0	1	1	1	FALSE	0	0		
GO:0072673	lamellipodium morphogenesis	14	0	0.24	0	1	1	1	FALSE	0	0		
GO:0072677	eosinophil migration	12	0	0.21	0	1	1	1	FALSE	0	0		
GO:0072698	protein localization to microtubule cytoskeleton	53	0	0.91	0	1	1	1	FALSE	0	0		
GO:0075509	endocytosis involved in viral entry into host cell	11	0	0.19	0	1	1	1	FALSE	0	0		
GO:0075522	IRES-dependent viral translational initiation	11	0	0.19	0	1	1	1	FALSE	0	0		
GO:0085029	extracellular matrix assembly	28	0	0.48	0	1	1	1	FALSE	0	0		
GO:0086001	cardiac muscle cell action potential	62	0	1.07	0	1	1	1	FALSE	0	0		
GO:0086002	cardiac muscle cell action potential involved in contraction	43	0	0.74	0	1	1	1	FALSE	0	0		
GO:0086003	cardiac muscle cell contraction	62	0	1.07	0	1	1	1	FALSE	0	0		
GO:0086004	regulation of cardiac muscle cell contraction	28	0	0.48	0	1	1	1	FALSE	0	0		
GO:0086005	ventricular cardiac muscle cell action potential	27	0	0.46	0	1	1	1	FALSE	0	0		
GO:0086009	membrane repolarization	35	0	0.6	0	1	1	1	FALSE	0	0		
GO:0086010	membrane depolarization during action potential	22	0	0.38	0	1	1	1	FALSE	0	0		
GO:0086011	membrane repolarization during action potential	22	0	0.38	0	1	1	1	FALSE	0	0		
GO:0086012	membrane depolarization during cardiac muscle cell action potential	14	0	0.24	0	1	1	1	FALSE	0	0		
GO:0086013	membrane repolarization during cardiac muscle cell action potential	20	0	0.34	0	1	1	1	FALSE	0	0		
GO:0086014	atrial cardiac muscle cell action potential	11	0	0.19	0	1	1	1	FALSE	0	0		
GO:0086026	atrial cardiac muscle cell to AV node cell signaling	11	0	0.19	0	1	1	1	FALSE	0	0		
GO:0086064	cell communication by electrical coupling involved in cardiac conduction	18	0	0.31	0	1	1	1	FALSE	0	0		
GO:0086065	cell communication involved in cardiac conduction	36	0	0.62	0	1	1	1	FALSE	0	0		
GO:0086066	atrial cardiac muscle cell to AV node cell communication	11	0	0.19	0	1	1	1	FALSE	0	0		
GO:0086091	regulation of heart rate by cardiac conduction	31	0	0.53	0	1	1	1	FALSE	0	0		
GO:0090025	regulation of monocyte chemotaxis	22	0	0.38	0	1	1	1	FALSE	0	0		
GO:0090026	positive regulation of monocyte chemotaxis	15	0	0.26	0	1	1	1	FALSE	0	0		
GO:0090030	regulation of steroid hormone biosynthetic process	11	0	0.19	0	1	1	1	FALSE	0	0		
GO:0090042	tubulin deacetylation	17	0	0.29	0	1	1	1	FALSE	0	0		
GO:0090043	regulation of tubulin deacetylation	14	0	0.24	0	1	1	1	FALSE	0	0		
GO:0090049	regulation of cell migration involved in sprouting angiogenesis	32	0	0.55	0	1	1	1	FALSE	0	0		
GO:0090050	positive regulation of cell migration involved in sprouting angiogenesis	19	0	0.33	0	1	1	1	FALSE	0	0		
GO:0090051	negative regulation of cell migration involved in sprouting angiogenesis	13	0	0.22	0	1	1	1	FALSE	0	0		
GO:0090069	regulation of ribosome biogenesis	11	0	0.19	0	1	1	1	FALSE	0	0		
GO:0090075	relaxation of muscle	26	0	0.45	0	1	1	1	FALSE	0	0		
GO:0090102	cochlea development	19	0	0.33	0	1	1	1	FALSE	0	0		
GO:0090110	COPII-coated vesicle cargo loading	19	0	0.33	0	1	1	1	FALSE	0	0		
GO:0090114	COPII-coated vesicle budding	42	0	0.72	0	1	1	1	FALSE	0	0		
GO:0090128	regulation of synapse maturation	22	0	0.38	0	1	1	1	FALSE	0	0		
GO:0090136	epithelial cell-cell adhesion	13	0	0.22	0	1	1	1	FALSE	0	0		
GO:0090140	regulation of mitochondrial fission	28	0	0.48	0	1	1	1	FALSE	0	0		
GO:0090141	positive regulation of mitochondrial fission	20	0	0.34	0	1	1	1	FALSE	0	0		
GO:0090153	regulation of sphingolipid biosynthetic process	14	0	0.24	0	1	1	1	FALSE	0	0		
GO:0090158	endoplasmic reticulum membrane organization	15	0	0.26	0	1	1	1	FALSE	0	0		
GO:0090161	Golgi ribbon formation	11	0	0.19	0	1	1	1	FALSE	0	0		
GO:0090162	establishment of epithelial cell polarity	18	0	0.31	0	1	1	1	FALSE	0	0		
GO:0090169	regulation of spindle assembly	32	0	0.55	0	1	1	1	FALSE	0	0		
GO:0090181	regulation of cholesterol metabolic process	35	0	0.6	0	1	1	1	FALSE	0	0		
GO:0090189	regulation of branching involved in ureteric bud morphogenesis	11	0	0.19	0	1	1	1	FALSE	0	0		
GO:0090190	positive regulation of branching involved in ureteric bud morphogenesis	10	0	0.17	0	1	1	1	FALSE	0	0		
GO:0090205	positive regulation of cholesterol metabolic process	16	0	0.28	0	1	1	1	FALSE	0	0		
GO:0090207	regulation of triglyceride metabolic process	30	0	0.52	0	1	1	1	FALSE	0	0		
GO:0090208	positive regulation of triglyceride metabolic process	17	0	0.29	0	1	1	1	FALSE	0	0		
GO:0090209	negative regulation of triglyceride metabolic process	11	0	0.19	0	1	1	1	FALSE	0	0		
GO:0090224	regulation of spindle organization	44	0	0.76	0	1	1	1	FALSE	0	0		
GO:0090232	positive regulation of spindle checkpoint	20	0	0.34	0	1	1	1	FALSE	0	0		
GO:0090235	regulation of metaphase plate congression	15	0	0.26	0	1	1	1	FALSE	0	0		
GO:0090263	positive regulation of canonical Wnt signaling pathway	86	0	1.48	0	1	1	1	FALSE	0	0		
GO:0090267	positive regulation of mitotic cell cycle spindle assembly checkpoint	19	0	0.33	0	1	1	1	FALSE	0	0		
GO:0090278	negative regulation of peptide hormone secretion	24	0	0.41	0	1	1	1	FALSE	0	0		
GO:0090306	meiotic spindle assembly	10	0	0.17	0	1	1	1	FALSE	0	0		
GO:0090307	mitotic spindle assembly	70	0	1.2	0	1	1	1	FALSE	0	0		
GO:0090311	regulation of protein deacetylation	16	0	0.28	0	1	1	1	FALSE	0	0		
GO:0090313	regulation of protein targeting to membrane	25	0	0.43	0	1	1	1	FALSE	0	0		
GO:0090314	positive regulation of protein targeting to membrane	21	0	0.36	0	1	1	1	FALSE	0	0		
GO:0090317	negative regulation of intracellular protein transport	28	0	0.48	0	1	1	1	FALSE	0	0		
GO:0090329	regulation of DNA-templated DNA replication	44	0	0.76	0	1	1	1	FALSE	0	0		
GO:0090335	regulation of brown fat cell differentiation	18	0	0.31	0	1	1	1	FALSE	0	0		
GO:0090336	positive regulation of brown fat cell differentiation	11	0	0.19	0	1	1	1	FALSE	0	0		
GO:0090481	pyrimidine nucleotide-sugar transmembrane transport	12	0	0.21	0	1	1	1	FALSE	0	0		
GO:0090559	regulation of membrane permeability	53	0	0.91	0	1	1	1	FALSE	0	0		
GO:0090592	DNA synthesis involved in DNA replication	27	0	0.46	0	1	1	1	FALSE	0	0		
GO:0090594	inflammatory response to wounding	20	0	0.34	0	1	1	1	FALSE	0	0		
GO:0090630	activation of GTPase activity	20	0	0.34	0	1	1	1	FALSE	0	0		
GO:0090646	mitochondrial tRNA processing	18	0	0.31	0	1	1	1	FALSE	0	0		
GO:0090656	t-circle formation	15	0	0.26	0	1	1	1	FALSE	0	0		
GO:0090657	telomeric loop disassembly	11	0	0.19	0	1	1	1	FALSE	0	0		
GO:0090670	RNA localization to Cajal body	19	0	0.33	0	1	1	1	FALSE	0	0		
GO:0090671	telomerase RNA localization to Cajal body	19	0	0.33	0	1	1	1	FALSE	0	0		
GO:0090672	telomerase RNA localization	19	0	0.33	0	1	1	1	FALSE	0	0		
GO:0090685	RNA localization to nucleus	19	0	0.33	0	1	1	1	FALSE	0	0		
GO:0090713	immunological memory process	15	0	0.26	0	1	1	1	FALSE	0	0		
GO:0090737	telomere maintenance via telomere trimming	15	0	0.26	0	1	1	1	FALSE	0	0		
GO:0097061	dendritic spine organization	69	0	1.19	0	1	1	1	FALSE	0	0		
GO:0097062	dendritic spine maintenance	17	0	0.29	0	1	1	1	FALSE	0	0		
GO:0097066	response to thyroid hormone	17	0	0.29	0	1	1	1	FALSE	0	0		
GO:0097067	cellular response to thyroid hormone stimulus	11	0	0.19	0	1	1	1	FALSE	0	0		
GO:0097091	synaptic vesicle clustering	12	0	0.21	0	1	1	1	FALSE	0	0		
GO:0097106	postsynaptic density organization	34	0	0.58	0	1	1	1	FALSE	0	0		
GO:0097107	postsynaptic density assembly	18	0	0.31	0	1	1	1	FALSE	0	0		
GO:0097205	renal filtration	21	0	0.36	0	1	1	1	FALSE	0	0		
GO:0097212	lysosomal membrane organization	17	0	0.29	0	1	1	1	FALSE	0	0		
GO:0097306	cellular response to alcohol	73	0	1.26	0	1	1	1	FALSE	0	0		
GO:0097345	mitochondrial outer membrane permeabilization	24	0	0.41	0	1	1	1	FALSE	0	0		
GO:0097352	autophagosome maturation	60	0	1.03	0	1	1	1	FALSE	0	0		
GO:0097354	prenylation	10	0	0.17	0	1	1	1	FALSE	0	0		
GO:0097400	interleukin-17-mediated signaling pathway	13	0	0.22	0	1	1	1	FALSE	0	0		
GO:0097401	synaptic vesicle lumen acidification	15	0	0.26	0	1	1	1	FALSE	0	0		
GO:0097421	liver regeneration	20	0	0.34	0	1	1	1	FALSE	0	0		
GO:0097468	programmed cell death in response to reactive oxygen species	15	0	0.26	0	1	1	1	FALSE	0	0		
GO:0097479	synaptic vesicle localization	57	0	0.98	0	1	1	1	FALSE	0	0		
GO:0097484	dendrite extension	22	0	0.38	0	1	1	1	FALSE	0	0		
GO:0097494	regulation of vesicle size	17	0	0.29	0	1	1	1	FALSE	0	0		
GO:0097499	protein localization to non-motile cilium	11	0	0.19	0	1	1	1	FALSE	0	0		
GO:0097576	vacuole fusion	12	0	0.21	0	1	1	1	FALSE	0	0		
GO:0097623	potassium ion export across plasma membrane	17	0	0.29	0	1	1	1	FALSE	0	0		
GO:0097680	double-strand break repair via classical nonhomologous end joining	10	0	0.17	0	1	1	1	FALSE	0	0		
GO:0097707	ferroptosis	29	0	0.5	0	1	1	1	FALSE	0	0		
GO:0097720	calcineurin-mediated signaling	39	0	0.67	0	1	1	1	FALSE	0	0		
GO:0097734	extracellular exosome biogenesis	21	0	0.36	0	1	1	1	FALSE	0	0		
GO:0098693	regulation of synaptic vesicle cycle	14	0	0.24	0	1	1	1	FALSE	0	0		
GO:0098698	postsynaptic specialization assembly	24	0	0.41	0	1	1	1	FALSE	0	0		
GO:0098704	carbohydrate import across plasma membrane	53	0	0.91	0	1	1	1	FALSE	0	0		
GO:0098708	D-glucose import across plasma membrane	53	0	0.91	0	1	1	1	FALSE	0	0		
GO:0098712	L-glutamate import across plasma membrane	10	0	0.17	0	1	1	1	FALSE	0	0		
GO:0098719	sodium ion import across plasma membrane	20	0	0.34	0	1	1	1	FALSE	0	0		
GO:0098732	macromolecule deacylation	43	0	0.74	0	1	1	1	FALSE	0	0		
GO:0098734	macromolecule depalmitoylation	15	0	0.26	0	1	1	1	FALSE	0	0		
GO:0098792	xenophagy	12	0	0.21	0	1	1	1	FALSE	0	0		
GO:0098801	regulation of renal system process	10	0	0.17	0	1	1	1	FALSE	0	0		
GO:0098810	neurotransmitter reuptake	19	0	0.33	0	1	1	1	FALSE	0	0		
GO:0098815	modulation of excitatory postsynaptic potential	34	0	0.58	0	1	1	1	FALSE	0	0		
GO:0098840	protein transport along microtubule	21	0	0.36	0	1	1	1	FALSE	0	0		
GO:0098856	intestinal lipid absorption	12	0	0.21	0	1	1	1	FALSE	0	0		
GO:0098868	bone growth	13	0	0.22	0	1	1	1	FALSE	0	0		
GO:0098877	neurotransmitter receptor transport to plasma membrane	13	0	0.22	0	1	1	1	FALSE	0	0		
GO:0098880	maintenance of postsynaptic specialization structure	10	0	0.17	0	1	1	1	FALSE	0	0		
GO:0098884	postsynaptic neurotransmitter receptor internalization	34	0	0.58	0	1	1	1	FALSE	0	0		
GO:0098885	modification of postsynaptic actin cytoskeleton	15	0	0.26	0	1	1	1	FALSE	0	0		
GO:0098900	regulation of action potential	41	0	0.71	0	1	1	1	FALSE	0	0		
GO:0098901	regulation of cardiac muscle cell action potential	23	0	0.4	0	1	1	1	FALSE	0	0		
GO:0098911	regulation of ventricular cardiac muscle cell action potential	11	0	0.19	0	1	1	1	FALSE	0	0		
GO:0098915	membrane repolarization during ventricular cardiac muscle cell action potential	13	0	0.22	0	1	1	1	FALSE	0	0		
GO:0098930	axonal transport	61	0	1.05	0	1	1	1	FALSE	0	0		
GO:0098935	dendritic transport	16	0	0.28	0	1	1	1	FALSE	0	0		
GO:0098937	anterograde dendritic transport	10	0	0.17	0	1	1	1	FALSE	0	0		
GO:0098969	neurotransmitter receptor transport to postsynaptic membrane	13	0	0.22	0	1	1	1	FALSE	0	0		
GO:0099010	modification of postsynaptic structure	27	0	0.46	0	1	1	1	FALSE	0	0		
GO:0099022	vesicle tethering	31	0	0.53	0	1	1	1	FALSE	0	0		
GO:0099054	presynapse assembly	25	0	0.43	0	1	1	1	FALSE	0	0		
GO:0099068	postsynapse assembly	64	0	1.1	0	1	1	1	FALSE	0	0		
GO:0099084	postsynaptic specialization organization	42	0	0.72	0	1	1	1	FALSE	0	0		
GO:0099116	tRNA 5'-end processing	16	0	0.28	0	1	1	1	FALSE	0	0		
GO:0099118	microtubule-based protein transport	21	0	0.36	0	1	1	1	FALSE	0	0		
GO:0099149	regulation of postsynaptic neurotransmitter receptor internalization	26	0	0.45	0	1	1	1	FALSE	0	0		
GO:0099150	regulation of postsynaptic specialization assembly	13	0	0.22	0	1	1	1	FALSE	0	0		
GO:0099151	regulation of postsynaptic density assembly	10	0	0.17	0	1	1	1	FALSE	0	0		
GO:0099159	regulation of modification of postsynaptic structure	11	0	0.19	0	1	1	1	FALSE	0	0		
GO:0099170	postsynaptic modulation of chemical synaptic transmission	25	0	0.43	0	1	1	1	FALSE	0	0		
GO:0099171	presynaptic modulation of chemical synaptic transmission	28	0	0.48	0	1	1	1	FALSE	0	0		
GO:0099172	presynapse organization	33	0	0.57	0	1	1	1	FALSE	0	0		
GO:0099174	regulation of presynapse organization	20	0	0.34	0	1	1	1	FALSE	0	0		
GO:0099175	regulation of postsynapse organization	115	0	1.98	0	1	1	1	FALSE	0	0		
GO:0099505	regulation of presynaptic membrane potential	12	0	0.21	0	1	1	1	FALSE	0	0		
GO:0099514	synaptic vesicle cytoskeletal transport	19	0	0.33	0	1	1	1	FALSE	0	0		
GO:0099517	synaptic vesicle transport along microtubule	19	0	0.33	0	1	1	1	FALSE	0	0		
GO:0099518	vesicle cytoskeletal trafficking	52	0	0.89	0	1	1	1	FALSE	0	0		
GO:0099550	trans-synaptic signaling, modulating synaptic transmission	12	0	0.21	0	1	1	1	FALSE	0	0		
GO:0099563	modification of synaptic structure	35	0	0.6	0	1	1	1	FALSE	0	0		
GO:0099565	chemical synaptic transmission, postsynaptic	71	0	1.22	0	1	1	1	FALSE	0	0		
GO:0099590	neurotransmitter receptor internalization	34	0	0.58	0	1	1	1	FALSE	0	0		
GO:0099601	regulation of neurotransmitter receptor activity	10	0	0.17	0	1	1	1	FALSE	0	0		
GO:0099622	cardiac muscle cell membrane repolarization	26	0	0.45	0	1	1	1	FALSE	0	0		
GO:0099623	regulation of cardiac muscle cell membrane repolarization	17	0	0.29	0	1	1	1	FALSE	0	0		
GO:0099625	ventricular cardiac muscle cell membrane repolarization	18	0	0.31	0	1	1	1	FALSE	0	0		
GO:0099637	neurotransmitter receptor transport	17	0	0.29	0	1	1	1	FALSE	0	0		
GO:0099638	endosome to plasma membrane protein transport	16	0	0.28	0	1	1	1	FALSE	0	0		
GO:0099640	axo-dendritic protein transport	11	0	0.19	0	1	1	1	FALSE	0	0		
GO:0101023	vascular endothelial cell proliferation	20	0	0.34	0	1	1	1	FALSE	0	0		
GO:0101024	mitotic nuclear membrane organization	10	0	0.17	0	1	1	1	FALSE	0	0		
GO:0106027	neuron projection organization	79	0	1.36	0	1	1	1	FALSE	0	0		
GO:0106030	neuron projection fasciculation	13	0	0.22	0	1	1	1	FALSE	0	0		
GO:0106049	regulation of cellular response to osmotic stress	10	0	0.17	0	1	1	1	FALSE	0	0		
GO:0106056	regulation of calcineurin-mediated signaling	29	0	0.5	0	1	1	1	FALSE	0	0		
GO:0106057	negative regulation of calcineurin-mediated signaling	10	0	0.17	0	1	1	1	FALSE	0	0		
GO:0106058	positive regulation of calcineurin-mediated signaling	17	0	0.29	0	1	1	1	FALSE	0	0		
GO:0106070	regulation of adenylate cyclase-activating G protein-coupled receptor signaling pathway	15	0	0.26	0	1	1	1	FALSE	0	0		
GO:0106074	aminoacyl-tRNA metabolism involved in translational fidelity	12	0	0.21	0	1	1	1	FALSE	0	0		
GO:0106118	regulation of sterol biosynthetic process	22	0	0.38	0	1	1	1	FALSE	0	0		
GO:0106120	positive regulation of sterol biosynthetic process	12	0	0.21	0	1	1	1	FALSE	0	0		
GO:0106300	protein-DNA covalent cross-linking repair	10	0	0.17	0	1	1	1	FALSE	0	0		
GO:0110025	DNA strand resection involved in replication fork processing	10	0	0.17	0	1	1	1	FALSE	0	0		
GO:0110075	regulation of ferroptosis	28	0	0.48	0	1	1	1	FALSE	0	0		
GO:0110076	negative regulation of ferroptosis	18	0	0.31	0	1	1	1	FALSE	0	0		
GO:0110095	cellular detoxification of aldehyde	10	0	0.17	0	1	1	1	FALSE	0	0		
GO:0110096	cellular response to aldehyde	18	0	0.31	0	1	1	1	FALSE	0	0		
GO:0110154	RNA decapping	27	0	0.46	0	1	1	1	FALSE	0	0		
GO:0110156	mRNA methylguanosine-cap decapping	23	0	0.4	0	1	1	1	FALSE	0	0		
GO:0120163	negative regulation of cold-induced thermogenesis	40	0	0.69	0	1	1	1	FALSE	0	0		
GO:0120186	negative regulation of protein localization to chromatin	10	0	0.17	0	1	1	1	FALSE	0	0		
GO:0120192	tight junction assembly	47	0	0.81	0	1	1	1	FALSE	0	0		
GO:0120261	regulation of heterochromatin organization	14	0	0.24	0	1	1	1	FALSE	0	0		
GO:0120316	sperm flagellum assembly	31	0	0.53	0	1	1	1	FALSE	0	0		
GO:0140042	lipid droplet formation	15	0	0.26	0	1	1	1	FALSE	0	0		
GO:0140052	cellular response to oxidised low-density lipoprotein particle stimulus	10	0	0.17	0	1	1	1	FALSE	0	0		
GO:0140053	mitochondrial gene expression	169	0	2.91	0	1	1	1	FALSE	0	0		
GO:0140058	neuron projection arborization	24	0	0.41	0	1	1	1	FALSE	0	0		
GO:0140112	extracellular vesicle biogenesis	23	0	0.4	0	1	1	1	FALSE	0	0		
GO:0140115	export across plasma membrane	65	0	1.12	0	1	1	1	FALSE	0	0		
GO:0140131	positive regulation of lymphocyte chemotaxis	13	0	0.22	0	1	1	1	FALSE	0	0		
GO:0140238	presynaptic endocytosis	70	0	1.2	0	1	1	1	FALSE	0	0		
GO:0140239	postsynaptic endocytosis	34	0	0.58	0	1	1	1	FALSE	0	0		
GO:0140271	hexose import across plasma membrane	53	0	0.91	0	1	1	1	FALSE	0	0		
GO:0140507	granzyme-mediated programmed cell death signaling pathway	11	0	0.19	0	1	1	1	FALSE	0	0		
GO:0140588	chromatin looping	15	0	0.26	0	1	1	1	FALSE	0	0		
GO:0140627	ubiquitin-dependent protein catabolic process via the C-end degron rule pathway	15	0	0.26	0	1	1	1	FALSE	0	0		
GO:0140673	transcription elongation-coupled chromatin remodeling	15	0	0.26	0	1	1	1	FALSE	0	0		
GO:0140718	facultative heterochromatin formation	16	0	0.28	0	1	1	1	FALSE	0	0		
GO:0140719	constitutive heterochromatin formation	48	0	0.83	0	1	1	1	FALSE	0	0		
GO:0140861	DNA repair-dependent chromatin remodeling	26	0	0.45	0	1	1	1	FALSE	0	0		
GO:0140896	cGAS/STING signaling pathway	27	0	0.46	0	1	1	1	FALSE	0	0		
GO:0141005	transposable element silencing by heterochromatin formation	16	0	0.28	0	1	1	1	FALSE	0	0		
GO:0141137	positive regulation of gene expression, epigenetic	59	0	1.01	0	1	1	1	FALSE	0	0		
GO:0141161	regulation of cAMP/PKA signal transduction	36	0	0.62	0	1	1	1	FALSE	0	0		
GO:0141162	negative regulation of cAMP/PKA signal transduction	25	0	0.43	0	1	1	1	FALSE	0	0		
GO:0141198	protein branched polyubiquitination	19	0	0.33	0	1	1	1	FALSE	0	0		
GO:0141212	phospholipase C/protein kinase C signal transduction	10	0	0.17	0	1	1	1	FALSE	0	0		
GO:0150011	regulation of neuron projection arborization	14	0	0.24	0	1	1	1	FALSE	0	0		
GO:0150052	regulation of postsynapse assembly	36	0	0.62	0	1	1	1	FALSE	0	0		
GO:0150079	negative regulation of neuroinflammatory response	11	0	0.19	0	1	1	1	FALSE	0	0		
GO:0150105	protein localization to cell-cell junction	21	0	0.36	0	1	1	1	FALSE	0	0		
GO:0150118	negative regulation of cell-substrate junction organization	17	0	0.29	0	1	1	1	FALSE	0	0		
GO:0160049	negative regulation of cGAS/STING signaling pathway	15	0	0.26	0	1	1	1	FALSE	0	0		
GO:0160240	RNA polymerase II transcription initiation surveillance	19	0	0.33	0	1	1	1	FALSE	0	0		
GO:0170033	L-amino acid metabolic process	125	0	2.15	0	1	1	1	FALSE	0	0		
GO:0170034	L-amino acid biosynthetic process	38	0	0.65	0	1	1	1	FALSE	0	0		
GO:0170035	L-amino acid catabolic process	72	0	1.24	0	1	1	1	FALSE	0	0		
GO:0170038	proteinogenic amino acid biosynthetic process	39	0	0.67	0	1	1	1	FALSE	0	0		
GO:0170039	proteinogenic amino acid metabolic process	116	0	2	0	1	1	1	FALSE	0	0		
GO:0170040	proteinogenic amino acid catabolic process	69	0	1.19	0	1	1	1	FALSE	0	0		
GO:0170044	non-proteinogenic amino acid catabolic process	16	0	0.28	0	1	1	1	FALSE	0	0		
GO:0180012	co-transcriptional RNA 3'-end processing, cleavage and polyadenylation pathway	11	0	0.19	0	1	1	1	FALSE	0	0		
GO:0180046	GPI anchored protein biosynthesis	29	0	0.5	0	1	1	1	FALSE	0	0		
GO:0180064	protein O-linked glycosylation via xylose	42	0	0.72	0	1	1	1	FALSE	0	0		
GO:1900006	positive regulation of dendrite development	10	0	0.17	0	1	1	1	FALSE	0	0		
GO:1900029	positive regulation of ruffle assembly	13	0	0.22	0	1	1	1	FALSE	0	0		
GO:1900037	regulation of cellular response to hypoxia	17	0	0.29	0	1	1	1	FALSE	0	0		
GO:1900038	negative regulation of cellular response to hypoxia	10	0	0.17	0	1	1	1	FALSE	0	0		
GO:1900044	regulation of protein K63-linked ubiquitination	13	0	0.22	0	1	1	1	FALSE	0	0		
GO:1900078	positive regulation of cellular response to insulin stimulus	20	0	0.34	0	1	1	1	FALSE	0	0		
GO:1900087	positive regulation of G1/S transition of mitotic cell cycle	36	0	0.62	0	1	1	1	FALSE	0	0		
GO:1900101	regulation of endoplasmic reticulum unfolded protein response	36	0	0.62	0	1	1	1	FALSE	0	0		
GO:1900102	negative regulation of endoplasmic reticulum unfolded protein response	21	0	0.36	0	1	1	1	FALSE	0	0		
GO:1900103	positive regulation of endoplasmic reticulum unfolded protein response	13	0	0.22	0	1	1	1	FALSE	0	0		
GO:1900117	regulation of execution phase of apoptosis	20	0	0.34	0	1	1	1	FALSE	0	0		
GO:1900119	positive regulation of execution phase of apoptosis	17	0	0.29	0	1	1	1	FALSE	0	0		
GO:1900152	negative regulation of nuclear-transcribed mRNA catabolic process, deadenylation-dependent decay	13	0	0.22	0	1	1	1	FALSE	0	0		
GO:1900226	negative regulation of NLRP3 inflammasome complex assembly	13	0	0.22	0	1	1	1	FALSE	0	0		
GO:1900242	regulation of synaptic vesicle endocytosis	18	0	0.31	0	1	1	1	FALSE	0	0		
GO:1900271	regulation of long-term synaptic potentiation	31	0	0.53	0	1	1	1	FALSE	0	0		
GO:1900272	negative regulation of long-term synaptic potentiation	10	0	0.17	0	1	1	1	FALSE	0	0		
GO:1900273	positive regulation of long-term synaptic potentiation	17	0	0.29	0	1	1	1	FALSE	0	0		
GO:1900368	regulation of post-transcriptional gene silencing by regulatory ncRNA	26	0	0.45	0	1	1	1	FALSE	0	0		
GO:1900369	negative regulation of post-transcriptional gene silencing by regulatory ncRNA	12	0	0.21	0	1	1	1	FALSE	0	0		
GO:1900370	positive regulation of post-transcriptional gene silencing by RNA	10	0	0.17	0	1	1	1	FALSE	0	0		
GO:1900371	regulation of purine nucleotide biosynthetic process	18	0	0.31	0	1	1	1	FALSE	0	0		
GO:1900373	positive regulation of purine nucleotide biosynthetic process	12	0	0.21	0	1	1	1	FALSE	0	0		
GO:1900376	regulation of secondary metabolite biosynthetic process	14	0	0.24	0	1	1	1	FALSE	0	0		
GO:1900407	regulation of cellular response to oxidative stress	14	0	0.24	0	1	1	1	FALSE	0	0		
GO:1900424	regulation of defense response to bacterium	13	0	0.22	0	1	1	1	FALSE	0	0		
GO:1900449	regulation of glutamate receptor signaling pathway	10	0	0.17	0	1	1	1	FALSE	0	0		
GO:1900543	negative regulation of purine nucleotide metabolic process	20	0	0.34	0	1	1	1	FALSE	0	0		
GO:1900544	positive regulation of purine nucleotide metabolic process	32	0	0.55	0	1	1	1	FALSE	0	0		
GO:1900746	regulation of vascular endothelial growth factor signaling pathway	20	0	0.34	0	1	1	1	FALSE	0	0		
GO:1900864	mitochondrial RNA modification	17	0	0.29	0	1	1	1	FALSE	0	0		
GO:1901028	regulation of mitochondrial outer membrane permeabilization involved in apoptotic signaling pathway	18	0	0.31	0	1	1	1	FALSE	0	0		
GO:1901077	regulation of relaxation of muscle	11	0	0.19	0	1	1	1	FALSE	0	0		
GO:1901096	regulation of autophagosome maturation	18	0	0.31	0	1	1	1	FALSE	0	0		
GO:1901163	regulation of trophoblast cell migration	12	0	0.21	0	1	1	1	FALSE	0	0		
GO:1901201	regulation of extracellular matrix assembly	10	0	0.17	0	1	1	1	FALSE	0	0		
GO:1901298	regulation of hydrogen peroxide-mediated programmed cell death	11	0	0.19	0	1	1	1	FALSE	0	0		
GO:1901379	regulation of potassium ion transmembrane transport	38	0	0.65	0	1	1	1	FALSE	0	0		
GO:1901380	negative regulation of potassium ion transmembrane transport	15	0	0.26	0	1	1	1	FALSE	0	0		
GO:1901381	positive regulation of potassium ion transmembrane transport	19	0	0.33	0	1	1	1	FALSE	0	0		
GO:1901503	ether biosynthetic process	13	0	0.22	0	1	1	1	FALSE	0	0		
GO:1901532	regulation of hematopoietic progenitor cell differentiation	30	0	0.52	0	1	1	1	FALSE	0	0		
GO:1901533	negative regulation of hematopoietic progenitor cell differentiation	11	0	0.19	0	1	1	1	FALSE	0	0		
GO:1901569	fatty acid derivative catabolic process	19	0	0.33	0	1	1	1	FALSE	0	0		
GO:1901605	alpha-amino acid metabolic process	149	0	2.56	0	1	1	1	FALSE	0	0		
GO:1901606	alpha-amino acid catabolic process	77	0	1.32	0	1	1	1	FALSE	0	0		
GO:1901607	alpha-amino acid biosynthetic process	45	0	0.77	0	1	1	1	FALSE	0	0		
GO:1901623	regulation of lymphocyte chemotaxis	18	0	0.31	0	1	1	1	FALSE	0	0		
GO:1901632	regulation of synaptic vesicle membrane organization	11	0	0.19	0	1	1	1	FALSE	0	0		
GO:1901654	response to ketone	142	0	2.44	0	1	1	1	FALSE	0	0		
GO:1901655	cellular response to ketone	75	0	1.29	0	1	1	1	FALSE	0	0		
GO:1901658	glycosyl compound catabolic process	18	0	0.31	0	1	1	1	FALSE	0	0		
GO:1901659	glycosyl compound biosynthetic process	25	0	0.43	0	1	1	1	FALSE	0	0		
GO:1901661	quinone metabolic process	22	0	0.38	0	1	1	1	FALSE	0	0		
GO:1901663	quinone biosynthetic process	19	0	0.33	0	1	1	1	FALSE	0	0		
GO:1901673	regulation of mitotic spindle assembly	23	0	0.4	0	1	1	1	FALSE	0	0		
GO:1901679	nucleotide transmembrane transport	23	0	0.4	0	1	1	1	FALSE	0	0		
GO:1901838	positive regulation of transcription of nucleolar large rRNA by RNA polymerase I	11	0	0.19	0	1	1	1	FALSE	0	0		
GO:1901861	regulation of muscle tissue development	13	0	0.22	0	1	1	1	FALSE	0	0		
GO:1901881	positive regulation of protein depolymerization	16	0	0.28	0	1	1	1	FALSE	0	0		
GO:1901970	positive regulation of mitotic sister chromatid separation	21	0	0.36	0	1	1	1	FALSE	0	0		
GO:1901978	positive regulation of cell cycle checkpoint	25	0	0.43	0	1	1	1	FALSE	0	0		
GO:1902019	regulation of cilium-dependent cell motility	15	0	0.26	0	1	1	1	FALSE	0	0		
GO:1902036	regulation of hematopoietic stem cell differentiation	14	0	0.24	0	1	1	1	FALSE	0	0		
GO:1902047	polyamine transmembrane transport	12	0	0.21	0	1	1	1	FALSE	0	0		
GO:1902065	response to L-glutamate	13	0	0.22	0	1	1	1	FALSE	0	0		
GO:1902101	positive regulation of metaphase/anaphase transition of cell cycle	17	0	0.29	0	1	1	1	FALSE	0	0		
GO:1902108	regulation of mitochondrial membrane permeability involved in apoptotic process	30	0	0.52	0	1	1	1	FALSE	0	0		
GO:1902110	positive regulation of mitochondrial membrane permeability involved in apoptotic process	26	0	0.45	0	1	1	1	FALSE	0	0		
GO:1902165	regulation of intrinsic apoptotic signaling pathway in response to DNA damage by p53 class mediator	16	0	0.28	0	1	1	1	FALSE	0	0		
GO:1902166	negative regulation of intrinsic apoptotic signaling pathway in response to DNA damage by p53 class mediator	15	0	0.26	0	1	1	1	FALSE	0	0		
GO:1902170	cellular response to reactive nitrogen species	12	0	0.21	0	1	1	1	FALSE	0	0		
GO:1902235	regulation of endoplasmic reticulum stress-induced intrinsic apoptotic signaling pathway	30	0	0.52	0	1	1	1	FALSE	0	0		
GO:1902236	negative regulation of endoplasmic reticulum stress-induced intrinsic apoptotic signaling pathway	17	0	0.29	0	1	1	1	FALSE	0	0		
GO:1902253	regulation of intrinsic apoptotic signaling pathway by p53 class mediator	28	0	0.48	0	1	1	1	FALSE	0	0		
GO:1902254	negative regulation of intrinsic apoptotic signaling pathway by p53 class mediator	20	0	0.34	0	1	1	1	FALSE	0	0		
GO:1902305	regulation of sodium ion transmembrane transport	30	0	0.52	0	1	1	1	FALSE	0	0		
GO:1902307	positive regulation of sodium ion transmembrane transport	16	0	0.28	0	1	1	1	FALSE	0	0		
GO:1902410	mitotic cytokinetic process	37	0	0.64	0	1	1	1	FALSE	0	0		
GO:1902412	regulation of mitotic cytokinesis	19	0	0.33	0	1	1	1	FALSE	0	0		
GO:1902423	regulation of attachment of mitotic spindle microtubules to kinetochore	10	0	0.17	0	1	1	1	FALSE	0	0		
GO:1902514	regulation of calcium ion transmembrane transport via high voltage-gated calcium channel	12	0	0.21	0	1	1	1	FALSE	0	0		
GO:1902547	regulation of cellular response to vascular endothelial growth factor stimulus	21	0	0.36	0	1	1	1	FALSE	0	0		
GO:1902563	regulation of neutrophil activation	10	0	0.17	0	1	1	1	FALSE	0	0		
GO:1902600	proton transmembrane transport	156	0	2.68	0	1	1	1	FALSE	0	0		
GO:1902633	1-phosphatidyl-1D-myo-inositol 4,5-bisphosphate metabolic process	10	0	0.17	0	1	1	1	FALSE	0	0		
GO:1902644	tertiary alcohol metabolic process	15	0	0.26	0	1	1	1	FALSE	0	0		
GO:1902653	secondary alcohol biosynthetic process	50	0	0.86	0	1	1	1	FALSE	0	0		
GO:1902686	mitochondrial outer membrane permeabilization involved in programmed cell death	28	0	0.48	0	1	1	1	FALSE	0	0		
GO:1902743	regulation of lamellipodium organization	44	0	0.76	0	1	1	1	FALSE	0	0		
GO:1902745	positive regulation of lamellipodium organization	32	0	0.55	0	1	1	1	FALSE	0	0		
GO:1902774	late endosome to lysosome transport	20	0	0.34	0	1	1	1	FALSE	0	0		
GO:1902775	mitochondrial large ribosomal subunit assembly	15	0	0.26	0	1	1	1	FALSE	0	0		
GO:1902807	negative regulation of cell cycle G1/S phase transition	50	0	0.86	0	1	1	1	FALSE	0	0		
GO:1902808	positive regulation of cell cycle G1/S phase transition	46	0	0.79	0	1	1	1	FALSE	0	0		
GO:1902882	regulation of response to oxidative stress	25	0	0.43	0	1	1	1	FALSE	0	0		
GO:1902902	negative regulation of autophagosome assembly	11	0	0.19	0	1	1	1	FALSE	0	0		
GO:1902914	regulation of protein polyubiquitination	23	0	0.4	0	1	1	1	FALSE	0	0		
GO:1902916	positive regulation of protein polyubiquitination	14	0	0.24	0	1	1	1	FALSE	0	0		
GO:1902930	regulation of alcohol biosynthetic process	38	0	0.65	0	1	1	1	FALSE	0	0		
GO:1902931	negative regulation of alcohol biosynthetic process	11	0	0.19	0	1	1	1	FALSE	0	0		
GO:1902932	positive regulation of alcohol biosynthetic process	21	0	0.36	0	1	1	1	FALSE	0	0		
GO:1902950	regulation of dendritic spine maintenance	12	0	0.21	0	1	1	1	FALSE	0	0		
GO:1902953	positive regulation of ER to Golgi vesicle-mediated transport	13	0	0.22	0	1	1	1	FALSE	0	0		
GO:1902969	mitotic DNA replication	16	0	0.28	0	1	1	1	FALSE	0	0		
GO:1903018	regulation of glycoprotein metabolic process	34	0	0.58	0	1	1	1	FALSE	0	0		
GO:1903019	negative regulation of glycoprotein metabolic process	16	0	0.28	0	1	1	1	FALSE	0	0		
GO:1903020	positive regulation of glycoprotein metabolic process	12	0	0.21	0	1	1	1	FALSE	0	0		
GO:1903054	negative regulation of extracellular matrix organization	13	0	0.22	0	1	1	1	FALSE	0	0		
GO:1903083	protein localization to condensed chromosome	16	0	0.28	0	1	1	1	FALSE	0	0		
GO:1903115	regulation of actin filament-based movement	31	0	0.53	0	1	1	1	FALSE	0	0		
GO:1903170	negative regulation of calcium ion transmembrane transport	26	0	0.45	0	1	1	1	FALSE	0	0		
GO:1903232	melanosome assembly	19	0	0.33	0	1	1	1	FALSE	0	0		
GO:1903241	U2-type prespliceosome assembly	25	0	0.43	0	1	1	1	FALSE	0	0		
GO:1903242	regulation of cardiac muscle hypertrophy in response to stress	10	0	0.17	0	1	1	1	FALSE	0	0		
GO:1903318	negative regulation of protein maturation	17	0	0.29	0	1	1	1	FALSE	0	0		
GO:1903332	regulation of protein folding	12	0	0.21	0	1	1	1	FALSE	0	0		
GO:1903350	response to dopamine	33	0	0.57	0	1	1	1	FALSE	0	0		
GO:1903351	cellular response to dopamine	33	0	0.57	0	1	1	1	FALSE	0	0		
GO:1903358	regulation of Golgi organization	16	0	0.28	0	1	1	1	FALSE	0	0		
GO:1903405	protein localization to nuclear body	12	0	0.21	0	1	1	1	FALSE	0	0		
GO:1903421	regulation of synaptic vesicle recycling	23	0	0.4	0	1	1	1	FALSE	0	0		
GO:1903427	negative regulation of reactive oxygen species biosynthetic process	17	0	0.29	0	1	1	1	FALSE	0	0		
GO:1903441	protein localization to ciliary membrane	18	0	0.31	0	1	1	1	FALSE	0	0		
GO:1903490	positive regulation of mitotic cytokinesis	13	0	0.22	0	1	1	1	FALSE	0	0		
GO:1903513	endoplasmic reticulum to cytosol transport	28	0	0.48	0	1	1	1	FALSE	0	0		
GO:1903514	release of sequestered calcium ion into cytosol by endoplasmic reticulum	30	0	0.52	0	1	1	1	FALSE	0	0		
GO:1903523	negative regulation of blood circulation	14	0	0.24	0	1	1	1	FALSE	0	0		
GO:1903533	regulation of protein targeting	25	0	0.43	0	1	1	1	FALSE	0	0		
GO:1903540	establishment of protein localization to postsynaptic membrane	14	0	0.24	0	1	1	1	FALSE	0	0		
GO:1903541	regulation of exosomal secretion	17	0	0.29	0	1	1	1	FALSE	0	0		
GO:1903543	positive regulation of exosomal secretion	15	0	0.26	0	1	1	1	FALSE	0	0		
GO:1903564	regulation of protein localization to cilium	12	0	0.21	0	1	1	1	FALSE	0	0		
GO:1903579	negative regulation of ATP metabolic process	19	0	0.33	0	1	1	1	FALSE	0	0		
GO:1903580	positive regulation of ATP metabolic process	31	0	0.53	0	1	1	1	FALSE	0	0		
GO:1903587	regulation of blood vessel endothelial cell proliferation involved in sprouting angiogenesis	12	0	0.21	0	1	1	1	FALSE	0	0		
GO:1903672	positive regulation of sprouting angiogenesis	19	0	0.33	0	1	1	1	FALSE	0	0		
GO:1903725	regulation of phospholipid metabolic process	27	0	0.46	0	1	1	1	FALSE	0	0		
GO:1903727	positive regulation of phospholipid metabolic process	11	0	0.19	0	1	1	1	FALSE	0	0		
GO:1903779	regulation of cardiac conduction	15	0	0.26	0	1	1	1	FALSE	0	0		
GO:1903826	L-arginine transmembrane transport	10	0	0.17	0	1	1	1	FALSE	0	0		
GO:1903830	magnesium ion transmembrane transport	19	0	0.33	0	1	1	1	FALSE	0	0		
GO:1903859	regulation of dendrite extension	15	0	0.26	0	1	1	1	FALSE	0	0		
GO:1903861	positive regulation of dendrite extension	14	0	0.24	0	1	1	1	FALSE	0	0		
GO:1903894	regulation of IRE1-mediated unfolded protein response	15	0	0.26	0	1	1	1	FALSE	0	0		
GO:1903897	regulation of PERK-mediated unfolded protein response	15	0	0.26	0	1	1	1	FALSE	0	0		
GO:1903898	negative regulation of PERK-mediated unfolded protein response	12	0	0.21	0	1	1	1	FALSE	0	0		
GO:1903939	regulation of TORC2 signaling	12	0	0.21	0	1	1	1	FALSE	0	0		
GO:1903963	arachidonate transport	14	0	0.24	0	1	1	1	FALSE	0	0		
GO:1903978	regulation of microglial cell activation	12	0	0.21	0	1	1	1	FALSE	0	0		
GO:1904019	epithelial cell apoptotic process	29	0	0.5	0	1	1	1	FALSE	0	0		
GO:1904035	regulation of epithelial cell apoptotic process	21	0	0.36	0	1	1	1	FALSE	0	0		
GO:1904036	negative regulation of epithelial cell apoptotic process	10	0	0.17	0	1	1	1	FALSE	0	0		
GO:1904044	response to aldosterone	13	0	0.22	0	1	1	1	FALSE	0	0		
GO:1904152	regulation of retrograde protein transport, ER to cytosol	12	0	0.21	0	1	1	1	FALSE	0	0		
GO:1904177	regulation of adipose tissue development	22	0	0.38	0	1	1	1	FALSE	0	0		
GO:1904179	positive regulation of adipose tissue development	12	0	0.21	0	1	1	1	FALSE	0	0		
GO:1904181	positive regulation of membrane depolarization	12	0	0.21	0	1	1	1	FALSE	0	0		
GO:1904292	regulation of ERAD pathway	25	0	0.43	0	1	1	1	FALSE	0	0		
GO:1904294	positive regulation of ERAD pathway	18	0	0.31	0	1	1	1	FALSE	0	0		
GO:1904321	response to forskolin	11	0	0.19	0	1	1	1	FALSE	0	0		
GO:1904350	regulation of protein catabolic process in the vacuole	12	0	0.21	0	1	1	1	FALSE	0	0		
GO:1904380	endoplasmic reticulum mannose trimming	14	0	0.24	0	1	1	1	FALSE	0	0		
GO:1904385	cellular response to angiotensin	23	0	0.4	0	1	1	1	FALSE	0	0		
GO:1904491	protein localization to ciliary transition zone	21	0	0.36	0	1	1	1	FALSE	0	0		
GO:1904505	regulation of telomere maintenance in response to DNA damage	16	0	0.28	0	1	1	1	FALSE	0	0		
GO:1904507	positive regulation of telomere maintenance in response to DNA damage	12	0	0.21	0	1	1	1	FALSE	0	0		
GO:1904580	regulation of intracellular mRNA localization	10	0	0.17	0	1	1	1	FALSE	0	0		
GO:1904627	response to phorbol 13-acetate 12-myristate	10	0	0.17	0	1	1	1	FALSE	0	0		
GO:1904666	regulation of ubiquitin protein ligase activity	10	0	0.17	0	1	1	1	FALSE	0	0		
GO:1904688	regulation of cytoplasmic translational initiation	13	0	0.22	0	1	1	1	FALSE	0	0		
GO:1904706	negative regulation of vascular associated smooth muscle cell proliferation	15	0	0.26	0	1	1	1	FALSE	0	0		
GO:1904738	vascular associated smooth muscle cell migration	20	0	0.34	0	1	1	1	FALSE	0	0		
GO:1904749	regulation of protein localization to nucleolus	12	0	0.21	0	1	1	1	FALSE	0	0		
GO:1904752	regulation of vascular associated smooth muscle cell migration	19	0	0.33	0	1	1	1	FALSE	0	0		
GO:1904754	positive regulation of vascular associated smooth muscle cell migration	14	0	0.24	0	1	1	1	FALSE	0	0		
GO:1904779	regulation of protein localization to centrosome	12	0	0.21	0	1	1	1	FALSE	0	0		
GO:1904867	protein localization to Cajal body	12	0	0.21	0	1	1	1	FALSE	0	0		
GO:1904869	regulation of protein localization to Cajal body	10	0	0.17	0	1	1	1	FALSE	0	0		
GO:1904871	positive regulation of protein localization to Cajal body	10	0	0.17	0	1	1	1	FALSE	0	0		
GO:1904872	regulation of telomerase RNA localization to Cajal body	12	0	0.21	0	1	1	1	FALSE	0	0		
GO:1904888	cranial skeletal system development	21	0	0.36	0	1	1	1	FALSE	0	0		
GO:1904896	ESCRT complex disassembly	10	0	0.17	0	1	1	1	FALSE	0	0		
GO:1904903	ESCRT III complex disassembly	10	0	0.17	0	1	1	1	FALSE	0	0		
GO:1904948	midbrain dopaminergic neuron differentiation	11	0	0.19	0	1	1	1	FALSE	0	0		
GO:1905063	regulation of vascular associated smooth muscle cell differentiation	11	0	0.19	0	1	1	1	FALSE	0	0		
GO:1905089	regulation of type 2 mitophagy	12	0	0.21	0	1	1	1	FALSE	0	0		
GO:1905091	positive regulation of type 2 mitophagy	10	0	0.17	0	1	1	1	FALSE	0	0		
GO:1905146	lysosomal protein catabolic process	21	0	0.36	0	1	1	1	FALSE	0	0		
GO:1905153	regulation of membrane invagination	13	0	0.22	0	1	1	1	FALSE	0	0		
GO:1905155	positive regulation of membrane invagination	11	0	0.19	0	1	1	1	FALSE	0	0		
GO:1905165	regulation of lysosomal protein catabolic process	11	0	0.19	0	1	1	1	FALSE	0	0		
GO:1905168	positive regulation of double-strand break repair via homologous recombination	41	0	0.71	0	1	1	1	FALSE	0	0		
GO:1905207	regulation of cardiocyte differentiation	17	0	0.29	0	1	1	1	FALSE	0	0		
GO:1905244	regulation of modification of synaptic structure	17	0	0.29	0	1	1	1	FALSE	0	0		
GO:1905268	negative regulation of chromatin organization	12	0	0.21	0	1	1	1	FALSE	0	0		
GO:1905314	semi-lunar valve development	29	0	0.5	0	1	1	1	FALSE	0	0		
GO:1905383	protein localization to presynapse	11	0	0.19	0	1	1	1	FALSE	0	0		
GO:1905508	protein localization to microtubule organizing center	36	0	0.62	0	1	1	1	FALSE	0	0		
GO:1905562	regulation of vascular endothelial cell proliferation	19	0	0.33	0	1	1	1	FALSE	0	0		
GO:1905564	positive regulation of vascular endothelial cell proliferation	13	0	0.22	0	1	1	1	FALSE	0	0		
GO:1905606	regulation of presynapse assembly	19	0	0.33	0	1	1	1	FALSE	0	0		
GO:1905634	regulation of protein localization to chromatin	13	0	0.22	0	1	1	1	FALSE	0	0		
GO:1905671	regulation of lysosome organization	11	0	0.19	0	1	1	1	FALSE	0	0		
GO:1905709	negative regulation of membrane permeability	14	0	0.24	0	1	1	1	FALSE	0	0		
GO:1905710	positive regulation of membrane permeability	33	0	0.57	0	1	1	1	FALSE	0	0		
GO:1905874	regulation of postsynaptic density organization	15	0	0.26	0	1	1	1	FALSE	0	0		
GO:1905898	positive regulation of response to endoplasmic reticulum stress	38	0	0.65	0	1	1	1	FALSE	0	0		
GO:1905953	negative regulation of lipid localization	34	0	0.58	0	1	1	1	FALSE	0	0		
GO:1990034	calcium ion export across plasma membrane	10	0	0.17	0	1	1	1	FALSE	0	0		
GO:1990116	ribosome-associated ubiquitin-dependent protein catabolic process	18	0	0.31	0	1	1	1	FALSE	0	0		
GO:1990166	protein localization to site of double-strand break	16	0	0.28	0	1	1	1	FALSE	0	0		
GO:1990182	exosomal secretion	20	0	0.34	0	1	1	1	FALSE	0	0		
GO:1990253	cellular response to leucine starvation	12	0	0.21	0	1	1	1	FALSE	0	0		
GO:1990314	cellular response to insulin-like growth factor stimulus	10	0	0.17	0	1	1	1	FALSE	0	0		
GO:1990481	mRNA pseudouridine synthesis	11	0	0.19	0	1	1	1	FALSE	0	0		
GO:1990535	neuron projection maintenance	12	0	0.21	0	1	1	1	FALSE	0	0		
GO:1990542	mitochondrial transmembrane transport	21	0	0.36	0	1	1	1	FALSE	0	0		
GO:1990700	nucleolar chromatin organization	10	0	0.17	0	1	1	1	FALSE	0	0		
GO:1990776	response to angiotensin	26	0	0.45	0	1	1	1	FALSE	0	0		
GO:1990806	ligand-gated ion channel signaling pathway	20	0	0.34	0	1	1	1	FALSE	0	0		
GO:1990822	basic amino acid transmembrane transport	14	0	0.24	0	1	1	1	FALSE	0	0		
GO:1990840	response to lectin	21	0	0.36	0	1	1	1	FALSE	0	0		
GO:1990849	vacuolar localization	74	0	1.27	0	1	1	1	FALSE	0	0		
GO:1990858	cellular response to lectin	21	0	0.36	0	1	1	1	FALSE	0	0		
GO:1990868	response to chemokine	70	0	1.2	0	1	1	1	FALSE	0	0		
GO:1990869	cellular response to chemokine	70	0	1.2	0	1	1	1	FALSE	0	0		
GO:1990961	xenobiotic detoxification by transmembrane export across the plasma membrane	14	0	0.24	0	1	1	1	FALSE	0	0		
GO:2000001	regulation of DNA damage checkpoint	23	0	0.4	0	1	1	1	FALSE	0	0		
GO:2000008	regulation of protein localization to cell surface	31	0	0.53	0	1	1	1	FALSE	0	0		
GO:2000010	positive regulation of protein localization to cell surface	14	0	0.24	0	1	1	1	FALSE	0	0		
GO:2000027	regulation of animal organ morphogenesis	26	0	0.45	0	1	1	1	FALSE	0	0		
GO:2000042	negative regulation of double-strand break repair via homologous recombination	25	0	0.43	0	1	1	1	FALSE	0	0		
GO:2000047	regulation of cell-cell adhesion mediated by cadherin	17	0	0.29	0	1	1	1	FALSE	0	0		
GO:2000048	negative regulation of cell-cell adhesion mediated by cadherin	10	0	0.17	0	1	1	1	FALSE	0	0		
GO:2000050	regulation of non-canonical Wnt signaling pathway	15	0	0.26	0	1	1	1	FALSE	0	0		
GO:2000104	negative regulation of DNA-templated DNA replication	15	0	0.26	0	1	1	1	FALSE	0	0		
GO:2000105	positive regulation of DNA-templated DNA replication	11	0	0.19	0	1	1	1	FALSE	0	0		
GO:2000114	regulation of establishment of cell polarity	20	0	0.34	0	1	1	1	FALSE	0	0		
GO:2000134	negative regulation of G1/S transition of mitotic cell cycle	47	0	0.81	0	1	1	1	FALSE	0	0		
GO:2000142	regulation of DNA-templated transcription initiation	85	0	1.46	0	1	1	1	FALSE	0	0		
GO:2000143	negative regulation of DNA-templated transcription initiation	14	0	0.24	0	1	1	1	FALSE	0	0		
GO:2000144	positive regulation of DNA-templated transcription initiation	68	0	1.17	0	1	1	1	FALSE	0	0		
GO:2000178	negative regulation of neural precursor cell proliferation	12	0	0.21	0	1	1	1	FALSE	0	0		
GO:2000197	regulation of ribonucleoprotein complex localization	10	0	0.17	0	1	1	1	FALSE	0	0		
GO:2000232	regulation of rRNA processing	18	0	0.31	0	1	1	1	FALSE	0	0		
GO:2000234	positive regulation of rRNA processing	13	0	0.22	0	1	1	1	FALSE	0	0		
GO:2000242	negative regulation of reproductive process	27	0	0.46	0	1	1	1	FALSE	0	0		
GO:2000272	negative regulation of signaling receptor activity	13	0	0.22	0	1	1	1	FALSE	0	0		
GO:2000300	regulation of synaptic vesicle exocytosis	33	0	0.57	0	1	1	1	FALSE	0	0		
GO:2000303	regulation of ceramide biosynthetic process	13	0	0.22	0	1	1	1	FALSE	0	0		
GO:2000316	regulation of T-helper 17 type immune response	32	0	0.55	0	1	1	1	FALSE	0	0		
GO:2000317	negative regulation of T-helper 17 type immune response	13	0	0.22	0	1	1	1	FALSE	0	0		
GO:2000318	positive regulation of T-helper 17 type immune response	16	0	0.28	0	1	1	1	FALSE	0	0		
GO:2000319	regulation of T-helper 17 cell differentiation	24	0	0.41	0	1	1	1	FALSE	0	0		
GO:2000320	negative regulation of T-helper 17 cell differentiation	12	0	0.21	0	1	1	1	FALSE	0	0		
GO:2000321	positive regulation of T-helper 17 cell differentiation	10	0	0.17	0	1	1	1	FALSE	0	0		
GO:2000328	regulation of T-helper 17 cell lineage commitment	13	0	0.22	0	1	1	1	FALSE	0	0		
GO:2000353	positive regulation of endothelial cell apoptotic process	20	0	0.34	0	1	1	1	FALSE	0	0		
GO:2000369	regulation of clathrin-dependent endocytosis	13	0	0.22	0	1	1	1	FALSE	0	0		
GO:2000392	regulation of lamellipodium morphogenesis	10	0	0.17	0	1	1	1	FALSE	0	0		
GO:2000401	regulation of lymphocyte migration	55	0	0.95	0	1	1	1	FALSE	0	0		
GO:2000402	negative regulation of lymphocyte migration	14	0	0.24	0	1	1	1	FALSE	0	0		
GO:2000403	positive regulation of lymphocyte migration	33	0	0.57	0	1	1	1	FALSE	0	0		
GO:2000404	regulation of T cell migration	37	0	0.64	0	1	1	1	FALSE	0	0		
GO:2000406	positive regulation of T cell migration	27	0	0.46	0	1	1	1	FALSE	0	0		
GO:2000434	regulation of protein neddylation	17	0	0.29	0	1	1	1	FALSE	0	0		
GO:2000463	positive regulation of excitatory postsynaptic potential	24	0	0.41	0	1	1	1	FALSE	0	0		
GO:2000516	positive regulation of CD4-positive, alpha-beta T cell activation	35	0	0.6	0	1	1	1	FALSE	0	0		
GO:2000622	regulation of nuclear-transcribed mRNA catabolic process, nonsense-mediated decay	15	0	0.26	0	1	1	1	FALSE	0	0		
GO:2000637	positive regulation of miRNA-mediated gene silencing	10	0	0.17	0	1	1	1	FALSE	0	0		
GO:2000644	regulation of receptor catabolic process	13	0	0.22	0	1	1	1	FALSE	0	0		
GO:2000648	positive regulation of stem cell proliferation	14	0	0.24	0	1	1	1	FALSE	0	0		
GO:2000677	regulation of transcription regulatory region DNA binding	13	0	0.22	0	1	1	1	FALSE	0	0		
GO:2000725	regulation of cardiac muscle cell differentiation	12	0	0.21	0	1	1	1	FALSE	0	0		
GO:2000738	positive regulation of stem cell differentiation	11	0	0.19	0	1	1	1	FALSE	0	0		
GO:2000739	regulation of mesenchymal stem cell differentiation	10	0	0.17	0	1	1	1	FALSE	0	0		
GO:2000765	regulation of cytoplasmic translation	39	0	0.67	0	1	1	1	FALSE	0	0		
GO:2000766	negative regulation of cytoplasmic translation	10	0	0.17	0	1	1	1	FALSE	0	0		
GO:2000767	positive regulation of cytoplasmic translation	17	0	0.29	0	1	1	1	FALSE	0	0		
GO:2000772	regulation of cellular senescence	38	0	0.65	0	1	1	1	FALSE	0	0		
GO:2000773	negative regulation of cellular senescence	18	0	0.31	0	1	1	1	FALSE	0	0		
GO:2000774	positive regulation of cellular senescence	13	0	0.22	0	1	1	1	FALSE	0	0		
GO:2000780	negative regulation of double-strand break repair	36	0	0.62	0	1	1	1	FALSE	0	0		
GO:2000810	regulation of bicellular tight junction assembly	18	0	0.31	0	1	1	1	FALSE	0	0		
GO:2000811	negative regulation of anoikis	16	0	0.28	0	1	1	1	FALSE	0	0		
GO:2000831	regulation of steroid hormone secretion	13	0	0.22	0	1	1	1	FALSE	0	0		
GO:2001014	regulation of skeletal muscle cell differentiation	13	0	0.22	0	1	1	1	FALSE	0	0		
GO:2001026	regulation of endothelial cell chemotaxis	11	0	0.19	0	1	1	1	FALSE	0	0		
GO:2001032	regulation of double-strand break repair via nonhomologous end joining	27	0	0.46	0	1	1	1	FALSE	0	0		
GO:2001034	positive regulation of double-strand break repair via nonhomologous end joining	17	0	0.29	0	1	1	1	FALSE	0	0		
GO:2001046	positive regulation of integrin-mediated signaling pathway	11	0	0.19	0	1	1	1	FALSE	0	0		
GO:2001135	regulation of endocytic recycling	20	0	0.34	0	1	1	1	FALSE	0	0		
GO:2001138	regulation of phospholipid transport	13	0	0.22	0	1	1	1	FALSE	0	0		
GO:2001140	positive regulation of phospholipid transport	13	0	0.22	0	1	1	1	FALSE	0	0		
GO:2001169	regulation of ATP biosynthetic process	18	0	0.31	0	1	1	1	FALSE	0	0		
GO:2001171	positive regulation of ATP biosynthetic process	12	0	0.21	0	1	1	1	FALSE	0	0		
GO:2001198	regulation of dendritic cell differentiation	12	0	0.21	0	1	1	1	FALSE	0	0		
GO:2001222	regulation of neuron migration	30	0	0.52	0	1	1	1	FALSE	0	0		
GO:2001224	positive regulation of neuron migration	15	0	0.26	0	1	1	1	FALSE	0	0		
GO:2001259	positive regulation of cation channel activity	14	0	0.24	0	1	1	1	FALSE	0	0		
