GO_ID	term	annotated	significant_genes	auc	pvalue_wilcoxon	padj_wilcoxon_BH	direction	significant
GO:0006952	defense response	1413	98	0.581422519656458	0	0	Higher in TB	FALSE
GO:0009605	response to external stimulus	1756	104	0.560836335535846	0	0	Higher in TB	FALSE
GO:0009607	response to biotic stimulus	1248	89	0.57790265664448	0	0	Higher in TB	FALSE
GO:0009617	response to bacterium	438	41	0.623484961150411	0	0	Higher in TB	TRUE
GO:0042742	defense response to bacterium	190	32	0.705247783528929	0	0	Higher in TB	TRUE
GO:0043207	response to external biotic stimulus	1209	89	0.580283756636584	0	0	Higher in TB	FALSE
GO:0044419	biological process involved in interspecies interaction between organisms	1357	90	0.56836216059794	0	0	Higher in TB	FALSE
GO:0045087	innate immune response	847	70	0.59379592154591	0	0	Higher in TB	FALSE
GO:0051707	response to other organism	1208	89	0.579979787069487	0	0	Higher in TB	FALSE
GO:0098542	defense response to other organism	906	74	0.594286759563269	0	0	Higher in TB	FALSE
GO:0140546	defense response to symbiont	894	73	0.592961688377534	0	0	Higher in TB	FALSE
GO:0090304	nucleic acid metabolic process	4096	44	0.400847810972865	5.01125536258651e-84	2.29599016529172e-81	Lower in TB	FALSE
GO:0016070	RNA metabolic process	3588	41	0.397097230251421	4.36905472471297e-82	1.84777406742092e-79	Lower in TB	TRUE
GO:0141187	nucleic acid biosynthetic process	3482	37	0.398575286338806	4.99201183983722e-78	1.96043436395893e-75	Lower in TB	TRUE
GO:0032774	RNA biosynthetic process	3389	37	0.398059008397661	3.29140600504743e-77	1.20641001438338e-74	Lower in TB	TRUE
GO:0034654	nucleobase-containing compound biosynthetic process	3751	39	0.410286820220359	6.39135055711452e-65	2.19622783518848e-62	Lower in TB	FALSE
GO:0006139	nucleobase-containing compound metabolic process	4572	50	0.417428101904165	2.16398801545051e-63	6.99859182879231e-61	Lower in TB	FALSE
GO:0019219	regulation of nucleobase-containing compound metabolic process	3063	39	0.405624585303452	1.8003256473601e-61	5.4989946717699e-59	Lower in TB	FALSE
GO:0051252	regulation of RNA metabolic process	2791	37	0.404056069877919	5.6480244948619e-59	1.63435993014478e-56	Lower in TB	FALSE
GO:0006355	regulation of DNA-templated transcription	2521	34	0.408165197546429	6.41884294844388e-50	1.76453992652722e-47	Lower in TB	FALSE
GO:2001141	regulation of RNA biosynthetic process	2533	34	0.408474163466818	8.6876464394969e-50	2.27450857735019e-47	Lower in TB	FALSE
GO:0010467	gene expression	4963	89	0.429153949684899	1.17822678600689e-49	2.93395764438874e-47	Lower in TB	FALSE
GO:0006351	DNA-templated transcription	2643	34	0.410232829711157	1.22737406003894e-49	2.93395764438874e-47	Lower in TB	FALSE
GO:0009059	macromolecule biosynthetic process	5329	92	0.43095549804929	2.66023297385413e-49	6.09415037093751e-47	Lower in TB	FALSE
GO:0010556	regulation of macromolecule biosynthetic process	3872	77	0.430664208606787	2.13250097576608e-40	4.68979614590477e-38	Lower in TB	FALSE
GO:0043170	macromolecule metabolic process	7032	119	0.442480910742627	9.64321470085479e-40	2.03916901635768e-37	Lower in TB	FALSE
GO:0010468	regulation of gene expression	3772	77	0.431151415720206	4.01867393698926e-39	8.18321085391369e-37	Lower in TB	FALSE
GO:0080090	regulation of primary metabolic process	4064	59	0.433185410384303	6.28126530547834e-39	1.23337130891143e-36	Lower in TB	FALSE
GO:0006357	regulation of transcription by RNA polymerase II	1961	24	0.411396414955527	7.73543141109585e-38	1.4665310999381e-35	Lower in TB	FALSE
GO:0006366	transcription by RNA polymerase II	2078	24	0.415372673238575	2.16832675754983e-36	3.97382017100299e-34	Lower in TB	FALSE
GO:0009889	regulation of biosynthetic process	4010	78	0.435660252750097	6.85749798780133e-36	1.21621044957844e-33	Lower in TB	FALSE
GO:0060255	regulation of macromolecule metabolic process	4488	84	0.43892302224219	4.6447419840837e-35	7.98024732140381e-33	Lower in TB	FALSE
GO:0006396	RNA processing	932	4	0.383828106556965	4.8104224909858e-33	8.01445541073938e-31	Lower in TB	TRUE
GO:0009058	biosynthetic process	6172	100	0.446825026360975	2.40097380139785e-32	3.88251587061335e-30	Lower in TB	FALSE
GO:0044238	primary metabolic process	7722	104	0.45269852308377	2.82705938553575e-28	4.44090642905017e-26	Lower in TB	FALSE
GO:0051253	negative regulation of RNA metabolic process	1149	20	0.404697057475367	2.20790803200305e-27	3.371966211098e-25	Lower in TB	FALSE
GO:0045934	negative regulation of nucleobase-containing compound metabolic process	1253	21	0.409467922683774	8.02352968619359e-27	1.19225314093763e-24	Lower in TB	FALSE
GO:0019222	regulation of metabolic process	4875	92	0.448962204522526	2.6384896301831e-26	3.81747789124913e-24	Lower in TB	FALSE
GO:0050794	regulation of cellular process	8444	175	0.45518059651796	4.57426673955164e-26	6.44854321386024e-24	Lower in TB	FALSE
GO:0022613	ribonucleoprotein complex biogenesis	479	4	0.360955481087697	2.34291776973852e-25	3.22034047450559e-23	Lower in TB	TRUE
GO:0045892	negative regulation of DNA-templated transcription	1039	19	0.40759394227825	1.16353948249233e-23	1.56027806701045e-21	Lower in TB	FALSE
GO:1902679	negative regulation of RNA biosynthetic process	1047	19	0.408607842758007	2.45877623632812e-23	3.2186551779362e-21	Lower in TB	FALSE
GO:0050789	regulation of biological process	8712	186	0.458491962248668	1.0963315531212e-22	1.4017746230373e-20	Lower in TB	FALSE
GO:0065007	biological regulation	8997	189	0.460597621117016	1.16160756109341e-20	1.4514814479299e-18	Lower in TB	FALSE
GO:0006325	chromatin organization	756	8	0.400774311460695	2.09391479346302e-20	2.55829856321326e-18	Lower in TB	FALSE
GO:0016071	mRNA metabolic process	702	4	0.397919818972451	3.88709757983112e-20	4.6459266291112e-18	Lower in TB	TRUE
GO:0010558	negative regulation of macromolecule biosynthetic process	1834	37	0.435622367200864	1.19906086657508e-19	1.40264609455953e-17	Lower in TB	FALSE
GO:0042254	ribosome biogenesis	318	3	0.352581021349663	1.7401287044308e-19	1.99317242020011e-17	Lower in TB	TRUE
GO:0008150	biological_process	13255	228	0.458922873597939	1.08433019551312e-18	1.21666273774105e-16	Lower in TB	FALSE
GO:0006397	mRNA processing	465	1	0.381188021182991	1.88844499186354e-18	2.07653411305314e-16	Lower in TB	TRUE
GO:0009890	negative regulation of biosynthetic process	1892	37	0.43925620922574	4.07950441594361e-18	4.39786574095255e-16	Lower in TB	FALSE
GO:0010605	negative regulation of macromolecule metabolic process	2109	42	0.442930173361309	1.22301156690428e-17	1.29309953746918e-15	Lower in TB	FALSE
GO:0008152	metabolic process	8641	140	0.464615496035834	6.71132734232135e-17	6.96205240152506e-15	Lower in TB	FALSE
GO:0009987	cellular process	12822	219	0.462155749345444	9.50849085213068e-17	9.68105235278046e-15	Lower in TB	FALSE
GO:0008380	RNA splicing	434	2	0.386959475197006	7.49504440789015e-16	7.49231893719637e-14	Lower in TB	TRUE
GO:0006338	chromatin remodeling	590	6	0.402904297171518	9.01364083318439e-16	8.84946380372281e-14	Lower in TB	FALSE
GO:0002181	cytoplasmic translation	206	5	0.337489027076182	9.35707195088143e-16	9.02547045367476e-14	Lower in TB	TRUE
GO:0071706	tumor necrosis factor superfamily cytokine production	153	10	0.686473520466871	1.77635683940025e-15	1.65532371237671e-13	Higher in TB	TRUE
GO:1903555	regulation of tumor necrosis factor superfamily cytokine production	153	10	0.686473520466871	1.77635683940025e-15	1.65532371237671e-13	Higher in TB	TRUE
GO:0050830	defense response to Gram-positive bacterium	60	13	0.796321264861768	1.99840144432528e-15	1.83120185681673e-13	Higher in TB	TRUE
GO:0016072	rRNA metabolic process	282	2	0.362824140156712	2.39191422557679e-15	2.15585973970839e-13	Lower in TB	TRUE
GO:0006954	inflammatory response	633	42	0.591457444253542	4.66293670342566e-15	4.13497193474746e-13	Higher in TB	FALSE
GO:0006364	rRNA processing	232	2	0.352156153949701	9.04849169197347e-15	7.89660433690002e-13	Lower in TB	TRUE
GO:0032640	tumor necrosis factor production	149	9	0.682509799773449	1.50990331349021e-14	1.27714591039526e-12	Higher in TB	TRUE
GO:0032680	regulation of tumor necrosis factor production	149	9	0.682509799773449	1.50990331349021e-14	1.27714591039526e-12	Higher in TB	TRUE
GO:0009892	negative regulation of metabolic process	2257	45	0.450562869783305	2.37818832712677e-14	1.98110294280954e-12	Lower in TB	FALSE
GO:0048523	negative regulation of cellular process	3967	84	0.460646927676137	2.54251649414348e-14	2.08638144549266e-12	Lower in TB	FALSE
GO:0000122	negative regulation of transcription by RNA polymerase II	744	11	0.418219201451601	3.68586745392741e-14	2.98013224436661e-12	Lower in TB	FALSE
GO:1903557	positive regulation of tumor necrosis factor superfamily cytokine production	103	7	0.710153950378956	1.73638881051374e-13	1.38357473626153e-11	Higher in TB	TRUE
GO:0032760	positive regulation of tumor necrosis factor production	100	7	0.708037252368648	6.61914967281518e-13	5.19886927159113e-11	Higher in TB	TRUE
GO:0034097	response to cytokine	659	50	0.580784898565282	1.71507252844094e-12	1.32809419174201e-10	Higher in TB	FALSE
GO:0000377	RNA splicing, via transesterification reactions with bulged adenosine as nucleophile	309	0	0.383491709751713	1.98618100369603e-12	1.49589358333161e-10	Lower in TB	TRUE
GO:0000398	mRNA splicing, via spliceosome	309	0	0.383491709751713	1.98618100369603e-12	1.49589358333161e-10	Lower in TB	TRUE
GO:0031347	regulation of defense response	687	46	0.578644494294306	2.41939801526314e-12	1.79754733620497e-10	Higher in TB	FALSE
GO:0051254	positive regulation of RNA metabolic process	1421	24	0.444286483066133	2.69425898443005e-12	1.97507145285286e-10	Lower in TB	FALSE
GO:0000375	RNA splicing, via transesterification reactions	313	0	0.386225148187449	4.71301064977116e-12	3.4094911253213e-10	Lower in TB	TRUE
GO:1901652	response to peptide	667	50	0.578619652359394	4.9578119387661e-12	3.54000649861507e-10	Higher in TB	FALSE
GO:0043484	regulation of RNA splicing	173	2	0.347839234943623	5.18032070335903e-12	3.6514619521882e-10	Lower in TB	TRUE
GO:0071219	cellular response to molecule of bacterial origin	179	14	0.648868622210517	6.59317045403895e-12	4.58851280459572e-10	Higher in TB	TRUE
GO:0000380	alternative mRNA splicing, via spliceosome	77	0	0.276198343298725	1.13108911147476e-11	7.7734099186103e-10	Lower in TB	TRUE
GO:0071840	cellular component organization or biogenesis	5441	83	0.468455729410949	1.15974240816603e-11	7.8719305680208e-10	Lower in TB	FALSE
GO:0071222	cellular response to lipopolysaccharide	172	14	0.649844094048804	1.23550059072386e-11	8.28388078999973e-10	Higher in TB	TRUE
GO:0032101	regulation of response to external stimulus	865	54	0.568082983075666	1.25506272041775e-11	8.31365642994797e-10	Higher in TB	FALSE
GO:1903311	regulation of mRNA metabolic process	299	2	0.386123194927206	1.32207879059453e-11	8.65332046510562e-10	Lower in TB	TRUE
GO:0048519	negative regulation of biological process	4143	91	0.465813120526932	1.76730685668394e-11	1.14313565859392e-09	Lower in TB	FALSE
GO:0006412	translation	625	9	0.421080183923328	1.82803400220469e-11	1.15523344185303e-09	Lower in TB	FALSE
GO:0160307	protein biosynthetic process	625	9	0.421080183923328	1.82803400220469e-11	1.15523344185303e-09	Lower in TB	FALSE
GO:0032612	interleukin-1 production	96	11	0.698135315751704	1.98068228485226e-11	1.22357204518177e-09	Higher in TB	TRUE
GO:0032652	regulation of interleukin-1 production	96	11	0.698135315751704	1.98068228485226e-11	1.22357204518177e-09	Higher in TB	TRUE
GO:0071216	cellular response to biotic stimulus	200	14	0.637265371292488	2.25757190719378e-11	1.37912559397238e-09	Higher in TB	TRUE
GO:1901740	negative regulation of myoblast fusion	47	2	0.218837479427523	2.58183698299446e-11	1.5598834870883e-09	Lower in TB	TRUE
GO:0034242	negative regulation of syncytium formation by plasma membrane fusion	48	2	0.224359834657505	3.9306880963463e-11	2.34901338627304e-09	Lower in TB	TRUE
GO:0032611	interleukin-1 beta production	83	10	0.708870873155398	4.8002490871113e-11	2.77948170678219e-09	Higher in TB	TRUE
GO:0032651	regulation of interleukin-1 beta production	83	10	0.708870873155398	4.8002490871113e-11	2.77948170678219e-09	Higher in TB	TRUE
GO:0044281	small molecule metabolic process	1347	26	0.553705112932336	4.80266937330498e-11	2.77948170678219e-09	Higher in TB	FALSE
GO:0001816	cytokine production	648	43	0.575796446268767	5.14437381582411e-11	2.94622575410427e-09	Higher in TB	FALSE
GO:0051052	regulation of DNA metabolic process	440	5	0.408838286905023	5.93113280049586e-11	3.36179052960064e-09	Lower in TB	FALSE
GO:0001817	regulation of cytokine production	644	43	0.575708230227008	6.17232931432454e-11	3.46280271124044e-09	Higher in TB	FALSE
GO:0042274	ribosomal small subunit biogenesis	107	2	0.318078618620221	8.0375980797267e-11	4.46370850932701e-09	Lower in TB	TRUE
GO:0032496	response to lipopolysaccharide	240	16	0.620208649743256	1.46178846804901e-10	8.03691299733344e-09	Higher in TB	TRUE
GO:0009620	response to fungus	46	8	0.771923498798105	1.76282322073007e-10	9.59604165106329e-09	Higher in TB	TRUE
GO:0000381	regulation of alternative mRNA splicing, via spliceosome	62	0	0.265881213238735	1.82822192667652e-10	9.85447465967401e-09	Lower in TB	TRUE
GO:0002237	response to molecule of bacterial origin	250	16	0.616868772386845	2.04394501324145e-10	1.09103006629141e-08	Higher in TB	TRUE
GO:0022618	protein-RNA complex assembly	219	3	0.375654582055836	2.3460769156872e-10	1.24026258485079e-08	Lower in TB	TRUE
GO:0034341	response to type II interferon	102	12	0.681202059805294	2.58250976159502e-10	1.35225130183328e-08	Higher in TB	TRUE
GO:0031349	positive regulation of defense response	440	30	0.586261316277493	5.88010529156691e-10	3.04988857481461e-08	Higher in TB	FALSE
GO:0001819	positive regulation of cytokine production	407	31	0.589540181855032	6.06082961596144e-10	3.11424684379028e-08	Higher in TB	FALSE
GO:0009060	aerobic respiration	244	4	0.614971556950137	6.39877262287314e-10	3.25744924819968e-08	Higher in TB	TRUE
GO:0006119	oxidative phosphorylation	127	0	0.657541654939906	8.8398843800519e-10	4.45887012124086e-08	Higher in TB	TRUE
GO:0006259	DNA metabolic process	904	8	0.439941508368538	1.04828396798816e-09	5.23951386908992e-08	Lower in TB	FALSE
GO:0071826	protein-RNA complex organization	228	4	0.382997586387913	1.18411906541232e-09	5.86512308255579e-08	Lower in TB	TRUE
GO:0007049	cell cycle	1386	26	0.451047323603715	1.24571042385079e-09	6.11510349136753e-08	Lower in TB	FALSE
GO:0016050	vesicle organization	331	3	0.597220444995591	1.25938126593894e-09	6.12750283197549e-08	Higher in TB	FALSE
GO:0045088	regulation of innate immune response	422	30	0.585893398940802	1.515466419022e-09	7.30880208051139e-08	Higher in TB	FALSE
GO:0072593	reactive oxygen species metabolic process	161	6	0.637868909378496	1.60330726473035e-09	7.66520290564126e-08	Higher in TB	TRUE
GO:0032103	positive regulation of response to external stimulus	531	33	0.576478763092249	1.77324332994999e-09	8.40456192074574e-08	Higher in TB	FALSE
GO:0002831	regulation of response to biotic stimulus	501	35	0.578645295378981	1.79426629109969e-09	8.43151800723597e-08	Higher in TB	FALSE
GO:1902680	positive regulation of RNA biosynthetic process	1299	23	0.450359533495361	2.25726070246008e-09	1.0517304527225e-07	Lower in TB	FALSE
GO:0006091	generation of precursor metabolites and energy	382	6	0.588920379582583	2.54839482849434e-09	1.17740124092957e-07	Higher in TB	FALSE
GO:0045893	positive regulation of DNA-templated transcription	1296	23	0.450543408771257	2.68783580972918e-09	1.23147677349092e-07	Lower in TB	FALSE
GO:0010608	post-transcriptional regulation of gene expression	496	6	0.421922797118422	2.80014934833714e-09	1.27233232373203e-07	Lower in TB	FALSE
GO:0048024	regulation of mRNA splicing, via spliceosome	104	0	0.331898515548634	3.18431077307215e-09	1.42948887231385e-07	Lower in TB	TRUE
GO:0050832	defense response to fungus	41	8	0.767244956055678	3.19801984893786e-09	1.42948887231385e-07	Higher in TB	TRUE
GO:0042773	ATP synthesis coupled electron transport	86	0	0.683993644995434	3.7026302024401e-09	1.62856486824126e-07	Higher in TB	TRUE
GO:0042775	mitochondrial ATP synthesis coupled electron transport	86	0	0.683993644995434	3.7026302024401e-09	1.62856486824126e-07	Higher in TB	TRUE
GO:0006403	RNA localization	192	1	0.376869578644594	4.11166753482756e-09	1.7941228655938e-07	Lower in TB	TRUE
GO:0045333	cellular respiration	274	5	0.60277980733608	4.91717444539574e-09	2.12871063785715e-07	Higher in TB	TRUE
GO:0050684	regulation of mRNA processing	125	0	0.348499595709126	4.9826225673557e-09	2.1401920996345e-07	Lower in TB	TRUE
GO:0006974	DNA damage response	878	10	0.441841703183358	5.62680050684212e-09	2.39815109973783e-07	Lower in TB	FALSE
GO:0032731	positive regulation of interleukin-1 beta production	55	6	0.726923170809106	5.84955461846448e-09	2.47391163787059e-07	Higher in TB	TRUE
GO:0071357	cellular response to type I interferon	98	9	0.669594385283449	6.61442522975619e-09	2.77603892467172e-07	Higher in TB	TRUE
GO:0034340	response to type I interferon	103	9	0.664098474714574	8.76309957931198e-09	3.64996374901949e-07	Higher in TB	TRUE
GO:0019731	antibacterial humoral response	51	8	0.732600605342808	9.12755382387331e-09	3.7731797686959e-07	Higher in TB	TRUE
GO:0022900	electron transport chain	110	0	0.657901050796666	1.06681901090866e-08	4.37714247908643e-07	Higher in TB	TRUE
GO:0050729	positive regulation of inflammatory response	124	16	0.648109846429913	1.2401029314546e-08	5.05043401269437e-07	Higher in TB	TRUE
GO:0006810	transport	3373	69	0.531084001577077	1.50754815297915e-08	6.09448510667602e-07	Higher in TB	FALSE
GO:0071345	cellular response to cytokine stimulus	583	42	0.568565366342887	1.6559122073545e-08	6.62580174943801e-07	Higher in TB	FALSE
GO:1901739	regulation of myoblast fusion	56	3	0.281951051097131	1.66307864936785e-08	6.62580174943801e-07	Lower in TB	TRUE
GO:0002221	pattern recognition receptor signaling pathway	254	21	0.601809544732975	2.37408008807449e-08	9.39042613254213e-07	Higher in TB	TRUE
GO:0019646	aerobic electron transport chain	81	0	0.679255342103778	2.45636666562632e-08	9.57874218943898e-07	Higher in TB	TRUE
GO:2000377	regulation of reactive oxygen species metabolic process	112	4	0.652569200757226	2.45653446473426e-08	9.57874218943898e-07	Higher in TB	TRUE
GO:0022904	respiratory electron transport chain	103	0	0.658516721475322	2.73834526165473e-08	1.06024100342096e-06	Higher in TB	TRUE
GO:0051234	establishment of localization	3554	73	0.52986763741937	2.85499575092274e-08	1.09105431182687e-06	Higher in TB	FALSE
GO:0006281	DNA repair	595	6	0.433245260938289	2.85761769558147e-08	1.09105431182687e-06	Lower in TB	FALSE
GO:0019730	antimicrobial humoral response	96	12	0.663790590240402	2.94336444106591e-08	1.11604259979175e-06	Higher in TB	TRUE
GO:0032757	positive regulation of interleukin-8 production	55	4	0.715776420561341	3.11108769857071e-08	1.17155891553026e-06	Higher in TB	TRUE
GO:0015980	energy derivation by oxidation of organic compounds	339	6	0.587554411885121	3.14387498256963e-08	1.17585201729033e-06	Higher in TB	FALSE
GO:0006909	phagocytosis	197	8	0.614377741999905	3.17331201316051e-08	1.17884253029436e-06	Higher in TB	TRUE
GO:0009144	purine nucleoside triphosphate metabolic process	219	4	0.608076578338446	3.63539434111715e-08	1.34143611325249e-06	Higher in TB	TRUE
GO:0050727	regulation of inflammatory response	302	22	0.592140888687369	3.76215325559315e-08	1.37895457328341e-06	Higher in TB	FALSE
GO:0006302	double-strand break repair	298	4	0.407497182581157	4.0841131438769e-08	1.4870499380818e-06	Lower in TB	FALSE
GO:0072521	purine-containing compound metabolic process	476	7	0.573507249053468	4.15558949473649e-08	1.50057975790976e-06	Higher in TB	FALSE
GO:0006163	purine nucleotide metabolic process	354	5	0.584940181819639	4.17585854783908e-08	1.50057975790976e-06	Higher in TB	FALSE
GO:0015986	proton motive force-driven ATP synthesis	74	1	0.684104731545867	4.3711579911232e-08	1.56056017111658e-06	Higher in TB	TRUE
GO:0002227	innate immune response in mucosa	23	6	0.829380516946802	4.5374788149033e-08	1.6094876467315e-06	Higher in TB	TRUE
GO:0032732	positive regulation of interleukin-1 production	63	6	0.698958485236893	4.73296219993813e-08	1.66806578046537e-06	Higher in TB	TRUE
GO:0006417	regulation of translation	329	4	0.412487038537561	5.03946677235248e-08	1.76477632575758e-06	Lower in TB	FALSE
GO:0046034	ATP metabolic process	194	4	0.613123161348406	5.64980142669924e-08	1.96598786354382e-06	Higher in TB	TRUE
GO:0022402	cell cycle process	1097	19	0.45153139392153	6.84936484522188e-08	2.36841559239182e-06	Lower in TB	FALSE
GO:0009205	purine ribonucleoside triphosphate metabolic process	214	4	0.606946372290848	7.11414942511368e-08	2.44459959620469e-06	Higher in TB	TRUE
GO:0007520	myoblast fusion	69	3	0.312673351076383	7.44029841445289e-08	2.54079258898522e-06	Lower in TB	TRUE
GO:0009145	purine nucleoside triphosphate biosynthetic process	103	1	0.652549713306559	8.88349789285314e-08	2.98350208886318e-06	Higher in TB	TRUE
GO:0009206	purine ribonucleoside triphosphate biosynthetic process	103	1	0.652549713306559	8.88349789285314e-08	2.98350208886318e-06	Higher in TB	TRUE
GO:0016043	cellular component organization	5237	82	0.474851088113146	8.89949695477557e-08	2.98350208886318e-06	Lower in TB	FALSE
GO:0044085	cellular component biogenesis	2947	44	0.469211068892671	1.07601123905855e-07	3.58539987414783e-06	Lower in TB	FALSE
GO:0032637	interleukin-8 production	73	4	0.67961567548024	1.12311797861864e-07	3.69754649487741e-06	Higher in TB	TRUE
GO:0032677	regulation of interleukin-8 production	73	4	0.67961567548024	1.12311797861864e-07	3.69754649487741e-06	Higher in TB	TRUE
GO:0006959	humoral immune response	165	23	0.61863494760691	1.47700733199585e-07	4.81200417268464e-06	Higher in TB	TRUE
GO:0051054	positive regulation of DNA metabolic process	248	4	0.403019904843261	1.47913551324792e-07	4.81200417268464e-06	Lower in TB	FALSE
GO:0007040	lysosome organization	102	1	0.650524030006102	1.50750901539709e-07	4.84695003897848e-06	Higher in TB	TRUE
GO:0080171	lytic vacuole organization	102	1	0.650524030006102	1.50750901539709e-07	4.84695003897848e-06	Higher in TB	TRUE
GO:0055086	nucleobase-containing small molecule metabolic process	572	8	0.564097510421527	1.71045875463349e-07	5.46750129824125e-06	Higher in TB	FALSE
GO:0016192	vesicle-mediated transport	1359	30	0.542496127803908	1.73635307465503e-07	5.51819029159153e-06	Higher in TB	FALSE
GO:0006754	ATP biosynthetic process	95	1	0.655082299689269	1.76335608337297e-07	5.57179985424401e-06	Higher in TB	TRUE
GO:0009611	response to wounding	378	17	0.578317750631665	1.78064864186922e-07	5.59428927599827e-06	Higher in TB	FALSE
GO:0032722	positive regulation of chemokine production	52	4	0.708859949114459	1.8894337139308e-07	5.90233327226792e-06	Higher in TB	TRUE
GO:1901136	carbohydrate derivative catabolic process	212	7	0.603850736568458	1.90813415734681e-07	5.92707434863997e-06	Higher in TB	TRUE
GO:0009117	nucleotide metabolic process	408	6	0.57505101066045	2.0626202013041e-07	6.37094711616289e-06	Higher in TB	FALSE
GO:0009141	nucleoside triphosphate metabolic process	233	4	0.598676260158023	2.16094920624244e-07	6.63737359548654e-06	Higher in TB	FALSE
GO:0002274	myeloid leukocyte activation	187	13	0.609934567251	2.20210344181737e-07	6.72620262395106e-06	Higher in TB	TRUE
GO:2000379	positive regulation of reactive oxygen species metabolic process	59	3	0.694980803949006	2.2218399520213e-07	6.74899229625033e-06	Higher in TB	TRUE
GO:0002758	innate immune response-activating signaling pathway	268	21	0.591655882906199	2.46669037640146e-07	7.43657440898638e-06	Higher in TB	FALSE
GO:1901135	carbohydrate derivative metabolic process	814	13	0.553382511897796	2.47525121288561e-07	7.43657440898638e-06	Higher in TB	FALSE
GO:0002252	immune effector process	527	33	0.565455276755569	2.8800753648639e-07	8.60579041088137e-06	Higher in TB	FALSE
GO:0061844	antimicrobial humoral immune response mediated by antimicrobial peptide	69	11	0.67777048220126	3.29506760321507e-07	9.79258469323053e-06	Higher in TB	TRUE
GO:0019827	stem cell population maintenance	99	3	0.351780169134963	3.4865963465852e-07	1.03060788782395e-05	Lower in TB	TRUE
GO:0002833	positive regulation of response to biotic stimulus	366	23	0.57756832093305	3.58329862670814e-07	1.05352812030168e-05	Higher in TB	FALSE
GO:0042776	proton motive force-driven mitochondrial ATP synthesis	67	0	0.679100066329645	3.99703688813702e-07	1.16892068143496e-05	Higher in TB	TRUE
GO:0006753	nucleoside phosphate metabolic process	550	8	0.563140441154344	4.34199153964698e-07	1.26308304153329e-05	Higher in TB	FALSE
GO:0009201	ribonucleoside triphosphate biosynthetic process	109	1	0.639899733323846	4.54179505338104e-07	1.31425206334152e-05	Higher in TB	TRUE
GO:0032602	chemokine production	70	5	0.674275579306215	4.62222085495512e-07	1.32359220106996e-05	Higher in TB	TRUE
GO:0032642	regulation of chemokine production	70	5	0.674275579306215	4.62222085495512e-07	1.32359220106996e-05	Higher in TB	TRUE
GO:0019637	organophosphate metabolic process	904	12	0.549445570640104	5.07072190902846e-07	1.44449891481028e-05	Higher in TB	FALSE
GO:0055085	transmembrane transport	1095	22	0.545079617135456	5.34331790147391e-07	1.51430731042802e-05	Higher in TB	FALSE
GO:0060142	regulation of syncytium formation by plasma membrane fusion	60	3	0.313464224323163	5.82026112676237e-07	1.64101516281741e-05	Lower in TB	TRUE
GO:0001906	cell killing	160	18	0.614504685137179	5.86335414887174e-07	1.6447306689029e-05	Higher in TB	TRUE
GO:0009142	nucleoside triphosphate biosynthetic process	115	1	0.63480228529666	5.97266966773091e-07	1.66689024533932e-05	Higher in TB	TRUE
GO:0050777	negative regulation of immune response	174	13	0.609433028054128	6.45727912473859e-07	1.79303639534408e-05	Higher in TB	TRUE
GO:0009595	detection of biotic stimulus	34	3	0.746110932303401	6.81646291633697e-07	1.88326196552868e-05	Higher in TB	TRUE
GO:0002526	acute inflammatory response	66	10	0.676488691319427	7.12578156480959e-07	1.95887735216615e-05	Higher in TB	TRUE
GO:0007033	vacuole organization	219	3	0.597258146356718	7.18165091395662e-07	1.96441376740963e-05	Higher in TB	FALSE
GO:0032609	type II interferon production	103	9	0.641240886786801	7.35592821321518e-07	1.99226075449542e-05	Higher in TB	TRUE
GO:0032649	regulation of type II interferon production	103	9	0.641240886786801	7.35592821321518e-07	1.99226075449542e-05	Higher in TB	TRUE
GO:0002532	production of molecular mediator involved in inflammatory response	73	5	0.66725428731115	7.79434725206585e-07	2.10065299960088e-05	Higher in TB	TRUE
GO:0045089	positive regulation of innate immune response	346	23	0.577171098896594	8.38512510981104e-07	2.24884965140201e-05	Higher in TB	FALSE
GO:0006897	endocytosis	585	21	0.55964532583846	8.72619974279232e-07	2.32896340708117e-05	Higher in TB	FALSE
GO:0007596	blood coagulation	170	11	0.609213546004158	9.10124197117668e-07	2.40947502419053e-05	Higher in TB	TRUE
GO:0051236	establishment of RNA localization	153	1	0.384938844799559	9.11551118646107e-07	2.40947502419053e-05	Lower in TB	TRUE
GO:0098727	maintenance of cell number	101	3	0.358672227922658	9.26250046521508e-07	2.43661375874414e-05	Lower in TB	TRUE
GO:0006310	DNA recombination	293	3	0.416644774376979	9.41156025668113e-07	2.46403610910633e-05	Lower in TB	FALSE
GO:0006164	purine nucleotide biosynthetic process	165	1	0.610652470357511	9.4968710429022e-07	2.4745875352548e-05	Higher in TB	TRUE
GO:0050817	coagulation	171	11	0.608337560103086	1.0346716567966e-06	2.68331357031497e-05	Higher in TB	TRUE
GO:0033044	regulation of chromosome organization	239	4	0.408876048095936	1.24358307625498e-06	3.20996232546943e-05	Lower in TB	FALSE
GO:0050878	regulation of body fluid levels	236	13	0.591365950954079	1.35694849801027e-06	3.48621628133666e-05	Higher in TB	FALSE
GO:0032692	negative regulation of interleukin-1 production	31	5	0.750252164811114	1.41744690496104e-06	3.62470841091897e-05	Higher in TB	TRUE
GO:0014902	myotube differentiation	104	4	0.36388628870591	1.62715073214453e-06	4.14170126172714e-05	Lower in TB	TRUE
GO:1902600	proton transmembrane transport	156	0	0.611113072492662	1.69098624369646e-06	4.28435132158669e-05	Higher in TB	TRUE
GO:0042221	response to chemical	2497	84	0.529656243899132	1.77124967071229e-06	4.46712416953036e-05	Higher in TB	FALSE
GO:0006401	RNA catabolic process	340	3	0.424544772097321	1.79272591597789e-06	4.50064250504403e-05	Lower in TB	FALSE
GO:0050776	regulation of immune response	827	70	0.548988989523358	1.83458302349671e-06	4.57432717880571e-05	Higher in TB	FALSE
GO:0051726	regulation of cell cycle	899	18	0.452923103761763	1.83871645419437e-06	4.57432717880571e-05	Lower in TB	FALSE
GO:0009150	purine ribonucleotide metabolic process	288	4	0.581620070758707	1.9264820800835e-06	4.77108039472932e-05	Higher in TB	FALSE
GO:0061157	mRNA destabilization	109	1	0.36815984559762	1.99334979415743e-06	4.9145458153711e-05	Lower in TB	TRUE
GO:0000723	telomere maintenance	158	2	0.390444945116691	2.03408059750974e-06	4.99257818085204e-05	Lower in TB	TRUE
GO:0032755	positive regulation of interleukin-6 production	74	2	0.659599229376673	2.07089045223263e-06	5.0603358695e-05	Higher in TB	TRUE
GO:0002697	regulation of immune effector process	285	16	0.581687076153763	2.13296467532764e-06	5.18895565705813e-05	Higher in TB	FALSE
GO:2000779	regulation of double-strand break repair	138	3	0.383117482147911	2.1512073310507e-06	5.19982376674213e-05	Lower in TB	TRUE
GO:0050829	defense response to Gram-negative bacterium	49	7	0.695662320331579	2.15634743327975e-06	5.19982376674213e-05	Higher in TB	TRUE
GO:0010604	positive regulation of macromolecule metabolic process	2489	62	0.470572179416826	2.19401220518115e-06	5.26754546029955e-05	Lower in TB	FALSE
GO:0098657	import into cell	776	27	0.55004348326902	2.27177804501544e-06	5.41902623303855e-05	Higher in TB	FALSE
GO:0042060	wound healing	305	13	0.578785701983972	2.27681895204057e-06	5.41902623303855e-05	Higher in TB	FALSE
GO:2000781	positive regulation of double-strand break repair	94	2	0.358954673591694	2.30075636613258e-06	5.42246128469092e-05	Lower in TB	TRUE
GO:0050779	RNA destabilization	111	1	0.370145313641139	2.30102628988625e-06	5.42246128469092e-05	Lower in TB	TRUE
GO:0006629	lipid metabolic process	1000	18	0.544332145281738	2.30785001931189e-06	5.42246128469092e-05	Higher in TB	FALSE
GO:0042273	ribosomal large subunit biogenesis	76	1	0.343311403508772	2.3340235825337e-06	5.46062198160438e-05	Lower in TB	TRUE
GO:0072522	purine-containing compound biosynthetic process	233	2	0.58968719071567	2.44574874619374e-06	5.69776551125983e-05	Higher in TB	FALSE
GO:0043487	regulation of RNA stability	185	2	0.399731644466921	2.59218257446408e-06	6.01342607358799e-05	Lower in TB	TRUE
GO:2000036	regulation of stem cell population maintenance	62	2	0.327404451037547	2.603903563014e-06	6.01523604598781e-05	Lower in TB	TRUE
GO:0044283	small molecule biosynthetic process	465	12	0.563467076202909	2.84880809187094e-06	6.55345058121607e-05	Higher in TB	FALSE
GO:0006082	organic acid metabolic process	691	15	0.552367284684495	2.87702646861732e-06	6.59078813519084e-05	Higher in TB	FALSE
GO:0043436	oxoacid metabolic process	684	15	0.552585993384974	2.92523375433618e-06	6.67341708769307e-05	Higher in TB	FALSE
GO:0061900	glial cell activation	43	3	0.705875671944874	2.99634469547172e-06	6.80739798996013e-05	Higher in TB	TRUE
GO:0002752	cell surface pattern recognition receptor signaling pathway	63	5	0.669949062739048	3.08914396263127e-06	6.98934712203569e-05	Higher in TB	TRUE
GO:0006914	autophagy	549	11	0.558298196201803	3.13663321915847e-06	7.03886099548296e-05	Higher in TB	FALSE
GO:0061919	process utilizing autophagic mechanism	549	11	0.558298196201803	3.13663321915847e-06	7.03886099548296e-05	Higher in TB	FALSE
GO:0043488	regulation of mRNA stability	173	2	0.397392205419587	3.26667343341339e-06	7.30088233207595e-05	Lower in TB	TRUE
GO:0032635	interleukin-6 production	113	4	0.626222874602108	3.59007768846453e-06	7.95897061741048e-05	Higher in TB	TRUE
GO:0032675	regulation of interleukin-6 production	113	4	0.626222874602108	3.59007768846453e-06	7.95897061741048e-05	Higher in TB	TRUE
GO:0032204	regulation of telomere maintenance	107	2	0.37035396648922	3.6190668122468e-06	7.99101579667987e-05	Lower in TB	TRUE
GO:0007004	telomere maintenance via telomerase	58	2	0.324415378517638	3.74768445557798e-06	8.24190765470708e-05	Lower in TB	TRUE
GO:0032729	positive regulation of type II interferon production	70	5	0.65979177223937	3.79356102575557e-06	8.30127398928979e-05	Higher in TB	TRUE
GO:0000768	syncytium formation by plasma membrane fusion	75	3	0.345653817895095	3.819975116934e-06	8.30127398928979e-05	Lower in TB	TRUE
GO:0140253	cell-cell fusion	75	3	0.345653817895095	3.819975116934e-06	8.30127398928979e-05	Lower in TB	TRUE
GO:0006120	mitochondrial electron transport, NADH to ubiquinone	48	0	0.692653532316942	3.8819958299019e-06	8.40283979244119e-05	Higher in TB	TRUE
GO:0050657	nucleic acid transport	150	0	0.391055453596747	4.15657551874039e-06	8.92689539141979e-05	Lower in TB	TRUE
GO:0050658	RNA transport	150	0	0.391055453596747	4.15657551874039e-06	8.92689539141979e-05	Lower in TB	TRUE
GO:0051276	chromosome organization	506	4	0.44012999754188	4.19475359803183e-06	8.97383474006965e-05	Lower in TB	FALSE
GO:0042592	homeostatic process	1136	31	0.540639905567957	4.26035808520631e-06	9.07885610560631e-05	Higher in TB	FALSE
GO:0040029	epigenetic regulation of gene expression	284	1	0.420822701542005	4.50067272277382e-06	9.55393769490751e-05	Lower in TB	FALSE
GO:0030098	lymphocyte differentiation	323	30	0.425752177919808	4.60085328499208e-06	9.72903513880248e-05	Lower in TB	FALSE
GO:0030490	maturation of SSU-rRNA	69	1	0.340627611706051	4.70958104454374e-06	9.92079562563275e-05	Lower in TB	TRUE
GO:0007599	hemostasis	175	11	0.600153505215934	4.92571050614288e-06	0.000103364718941884	Higher in TB	TRUE
GO:0006282	regulation of DNA repair	220	3	0.410804813413721	5.22038634004904e-06	0.000109131878698059	Lower in TB	FALSE
GO:0009165	nucleotide biosynthetic process	197	1	0.594105587821874	5.33454193707428e-06	0.000111095877159221	Higher in TB	FALSE
GO:1903313	positive regulation of mRNA metabolic process	128	1	0.383917740457192	5.79510855770084e-06	0.000120232101321657	Lower in TB	TRUE
GO:0009259	ribonucleotide metabolic process	306	4	0.575409074898332	5.84695681071778e-06	0.000120851761448595	Higher in TB	FALSE
GO:0006402	mRNA catabolic process	258	3	0.418021509123616	5.90731165244988e-06	0.000121641945562432	Lower in TB	FALSE
GO:0000470	maturation of LSU-rRNA	32	0	0.268851574232997	6.02398305961393e-06	0.000123581562917005	Lower in TB	TRUE
GO:0030162	regulation of proteolysis	116	5	0.621373365041617	6.35661629000417e-06	0.000129920729971907	Higher in TB	TRUE
GO:0019693	ribose phosphate metabolic process	312	4	0.574366863260895	6.41944440404885e-06	0.000130718908642447	Higher in TB	FALSE
GO:0006360	transcription by RNA polymerase I	67	1	0.340734662974022	6.55304631437156e-06	0.0001329470429388	Lower in TB	TRUE
GO:0032212	positive regulation of telomere maintenance via telomerase	23	1	0.228598267209611	6.60775840272873e-06	0.000133564175361039	Lower in TB	TRUE
GO:0045943	positive regulation of transcription by RNA polymerase I	33	0	0.273850450002357	6.91770561351694e-06	0.000139317016348411	Lower in TB	TRUE
GO:0009056	catabolic process	2323	38	0.528745813252331	7.0918013714838e-06	0.000142301912191306	Higher in TB	FALSE
GO:1904358	positive regulation of telomere maintenance via telomere lengthening	26	1	0.245696019797896	7.16800862827167e-06	0.000143308041593591	Lower in TB	TRUE
GO:0072524	pyridine-containing compound metabolic process	143	6	0.608467828507757	7.60983163239359e-06	0.00015159005186558	Higher in TB	TRUE
GO:0006949	syncytium formation	76	3	0.351542869269949	7.67535340397416e-06	0.000152343296083213	Lower in TB	TRUE
GO:0006950	response to stress	3155	115	0.525203366922439	7.80411439493811e-06	0.000154341801954567	Higher in TB	FALSE
GO:0009152	purine ribonucleotide biosynthetic process	137	1	0.610521988957585	8.01958986862417e-06	0.0001580347852964	Higher in TB	TRUE
GO:0042445	hormone metabolic process	127	2	0.614462311570588	8.46456435432685e-06	0.000166207767214604	Higher in TB	TRUE
GO:0002460	adaptive immune response based on somatic recombination of immune receptors built from immunoglobulin superfamily domains	322	22	0.572229588283428	8.55227613016929e-06	0.000167332434746159	Higher in TB	FALSE
GO:1901293	nucleoside phosphate biosynthetic process	286	2	0.576313137650821	9.15668809842174e-06	0.000178522947394052	Higher in TB	FALSE
GO:0019752	carboxylic acid metabolic process	668	15	0.550426606804162	9.28442304726218e-06	0.000180276729625142	Higher in TB	FALSE
GO:0006955	immune response	1713	122	0.532440493489849	9.31222102829032e-06	0.000180276729625142	Higher in TB	FALSE
GO:0032787	monocarboxylic acid metabolic process	453	10	0.560800768599079	9.51238175028735e-06	0.000183505525835368	Higher in TB	FALSE
GO:0032259	methylation	202	1	0.409631625715348	9.64615462037479e-06	0.000184995613968429	Lower in TB	FALSE
GO:0061014	positive regulation of mRNA catabolic process	114	1	0.379999130462726	9.65691909947968e-06	0.000184995613968429	Lower in TB	TRUE
GO:0045589	regulation of regulatory T cell differentiation	41	3	0.699384190514832	9.98188877465722e-06	0.000190557029455088	Higher in TB	TRUE
GO:0002251	organ or tissue specific immune response	35	8	0.715508824633872	1.02258243270814e-05	0.000194538346540808	Higher in TB	TRUE
GO:0000725	recombinational repair	185	1	0.406297000586114	1.11824505849773e-05	0.000211944855112693	Lower in TB	FALSE
GO:0160165	CD8-positive, alpha-beta T cell homeostasis	14	1	0.839008221443116	1.12178888391767e-05	0.000211944855112693	Higher in TB	TRUE
GO:0050851	antigen receptor-mediated signaling pathway	187	25	0.406826663519832	1.12609752291907e-05	0.000212030280171543	Lower in TB	FALSE
GO:0141188	nucleic acid catabolic process	362	3	0.432793165509947	1.15308055035643e-05	0.000216369858903061	Lower in TB	FALSE
GO:0002218	activation of innate immune response	288	21	0.575175461653736	1.15950729864256e-05	0.000216835752650911	Higher in TB	FALSE
GO:0006278	RNA-templated DNA biosynthetic process	60	2	0.336601131643031	1.20172885636403e-05	0.000223969669569133	Lower in TB	TRUE
GO:0010876	lipid localization	327	11	0.570268809489406	1.28326262212042e-05	0.000237482469711994	Higher in TB	FALSE
GO:0002753	cytoplasmic pattern recognition receptor signaling pathway	177	10	0.595105308792077	1.28782886847922e-05	0.000237482469711994	Higher in TB	FALSE
GO:0009893	positive regulation of metabolic process	2713	66	0.473854127145618	1.29255100736287e-05	0.000237482469711994	Lower in TB	FALSE
GO:0051028	mRNA transport	126	0	0.387464595901254	1.29489835713317e-05	0.000237482469711994	Lower in TB	TRUE
GO:0030193	regulation of blood coagulation	51	4	0.676521647585209	1.29583013666057e-05	0.000237482469711994	Higher in TB	TRUE
GO:0010557	positive regulation of macromolecule biosynthetic process	1977	54	0.470064281666859	1.30130451514706e-05	0.000237693429378025	Lower in TB	FALSE
GO:0045824	negative regulation of innate immune response	84	8	0.637374754118515	1.35167982149298e-05	0.000246077339687695	Higher in TB	TRUE
GO:0046903	secretion	638	14	0.550572441807803	1.36973803865903e-05	0.000248541905496612	Higher in TB	FALSE
GO:0010499	proteasomal ubiquitin-independent protein catabolic process	19	0	0.787845961583489	1.39892611221715e-05	0.000253003150163483	Higher in TB	TRUE
GO:0000479	endonucleolytic cleavage of tricistronic rRNA transcript (SSU-rRNA, 5.8S rRNA, LSU-rRNA)	22	0	0.232945407760461	1.44814733273977e-05	0.000261046361816501	Lower in TB	TRUE
GO:0006356	regulation of transcription by RNA polymerase I	42	1	0.306780488303511	1.47253838712957e-05	0.000264185500660694	Lower in TB	TRUE
GO:0035751	regulation of lysosomal lumen pH	30	0	0.728526225463906	1.47517185709045e-05	0.000264185500660694	Higher in TB	TRUE
GO:0016052	carbohydrate catabolic process	141	4	0.605599527059215	1.5103640563785e-05	0.00026960979162237	Higher in TB	TRUE
GO:0006801	superoxide metabolic process	49	1	0.678601284288881	1.52506406083663e-05	0.000271352822216175	Higher in TB	TRUE
GO:0043300	regulation of leukocyte degranulation	37	2	0.705318548872388	1.54683146902368e-05	0.000274007765185258	Higher in TB	TRUE
GO:0042116	macrophage activation	84	5	0.636424524629129	1.54995298240479e-05	0.000274007765185258	Higher in TB	TRUE
GO:0002765	immune response-inhibiting signal transduction	27	3	0.739382312228041	1.66509157586425e-05	0.000292668276466104	Higher in TB	TRUE
GO:0061061	muscle structure development	419	11	0.438591376923724	1.66877166530206e-05	0.000292668276466104	Lower in TB	FALSE
GO:0045071	negative regulation of viral genome replication	45	8	0.685477609002916	1.6714776065907e-05	0.000292668276466104	Higher in TB	TRUE
GO:0046649	lymphocyte activation	621	45	0.449363659350054	1.72522191570024e-05	0.000301119685476823	Lower in TB	FALSE
GO:0140352	export from cell	634	14	0.550122707023954	1.73180682774277e-05	0.000301312466421827	Higher in TB	FALSE
GO:0061013	regulation of mRNA catabolic process	191	2	0.409826277709251	1.74852096770978e-05	0.000303260829036856	Lower in TB	FALSE
GO:0061644	protein localization to CENP-A containing chromatin	11	0	0.873180235248277	1.81829861836125e-05	0.000314371251690256	Higher in TB	TRUE
GO:0001774	microglial cell activation	37	3	0.703550967674579	1.82982404497434e-05	0.000314386643727153	Higher in TB	TRUE
GO:0002269	leukocyte activation involved in inflammatory response	37	3	0.703550967674579	1.82982404497434e-05	0.000314386643727153	Higher in TB	TRUE
GO:0140719	constitutive heterochromatin formation	48	0	0.321518681554649	1.88651604289381e-05	0.000323117296069476	Lower in TB	TRUE
GO:0002385	mucosal immune response	33	7	0.715039685055241	1.90860584563524e-05	0.000325885557121196	Higher in TB	TRUE
GO:2000819	regulation of nucleotide-excision repair	28	1	0.266815284672428	1.94590385930832e-05	0.0003312253689931	Lower in TB	TRUE
GO:0050764	regulation of phagocytosis	78	4	0.639696576141355	2.00050480252401e-05	0.000339468376675216	Higher in TB	TRUE
GO:0002443	leukocyte mediated immunity	370	22	0.564474356362262	2.10687716422076e-05	0.000355942163600788	Higher in TB	FALSE
GO:0098581	detection of external biotic stimulus	22	3	0.76190824293108	2.11053374561398e-05	0.000355942163600788	Higher in TB	TRUE
GO:0006376	mRNA splice site recognition	28	0	0.267975884047313	2.14007728204501e-05	0.000358469075019107	Lower in TB	TRUE
GO:0019221	cytokine-mediated signaling pathway	404	30	0.561704945943368	2.14225232508802e-05	0.000358469075019107	Higher in TB	FALSE
GO:0032940	secretion by cell	571	14	0.552138213021821	2.14507685851739e-05	0.000358469075019107	Higher in TB	FALSE
GO:0009451	RNA modification	171	0	0.405823935683575	2.17246211269963e-05	0.000361945354412804	Lower in TB	FALSE
GO:0050818	regulation of coagulation	54	4	0.666938149619924	2.20279035489934e-05	0.00036588946740896	Higher in TB	TRUE
GO:0006956	complement activation	43	8	0.686667440487557	2.2829010939196e-05	0.000376967898043728	Higher in TB	TRUE
GO:0140895	cell surface toll-like receptor signaling pathway	59	4	0.659402787501491	2.28956924657187e-05	0.000376967898043728	Higher in TB	TRUE
GO:0060627	regulation of vesicle-mediated transport	441	11	0.558911340790772	2.29005598302301e-05	0.000376967898043728	Higher in TB	FALSE
GO:0032102	negative regulation of response to external stimulus	305	17	0.570521250973782	2.32354378946198e-05	0.000381338619536178	Higher in TB	FALSE
GO:0007032	endosome organization	95	0	0.625057854797912	2.53608742073475e-05	0.000414982399976179	Higher in TB	TRUE
GO:0006811	monoatomic ion transport	835	19	0.542975860956748	2.61662314220423e-05	0.000426890030737059	Higher in TB	FALSE
GO:0045739	positive regulation of DNA repair	130	2	0.393357887663937	2.70211092970791e-05	0.000439532718684441	Lower in TB	TRUE
GO:0046496	nicotinamide nucleotide metabolic process	132	4	0.605791794127644	2.72349714016684e-05	0.000441704639428829	Higher in TB	TRUE
GO:0006869	lipid transport	313	11	0.56874629303021	2.94564657394858e-05	0.000476328378340273	Higher in TB	FALSE
GO:0098543	detection of other organism	17	3	0.792262368262595	3.01530893178636e-05	0.000486163299324382	Higher in TB	TRUE
GO:0006405	RNA export from nucleus	90	0	0.373089063452778	3.1750120677648e-05	0.00051041568270675	Lower in TB	TRUE
GO:0061025	membrane fusion	146	2	0.599662524303425	3.25134440763986e-05	0.000521163019043846	Higher in TB	FALSE
GO:0048511	rhythmic process	204	4	0.415617914554302	3.29563890535622e-05	0.00052672740411769	Lower in TB	FALSE
GO:0009891	positive regulation of biosynthetic process	2066	55	0.472096405610635	3.4233534259537e-05	0.000545553540170825	Lower in TB	FALSE
GO:0045590	negative regulation of regulatory T cell differentiation	19	1	0.774341787899561	3.4695728357903e-05	0.000551321140207372	Higher in TB	TRUE
GO:0007623	circadian rhythm	152	3	0.402805677414222	3.56564415915331e-05	0.00056495422440994	Lower in TB	FALSE
GO:0042255	ribosome assembly	62	2	0.348231646662068	3.58543406306755e-05	0.000566457370078891	Lower in TB	TRUE
GO:0031640	killing of cells of another organism	55	12	0.66105423495467	3.60657617792803e-05	0.000566541595035667	Higher in TB	TRUE
GO:0141061	disruption of cell in another organism	55	12	0.66105423495467	3.60657617792803e-05	0.000566541595035667	Higher in TB	TRUE
GO:0097006	regulation of plasma lipoprotein particle levels	53	1	0.663897047574565	3.66993279741212e-05	0.000574851581771278	Higher in TB	TRUE
GO:1902106	negative regulation of leukocyte differentiation	86	8	0.628170934611006	3.9936097411708e-05	0.000623774612413553	Higher in TB	TRUE
GO:1900046	regulation of hemostasis	52	4	0.664609767380386	4.02396419028062e-05	0.000626735272469202	Higher in TB	TRUE
GO:0042113	B cell activation	207	14	0.417259055061059	4.11806154834747e-05	0.000639579163638825	Lower in TB	FALSE
GO:0006913	nucleocytoplasmic transport	274	1	0.428122300257747	4.29361000580364e-05	0.000663097410446865	Lower in TB	FALSE
GO:0051169	nuclear transport	274	1	0.428122300257747	4.29361000580364e-05	0.000663097410446865	Lower in TB	FALSE
GO:0000724	double-strand break repair via homologous recombination	179	1	0.411367931323908	4.35223139246148e-05	0.000670268016687765	Lower in TB	FALSE
GO:0032210	regulation of telomere maintenance via telomerase	45	2	0.324226647344032	4.51216767882202e-05	0.000692958041848142	Lower in TB	TRUE
GO:0006720	isoprenoid metabolic process	76	2	0.635241935483871	4.58606585671539e-05	0.000702345127582764	Higher in TB	TRUE
GO:0007042	lysosomal lumen acidification	24	0	0.740193187504468	4.6318694227887e-05	0.000707389391291453	Higher in TB	TRUE
GO:0002767	immune response-inhibiting cell surface receptor signaling pathway	26	3	0.730530006186843	4.72134770503896e-05	0.000719057331919784	Higher in TB	TRUE
GO:0010629	negative regulation of gene expression	1005	24	0.461932373107019	4.77525440230587e-05	0.000725258251488333	Lower in TB	FALSE
GO:0010833	telomere maintenance via telomere lengthening	70	2	0.359788701033461	4.9927303249553e-05	0.000756199210099291	Lower in TB	TRUE
GO:0090407	organophosphate biosynthetic process	549	5	0.550670371351775	5.08416069666673e-05	0.000767931744787738	Higher in TB	FALSE
GO:0001510	RNA methylation	84	0	0.372559754323416	5.41679775105778e-05	0.000815932987268923	Lower in TB	TRUE
GO:0006289	nucleotide-excision repair	85	1	0.373431166883407	5.50793592259774e-05	0.000827394308809901	Lower in TB	TRUE
GO:0140894	endolysosomal toll-like receptor signaling pathway	51	2	0.663147256217923	5.56808817395726e-05	0.000834151192926895	Higher in TB	TRUE
GO:0006979	response to oxidative stress	342	9	0.563361172831355	5.779843333098e-05	0.000863512785079605	Higher in TB	FALSE
GO:0006906	vesicle fusion	108	2	0.61202167807618	5.79549322834438e-05	0.000863512785079605	Higher in TB	TRUE
GO:1904356	regulation of telomere maintenance via telomere lengthening	54	2	0.34205062112913	5.94968198637755e-05	0.000884090582732534	Lower in TB	TRUE
GO:0000245	spliceosomal complex assembly	75	0	0.366002544666057	6.02765109155249e-05	0.000893262148284518	Lower in TB	TRUE
GO:0070269	pyroptotic inflammatory response	40	9	0.682956374758532	6.22917904216092e-05	0.000920085842157684	Higher in TB	TRUE
GO:1903707	negative regulation of hemopoiesis	88	8	0.623477145568011	6.25573504480226e-05	0.000920085842157684	Higher in TB	TRUE
GO:0032691	negative regulation of interleukin-1 beta production	26	4	0.726780779542174	6.25885967564521e-05	0.000920085842157684	Higher in TB	TRUE
GO:1903556	negative regulation of tumor necrosis factor superfamily cytokine production	50	3	0.663322237732202	6.467171110347e-05	0.000948173513725009	Higher in TB	TRUE
GO:0097529	myeloid leukocyte migration	159	6	0.591741126545962	6.60443595656979e-05	0.000965723108755869	Higher in TB	FALSE
GO:0098869	cellular oxidant detoxification	69	2	0.6387895158671	6.7149931577859e-05	0.000979284678554559	Higher in TB	TRUE
GO:0009615	response to virus	344	31	0.56261147745206	6.7359528282962e-05	0.000979742556877579	Higher in TB	FALSE
GO:0150076	neuroinflammatory response	62	4	0.646307669911998	6.77668583644042e-05	0.00098306645722294	Higher in TB	TRUE
GO:0009260	ribonucleotide biosynthetic process	152	1	0.592756622986964	7.97294206444921e-05	0.00115355882816689	Higher in TB	FALSE
GO:0046470	phosphatidylcholine metabolic process	58	0	0.649463255803616	8.25525689165385e-05	0.00118874079115961	Higher in TB	TRUE
GO:0031638	zymogen activation	39	1	0.68217207842684	8.25934853079247e-05	0.00118874079115961	Higher in TB	TRUE
GO:0000463	maturation of LSU-rRNA from tricistronic rRNA transcript (SSU-rRNA, 5.8S rRNA, LSU-rRNA)	23	0	0.263048955873749	8.35517789949367e-05	0.00119939342275238	Lower in TB	TRUE
GO:0051168	nuclear export	163	1	0.410942865882008	8.80490850767872e-05	0.00126066111914629	Lower in TB	FALSE
GO:0042752	regulation of circadian rhythm	89	2	0.380127949763124	9.30667727592562e-05	0.00132904186137764	Lower in TB	TRUE
GO:0031348	negative regulation of defense response	219	13	0.576545805714529	9.58515370232949e-05	0.0013652636024717	Higher in TB	FALSE
GO:0006260	DNA replication	295	0	0.433960270323353	9.70066450292756e-05	0.00137814608364588	Lower in TB	FALSE
GO:0005975	carbohydrate metabolic process	421	8	0.555436931670691	9.79800545137799e-05	0.00138735226433231	Higher in TB	FALSE
GO:0030100	regulation of endocytosis	239	7	0.573204509850689	9.81593362723299e-05	0.00138735226433231	Higher in TB	FALSE
GO:0006953	acute-phase response	27	5	0.716249307380199	0.000100429933604262	0.00141580455116983	Higher in TB	TRUE
GO:0010572	positive regulation of platelet activation	12	1	0.824055222174596	0.000101372829893087	0.00142544199169359	Higher in TB	TRUE
GO:0048522	positive regulation of cellular process	4437	119	0.480750847247059	0.000105221527459895	0.00147578560707782	Lower in TB	FALSE
GO:0052547	regulation of peptidase activity	18	1	0.763667059706292	0.000107457450357673	0.00150331059049997	Higher in TB	TRUE
GO:0061024	membrane organization	673	13	0.543863953993469	0.00010878189837138	0.00151797684580164	Higher in TB	FALSE
GO:0034145	positive regulation of toll-like receptor 4 signaling pathway	14	2	0.798639710948145	0.000109178012278166	0.00151964737089964	Higher in TB	TRUE
GO:0031663	lipopolysaccharide-mediated signaling pathway	52	3	0.654920037007666	0.000111365490335524	0.00154618046935534	Higher in TB	TRUE
GO:0097242	amyloid-beta clearance	33	2	0.694271470809582	0.000112270776969625	0.00155482300196221	Higher in TB	TRUE
GO:0062208	positive regulation of pattern recognition receptor signaling pathway	75	6	0.628986255219253	0.000112602677892815	0.00155550131420778	Higher in TB	TRUE
GO:0043123	positive regulation of canonical NF-kappaB signal transduction	208	9	0.577635848286433	0.000114826357391795	0.00158224389208043	Higher in TB	FALSE
GO:0140367	antibacterial innate immune response	14	2	0.797414914953228	0.000116505617558049	0.00160136971333539	Higher in TB	TRUE
GO:0000466	maturation of 5.8S rRNA from tricistronic rRNA transcript (SSU-rRNA, 5.8S rRNA, LSU-rRNA)	31	0	0.300097751710655	0.000117035577164473	0.00160464240212038	Lower in TB	TRUE
GO:1901700	response to oxygen-containing compound	1150	31	0.533841696063984	0.000117612342735995	0.00160853895612563	Higher in TB	FALSE
GO:0000154	rRNA modification	39	0	0.321839792087149	0.00011809356895281	0.00161111275955967	Lower in TB	TRUE
GO:0043414	macromolecule methylation	121	0	0.398712783749897	0.000119608746025611	0.00162774476645744	Lower in TB	TRUE
GO:2000278	regulation of DNA biosynthetic process	75	2	0.371528412450943	0.0001199211393744	0.00162796647970481	Lower in TB	TRUE
GO:0046390	ribose phosphate biosynthetic process	157	1	0.588921758097984	0.000121397190009143	0.00164394519869524	Higher in TB	FALSE
GO:0000959	mitochondrial RNA metabolic process	63	0	0.360683222768862	0.000131305163526595	0.00177374886749194	Lower in TB	TRUE
GO:0016485	protein processing	162	6	0.587031902450865	0.000133171231381679	0.00179454762288351	Higher in TB	FALSE
GO:0048518	positive regulation of biological process	4766	139	0.481517416229807	0.000136446637772632	0.00183418976643993	Lower in TB	FALSE
GO:0043412	macromolecule modification	1830	30	0.473023610216367	0.000146695597679982	0.00196357661002182	Lower in TB	FALSE
GO:0006508	proteolysis	546	18	0.547604197604198	0.00014678610162222	0.00196357661002182	Higher in TB	FALSE
GO:0002832	negative regulation of response to biotic stimulus	115	11	0.60247175587897	0.000147757510142288	0.00197177376398616	Higher in TB	TRUE
GO:0002367	cytokine production involved in immune response	84	6	0.61968025161872	0.000150003408944999	0.00199207425695556	Higher in TB	TRUE
GO:0002718	regulation of cytokine production involved in immune response	84	6	0.61968025161872	0.000150003408944999	0.00199207425695556	Higher in TB	TRUE
GO:1902459	positive regulation of stem cell population maintenance	44	2	0.335395604824544	0.000158253034195423	0.00209656670362996	Lower in TB	TRUE
GO:0043029	T cell homeostasis	33	2	0.689850280956863	0.000160318352323108	0.00211882283911646	Higher in TB	TRUE
GO:0036037	CD8-positive, alpha-beta T cell activation	36	4	0.681714949928469	0.000161221345196694	0.00212564737623842	Higher in TB	TRUE
GO:0006999	nuclear pore organization	15	0	0.21940946358716	0.000167967603179226	0.00220929636908944	Lower in TB	TRUE
GO:0050852	T cell receptor signaling pathway	130	18	0.404500244713768	0.000170813136441943	0.00224136187149833	Lower in TB	FALSE
GO:0050766	positive regulation of phagocytosis	56	2	0.645105109713058	0.00017279026192063	0.00226190680961815	Higher in TB	TRUE
GO:2000573	positive regulation of DNA biosynthetic process	41	1	0.330660244622301	0.000175501370662635	0.00229193951520942	Lower in TB	TRUE
GO:0051607	defense response to virus	266	27	0.566853785740832	0.000176841570812103	0.00230117518022603	Higher in TB	FALSE
GO:0090174	organelle membrane fusion	113	2	0.602140331490132	0.000177045671377885	0.00230117518022603	Higher in TB	TRUE
GO:0090322	regulation of superoxide metabolic process	25	1	0.715607742212214	0.000190103704407418	0.00246507114818865	Higher in TB	TRUE
GO:0007035	vacuolar acidification	34	0	0.68475517017235	0.000192732027890052	0.00248495053843615	Higher in TB	TRUE
GO:0006935	chemotaxis	326	14	0.560133230805236	0.000192992702785055	0.00248495053843615	Higher in TB	FALSE
GO:0042330	taxis	326	14	0.560133230805236	0.000192992702785055	0.00248495053843615	Higher in TB	FALSE
GO:1903312	negative regulation of mRNA metabolic process	98	1	0.391063272116899	0.000194675056600729	0.00250075575044581	Lower in TB	TRUE
GO:0006812	monoatomic cation transport	721	15	0.540771484884194	0.000200506215614737	0.00256965774696929	Higher in TB	FALSE
GO:0034220	monoatomic ion transmembrane transport	703	16	0.54123844214243	0.000202736523342795	0.00258785357759911	Higher in TB	FALSE
GO:0006575	modified amino acid metabolic process	133	2	0.593327275477158	0.000203191944845971	0.00258785357759911	Higher in TB	FALSE
GO:0051046	regulation of secretion	406	11	0.553810925876494	0.000203338076668391	0.00258785357759911	Higher in TB	FALSE
GO:0034063	stress granule assembly	33	0	0.313290064188525	0.000205561979258946	0.00260621280918002	Lower in TB	TRUE
GO:0002682	regulation of immune system process	1286	92	0.530958247218464	0.000206494834223081	0.00260621280918002	Higher in TB	FALSE
GO:0045944	positive regulation of transcription by RNA polymerase II	903	12	0.46345754840218	0.000206667568393712	0.00260621280918002	Lower in TB	FALSE
GO:0010543	regulation of platelet activation	44	3	0.661647605292947	0.000207351113124643	0.00260621280918002	Higher in TB	TRUE
GO:0006399	tRNA metabolic process	206	1	0.424967278346939	0.000207398100404705	0.00260621280918002	Lower in TB	FALSE
GO:0016045	detection of bacterium	14	3	0.786315201249292	0.000207624810916851	0.00260621280918002	Higher in TB	TRUE
GO:0002446	neutrophil mediated immunity	29	2	0.698507479246916	0.000215500504756605	0.00269891064954855	Higher in TB	TRUE
GO:1901796	regulation of signal transduction by p53 class mediator	105	3	0.395680925970086	0.000222123396487774	0.00277553280429496	Lower in TB	TRUE
GO:0045911	positive regulation of DNA recombination	61	1	0.363629718673906	0.000230120980507169	0.00286894592024584	Lower in TB	TRUE
GO:0030183	B cell differentiation	104	10	0.395523037160987	0.000232810239291748	0.00289590655119012	Lower in TB	TRUE
GO:0031167	rRNA methylation	28	0	0.299110973218116	0.000233710734198925	0.00290054540999027	Lower in TB	TRUE
GO:0051241	negative regulation of multicellular organismal process	762	30	0.539210597028615	0.00024057041141301	0.00297895522961426	Higher in TB	FALSE
GO:0030301	cholesterol transport	84	2	0.615855641955577	0.000242633185702834	0.00299120789486013	Higher in TB	TRUE
GO:0045197	establishment or maintenance of epithelial cell apical/basal polarity	30	0	0.306417819728986	0.000242648003111608	0.00299120789486013	Lower in TB	TRUE
GO:0006066	alcohol metabolic process	247	6	0.567816126800679	0.000244945021798948	0.00301276897058303	Higher in TB	FALSE
GO:0000462	maturation of SSU-rRNA from tricistronic rRNA transcript (SSU-rRNA, 5.8S rRNA, LSU-rRNA)	30	0	0.30670206299832	0.000247813942895983	0.00304125236170115	Lower in TB	TRUE
GO:0120161	regulation of cold-induced thermogenesis	122	4	0.595959600421985	0.000252695921551638	0.00309425874541404	Higher in TB	FALSE
GO:1900152	negative regulation of nuclear-transcribed mRNA catabolic process, deadenylation-dependent decay	13	0	0.206978843371706	0.000253759675843082	0.0031003793284117	Lower in TB	TRUE
GO:0000460	maturation of 5.8S rRNA	41	0	0.335205847899638	0.000261033772951037	0.00318218111681774	Lower in TB	TRUE
GO:0050866	negative regulation of cell activation	166	9	0.582135673976294	0.000262820747537029	0.00319687714592608	Higher in TB	FALSE
GO:0032206	positive regulation of telomere maintenance	70	2	0.373943121266565	0.000265822579043305	0.00322625284675517	Lower in TB	TRUE
GO:0045638	negative regulation of myeloid cell differentiation	61	5	0.634967393649578	0.000266838935774727	0.00323145477728953	Higher in TB	TRUE
GO:0033119	negative regulation of RNA splicing	32	0	0.314011880497747	0.000271190734114489	0.00327634379419072	Lower in TB	TRUE
GO:0000028	ribosomal small subunit assembly	20	1	0.26485045025729	0.000271737499118038	0.00327634379419072	Lower in TB	TRUE
GO:0032720	negative regulation of tumor necrosis factor production	48	1	0.651660135280223	0.000277924510104777	0.00333767224890713	Higher in TB	TRUE
GO:0106106	cold-induced thermogenesis	123	4	0.594929752995045	0.000278038175700157	0.00333767224890713	Higher in TB	FALSE
GO:0048878	chemical homeostasis	644	15	0.542024582247158	0.00028343699097233	0.00339506879382543	Higher in TB	FALSE
GO:0031667	response to nutrient levels	366	6	0.555310783023401	0.000284116027331693	0.00339580417015141	Higher in TB	FALSE
GO:0009648	photoperiodism	20	1	0.265646440823328	0.000285042580974937	0.00339948830846031	Lower in TB	TRUE
GO:0031047	regulatory ncRNA-mediated gene silencing	135	0	0.409591555851197	0.000288303671255629	0.00343093849472608	Lower in TB	FALSE
GO:0045806	negative regulation of endocytosis	50	2	0.648158488134865	0.00028990710169019	0.00344256856391504	Higher in TB	TRUE
GO:0033962	P-body assembly	21	0	0.271812740105423	0.000294368388752649	0.00348801164086652	Lower in TB	TRUE
GO:1903530	regulation of secretion by cell	375	11	0.554446642259986	0.000299843023225277	0.00354138103536865	Higher in TB	FALSE
GO:0141060	disruption of anatomical structure in another organism	59	12	0.636085298383198	0.000300160706162567	0.00354138103536865	Higher in TB	TRUE
GO:0016236	macroautophagy	353	4	0.555729660039651	0.000327398766974074	0.00385447199319799	Higher in TB	FALSE
GO:0008610	lipid biosynthetic process	592	9	0.543294673655075	0.000329790571296673	0.00387418298895204	Higher in TB	FALSE
GO:0010564	regulation of cell cycle process	629	12	0.457964070674673	0.000330776075518004	0.00387418298895204	Lower in TB	FALSE
GO:0120254	olefinic compound metabolic process	104	2	0.601897604334068	0.000331186977956976	0.00387418298895204	Higher in TB	TRUE
GO:0006359	regulation of transcription by RNA polymerase III	32	0	0.316888140956876	0.000337004391170838	0.00393386442177764	Lower in TB	TRUE
GO:0003013	circulatory system process	370	7	0.55416714649753	0.000352504509068652	0.00410608006538019	Higher in TB	FALSE
GO:0080134	regulation of response to stress	1187	52	0.530879320798732	0.000362119949065098	0.00420916591957698	Higher in TB	FALSE
GO:0045814	negative regulation of gene expression, epigenetic	203	1	0.427400501170794	0.000365829875269064	0.00424331783592682	Lower in TB	FALSE
GO:0048525	negative regulation of viral process	66	11	0.626820054385879	0.000367180503159314	0.00424703783990988	Higher in TB	TRUE
GO:0002183	cytoplasmic translational initiation	49	0	0.35289786715137	0.000367695527791397	0.00424703783990988	Lower in TB	TRUE
GO:0048284	organelle fusion	151	2	0.583991920708547	0.000369799914538005	0.00426238979062883	Higher in TB	FALSE
GO:1900151	regulation of nuclear-transcribed mRNA catabolic process, deadenylation-dependent decay	25	1	0.294386359980698	0.00037250423186275	0.00428457796397782	Lower in TB	TRUE
GO:0097530	granulocyte migration	103	6	0.601424240951083	0.000376830356520808	0.00432528872682965	Higher in TB	TRUE
GO:0002755	MyD88-dependent toll-like receptor signaling pathway	20	1	0.729521333619211	0.000379839383160885	0.00435074360128863	Higher in TB	TRUE
GO:0051051	negative regulation of transport	284	7	0.561234140379467	0.000389131862741365	0.00444791472214559	Higher in TB	FALSE
GO:0015850	organic hydroxy compound transport	168	5	0.57932605720049	0.000391760377242756	0.00446866919933749	Higher in TB	FALSE
GO:0045861	negative regulation of proteolysis	42	1	0.658017602232478	0.000395024041700331	0.00449656766308162	Higher in TB	TRUE
GO:0098754	detoxification	121	3	0.593249909249027	0.000397608507030967	0.00451663547862862	Higher in TB	FALSE
GO:1905664	regulation of calcium ion import across plasma membrane	11	1	0.191793098409761	0.000400336313087435	0.00453824546258705	Lower in TB	TRUE
GO:0048863	stem cell differentiation	134	3	0.411439861419899	0.00040258301694762	0.0045543239242346	Lower in TB	FALSE
GO:0048869	cellular developmental process	2792	84	0.479065181736645	0.000409609423941883	0.00462429694626792	Lower in TB	FALSE
GO:0098655	monoatomic cation transmembrane transport	605	11	0.542136686742057	0.000413126710773204	0.00465444806522761	Higher in TB	FALSE
GO:0019377	glycolipid catabolic process	18	0	0.739709507985851	0.000429628278816985	0.00483046273402	Higher in TB	TRUE
GO:0071827	plasma lipoprotein particle organization	30	1	0.685421359362151	0.000439447588193032	0.00493078130588834	Higher in TB	TRUE
GO:0072331	signal transduction by p53 class mediator	155	3	0.418334549621964	0.000452683320394713	0.00506894683407359	Lower in TB	FALSE
GO:0042119	neutrophil activation	39	3	0.662254434589038	0.000454340977635637	0.00507144968652978	Higher in TB	TRUE
GO:0042659	regulation of cell fate specification	15	0	0.238558133719165	0.000454751672509855	0.00507144968652978	Lower in TB	TRUE
GO:0030154	cell differentiation	2791	84	0.479232259543722	0.000456447009902244	0.00508005194421567	Lower in TB	FALSE
GO:0010817	regulation of hormone levels	307	6	0.558172022932703	0.000462529643476817	0.00513734945421321	Higher in TB	FALSE
GO:0016042	lipid catabolic process	260	4	0.562946309229433	0.000480621624058708	0.00532753566345721	Higher in TB	FALSE
GO:0071897	DNA biosynthetic process	141	2	0.414853248693769	0.000484699259684703	0.00536192460713581	Lower in TB	FALSE
GO:0033143	regulation of intracellular steroid hormone receptor signaling pathway	59	1	0.368826377932325	0.000492725634633777	0.00543977015906929	Lower in TB	TRUE
GO:0015931	nucleobase-containing compound transport	213	2	0.430717799003667	0.000496639869023172	0.00547199599176232	Lower in TB	FALSE
GO:0090208	positive regulation of triglyceride metabolic process	17	0	0.743892712237904	0.000498086813927268	0.00547696260594424	Higher in TB	TRUE
GO:0001732	formation of cytoplasmic translation initiation complex	15	0	0.240948144972581	0.000512699166651844	0.00562638726197972	Lower in TB	TRUE
GO:0071985	multivesicular body sorting pathway	48	1	0.644910663159402	0.000514143739845929	0.00563100056110143	Higher in TB	TRUE
GO:1901701	cellular response to oxygen-containing compound	869	23	0.53480707312901	0.000519221669606607	0.00567530962126665	Higher in TB	FALSE
GO:0000956	nuclear-transcribed mRNA catabolic process	140	2	0.415089940810161	0.000526092342905493	0.00573899940733016	Lower in TB	FALSE
GO:1905168	positive regulation of double-strand break repair via homologous recombination	41	0	0.343621692723501	0.000530780054105461	0.00576839807899657	Lower in TB	TRUE
GO:0002220	innate immune response activating cell surface receptor signaling pathway	79	5	0.612769311505939	0.000530885672603176	0.00576839807899657	Higher in TB	TRUE
GO:0006997	nucleus organization	116	4	0.406906305737218	0.000535428622541818	0.00580628514148898	Lower in TB	FALSE
GO:0002698	negative regulation of immune effector process	95	7	0.602684689226969	0.000543993712550428	0.00588317606028436	Higher in TB	TRUE
GO:0002683	negative regulation of immune system process	415	26	0.549553429753184	0.000544659260582891	0.00588317606028436	Higher in TB	FALSE
GO:0032922	circadian regulation of gene expression	57	3	0.367807644143928	0.000556666187912313	0.00600107980616058	Lower in TB	TRUE
GO:0000288	nuclear-transcribed mRNA catabolic process, deadenylation-dependent decay	68	1	0.378991009559456	0.000559951875918936	0.00602468769824327	Lower in TB	TRUE
GO:0006275	regulation of DNA replication	116	0	0.407295072829964	0.000564928098852669	0.00606635681150776	Lower in TB	FALSE
GO:0035088	establishment or maintenance of apical/basal cell polarity	33	0	0.326745435365293	0.00057197578136278	0.00611813783255362	Lower in TB	TRUE
GO:0061245	establishment or maintenance of bipolar cell polarity	33	0	0.326745435365293	0.00057197578136278	0.00611813783255362	Lower in TB	TRUE
GO:0090279	regulation of calcium ion import	29	1	0.3155226966342	0.000584736444633535	0.00624248732542753	Lower in TB	TRUE
GO:0007588	excretion	10	0	0.813870138219222	0.00058768957670674	0.00626185521847608	Higher in TB	TRUE
GO:0034142	toll-like receptor 4 signaling pathway	51	3	0.638794578233978	0.000606273857474138	0.00644737653460892	Higher in TB	TRUE
GO:0002573	myeloid leukocyte differentiation	161	13	0.57822883242226	0.00061806904338213	0.00654337487022601	Higher in TB	FALSE
GO:0002886	regulation of myeloid leukocyte mediated immunity	45	1	0.647506247055386	0.000618207378642266	0.00654337487022601	Higher in TB	TRUE
GO:0042554	superoxide anion generation	32	1	0.674845124436816	0.000618871395510645	0.00654337487022601	Higher in TB	TRUE
GO:0002695	negative regulation of leukocyte activation	149	8	0.581269926024887	0.000620153909596466	0.00654434970242105	Higher in TB	FALSE
GO:0032200	telomere organization	172	2	0.424326858303421	0.000621714025960924	0.00654824466423977	Lower in TB	FALSE
GO:0045671	negative regulation of osteoclast differentiation	21	3	0.715636048040229	0.000623731606610445	0.00655693379186276	Higher in TB	TRUE
GO:2001238	positive regulation of extrinsic apoptotic signaling pathway	38	2	0.660087483974449	0.000637944018584857	0.00669354239347241	Higher in TB	TRUE
GO:0140888	interferon-mediated signaling pathway	83	10	0.608417859033617	0.00064040856229064	0.00670660242947417	Higher in TB	TRUE
GO:0006641	triglyceride metabolic process	67	2	0.620586411806837	0.00064258199939693	0.00671657002411467	Higher in TB	TRUE
GO:0001659	temperature homeostasis	155	5	0.579413081227761	0.000648286309907098	0.00676333611360384	Higher in TB	FALSE
GO:0050854	regulation of antigen receptor-mediated signaling pathway	69	11	0.381494263885416	0.000665055569326473	0.00692514303060028	Lower in TB	TRUE
GO:0036230	granulocyte activation	47	3	0.643398590392696	0.000671065897958734	0.0069618227081246	Higher in TB	TRUE
GO:0045063	T-helper 1 cell differentiation	35	3	0.666118463908282	0.00067111059208913	0.0069618227081246	Higher in TB	TRUE
GO:0046394	carboxylic acid biosynthetic process	244	9	0.563109017460724	0.000692796474577539	0.00717324862001377	Higher in TB	FALSE
GO:0001562	response to protozoan	15	4	0.752639194041048	0.000703954449448263	0.00724897370831762	Higher in TB	TRUE
GO:0042832	defense response to protozoan	15	4	0.752639194041048	0.000703954449448263	0.00724897370831762	Higher in TB	TRUE
GO:0071346	cellular response to type II interferon	66	8	0.620603943790403	0.000704065471124338	0.00724897370831762	Higher in TB	TRUE
GO:0015918	sterol transport	87	2	0.605079756103443	0.000706065987401638	0.00725598280137235	Higher in TB	TRUE
GO:0034162	toll-like receptor 9 signaling pathway	27	1	0.688187034157328	0.000712278810105493	0.00730617331708956	Higher in TB	TRUE
GO:0045807	positive regulation of endocytosis	123	3	0.588361446596194	0.000715839430221799	0.00732902269526899	Higher in TB	FALSE
GO:0002275	myeloid cell activation involved in immune response	80	6	0.609282910303291	0.000728436348151229	0.00743147595817824	Higher in TB	TRUE
GO:0006631	fatty acid metabolic process	297	3	0.557040195377428	0.000730215060473993	0.00743147595817824	Higher in TB	FALSE
GO:0030518	nuclear receptor-mediated steroid hormone signaling pathway	113	4	0.407995922996502	0.000731252908944057	0.00743147595817824	Lower in TB	FALSE
GO:0043401	steroid hormone receptor signaling pathway	113	4	0.407995922996502	0.000731252908944057	0.00743147595817824	Lower in TB	FALSE
GO:0042417	dopamine metabolic process	19	0	0.723701841837267	0.000735496784880052	0.00746081424957662	Higher in TB	TRUE
GO:0042088	T-helper 1 type immune response	58	4	0.628048125469975	0.000744108353435191	0.00753426837419278	Higher in TB	TRUE
GO:0051179	localization	4130	84	0.5171515496135	0.000752589672661896	0.00760613606671895	Higher in TB	FALSE
GO:0016053	organic acid biosynthetic process	246	9	0.562407968626621	0.000756421891845216	0.00761870387515867	Higher in TB	FALSE
GO:0015718	monocarboxylic acid transport	112	3	0.592154650321667	0.000756604640930636	0.00761870387515867	Higher in TB	FALSE
GO:0050821	protein stabilization	206	5	0.431908473988257	0.000760906508245001	0.0076480145929269	Lower in TB	FALSE
GO:0043153	entrainment of circadian clock by photoperiod	19	1	0.276972379493516	0.000763169465196561	0.00765230745172584	Lower in TB	TRUE
GO:0072525	pyridine-containing compound biosynthetic process	21	0	0.712131306556394	0.000764117277373133	0.00765230745172584	Higher in TB	TRUE
GO:1990845	adaptive thermogenesis	135	4	0.583825236163298	0.000774961129080598	0.00773569190664834	Higher in TB	FALSE
GO:0030521	androgen receptor signaling pathway	36	0	0.338109501669051	0.000775257591954026	0.00773569190664834	Lower in TB	TRUE
GO:0006413	translational initiation	119	1	0.410912007201975	0.000791657844427466	0.00788502686351849	Lower in TB	FALSE
GO:0002224	toll-like receptor signaling pathway	74	4	0.612729813998495	0.000800822308013149	0.00796188254874556	Higher in TB	TRUE
GO:0002534	cytokine production involved in inflammatory response	53	4	0.632906762686433	0.000817149871823908	0.00809133106455646	Higher in TB	TRUE
GO:1900015	regulation of cytokine production involved in inflammatory response	53	4	0.632906762686433	0.000817149871823908	0.00809133106455646	Higher in TB	TRUE
GO:0090207	regulation of triglyceride metabolic process	30	0	0.676525796417462	0.000818257561275626	0.00809133106455646	Higher in TB	TRUE
GO:0016055	Wnt signaling pathway	333	5	0.44668192152246	0.00083728012930596	0.0082645711865784	Lower in TB	FALSE
GO:0141193	nuclear receptor-mediated signaling pathway	150	5	0.421021627262586	0.000846305837451645	0.00833869085001639	Lower in TB	FALSE
GO:0010867	positive regulation of triglyceride biosynthetic process	13	0	0.766951475358484	0.000859312322621486	0.00845169794234871	Higher in TB	TRUE
GO:0016188	synaptic vesicle maturation	22	0	0.705152197432673	0.000864551133640479	0.0084822289471337	Higher in TB	TRUE
GO:0001818	negative regulation of cytokine production	245	15	0.561840687661316	0.00086550208063696	0.0084822289471337	Higher in TB	FALSE
GO:0051452	intracellular pH reduction	52	1	0.633513621794872	0.000867148178696597	0.00848323965564749	Higher in TB	TRUE
GO:0070887	cellular response to chemical stimulus	1577	43	0.525289797491374	0.000872315822011194	0.00850512198420806	Higher in TB	FALSE
GO:0045945	positive regulation of transcription by RNA polymerase III	20	0	0.285010184391081	0.000872478864876928	0.00850512198420806	Lower in TB	TRUE
GO:0006898	receptor-mediated endocytosis	224	9	0.564526735390666	0.000883456589244158	0.00859689261533519	Higher in TB	FALSE
GO:2001252	positive regulation of chromosome organization	95	2	0.401433269412161	0.000902038935780597	0.0087622086023352	Lower in TB	FALSE
GO:0045066	regulatory T cell differentiation	47	3	0.639854584992742	0.000909641787759874	0.00882047715891321	Higher in TB	TRUE
GO:0031507	heterochromatin formation	179	1	0.428176636223359	0.000924077265461597	0.00894467747448567	Lower in TB	FALSE
GO:0031342	negative regulation of cell killing	30	3	0.674587936644142	0.000933606526556607	0.0090210345922816	Higher in TB	TRUE
GO:1901658	glycosyl compound catabolic process	18	0	0.72526530174724	0.000936285009905502	0.00903104383238675	Higher in TB	TRUE
GO:0016556	mRNA modification	23	0	0.300748917880094	0.000939444315764367	0.0090456477199168	Lower in TB	TRUE
GO:0009435	NAD+ biosynthetic process	15	0	0.74618723541075	0.000961661339967446	0.00924338120129548	Higher in TB	TRUE
GO:0002523	leukocyte migration involved in inflammatory response	14	2	0.754619777393328	0.000970647632335453	0.00929778465425281	Higher in TB	TRUE
GO:0006749	glutathione metabolic process	36	0	0.658875774916547	0.000970703599771028	0.00929778465425281	Higher in TB	TRUE
GO:0000018	regulation of DNA recombination	110	2	0.40912567449786	0.000995506089311012	0.0095187695287512	Lower in TB	FALSE
GO:0016101	diterpenoid metabolic process	51	1	0.63311698907751	0.00100711365522588	0.00961303971602756	Higher in TB	TRUE
GO:0051056	regulation of small GTPase mediated signal transduction	271	1	0.442028728355743	0.00103175526862566	0.00983117931872418	Lower in TB	FALSE
GO:0033108	mitochondrial respiratory chain complex assembly	93	0	0.598404484616822	0.00104151532102814	0.00990700905711544	Higher in TB	FALSE
GO:0002449	lymphocyte mediated immunity	291	19	0.555836550602005	0.00106165237465672	0.0100811135679838	Higher in TB	FALSE
GO:0031647	regulation of protein stability	316	9	0.446393335815339	0.00106443626966735	0.0100901217424674	Lower in TB	FALSE
GO:0002762	negative regulation of myeloid leukocyte differentiation	34	5	0.662039228307995	0.00107567314779233	0.0101790894433085	Higher in TB	TRUE
GO:1990748	cellular detoxification	98	2	0.595304189067165	0.00111581219528945	0.0105407825596243	Higher in TB	FALSE
GO:0006027	glycosaminoglycan catabolic process	20	1	0.710414879931389	0.00112248077477117	0.0105855905655093	Higher in TB	TRUE
GO:0002283	neutrophil activation involved in immune response	14	3	0.751393205444218	0.00112558821478803	0.0105967191864805	Higher in TB	TRUE
GO:0140694	membraneless organelle assembly	371	5	0.450705660524609	0.00112931432402802	0.0106136241940275	Lower in TB	FALSE
GO:0045786	negative regulation of cell cycle	326	9	0.447585630464218	0.0011561711005572	0.0108474892676852	Lower in TB	FALSE
GO:0045916	negative regulation of complement activation	13	3	0.7600352816556	0.0011679388592809	0.0109392297245765	Higher in TB	TRUE
GO:0046514	ceramide catabolic process	18	0	0.720581579542883	0.00119444781661038	0.0111684933600746	Higher in TB	TRUE
GO:0030099	myeloid cell differentiation	311	18	0.553466111880998	0.00120013358754933	0.0112026052026252	Higher in TB	FALSE
GO:0019370	leukotriene biosynthetic process	11	1	0.78178895842973	0.00121030472100103	0.0112783989085825	Higher in TB	TRUE
GO:0046456	icosanoid biosynthetic process	41	5	0.645957318709221	0.00122140753262467	0.0113626034084103	Higher in TB	TRUE
GO:0030574	collagen catabolic process	29	1	0.673352281868397	0.00123258963698958	0.0114472598381228	Higher in TB	TRUE
GO:0002703	regulation of leukocyte mediated immunity	197	11	0.566719307937148	0.00125221936754505	0.0116099529220281	Higher in TB	FALSE
GO:0007399	nervous system development	1573	26	0.475505927420265	0.00128050178868247	0.0118521865895222	Lower in TB	FALSE
GO:0061760	antifungal innate immune response	15	1	0.740078238036547	0.00128376899473404	0.0118624570303323	Higher in TB	TRUE
GO:0050686	negative regulation of mRNA processing	27	0	0.321137266818	0.00129494755068934	0.0119456738820302	Lower in TB	TRUE
GO:0006721	terpenoid metabolic process	67	1	0.613621398087749	0.00130062834220657	0.0119779809471553	Higher in TB	TRUE
GO:0042073	intraciliary transport	50	0	0.368593364114678	0.00130725968388136	0.0120189193009695	Lower in TB	TRUE
GO:0046479	glycosphingolipid catabolic process	16	0	0.731842845659164	0.00132263280536105	0.012139958537354	Higher in TB	TRUE
GO:0032239	regulation of nucleobase-containing compound transport	17	0	0.27515502690706	0.00132800476956971	0.0121584394877455	Lower in TB	TRUE
GO:0045292	mRNA cis splicing, via spliceosome	29	0	0.327820135623184	0.00133023490532938	0.0121584394877455	Lower in TB	TRUE
GO:0006958	complement activation, classical pathway	30	6	0.669278486896207	0.00133128056959309	0.0121584394877455	Higher in TB	TRUE
GO:0000963	mitochondrial RNA processing	30	0	0.33075726697415	0.00133442255448402	0.0121669240539853	Lower in TB	TRUE
GO:0032509	endosome transport via multivesicular body sorting pathway	42	1	0.643028360855988	0.00134003042609243	0.0121978266269142	Higher in TB	TRUE
GO:0009636	response to toxic substance	185	4	0.568389881417841	0.00134488599794991	0.0122217904408737	Higher in TB	FALSE
GO:0006638	neutral lipid metabolic process	88	2	0.598806414695698	0.00135928799984475	0.0123119693956284	Higher in TB	FALSE
GO:0006639	acylglycerol metabolic process	88	2	0.598806414695698	0.00135928799984475	0.0123119693956284	Higher in TB	FALSE
GO:0045921	positive regulation of exocytosis	66	1	0.613699868106101	0.00140295699605941	0.0126866078360767	Higher in TB	TRUE
GO:0120162	positive regulation of cold-induced thermogenesis	80	4	0.603256748763175	0.00141126115865919	0.0127407452386014	Higher in TB	TRUE
GO:0036257	multivesicular body organization	32	0	0.662750080454838	0.00144054247323422	0.0129837746194127	Higher in TB	TRUE
GO:0060326	cell chemotaxis	226	9	0.561462455332518	0.00146638329657356	0.0131834836801288	Higher in TB	FALSE
GO:0035019	somatic stem cell population maintenance	13	2	0.245215749797007	0.00146749581888665	0.0131834836801288	Lower in TB	TRUE
GO:0032543	mitochondrial translation	129	0	0.580986164209678	0.00149705426499058	0.0134126311552574	Higher in TB	FALSE
GO:0044282	small molecule catabolic process	293	3	0.553973204580059	0.00149788205335177	0.0134126311552574	Higher in TB	FALSE
GO:0017157	regulation of exocytosis	141	4	0.577469881592617	0.00150097146294059	0.0134184408182884	Higher in TB	FALSE
GO:0034308	primary alcohol metabolic process	70	1	0.609591376053808	0.00152331026102281	0.0135785721045992	Higher in TB	TRUE
GO:0030449	regulation of complement activation	19	4	0.710059438675479	0.00152382302447029	0.0135785721045992	Higher in TB	TRUE
GO:0050819	negative regulation of coagulation	37	2	0.650517731637963	0.00153300482351471	0.0136382856305564	Higher in TB	TRUE
GO:0001676	long-chain fatty acid metabolic process	81	1	0.601772014911748	0.00154575157500592	0.0137294703705695	Higher in TB	TRUE
GO:0046460	neutral lipid biosynthetic process	38	2	0.648122680883989	0.00157923149562111	0.0139816662849032	Higher in TB	TRUE
GO:0046463	acylglycerol biosynthetic process	38	2	0.648122680883989	0.00157923149562111	0.0139816662849032	Higher in TB	TRUE
GO:0002444	myeloid leukocyte mediated immunity	91	3	0.595824944493225	0.00158443297166544	0.0140051647559752	Higher in TB	FALSE
GO:0007249	canonical NF-kappaB signal transduction	302	14	0.552883897992917	0.00159041946729799	0.0140355156199107	Higher in TB	FALSE
GO:0032502	developmental process	4089	104	0.483884793883833	0.00160638486913872	0.0141536923245588	Lower in TB	FALSE
GO:0042730	fibrinolysis	17	1	0.720838075301936	0.00161792448139231	0.0142325580779119	Higher in TB	TRUE
GO:0051642	centrosome localization	21	2	0.301430741151996	0.00163096212532706	0.0143014828788647	Lower in TB	TRUE
GO:0061842	microtubule organizing center localization	21	2	0.301430741151996	0.00163096212532706	0.0143014828788647	Lower in TB	TRUE
GO:0035456	response to interferon-beta	30	7	0.665635167506883	0.0016890159658578	0.0147754099041341	Higher in TB	TRUE
GO:0090077	foam cell differentiation	30	1	0.665622653652258	0.00169038429059665	0.0147754099041341	Higher in TB	TRUE
GO:0050793	regulation of developmental process	1681	52	0.476856142207903	0.00171518682778525	0.0149684082208942	Lower in TB	FALSE
GO:0097191	extrinsic apoptotic signaling pathway	161	7	0.571536591952471	0.00174400333222047	0.0151957691292363	Higher in TB	FALSE
GO:0043122	regulation of canonical NF-kappaB signal transduction	290	14	0.553448463411066	0.00175795811445179	0.0152931229640125	Higher in TB	FALSE
GO:0030595	leukocyte chemotaxis	171	9	0.569273359025773	0.00178698974085001	0.015513568624113	Higher in TB	FALSE
GO:0010742	macrophage derived foam cell differentiation	28	1	0.670518094625237	0.00178894188935752	0.015513568624113	Higher in TB	TRUE
GO:0010743	regulation of macrophage derived foam cell differentiation	24	1	0.684117878332976	0.0017933845271485	0.015527603354744	Higher in TB	TRUE
GO:0071677	positive regulation of mononuclear cell migration	76	1	0.603458545557442	0.00182131133849772	0.0157446065079567	Higher in TB	TRUE
GO:0045005	DNA-templated DNA replication maintenance of fidelity	67	0	0.389983822624745	0.00184693578393689	0.0159303128308231	Lower in TB	TRUE
GO:0022607	cellular component assembly	2690	43	0.481268554222863	0.00184858850237634	0.0159303128308231	Lower in TB	FALSE
GO:2000767	positive regulation of cytoplasmic translation	17	0	0.281948783586536	0.0018527717364421	0.0159413755977444	Lower in TB	TRUE
GO:0048512	circadian behavior	27	0	0.327442837765107	0.00191128669938193	0.0164191473018779	Lower in TB	TRUE
GO:0071383	cellular response to steroid hormone stimulus	161	5	0.429094422350184	0.00191525908859632	0.016427604475979	Lower in TB	FALSE
GO:0030195	negative regulation of blood coagulation	35	2	0.651467195965882	0.00192773847306338	0.0164647910995549	Higher in TB	TRUE
GO:1900047	negative regulation of hemostasis	35	2	0.651467195965882	0.00192773847306338	0.0164647910995549	Higher in TB	TRUE
GO:0030641	regulation of cellular pH	83	1	0.598481485777456	0.0019285786591694	0.0164647910995549	Higher in TB	FALSE
GO:0006012	galactose metabolic process	11	0	0.769724569563841	0.00194913148992804	0.0166144572583323	Higher in TB	TRUE
GO:0072376	protein activation cascade	18	2	0.710850871237837	0.00195315990715317	0.0166230234822417	Higher in TB	TRUE
GO:0019359	nicotinamide nucleotide biosynthetic process	18	0	0.710499517633187	0.00198744153571995	0.0168625826595498	Higher in TB	TRUE
GO:0019363	pyridine nucleotide biosynthetic process	18	0	0.710499517633187	0.00198744153571995	0.0168625826595498	Higher in TB	TRUE
GO:0042117	monocyte activation	11	2	0.769135231230061	0.00199411818628348	0.0168931614609962	Higher in TB	TRUE
GO:0002281	macrophage activation involved in immune response	16	3	0.723067390139336	0.00200505707065957	0.0169596981145943	Higher in TB	TRUE
GO:0006885	regulation of pH	85	1	0.596930836236383	0.0020111751677987	0.016985316547707	Higher in TB	FALSE
GO:0170062	nutrient storage	68	1	0.608282806888878	0.00201884841869293	0.0170239702545609	Higher in TB	TRUE
GO:0070475	rRNA base methylation	10	0	0.218241722918676	0.00203163147841699	0.0171055281291525	Lower in TB	TRUE
GO:0010256	endomembrane system organization	508	9	0.540040548927421	0.00204688712437395	0.0172076229507767	Higher in TB	FALSE
GO:1903532	positive regulation of secretion by cell	204	4	0.562634809229019	0.00205657429469852	0.0172626648431335	Higher in TB	FALSE
GO:0048025	negative regulation of mRNA splicing, via spliceosome	26	0	0.325516601361105	0.00207178178139388	0.0173638052349139	Lower in TB	TRUE
GO:0097237	cellular response to toxic substance	105	2	0.586940211440777	0.00208890259765449	0.0174806491353187	Higher in TB	FALSE
GO:0010569	regulation of double-strand break repair via homologous recombination	78	0	0.399271633839867	0.0021038928865114	0.0175793360030998	Lower in TB	TRUE
GO:0051036	regulation of endosome size	11	0	0.76731364001656	0.00213926109041696	0.0178477351670902	Higher in TB	TRUE
GO:0030217	T cell differentiation	238	24	0.442268023382474	0.00217323320607311	0.0180994917981476	Lower in TB	FALSE
GO:0071639	positive regulation of monocyte chemotactic protein-1 production	10	3	0.779888567448837	0.00217602111287296	0.0180994917981476	Higher in TB	TRUE
GO:1905523	positive regulation of macrophage migration	21	1	0.693132187208842	0.00218360976767107	0.0181351759858845	Higher in TB	TRUE
GO:1905517	macrophage migration	41	1	0.638036215618394	0.00222572593282688	0.0184570756842869	Higher in TB	TRUE
GO:0051453	regulation of intracellular pH	81	1	0.598253878149908	0.00223929604068784	0.0185381580492801	Higher in TB	FALSE
GO:0030030	cell projection organization	1141	13	0.473047394631046	0.0022441776878123	0.0185381580492801	Lower in TB	FALSE
GO:0001909	leukocyte mediated cytotoxicity	112	4	0.583603633761197	0.00224561899978548	0.0185381580492801	Higher in TB	FALSE
GO:0070828	heterochromatin organization	188	1	0.435382180045481	0.0022611259188434	0.0186381863595218	Lower in TB	FALSE
GO:0034504	protein localization to nucleus	253	8	0.444220459088453	0.00226965373955842	0.0186674091935854	Lower in TB	FALSE
GO:0070555	response to interleukin-1	92	6	0.592091256620936	0.00227146175891391	0.0186674091935854	Higher in TB	FALSE
GO:0002921	negative regulation of humoral immune response	15	3	0.727360091456335	0.00229585442379876	0.0188397128687247	Higher in TB	TRUE
GO:1905906	regulation of amyloid fibril formation	14	1	0.73506514383698	0.00232259816790181	0.019030767104507	Higher in TB	TRUE
GO:0046831	regulation of RNA export from nucleus	16	0	0.280838022508039	0.00240223344724239	0.0196539873406826	Lower in TB	TRUE
GO:0043922	host-mediated suppression of viral transcription	13	0	0.257061483230909	0.00242024954153066	0.0197505334344404	Lower in TB	TRUE
GO:0060337	type I interferon-mediated signaling pathway	62	8	0.611384251187972	0.00242121854034427	0.0197505334344404	Higher in TB	TRUE
GO:0030168	platelet activation	105	8	0.58547658792126	0.0024823340889164	0.0202190708457221	Higher in TB	FALSE
GO:0050857	positive regulation of antigen receptor-mediated signaling pathway	22	1	0.313712876594832	0.00248696077131319	0.020226790415207	Lower in TB	TRUE
GO:0003073	regulation of systemic arterial blood pressure	44	1	0.631691810765448	0.00250790706387871	0.0203670207344242	Higher in TB	TRUE
GO:0006584	catecholamine metabolic process	24	0	0.677961255271999	0.00254397054451228	0.0205990427889963	Higher in TB	TRUE
GO:0009712	catechol-containing compound metabolic process	24	0	0.677961255271999	0.00254397054451228	0.0205990427889963	Higher in TB	TRUE
GO:0046434	organophosphate catabolic process	204	6	0.561290962898802	0.00256290079020305	0.0207218066831417	Higher in TB	FALSE
GO:0048568	embryonic organ development	161	1	0.431165933949811	0.00259181417866377	0.0209248081560843	Lower in TB	FALSE
GO:0030194	positive regulation of blood coagulation	21	2	0.689788260519968	0.00260388811454448	0.0209388456267477	Higher in TB	TRUE
GO:1900048	positive regulation of hemostasis	21	2	0.689788260519968	0.00260388811454448	0.0209388456267477	Higher in TB	TRUE
GO:2001198	regulation of dendritic cell differentiation	12	0	0.750995677953993	0.0026049782482167	0.0209388456267477	Higher in TB	TRUE
GO:0009790	embryo development	434	3	0.457818893655549	0.00262627874235352	0.0210792416430068	Lower in TB	FALSE
GO:0002819	regulation of adaptive immune response	170	9	0.566891183145689	0.0026352609673459	0.0211205026216731	Higher in TB	FALSE
GO:0006790	sulfur compound metabolic process	217	3	0.559180477945518	0.00267981559409147	0.0214463262537335	Higher in TB	FALSE
GO:0010721	negative regulation of cell development	160	9	0.568778691402031	0.00269354264029631	0.021524850924926	Higher in TB	FALSE
GO:0007229	integrin-mediated signaling pathway	89	5	0.592013386183287	0.00270193676793373	0.0215605926706817	Higher in TB	FALSE
GO:0036258	multivesicular body assembly	31	0	0.655573145096411	0.00271759565730467	0.0216541172809581	Higher in TB	TRUE
GO:0006739	NADP+ metabolic process	33	0	0.650646355200343	0.00274374160803648	0.0218154750068181	Higher in TB	TRUE
GO:0006400	tRNA modification	96	0	0.41154355041263	0.00274899124240154	0.0218154750068181	Lower in TB	FALSE
GO:0140588	chromatin looping	15	0	0.276737581051391	0.00275280596116755	0.0218154750068181	Lower in TB	TRUE
GO:0006261	DNA-templated DNA replication	161	0	0.431587281086512	0.00275371765273404	0.0218154750068181	Lower in TB	FALSE
GO:0002920	regulation of humoral immune response	27	4	0.666402527789197	0.00276266399008795	0.0218548584424512	Higher in TB	TRUE
GO:0002376	immune system process	2265	137	0.519355765119045	0.00277862878180524	0.0219495704631684	Higher in TB	FALSE
GO:0060765	regulation of androgen receptor signaling pathway	25	0	0.327330438046217	0.00280237143220815	0.0221053631768729	Lower in TB	TRUE
GO:1903305	regulation of regulated secretory pathway	93	2	0.589623768746901	0.00282217922300543	0.0222297154270542	Higher in TB	FALSE
GO:0061339	establishment or maintenance of monopolar cell polarity	15	0	0.277519961416859	0.00284897376637678	0.0224086663341052	Lower in TB	TRUE
GO:2001236	regulation of extrinsic apoptotic signaling pathway	105	7	0.584278611557703	0.0028536013649938	0.022413000435337	Higher in TB	FALSE
GO:0071347	cellular response to interleukin-1	72	5	0.601670190401108	0.0028578877945078	0.0224146463540711	Higher in TB	TRUE
GO:0045995	regulation of embryonic development	71	0	0.397645642735748	0.00286512264032031	0.0224393793112266	Lower in TB	TRUE
GO:0019915	lipid storage	66	1	0.60608991581587	0.00288000578614045	0.0225137860483617	Higher in TB	TRUE
GO:0050853	B cell receptor signaling pathway	69	9	0.396244050275609	0.00288281290979386	0.0225137860483617	Lower in TB	TRUE
GO:0033120	positive regulation of RNA splicing	25	0	0.328222615409361	0.00294730230044433	0.0229847773728268	Lower in TB	TRUE
GO:0051047	positive regulation of secretion	216	4	0.558675414309217	0.00297941812974223	0.0232023241888425	Higher in TB	FALSE
GO:0097028	dendritic cell differentiation	28	1	0.662060657596372	0.00299455581927344	0.0232735361506882	Higher in TB	TRUE
GO:0009755	hormone-mediated signaling pathway	154	5	0.430668618715266	0.00299702866400277	0.0232735361506882	Lower in TB	FALSE
GO:0034694	response to prostaglandin	22	0	0.317275358928624	0.00300647025800421	0.0233139259217308	Lower in TB	TRUE
GO:0046642	negative regulation of alpha-beta T cell proliferation	12	1	0.747222817545364	0.00302078989087629	0.0233919758028702	Higher in TB	TRUE
GO:0016064	immunoglobulin mediated immune response	144	10	0.571573269659688	0.00303998599306277	0.0235075147536696	Higher in TB	FALSE
GO:0075522	IRES-dependent viral translational initiation	11	0	0.242144996712369	0.00306096178481932	0.0236364717597424	Lower in TB	TRUE
GO:0042987	amyloid precursor protein catabolic process	55	1	0.615187154288169	0.00312913017334582	0.0241289729215362	Higher in TB	TRUE
GO:0008015	blood circulation	301	5	0.549559156552987	0.0031336189836606	0.0241297439386078	Higher in TB	FALSE
GO:0006691	leukotriene metabolic process	22	1	0.681725586518124	0.00316897819240336	0.0243678910515156	Higher in TB	TRUE
GO:0006809	nitric oxide biosynthetic process	60	3	0.610135546483312	0.0031735773260495	0.0243691733779611	Higher in TB	TRUE
GO:0035194	regulatory ncRNA-mediated post-transcriptional gene silencing	77	0	0.402889276968529	0.00322194130492853	0.0247060436464394	Lower in TB	FALSE
GO:0022616	DNA strand elongation	37	0	0.360096455702443	0.00323022639234418	0.0247350761909587	Lower in TB	TRUE
GO:0002687	positive regulation of leukocyte migration	112	3	0.580546641733616	0.00324069619872924	0.0247807339368754	Higher in TB	FALSE
GO:0010457	centriole-centriole cohesion	15	0	0.280567315077791	0.00325349717434438	0.0248440659229797	Lower in TB	TRUE
GO:0042402	biogenic amine catabolic process	13	0	0.735383461311769	0.0032947425513592	0.0251241255858154	Higher in TB	TRUE
GO:0072330	monocarboxylic acid biosynthetic process	174	4	0.564582952821503	0.00331158946352095	0.0252176161640418	Higher in TB	FALSE
GO:0001913	T cell mediated cytotoxicity	39	1	0.635880100654474	0.00332076146545313	0.0252524848368759	Higher in TB	TRUE
GO:0019724	B cell mediated immunity	149	10	0.569701103740125	0.00333089041882428	0.0252729004367686	Higher in TB	FALSE
GO:0000226	microtubule cytoskeleton organization	553	4	0.463420893534526	0.0033326396538118	0.0252729004367686	Lower in TB	FALSE
GO:0002822	regulation of adaptive immune response based on somatic recombination of immune receptors built from immunoglobulin superfamily domains	158	8	0.56767175556865	0.00334559507300569	0.0253362007043875	Higher in TB	FALSE
GO:0042180	ketone metabolic process	154	4	0.568486825775456	0.00336908850975615	0.0254790214946895	Higher in TB	FALSE
GO:0071825	protein-lipid complex organization	32	1	0.649436480905385	0.00343637503956651	0.0259521840213416	Higher in TB	TRUE
GO:0050855	regulation of B cell receptor signaling pathway	20	3	0.311251072041166	0.00347322031036102	0.0261762497577383	Lower in TB	TRUE
GO:0032388	positive regulation of intracellular transport	132	2	0.426313665124062	0.00347556608278446	0.0261762497577383	Lower in TB	FALSE
GO:0009074	aromatic amino acid family catabolic process	17	0	0.70451414393937	0.00350463139195023	0.0263590470491688	Higher in TB	TRUE
GO:0006825	copper ion transport	14	0	0.725075401503437	0.00354420845235937	0.0266202979113003	Higher in TB	TRUE
GO:0000054	ribosomal subunit export from nucleus	13	0	0.266533123951545	0.00355823601254204	0.0266528359631555	Lower in TB	TRUE
GO:0033750	ribosome localization	13	0	0.266533123951545	0.00355823601254204	0.0266528359631555	Lower in TB	TRUE
GO:0002709	regulation of T cell mediated immunity	86	6	0.59086843389169	0.00358766918361075	0.026836741729921	Higher in TB	FALSE
GO:0034154	toll-like receptor 7 signaling pathway	11	1	0.752901638945036	0.00367655685707047	0.0274642793480617	Higher in TB	TRUE
GO:0031123	RNA 3'-end processing	90	0	0.411427956526418	0.00368822774233423	0.027514078870222	Lower in TB	FALSE
GO:0051250	negative regulation of lymphocyte activation	127	8	0.574502180434627	0.0037500325617883	0.0279372344508293	Higher in TB	FALSE
GO:0045727	positive regulation of translation	119	2	0.423082095908903	0.00376412653343255	0.0280042864422357	Lower in TB	FALSE
GO:1900182	positive regulation of protein localization to nucleus	76	2	0.403933927560838	0.00378995914737441	0.0281583721517088	Lower in TB	FALSE
GO:0048246	macrophage chemotaxis	30	1	0.652606457148986	0.00381480441864723	0.0283047161858603	Higher in TB	TRUE
GO:0009308	amine metabolic process	54	0	0.613792129579907	0.00382318327008213	0.0283164653410668	Higher in TB	TRUE
GO:2000765	regulation of cytoplasmic translation	39	0	0.366180867119859	0.00383000339908952	0.0283164653410668	Lower in TB	TRUE
GO:0031297	replication fork processing	59	0	0.391162442200176	0.00383637601633986	0.0283164653410668	Lower in TB	TRUE
GO:0048856	anatomical structure development	3669	99	0.484629404252032	0.00384016386597209	0.0283164653410668	Lower in TB	FALSE
GO:0120031	plasma membrane bounded cell projection assembly	478	6	0.461331099421933	0.00384213953154526	0.0283164653410668	Lower in TB	FALSE
GO:0072574	hepatocyte proliferation	12	1	0.740793327618231	0.00387099585595996	0.0284730862673344	Higher in TB	TRUE
GO:0002544	chronic inflammatory response	10	2	0.76374156219865	0.00387374836812771	0.0284730862673344	Higher in TB	TRUE
GO:1903531	negative regulation of secretion by cell	96	4	0.585242868675996	0.00390536120481277	0.0286671240374641	Higher in TB	FALSE
GO:2000736	regulation of stem cell differentiation	56	2	0.388562605493325	0.00392205706477988	0.0286873972026084	Lower in TB	TRUE
GO:0019882	antigen processing and presentation	91	3	0.587500849970584	0.00392206940882422	0.0286873972026084	Higher in TB	FALSE
GO:0034389	lipid droplet organization	34	0	0.642925209993878	0.0039237764089417	0.0286873972026084	Higher in TB	TRUE
GO:0042100	B cell proliferation	67	9	0.398152715384868	0.00394413365938263	0.0287779732755966	Lower in TB	TRUE
GO:1903027	regulation of opsonization	10	1	0.763195114111218	0.00394809318057643	0.0287779732755966	Higher in TB	TRUE
GO:0006690	icosanoid metabolic process	82	5	0.592079270260273	0.00395186791980273	0.0287779732755966	Higher in TB	FALSE
GO:0006793	phosphorus metabolic process	1543	27	0.522094819989197	0.0039822467117383	0.0289225791560597	Higher in TB	FALSE
GO:0006796	phosphate-containing compound metabolic process	1543	27	0.522094819989197	0.0039822467117383	0.0289225791560597	Higher in TB	FALSE
GO:0120036	plasma membrane bounded cell projection organization	1102	12	0.474228757752801	0.00404364408602987	0.0293297561807285	Lower in TB	FALSE
GO:0060759	regulation of response to cytokine stimulus	153	13	0.567314121747243	0.00407379176372102	0.0295094955427381	Higher in TB	FALSE
GO:0051048	negative regulation of secretion	109	4	0.57963744494894	0.00408286714117634	0.0295165500532558	Higher in TB	FALSE
GO:0034367	protein-containing complex remodeling	18	0	0.695480639820869	0.00408550283567255	0.0295165500532558	Higher in TB	TRUE
GO:0045663	positive regulation of myoblast differentiation	33	2	0.355668469276794	0.00411082884226797	0.0296605472110096	Lower in TB	TRUE
GO:0007034	vacuolar transport	165	3	0.564724987435808	0.0041406191479243	0.0297860613430693	Higher in TB	FALSE
GO:0097401	synaptic vesicle lumen acidification	15	0	0.713773824196631	0.00414613382901141	0.0297860613430693	Higher in TB	TRUE
GO:0030317	flagellated sperm motility	128	1	0.573395295314859	0.00414989505070773	0.0297860613430693	Higher in TB	FALSE
GO:0097722	sperm motility	128	1	0.573395295314859	0.00414989505070773	0.0297860613430693	Higher in TB	FALSE
GO:0051043	regulation of membrane protein ectodomain proteolysis	21	1	0.680545238733392	0.00417855367589648	0.029952657249125	Higher in TB	TRUE
GO:0001523	retinoid metabolic process	48	1	0.619460623792141	0.00419282288454803	0.0300144481086594	Higher in TB	TRUE
GO:0036297	interstrand cross-link repair	41	0	0.37078536978018	0.00419809214178958	0.0300144481086594	Lower in TB	TRUE
GO:0007020	microtubule nucleation	51	0	0.384188445848138	0.0042228642762065	0.0301523477799783	Lower in TB	TRUE
GO:1902369	negative regulation of RNA catabolic process	84	1	0.409715392180969	0.00423765021475083	0.0302130699740999	Lower in TB	FALSE
GO:1902882	regulation of response to oxidative stress	25	0	0.665212589137312	0.0042423590432894	0.0302130699740999	Higher in TB	TRUE
GO:0030214	hyaluronan catabolic process	13	0	0.728797002707949	0.00428236548868877	0.0304585322856544	Higher in TB	TRUE
GO:1903900	regulation of viral life cycle	100	10	0.582472545219638	0.00438309371833601	0.0311346889708157	Higher in TB	FALSE
GO:0050778	positive regulation of immune response	662	60	0.532529667257792	0.00440763801395794	0.0312686371622461	Higher in TB	FALSE
GO:0032784	regulation of DNA-templated transcription elongation	103	0	0.4187961541417	0.0044147506710909	0.0312787360691466	Lower in TB	FALSE
GO:0048662	negative regulation of smooth muscle cell proliferation	32	0	0.645371835443038	0.00442499011687891	0.0313109339287005	Higher in TB	TRUE
GO:0033993	response to lipid	641	25	0.533013160836941	0.00443854715732184	0.0313664939215366	Higher in TB	FALSE
GO:1990266	neutrophil migration	79	6	0.592544870786972	0.00446489062304023	0.0315121548722403	Higher in TB	FALSE
GO:0042110	T cell activation	442	37	0.460511465577954	0.00448909381333982	0.0316291060124733	Lower in TB	FALSE
GO:0045862	positive regulation of proteolysis	60	5	0.606062884973499	0.00449296685990208	0.0316291060124733	Higher in TB	TRUE
GO:0052548	regulation of endopeptidase activity	10	1	0.759375334833387	0.00450501792771107	0.0316642257484674	Higher in TB	TRUE
GO:0010804	negative regulation of tumor necrosis factor-mediated signaling pathway	20	2	0.683434283876501	0.00450947412896507	0.0316642257484674	Higher in TB	TRUE
GO:0050801	monoatomic ion homeostasis	353	8	0.54403365234394	0.00453096400858333	0.031774540968356	Higher in TB	FALSE
GO:1903307	positive regulation of regulated secretory pathway	36	1	0.636558178350024	0.00457568567792066	0.0320213275350078	Higher in TB	TRUE
GO:0051240	positive regulation of multicellular organismal process	1206	64	0.524369328704693	0.00457814592847838	0.0320213275350078	Higher in TB	FALSE
GO:0045730	respiratory burst	30	0	0.649538775072402	0.00458362764096965	0.0320213275350078	Higher in TB	TRUE
GO:0006026	aminoglycan catabolic process	25	1	0.663732775722481	0.00459777215888879	0.0320793798598611	Higher in TB	TRUE
GO:0006346	DNA methylation-dependent constitutive heterochromatin formation	25	0	0.336400193019141	0.00463099264450533	0.0322702123694428	Lower in TB	TRUE
GO:0070316	regulation of G0 to G1 transition	31	1	0.353139733042673	0.00465343310086886	0.0323855382133886	Lower in TB	TRUE
GO:0006383	transcription by RNA polymerase III	62	0	0.396113573896859	0.00467157424456259	0.0324597460026177	Lower in TB	TRUE
GO:0019432	triglyceride biosynthetic process	33	2	0.642270476041865	0.00467590375301441	0.0324597460026177	Higher in TB	TRUE
GO:0061041	regulation of wound healing	98	4	0.582660311406294	0.00469678335763613	0.0325635749057798	Higher in TB	FALSE
GO:0006271	DNA strand elongation involved in DNA replication	15	0	0.28928067449047	0.00471536828938514	0.0326512529660447	Lower in TB	TRUE
GO:0006518	peptide metabolic process	41	1	0.627517064008848	0.00472409735532664	0.0326705500120577	Higher in TB	TRUE
GO:0036151	phosphatidylcholine acyl-chain remodeling	14	0	0.717872070058331	0.00476083725124288	0.0328832703609715	Higher in TB	TRUE
GO:0043302	positive regulation of leukocyte degranulation	20	1	0.682222877358491	0.00478180554807528	0.0329866585988932	Higher in TB	TRUE
GO:0034377	plasma lipoprotein particle assembly	16	1	0.703255627009646	0.00487639787450078	0.033597036984969	Higher in TB	TRUE
GO:1903034	regulation of response to wounding	122	6	0.573798323723222	0.00488731773278928	0.0336301287795688	Higher in TB	FALSE
GO:0002699	positive regulation of immune effector process	187	8	0.559702358072136	0.00489480505849116	0.0336395477644805	Higher in TB	FALSE
GO:0046488	phosphatidylinositol metabolic process	137	1	0.430399831800627	0.00492997076847995	0.0338389254495665	Lower in TB	FALSE
GO:0010866	regulation of triglyceride biosynthetic process	18	0	0.691234620835864	0.0049678416901302	0.0340486467690617	Higher in TB	TRUE
GO:0033619	membrane protein proteolysis	53	1	0.611537366555254	0.00497291075946826	0.0340486467690617	Higher in TB	TRUE
GO:1900407	regulation of cellular response to oxidative stress	14	0	0.716739133763033	0.00498336454732384	0.034077783931824	Higher in TB	TRUE
GO:0008217	regulation of blood pressure	93	1	0.584254657540508	0.00499185485801612	0.0340911276667045	Higher in TB	FALSE
GO:0006887	exocytosis	286	7	0.548290344783004	0.00499771715157582	0.0340911276667045	Higher in TB	FALSE
GO:0022617	extracellular matrix disassembly	51	2	0.61361547572049	0.00500420152435166	0.0340930606950253	Higher in TB	TRUE
GO:0016441	post-transcriptional gene silencing	82	0	0.410428750947722	0.00505543865355877	0.0343995070758244	Lower in TB	FALSE
GO:0007622	rhythmic behavior	28	0	0.346977079119936	0.00506672887526618	0.0344337149026124	Lower in TB	TRUE
GO:0043921	host-mediated perturbation of viral transcription	28	0	0.347015382729668	0.00507776067081964	0.0344660841582301	Lower in TB	TRUE
GO:0071621	granulocyte chemotaxis	86	5	0.58734691069217	0.00511904965046628	0.0346661944683972	Higher in TB	FALSE
GO:0018958	phenol-containing compound metabolic process	56	0	0.608154634034065	0.00511985265702775	0.0346661944683972	Higher in TB	TRUE
GO:0051301	cell division	562	9	0.46541584987448	0.00515832062486144	0.0348836983954345	Lower in TB	FALSE
GO:0019076	viral release from host cell	26	0	0.657931532274696	0.00531014166252608	0.0358222808105134	Higher in TB	TRUE
GO:0035891	exit from host cell	26	0	0.657931532274696	0.00531014166252608	0.0358222808105134	Higher in TB	TRUE
GO:0055080	monoatomic cation homeostasis	346	8	0.543582332888691	0.00540155419607302	0.0363942953063842	Higher in TB	FALSE
GO:0006576	biogenic amine metabolic process	46	0	0.618540689397652	0.00540990922728501	0.0364059742125006	Higher in TB	TRUE
GO:0032682	negative regulation of chemokine production	20	3	0.679607096912521	0.00542124860026316	0.0364376831347761	Higher in TB	TRUE
GO:0043374	CD8-positive, alpha-beta T cell differentiation	24	3	0.663905568661091	0.00544110568157641	0.0365264945510465	Higher in TB	TRUE
GO:0042692	muscle cell differentiation	262	8	0.450089004632221	0.00545603022544508	0.0365820172920696	Lower in TB	FALSE
GO:0010453	regulation of cell fate commitment	28	0	0.348369415333701	0.00548195915849759	0.0367110979944211	Lower in TB	TRUE
GO:0043277	apoptotic cell clearance	33	1	0.639468221885215	0.00555695921837374	0.0371680800275168	Higher in TB	TRUE
GO:0050900	leukocyte migration	283	17	0.547935062866711	0.00556958090014392	0.0372072366816419	Higher in TB	FALSE
GO:0034134	toll-like receptor 2 signaling pathway	16	0	0.700010048231511	0.00560329331366272	0.0373870226195602	Higher in TB	TRUE
GO:0032928	regulation of superoxide anion generation	18	1	0.688227272185896	0.00569340862931877	0.0378963203922453	Higher in TB	TRUE
GO:0032930	positive regulation of superoxide anion generation	18	1	0.688227272185896	0.00569340862931877	0.0378963203922453	Higher in TB	TRUE
GO:0006672	ceramide metabolic process	85	0	0.586718431119422	0.00572428048553819	0.0380103387944787	Higher in TB	FALSE
GO:0120034	positive regulation of plasma membrane bounded cell projection assembly	96	1	0.418381660387513	0.005727174611835	0.0380103387944787	Lower in TB	FALSE
GO:0048513	animal organ development	1529	35	0.478713191510656	0.00573127880331445	0.0380103387944787	Lower in TB	FALSE
GO:0043368	positive T cell selection	35	4	0.365187336669553	0.00577734513816588	0.0382696910477542	Lower in TB	TRUE
GO:0030031	cell projection assembly	490	6	0.463574469708702	0.0058479290585878	0.0386641004910554	Lower in TB	FALSE
GO:1901264	carbohydrate derivative transport	82	3	0.588054893133636	0.00585095154757331	0.0386641004910554	Higher in TB	FALSE
GO:2000402	negative regulation of lymphocyte migration	14	0	0.287398380207297	0.00587818250049551	0.0387974158316018	Lower in TB	TRUE
GO:0070647	protein modification by small protein conjugation or removal	798	11	0.471238085144621	0.00589273317366389	0.0388468189314197	Lower in TB	FALSE
GO:0071354	cellular response to interleukin-6	29	2	0.647703337691373	0.00590268286732432	0.0388658088677235	Higher in TB	TRUE
GO:0050820	positive regulation of coagulation	22	2	0.669515190502646	0.00591277657282374	0.0388857004753408	Higher in TB	TRUE
GO:0090280	positive regulation of calcium ion import	17	1	0.30756329542911	0.00601067212101235	0.0394822883169963	Lower in TB	TRUE
GO:0002716	negative regulation of natural killer cell mediated immunity	23	1	0.665231609788844	0.00608343396657718	0.0398649820598824	Higher in TB	TRUE
GO:0045953	negative regulation of natural killer cell mediated cytotoxicity	23	1	0.665231609788844	0.00608343396657718	0.0398649820598824	Higher in TB	TRUE
GO:0060412	ventricular septum morphogenesis	24	0	0.338346200586175	0.00611592980634547	0.0400302167562945	Lower in TB	TRUE
GO:0034085	establishment of sister chromatid cohesion	10	0	0.249983927997428	0.00618229339181792	0.040416467381944	Lower in TB	TRUE
GO:0006354	DNA-templated transcription elongation	163	0	0.437834266022318	0.00619495993549605	0.0404511754457925	Lower in TB	FALSE
GO:0006509	membrane protein ectodomain proteolysis	40	1	0.624973170208199	0.00623796371400842	0.0406594420769597	Higher in TB	TRUE
GO:0070527	platelet aggregation	57	2	0.604731254528717	0.00624164589177045	0.0406594420769597	Higher in TB	TRUE
GO:0030033	microvillus assembly	13	1	0.281029103244181	0.00625900640321905	0.040724280715856	Lower in TB	TRUE
GO:0030212	hyaluronan metabolic process	25	2	0.657897163690955	0.00627724721798306	0.0407946870029207	Higher in TB	TRUE
GO:0015732	prostaglandin transport	12	1	0.727733426203743	0.00629849503334534	0.0408844459189288	Higher in TB	TRUE
GO:0048871	multicellular organismal-level homeostasis	536	21	0.53449445852326	0.00640327477738589	0.0415155716109288	Higher in TB	FALSE
GO:0060760	positive regulation of response to cytokine stimulus	60	5	0.601727904311703	0.00642678231696525	0.0415546912464925	Higher in TB	TRUE
GO:0016567	protein ubiquitination	639	9	0.468333784067405	0.00643030601837859	0.0415546912464925	Lower in TB	FALSE
GO:0055070	copper ion homeostasis	16	1	0.696744372990354	0.00643198294848402	0.0415546912464925	Higher in TB	TRUE
GO:0045023	G0 to G1 transition	33	1	0.363254385836588	0.00655371959818309	0.0422914910220782	Lower in TB	TRUE
GO:0007062	sister chromatid cohesion	56	0	0.395135798680374	0.00664306077713454	0.0428177586784123	Lower in TB	TRUE
GO:0034695	response to prostaglandin E	15	0	0.297693942804066	0.00666703100833781	0.0429049973110858	Lower in TB	TRUE
GO:0006687	glycosphingolipid metabolic process	58	0	0.602990802375158	0.00667220311039984	0.0429049973110858	Higher in TB	TRUE
GO:2001235	positive regulation of apoptotic signaling pathway	95	7	0.580535861477061	0.0066838909904563	0.0429299447027205	Higher in TB	FALSE
GO:0006450	regulation of translational fidelity	16	0	0.304283896034298	0.006714859164862	0.0430785247239338	Lower in TB	TRUE
GO:0051292	nuclear pore complex assembly	10	0	0.252817957784207	0.00679112790373453	0.0435170410428117	Lower in TB	TRUE
GO:0003081	regulation of systemic arterial blood pressure by renin-angiotensin	16	0	0.695280680600214	0.00683797777686257	0.0437228496924335	Higher in TB	TRUE
GO:0017148	negative regulation of translation	124	2	0.429651094047768	0.00683915073399287	0.0437228496924335	Lower in TB	FALSE
GO:0048002	antigen processing and presentation of peptide antigen	57	2	0.603464862812275	0.00689776480076576	0.0440037898308611	Higher in TB	TRUE
GO:0045664	regulation of neuron differentiation	72	1	0.407906603119998	0.00689910273448569	0.0440037898308611	Lower in TB	FALSE
GO:0003281	ventricular septum development	33	0	0.364304418426609	0.00697924737831269	0.0444177855856256	Lower in TB	TRUE
GO:0061763	multivesicular body-lysosome fusion	11	0	0.734890290529187	0.00698016856056394	0.0444177855856256	Higher in TB	TRUE
GO:0034612	response to tumor necrosis factor	179	16	0.558452027401091	0.00701870880189714	0.0446113999917116	Higher in TB	FALSE
GO:0090382	phagosome maturation	25	1	0.655675298911586	0.00704987130778711	0.0447577280025561	Higher in TB	TRUE
GO:0010324	membrane invagination	58	2	0.602251806742455	0.00707461216785998	0.0448237307513155	Higher in TB	TRUE
GO:0006090	pyruvate metabolic process	96	3	0.579556871187657	0.00707657298874897	0.0448237307513155	Higher in TB	FALSE
GO:0071715	icosanoid transport	32	1	0.637455414610599	0.0071202336633045	0.0450064003278023	Higher in TB	TRUE
GO:0140448	signaling receptor ligand precursor processing	29	1	0.644369159872255	0.00712401822797526	0.0450064003278023	Higher in TB	TRUE
GO:0043299	leukocyte degranulation	66	3	0.595782651881523	0.00712996993188719	0.0450064003278023	Higher in TB	FALSE
GO:0090646	mitochondrial tRNA processing	18	0	0.316891175664892	0.00715059797281348	0.0450485562880057	Lower in TB	TRUE
GO:0008202	steroid metabolic process	204	7	0.554661957897061	0.0071530355837448	0.0450485562880057	Higher in TB	FALSE
GO:0002922	positive regulation of humoral immune response	10	2	0.745430193935498	0.00719391316563689	0.0452541585636975	Higher in TB	TRUE
GO:0097494	regulation of vesicle size	17	0	0.688105093583604	0.00724515767678513	0.0455244307508167	Higher in TB	TRUE
GO:0009159	deoxyribonucleoside monophosphate catabolic process	13	1	0.714981102057135	0.00727295213498902	0.0456469073495087	Higher in TB	TRUE
GO:0000077	DNA damage checkpoint signaling	107	4	0.42489618160707	0.00728799780889612	0.0456891812466487	Lower in TB	FALSE
GO:0006995	cellular response to nitrogen starvation	10	0	0.7449212471874	0.00731488361390475	0.0457533903404418	Higher in TB	TRUE
GO:0043562	cellular response to nitrogen levels	10	0	0.7449212471874	0.00731488361390475	0.0457533903404418	Higher in TB	TRUE
GO:0033344	cholesterol efflux	39	1	0.623986197844651	0.00737668030985872	0.0460874867540946	Higher in TB	TRUE
GO:0008033	tRNA processing	139	0	0.434184324332086	0.00740882012710518	0.0461939210848388	Lower in TB	FALSE
GO:0140112	extracellular vesicle biogenesis	23	0	0.661290059414618	0.0074105198975678	0.0461939210848388	Higher in TB	TRUE
GO:0042403	thyroid hormone metabolic process	16	0	0.693311227224009	0.00742056494033116	0.0461967727039672	Higher in TB	TRUE
GO:0043691	reverse cholesterol transport	13	1	0.714416430699986	0.00742778229725483	0.0461967727039672	Higher in TB	TRUE
GO:0001991	regulation of systemic arterial blood pressure by circulatory renin-angiotensin	13	0	0.714251563150454	0.00747354242667875	0.0464256872558214	Higher in TB	TRUE
GO:0050868	negative regulation of T cell activation	108	7	0.57451290152712	0.00748147670219312	0.0464256872558214	Higher in TB	FALSE
GO:0071692	protein localization to extracellular region	231	5	0.551087297088924	0.0075182660499471	0.0465975891743274	Higher in TB	FALSE
GO:0036211	protein modification process	1644	28	0.48007414696138	0.00752612935372912	0.0465975891743274	Lower in TB	FALSE
GO:0002369	T cell cytokine production	36	4	0.628598891273248	0.00758030464058934	0.0468275448471463	Higher in TB	TRUE
GO:0002724	regulation of T cell cytokine production	36	4	0.628598891273248	0.00758030464058934	0.0468275448471463	Higher in TB	TRUE
GO:0007275	multicellular organism development	2804	66	0.484240363708527	0.00770015808667071	0.0475145557357077	Lower in TB	FALSE
GO:0008299	isoprenoid biosynthetic process	25	1	0.65388451021393	0.00773362065788397	0.0476675407814418	Higher in TB	TRUE
GO:0006446	regulation of translational initiation	85	1	0.416456413128427	0.00776760066055526	0.047823368904516	Lower in TB	FALSE
GO:0009649	entrainment of circadian clock	22	1	0.336111192335059	0.00778585224070382	0.0478821203796304	Lower in TB	TRUE
GO:0035592	establishment of protein localization to extracellular region	232	5	0.550718998422064	0.00782876248255326	0.0480922191386345	Higher in TB	FALSE
GO:0045324	late endosome to vacuole transport	35	0	0.629869642186578	0.00783837409028876	0.0480975231567049	Higher in TB	TRUE
GO:1903131	mononuclear cell differentiation	386	34	0.46053323399349	0.00785868327072989	0.0481683841945071	Lower in TB	FALSE
GO:0002456	T cell mediated immunity	108	8	0.573882087063367	0.00800228011525395	0.0489174440810133	Higher in TB	FALSE
GO:0032621	interleukin-18 production	11	2	0.730881815746536	0.00800758451671735	0.0489174440810133	Higher in TB	TRUE
GO:0032661	regulation of interleukin-18 production	11	2	0.730881815746536	0.00800758451671735	0.0489174440810133	Higher in TB	TRUE
GO:1900016	negative regulation of cytokine production involved in inflammatory response	28	1	0.644693800943801	0.00804432467592675	0.0490855063660969	Higher in TB	TRUE
GO:0034368	protein-lipid complex remodeling	17	0	0.685583049340643	0.00806453243328065	0.0490855063660969	Higher in TB	TRUE
GO:0034369	plasma lipoprotein particle remodeling	17	0	0.685583049340643	0.00806453243328065	0.0490855063660969	Higher in TB	TRUE
GO:0060070	canonical Wnt signaling pathway	234	5	0.449702555575021	0.00808586850457255	0.0490855063660969	Lower in TB	FALSE
GO:0051044	positive regulation of membrane protein ectodomain proteolysis	13	1	0.712120650072748	0.0080881623620821	0.0490855063660969	Higher in TB	TRUE
GO:0015908	fatty acid transport	72	2	0.590275538116056	0.00808866292609745	0.0490855063660969	Higher in TB	FALSE
GO:0033209	tumor necrosis factor-mediated signaling pathway	103	11	0.575505000211707	0.00811845118151644	0.0492119565556531	Higher in TB	FALSE
GO:0001914	regulation of T cell mediated cytotoxicity	34	1	0.631139678272339	0.00813553318389015	0.0492611910187534	Higher in TB	TRUE
GO:2001057	reactive nitrogen species metabolic process	69	3	0.592103018733015	0.00816230980665944	0.0493245830030784	Higher in TB	FALSE
GO:0051128	regulation of cellular component organization	2020	45	0.482008683577291	0.0081639451678431	0.0493245830030784	Lower in TB	FALSE
GO:0009653	anatomical structure morphogenesis	1548	38	0.479757671980661	0.008241345320193	0.0497375593528223	Lower in TB	FALSE
GO:0009191	ribonucleoside diphosphate catabolic process	81	3	0.584841272212429	0.00830857983680433	0.0500883464284542	Higher in TB	FALSE
GO:0043687	post-translational protein modification	851	12	0.473277111491637	0.00833597124279135	0.0501984336175978	Lower in TB	FALSE
GO:0002700	regulation of production of molecular mediator of immune response	124	9	0.568574468973	0.00838013168165408	0.0503953789163818	Higher in TB	FALSE
GO:0061162	establishment of monopolar cell polarity	14	0	0.296538420319366	0.00838700831365757	0.0503953789163818	Lower in TB	FALSE
GO:0090596	sensory organ morphogenesis	92	1	0.420665743322915	0.00855310040130673	0.0513372772995463	Lower in TB	FALSE
GO:0007517	muscle organ development	171	2	0.441735835581027	0.00861108113731484	0.0515853187716188	Lower in TB	FALSE
GO:0015711	organic anion transport	302	7	0.543997168472294	0.00861319072978284	0.0515853187716188	Higher in TB	FALSE
GO:1990173	protein localization to nucleoplasm	14	1	0.297300090328705	0.00863412573283434	0.0516544322950198	Lower in TB	FALSE
GO:0080135	regulation of cellular response to stress	470	6	0.46462003407808	0.00870794747926975	0.0520394513489403	Lower in TB	FALSE
GO:0035089	establishment of apical/basal cell polarity	13	0	0.28993195091893	0.00872258562745678	0.0520703320084228	Lower in TB	FALSE
GO:0045766	positive regulation of angiogenesis	128	7	0.567134933685573	0.00874075234320615	0.0521221869663204	Higher in TB	FALSE
GO:0010755	regulation of plasminogen activation	17	0	0.683578024167489	0.0087741118160154	0.0522644276971318	Higher in TB	FALSE
GO:0046032	ADP catabolic process	76	3	0.586946802490096	0.00878506359521714	0.0522730299204587	Higher in TB	FALSE
GO:0006633	fatty acid biosynthetic process	133	3	0.56575429838145	0.00885936930581788	0.0525851490078368	Higher in TB	FALSE
GO:0046890	regulation of lipid biosynthetic process	143	3	0.563412684008378	0.00887861301112314	0.0525851490078368	Higher in TB	FALSE
GO:0072378	blood coagulation, fibrin clot formation	15	1	0.695107443331011	0.00888375049688217	0.0525851490078368	Higher in TB	FALSE
GO:0009137	purine nucleoside diphosphate catabolic process	78	3	0.585702625868235	0.0088853407472318	0.0525851490078368	Higher in TB	FALSE
GO:0009181	purine ribonucleoside diphosphate catabolic process	78	3	0.585702625868235	0.0088853407472318	0.0525851490078368	Higher in TB	FALSE
GO:0001959	regulation of cytokine-mediated signaling pathway	142	12	0.563523908097338	0.00899690484616089	0.053188153595906	Higher in TB	FALSE
GO:0046165	alcohol biosynthetic process	111	0	0.57169380530544	0.00908836067069374	0.0536711138211323	Higher in TB	FALSE
GO:0061952	midbody abscission	22	0	0.660523699523378	0.00914527474560001	0.0539492709777992	Higher in TB	FALSE
GO:0070613	regulation of protein processing	40	2	0.618901588323675	0.00926473300876429	0.0545953934428575	Higher in TB	FALSE
GO:0035196	miRNA processing	40	0	0.381279512770981	0.00937236116098598	0.0551647905685227	Lower in TB	FALSE
GO:0031664	regulation of lipopolysaccharide-mediated signaling pathway	27	2	0.644433322807498	0.0093814258242213	0.0551647905685227	Higher in TB	FALSE
GO:0009072	aromatic amino acid metabolic process	30	0	0.63689263112732	0.0094540931678484	0.0555326968342206	Higher in TB	FALSE
GO:0009306	protein secretion	230	5	0.549625935162095	0.00957101949362604	0.0561595145954706	Higher in TB	FALSE
GO:0072006	nephron development	79	2	0.415727866819407	0.00962180437702277	0.0563973139284341	Lower in TB	FALSE
GO:0006096	glycolytic process	74	3	0.586987885638568	0.00968268463468291	0.0566937168492936	Higher in TB	FALSE
GO:0048699	generation of neurons	878	14	0.474205018044821	0.00974730631819964	0.0570113724866613	Lower in TB	FALSE
GO:0043304	regulation of mast cell degranulation	21	0	0.662692243876913	0.00984810490742616	0.0575397245281924	Higher in TB	FALSE
GO:0002455	humoral immune response mediated by circulating immunoglobulin	35	7	0.62594128150697	0.00992234471021525	0.0579119439668402	Higher in TB	FALSE
GO:0032490	detection of molecule of bacterial origin	11	0	0.72442831746341	0.00994808526199176	0.0580006073917611	Higher in TB	FALSE
GO:0010745	negative regulation of macrophage derived foam cell differentiation	11	0	0.723994837201373	0.0100923239132991	0.0587792339780914	Higher in TB	FALSE
GO:0060245	detection of cell density	10	0	0.734811957569913	0.0101273871814109	0.0589210314533305	Higher in TB	FALSE
GO:1904872	regulation of telomerase RNA localization to Cajal body	12	0	0.285692598942706	0.010147360954474	0.0589748314246277	Lower in TB	FALSE
GO:0060294	cilium movement involved in cell motility	140	1	0.562896525679758	0.0102218431209276	0.0593179576238527	Higher in TB	FALSE
GO:0034502	protein localization to chromosome	103	1	0.4267505968315	0.0102279781424904	0.0593179576238527	Lower in TB	FALSE
GO:0045428	regulation of nitric oxide biosynthetic process	47	3	0.608240640593538	0.0102507516765218	0.0593323585409201	Higher in TB	FALSE
GO:0000289	nuclear-transcribed mRNA poly(A) tail shortening	33	1	0.370874436582745	0.0102520444914285	0.0593323585409201	Lower in TB	FALSE
GO:0050792	regulation of viral process	123	11	0.567003605140886	0.0102989643432698	0.0595412260350131	Higher in TB	FALSE
GO:0043903	regulation of biological process involved in symbiotic interaction	28	2	0.640026506097935	0.0103259914704066	0.0596347700675372	Higher in TB	FALSE
GO:0002260	lymphocyte homeostasis	49	4	0.605691978836953	0.0104838488115331	0.0604828969211006	Higher in TB	FALSE
GO:0044782	cilium organization	356	3	0.460519141602473	0.0105973244534692	0.0610322765700876	Lower in TB	FALSE
GO:0001911	negative regulation of leukocyte mediated cytotoxicity	27	1	0.642083877002639	0.0106012775781072	0.0610322765700876	Higher in TB	FALSE
GO:0050870	positive regulation of T cell activation	199	15	0.447436076306194	0.0106232531303745	0.0610948176891205	Lower in TB	FALSE
GO:0080164	regulation of nitric oxide metabolic process	50	3	0.604388489208633	0.0106652794266788	0.0612724203635112	Higher in TB	FALSE
GO:0031053	primary miRNA processing	16	0	0.315695337620579	0.0106917727687982	0.0613605080196792	Lower in TB	FALSE
GO:0061333	renal tubule morphogenesis	26	0	0.355405238193442	0.0107048817342016	0.0613716785971223	Lower in TB	FALSE
GO:0019725	cellular homeostasis	515	10	0.532911504060499	0.010732904226177	0.0614682369120012	Higher in TB	FALSE
GO:0009261	ribonucleotide catabolic process	109	3	0.570606921721136	0.010894956110252	0.0623313930220247	Higher in TB	FALSE
GO:1902117	positive regulation of organelle assembly	76	2	0.41554117147708	0.0109175479864805	0.0623957160391576	Lower in TB	FALSE
GO:0031341	regulation of cell killing	83	4	0.580811926239892	0.0109393732106653	0.0624555284654598	Higher in TB	FALSE
GO:0046209	nitric oxide metabolic process	67	3	0.589887095234772	0.0109564834229878	0.0624883255804845	Higher in TB	FALSE
GO:2001233	regulation of apoptotic signaling pathway	261	14	0.545769680097954	0.0109769535202122	0.0625401973617894	Higher in TB	FALSE
GO:0106074	aminoacyl-tRNA metabolism involved in translational fidelity	12	0	0.28800542934705	0.0109898130319255	0.0625486460140026	Lower in TB	FALSE
GO:0042053	regulation of dopamine metabolic process	11	0	0.721272191510606	0.0110416113335319	0.0627136147848742	Higher in TB	FALSE
GO:0042069	regulation of catecholamine metabolic process	11	0	0.721272191510606	0.0110416113335319	0.0627136147848742	Higher in TB	FALSE
GO:0097212	lysosomal membrane organization	17	0	0.677988543614026	0.0110555814909086	0.0627281599969198	Higher in TB	FALSE
GO:0006686	sphingomyelin biosynthetic process	12	0	0.711748999857122	0.011082814667325	0.0628178505576832	Higher in TB	FALSE
GO:1905907	negative regulation of amyloid fibril formation	10	1	0.73181720775742	0.0111280126610105	0.0630090768385537	Higher in TB	FALSE
GO:0006836	neurotransmitter transport	151	3	0.559771920887292	0.0112780093599461	0.0637550791706574	Higher in TB	FALSE
GO:0090199	regulation of release of cytochrome c from mitochondria	40	5	0.61577994204765	0.0112829559900054	0.0637550791706574	Higher in TB	FALSE
GO:0043525	positive regulation of neuron apoptotic process	50	4	0.603476860302803	0.0113679825495303	0.0641695770609011	Higher in TB	FALSE
GO:0035195	miRNA-mediated post-transcriptional gene silencing	68	0	0.41130712280613	0.0114427226826349	0.0645252198042323	Lower in TB	FALSE
GO:0060037	pharyngeal system development	10	0	0.26923818707811	0.0115010336712796	0.0647875851687449	Lower in TB	FALSE
GO:0090316	positive regulation of intracellular protein transport	84	1	0.420349766412589	0.0116343370294919	0.0654714278281948	Lower in TB	FALSE
GO:0009416	response to light stimulus	196	4	0.447738868274583	0.011698151023519	0.0657632252835457	Lower in TB	FALSE
GO:0042982	amyloid precursor protein metabolic process	69	1	0.587766174955195	0.011711418201384	0.0657705590104282	Higher in TB	FALSE
GO:0009166	nucleotide catabolic process	132	5	0.563549918947891	0.0117279785469495	0.0657963531133963	Higher in TB	FALSE
GO:0031570	DNA integrity checkpoint signaling	120	4	0.433486473377883	0.011875813448704	0.0665578209388118	Lower in TB	FALSE
GO:0046173	polyol biosynthetic process	48	0	0.60494059122468	0.0118946378752967	0.0665954369026283	Higher in TB	FALSE
GO:0031639	plasminogen activation	20	0	0.662408876500858	0.0119170250442993	0.0666529030453279	Higher in TB	FALSE
GO:0006873	intracellular monoatomic ion homeostasis	312	6	0.541436282805266	0.0119345741976462	0.0666832204661167	Higher in TB	FALSE
GO:0032511	late endosome to vacuole transport via multivesicular body sorting pathway	26	0	0.642367498453289	0.011975179950795	0.0668014698557524	Higher in TB	FALSE
GO:0046660	female sex differentiation	40	2	0.614816752522	0.0119800380643456	0.0668014698557524	Higher in TB	FALSE
GO:0097734	extracellular exosome biogenesis	21	0	0.658329823486618	0.012008071304566	0.066889945321686	Higher in TB	FALSE
GO:0060993	kidney morphogenesis	35	1	0.377344869603869	0.0120306939447615	0.0669481329031364	Lower in TB	FALSE
GO:0048710	regulation of astrocyte differentiation	13	0	0.299156290315268	0.012156414200135	0.0675793379902349	Lower in TB	FALSE
GO:1904018	positive regulation of vasculature development	131	7	0.56343781064833	0.0122002348372849	0.067724681538462	Higher in TB	FALSE
GO:0019233	sensory perception of pain	39	0	0.615969335881339	0.0122071952354703	0.067724681538462	Higher in TB	FALSE
GO:0099111	microtubule-based transport	199	1	0.448510616077628	0.012327588183433	0.0682287822270666	Lower in TB	FALSE
GO:0043489	RNA stabilization	75	1	0.416412737666434	0.0123319636024437	0.0682287822270666	Lower in TB	FALSE
GO:0006284	base-excision repair	46	0	0.393355737590142	0.0123352872924162	0.0682287822270666	Lower in TB	FALSE
GO:0048143	astrocyte activation	18	1	0.670311215921678	0.0123578331016929	0.0682847903448318	Higher in TB	FALSE
GO:1901292	nucleoside phosphate catabolic process	152	6	0.558791439839071	0.0123993602190784	0.0684241908939903	Higher in TB	FALSE
GO:0150105	protein localization to cell-cell junction	21	0	0.34240022463019	0.0124079516772114	0.0684241908939903	Lower in TB	FALSE
GO:0071496	cellular response to external stimulus	67	4	0.588324699250804	0.0124241403439287	0.0684448132373947	Higher in TB	FALSE
GO:0006661	phosphatidylinositol biosynthetic process	117	1	0.433091416010754	0.0124501103969548	0.0685007445190649	Lower in TB	FALSE
GO:0009310	amine catabolic process	14	0	0.692870921812086	0.0124592114439914	0.0685007445190649	Higher in TB	FALSE
GO:0051251	positive regulation of lymphocyte activation	255	18	0.454535584387384	0.0125013939868388	0.0686262042364168	Lower in TB	FALSE
GO:0002720	positive regulation of cytokine production involved in immune response	63	4	0.590989912324463	0.0125069946607657	0.0686262042364168	Higher in TB	FALSE
GO:0034109	homotypic cell-cell adhesion	77	2	0.582255853722062	0.0125912996831099	0.0690199059399185	Higher in TB	FALSE
GO:0016197	endosomal transport	287	3	0.54282318830584	0.0126437949012044	0.0692386298474319	Higher in TB	FALSE
GO:0045779	negative regulation of bone resorption	11	0	0.716971482843436	0.0127031890399369	0.0694946600413665	Higher in TB	FALSE
GO:0070498	interleukin-1-mediated signaling pathway	29	1	0.633571453668243	0.0127842354030012	0.0698182077562949	Higher in TB	FALSE
GO:0009311	oligosaccharide metabolic process	40	1	0.613761000214638	0.012787729212548	0.0698182077562949	Higher in TB	FALSE
GO:0048311	mitochondrion distribution	13	0	0.300739018790779	0.0128532315130155	0.0700854856297416	Lower in TB	FALSE
GO:1903038	negative regulation of leukocyte cell-cell adhesion	116	7	0.56688373216409	0.0128621780648253	0.0700854856297416	Higher in TB	FALSE
GO:0006140	regulation of nucleotide metabolic process	69	1	0.586576035355246	0.0128991905322691	0.0701481202239519	Higher in TB	FALSE
GO:1900542	regulation of purine nucleotide metabolic process	69	1	0.586576035355246	0.0128991905322691	0.0701481202239519	Higher in TB	FALSE
GO:0046031	ADP metabolic process	82	3	0.579431602641293	0.0129144725883372	0.0701618283504724	Higher in TB	FALSE
GO:1990182	exosomal secretion	20	0	0.660489922813036	0.0129595008932708	0.070336955489835	Higher in TB	FALSE
GO:0033559	unsaturated fatty acid metabolic process	82	1	0.579365360449345	0.0129899094275641	0.0704324674879164	Higher in TB	FALSE
GO:0043470	regulation of carbohydrate catabolic process	51	1	0.600342150282932	0.0131804255797656	0.0713950540271442	Higher in TB	FALSE
GO:0034138	toll-like receptor 3 signaling pathway	23	1	0.649199685794802	0.0132462609769073	0.0716810461132247	Higher in TB	FALSE
GO:0034655	nucleobase-containing compound catabolic process	515	9	0.468055360280725	0.013274229482859	0.0717617637136271	Lower in TB	FALSE
GO:0048010	vascular endothelial growth factor receptor signaling pathway	44	2	0.607805730122175	0.0133539762779207	0.0721219661846836	Higher in TB	FALSE
GO:0045661	regulation of myoblast differentiation	48	2	0.396999812110801	0.0135587320810441	0.0730867781695831	Lower in TB	FALSE
GO:1901987	regulation of cell cycle phase transition	397	9	0.463845656803178	0.0135605141347085	0.0730867781695831	Lower in TB	FALSE
GO:0009134	nucleoside diphosphate catabolic process	82	3	0.578864936761662	0.0135724991835475	0.0730867781695831	Higher in TB	FALSE
GO:0090670	RNA localization to Cajal body	19	0	0.33654082142162	0.0136312650697554	0.0731167759546489	Lower in TB	FALSE
GO:0090671	telomerase RNA localization to Cajal body	19	0	0.33654082142162	0.0136312650697554	0.0731167759546489	Lower in TB	FALSE
GO:0090672	telomerase RNA localization	19	0	0.33654082142162	0.0136312650697554	0.0731167759546489	Lower in TB	FALSE
GO:0090685	RNA localization to nucleus	19	0	0.33654082142162	0.0136312650697554	0.0731167759546489	Lower in TB	FALSE
GO:0032446	protein modification by small protein conjugation	717	10	0.472894908696028	0.0136859119404524	0.0733100859840539	Lower in TB	FALSE
GO:0030167	proteoglycan catabolic process	18	1	0.667821964959922	0.0136939720454026	0.0733100859840539	Higher in TB	FALSE
GO:1903428	positive regulation of reactive oxygen species biosynthetic process	13	1	0.697315544124739	0.0137579917250141	0.0735530595903141	Higher in TB	FALSE
GO:0007059	chromosome segregation	374	5	0.462855232793587	0.0137661146450406	0.0735530595903141	Lower in TB	FALSE
GO:0000278	mitotic cell cycle	776	11	0.473947834475609	0.0138493358480523	0.0739258723229046	Lower in TB	FALSE
GO:0046503	glycerolipid catabolic process	56	0	0.594839458339727	0.0140981452988576	0.0751809920980784	Higher in TB	FALSE
GO:0022008	neurogenesis	1045	19	0.477444333993056	0.0141245336800625	0.0752487269118058	Lower in TB	FALSE
GO:0009887	animal organ morphogenesis	389	11	0.463720909244391	0.0141801403899945	0.0754195201515778	Lower in TB	FALSE
GO:0010803	regulation of tumor necrosis factor-mediated signaling pathway	55	5	0.595610039495975	0.0141840276167209	0.0754195201515778	Higher in TB	FALSE
GO:0071396	cellular response to lipid	462	22	0.533321259465983	0.0142822047168347	0.0758681753943549	Higher in TB	FALSE
GO:0022408	negative regulation of cell-cell adhesion	158	8	0.556497885738269	0.0143018673979212	0.0758992924264195	Higher in TB	FALSE
GO:0034332	adherens junction organization	39	0	0.386674976576785	0.0143271916191569	0.0759603659808337	Lower in TB	FALSE
GO:0019364	pyridine nucleotide catabolic process	78	4	0.58018714446825	0.0143631532663566	0.0760776653742088	Higher in TB	FALSE
GO:0006516	glycoprotein catabolic process	35	2	0.619471671507506	0.0144425299591391	0.0764244751832018	Higher in TB	FALSE
GO:0009190	cyclic nucleotide biosynthetic process	13	0	0.695885318132545	0.0144585687776349	0.0764357799417658	Higher in TB	FALSE
GO:0051146	striated muscle cell differentiation	193	5	0.449035789504373	0.0146926922543323	0.0775561861083804	Lower in TB	FALSE
GO:0090026	positive regulation of monocyte chemotaxis	15	0	0.681903434971331	0.0147108126391957	0.0775561861083804	Higher in TB	FALSE
GO:0006406	mRNA export from nucleus	70	0	0.415679273966923	0.014720381737403	0.0775561861083804	Lower in TB	FALSE
GO:0034453	microtubule anchoring	24	0	0.356181642719279	0.01472692948293	0.0775561861083804	Lower in TB	FALSE
GO:0000272	polysaccharide catabolic process	29	0	0.630790198293892	0.0147735967564273	0.0775964065049256	Higher in TB	FALSE
GO:0009264	deoxyribonucleotide catabolic process	27	1	0.635536013250636	0.0147769075319493	0.0775964065049256	Higher in TB	FALSE
GO:0046386	deoxyribose phosphate catabolic process	27	1	0.635536013250636	0.0147769075319493	0.0775964065049256	Higher in TB	FALSE
GO:0051302	regulation of cell division	149	5	0.442144477694987	0.0148279169653757	0.0777899689653014	Lower in TB	FALSE
GO:0002704	negative regulation of leukocyte mediated immunity	61	4	0.590163934426229	0.0148767344288119	0.0778187740617505	Higher in TB	FALSE
GO:0048388	endosomal lumen acidification	13	0	0.69504449362993	0.0148849589299114	0.0778187740617505	Higher in TB	FALSE
GO:1905146	lysosomal protein catabolic process	21	0	0.653490063943026	0.0148867074269536	0.0778187740617505	Higher in TB	FALSE
GO:0006188	IMP biosynthetic process	10	0	0.277643844423015	0.0148900237018846	0.0778187740617505	Lower in TB	FALSE
GO:0007000	nucleolus organization	13	0	0.30502969676736	0.0149231082372453	0.0779176154685419	Lower in TB	FALSE
GO:1903409	reactive oxygen species biosynthetic process	44	1	0.605980912603927	0.0150030067309832	0.0782604658509921	Higher in TB	FALSE
GO:0072665	protein localization to vacuole	73	3	0.582319540448256	0.0150325660228072	0.0783403298515584	Higher in TB	FALSE
GO:0045620	negative regulation of lymphocyte differentiation	51	4	0.59839242005527	0.0150700936324455	0.0784615291583194	Higher in TB	FALSE
GO:0030182	neuron differentiation	837	12	0.475187229891041	0.0150863706881783	0.0784719640904488	Lower in TB	FALSE
GO:0001990	regulation of systemic arterial blood pressure by hormone	24	0	0.643279987847595	0.0151031903623926	0.0784851990665733	Higher in TB	FALSE
GO:0016051	carbohydrate biosynthetic process	146	4	0.558188128839571	0.0152678172078726	0.0792657781009289	Higher in TB	FALSE
GO:0032689	negative regulation of type II interferon production	30	4	0.627916621974329	0.0153077427318327	0.0793980844713358	Higher in TB	FALSE
GO:0043506	regulation of JUN kinase activity	12	0	0.298091691670239	0.0154340953824679	0.0799779985040608	Lower in TB	FALSE
GO:0033144	negative regulation of intracellular steroid hormone receptor signaling pathway	30	1	0.372385498230183	0.015550935101994	0.0805075717427147	Lower in TB	FALSE
GO:0032623	interleukin-2 production	59	5	0.591015319513876	0.0156122985599123	0.0806733247015018	Higher in TB	FALSE
GO:0032663	regulation of interleukin-2 production	59	5	0.591015319513876	0.0156122985599123	0.0806733247015018	Higher in TB	FALSE
GO:0002009	morphogenesis of an epithelium	203	5	0.450758249491536	0.0156467550402099	0.0807433614012822	Lower in TB	FALSE
GO:0002673	regulation of acute inflammatory response	29	3	0.629662162537008	0.0156552243095247	0.0807433614012822	Higher in TB	FALSE
GO:0038094	Fc-gamma receptor signaling pathway	32	5	0.623412693091611	0.0156821021234221	0.0808061832001639	Higher in TB	FALSE
GO:0046164	alcohol catabolic process	25	2	0.639485282290494	0.0157674142443671	0.081169703666227	Higher in TB	FALSE
GO:0051647	nucleus localization	26	2	0.363293462569602	0.0158237874225793	0.0813305117787222	Lower in TB	FALSE
GO:0006656	phosphatidylcholine biosynthetic process	22	0	0.648593526126495	0.0158282371049896	0.0813305117787222	Higher in TB	FALSE
GO:0090025	regulation of monocyte chemotaxis	22	0	0.648476563642212	0.0159109010929186	0.0816789301670088	Higher in TB	FALSE
GO:0015849	organic acid transport	222	5	0.546958251195815	0.015988326222621	0.081923408734362	Higher in TB	FALSE
GO:0046942	carboxylic acid transport	222	5	0.546958251195815	0.015988326222621	0.081923408734362	Higher in TB	FALSE
GO:0046634	regulation of alpha-beta T cell activation	90	3	0.573428626086541	0.0160746940151018	0.0821965615056238	Higher in TB	FALSE
GO:0051156	glucose 6-phosphate metabolic process	23	1	0.644987751125242	0.0160775658758274	0.0821965615056238	Higher in TB	FALSE
GO:0048278	vesicle docking	54	1	0.594693850761942	0.0160864860276557	0.0821965615056238	Higher in TB	FALSE
GO:0045165	cell fate commitment	124	1	0.437403497057964	0.0161047450512017	0.0822134524526526	Lower in TB	FALSE
GO:0044770	cell cycle phase transition	475	9	0.467759839684922	0.0162675519906737	0.0829675332511355	Lower in TB	FALSE
GO:0019058	viral life cycle	251	13	0.54404082449037	0.0163651906241036	0.0833881538937178	Higher in TB	FALSE
GO:0071356	cellular response to tumor necrosis factor	165	16	0.554169101746218	0.0164116474808527	0.0835474424534518	Higher in TB	FALSE
GO:0001708	cell fate specification	34	0	0.381144411417609	0.0164624321622464	0.0837284477595103	Lower in TB	FALSE
GO:0007224	smoothened signaling pathway	89	1	0.426464552063995	0.0165140836585712	0.0839135230636084	Lower in TB	FALSE
GO:0006541	glutamine metabolic process	12	0	0.30073492641806	0.016833617128723	0.0854581966516334	Lower in TB	FALSE
GO:0009116	nucleoside metabolic process	38	1	0.612000948825546	0.0168863785698183	0.0856242857679876	Higher in TB	FALSE
GO:0002548	monocyte chemotaxis	37	1	0.613489878096348	0.016897480912744	0.0856242857679876	Higher in TB	FALSE
GO:1902373	negative regulation of mRNA catabolic process	71	1	0.418033922427335	0.0169456902891136	0.0857895075594353	Lower in TB	FALSE
GO:1904645	response to amyloid-beta	38	4	0.611904936716725	0.0169807519366338	0.0858879246988159	Higher in TB	FALSE
GO:0043038	amino acid activation	47	1	0.399410436484867	0.017042732143025	0.0860431049792023	Lower in TB	FALSE
GO:0043039	tRNA aminoacylation	47	1	0.399410436484867	0.017042732143025	0.0860431049792023	Lower in TB	FALSE
GO:0002483	antigen processing and presentation of endogenous peptide antigen	17	1	0.667080702263219	0.017069048222031	0.0860969056190153	Higher in TB	FALSE
GO:0048731	system development	2373	52	0.484882590721193	0.0171536051523853	0.0864441073582167	Lower in TB	FALSE
GO:0071816	tail-anchored membrane protein insertion into ER membrane	18	0	0.662200307285525	0.0171902450284671	0.0865247073407526	Higher in TB	FALSE
GO:0009176	pyrimidine deoxyribonucleoside monophosphate metabolic process	12	1	0.698586405200743	0.0172104551263379	0.0865247073407526	Higher in TB	FALSE
GO:0002888	positive regulation of myeloid leukocyte mediated immunity	18	1	0.662161598837556	0.017216811537065	0.0865247073407526	Higher in TB	FALSE
GO:0048729	tissue morphogenesis	253	6	0.456513479134069	0.0173244496770875	0.0868875544654987	Lower in TB	FALSE
GO:1903405	protein localization to nuclear body	12	0	0.301663630518646	0.0173511441462019	0.0868875544654987	Lower in TB	FALSE
GO:1904867	protein localization to Cajal body	12	0	0.301663630518646	0.0173511441462019	0.0868875544654987	Lower in TB	FALSE
GO:0072584	caveolin-mediated endocytosis	12	0	0.698322974710673	0.0173587094392256	0.0868875544654987	Higher in TB	FALSE
GO:0140962	multicellular organismal-level chemical homeostasis	47	2	0.600296038092062	0.0173680288027616	0.0868875544654987	Higher in TB	FALSE
GO:0006878	intracellular copper ion homeostasis	13	1	0.690358133534472	0.0174704039451294	0.0872415043475851	Higher in TB	FALSE
GO:0006888	endoplasmic reticulum to Golgi vesicle-mediated transport	125	0	0.561573176648159	0.0174705158760806	0.0872415043475851	Higher in TB	FALSE
GO:0033043	regulation of organelle organization	984	19	0.477553930948534	0.0176012133829865	0.087814402159401	Lower in TB	FALSE
GO:0042176	regulation of protein catabolic process	357	8	0.536595532366558	0.0176830617493435	0.088104846649764	Higher in TB	FALSE
GO:0090201	negative regulation of release of cytochrome c from mitochondria	17	2	0.666131783116805	0.0177078847673884	0.088104846649764	Higher in TB	FALSE
GO:0015693	magnesium ion transport	19	0	0.342868346295873	0.0177235286276171	0.088104846649764	Lower in TB	FALSE
GO:1903830	magnesium ion transmembrane transport	19	0	0.342868346295873	0.0177235286276171	0.088104846649764	Lower in TB	FALSE
GO:0035023	regulation of Rho protein signal transduction	73	0	0.419879250584859	0.0179501741155294	0.0891509099251855	Lower in TB	FALSE
GO:0002691	regulation of cellular extravasation	29	2	0.626760706631186	0.0181387676501312	0.0898822118353824	Higher in TB	FALSE
GO:0001539	cilium or flagellum-dependent cell motility	142	1	0.557455122447212	0.0181464632843351	0.0898822118353824	Higher in TB	FALSE
GO:0060285	cilium-dependent cell motility	142	1	0.557455122447212	0.0181464632843351	0.0898822118353824	Higher in TB	FALSE
GO:0010638	positive regulation of organelle organization	410	11	0.465948864076399	0.0181762213821295	0.0899485735004033	Lower in TB	FALSE
GO:0031124	mRNA 3'-end processing	44	0	0.397108835239471	0.0182063242852426	0.0899606562171266	Lower in TB	FALSE
GO:1903509	liposaccharide metabolic process	96	1	0.569745694294941	0.0182216686656502	0.0899606562171266	Higher in TB	FALSE
GO:0050862	positive regulation of T cell receptor signaling pathway	17	1	0.334618525045476	0.0182277502775335	0.0899606562171266	Lower in TB	FALSE
GO:0030488	tRNA methylation	40	0	0.392138871002361	0.0182498726363457	0.0899890580759002	Lower in TB	FALSE
GO:0002286	T cell activation involved in immune response	100	7	0.568274117140396	0.0183404599080859	0.0903547030238854	Higher in TB	FALSE
GO:0060340	positive regulation of type I interferon-mediated signaling pathway	16	0	0.670073017148982	0.0184975524168955	0.0910470395596166	Higher in TB	FALSE
GO:0006071	glycerol metabolic process	14	1	0.681763553133181	0.0185250050349075	0.0911006061555648	Higher in TB	FALSE
GO:0043627	response to estrogen	44	0	0.602587435106757	0.0185514224386634	0.0911449611545048	Higher in TB	FALSE
GO:0045582	positive regulation of T cell differentiation	91	7	0.428585028100767	0.0185671801551556	0.0911449611545048	Lower in TB	FALSE
GO:0045581	negative regulation of T cell differentiation	48	3	0.598196711044306	0.018591898681106	0.0911848875546127	Higher in TB	FALSE
GO:0003044	regulation of systemic arterial blood pressure mediated by a chemical signal	28	0	0.628330498866213	0.018748590499823	0.091851200127906	Higher in TB	FALSE
GO:1904353	regulation of telomere capping	14	1	0.31860005817781	0.0187611672869477	0.091851200127906	Lower in TB	FALSE
GO:1903047	mitotic cell cycle process	668	9	0.473274935025551	0.0187984581306197	0.0918571538159013	Lower in TB	FALSE
GO:0070741	response to interleukin-6	31	2	0.62191195425566	0.0188076970261319	0.0918571538159013	Higher in TB	FALSE
GO:0030316	osteoclast differentiation	74	7	0.578993976236208	0.0188125054923072	0.0918571538159013	Higher in TB	FALSE
GO:1902774	late endosome to lysosome transport	20	0	0.651618782161235	0.0188985314943659	0.0921953204578739	Higher in TB	FALSE
GO:0071402	cellular response to lipoprotein particle stimulus	31	1	0.62177527487262	0.0189411669910369	0.0922968349270463	Higher in TB	FALSE
GO:0045653	negative regulation of megakaryocyte differentiation	12	0	0.695608301185884	0.018952914993204	0.0922968349270463	Higher in TB	FALSE
GO:0030003	intracellular monoatomic cation homeostasis	306	6	0.539028360391516	0.019002615171148	0.0924569718681165	Higher in TB	FALSE
GO:0009125	nucleoside monophosphate catabolic process	16	1	0.669215568060021	0.0190971488169303	0.0928347694036097	Higher in TB	FALSE
GO:0061687	detoxification of inorganic compound	13	1	0.687613088834757	0.0191610618203264	0.0929677031081423	Higher in TB	FALSE
GO:0033540	fatty acid beta-oxidation using acyl-CoA oxidase	14	0	0.680787543824732	0.0191648698849682	0.0929677031081423	Higher in TB	FALSE
GO:0071260	cellular response to mechanical stimulus	66	4	0.583373227166886	0.0191752228673396	0.0929677031081423	Higher in TB	FALSE
GO:1905477	positive regulation of protein localization to membrane	68	2	0.417882409842699	0.0192116103997324	0.0930262871546577	Lower in TB	FALSE
GO:0001776	leukocyte homeostasis	71	7	0.580362692143184	0.0192232573016713	0.0930262871546577	Higher in TB	FALSE
GO:0097576	vacuole fusion	12	0	0.695143949135591	0.0192380662958977	0.0930262871546577	Higher in TB	FALSE
GO:0002577	regulation of antigen processing and presentation	18	0	0.659306106406546	0.0192786304635044	0.0931405187068078	Higher in TB	FALSE
GO:0045055	regulated exocytosis	172	5	0.551727659135925	0.019328359681289	0.0932987897521746	Higher in TB	FALSE
GO:0044872	lipoprotein localization	18	0	0.659100653875013	0.0194349737469446	0.093731127772545	Higher in TB	FALSE
GO:0032418	lysosome localization	73	0	0.579097199670991	0.0194698785225667	0.0938171710053212	Higher in TB	FALSE
GO:0019885	antigen processing and presentation of endogenous peptide antigen via MHC class I	15	1	0.674176089169927	0.019502066825946	0.0938899854720238	Higher in TB	FALSE
GO:0046629	gamma-delta T cell activation	18	5	0.341232834292112	0.0196911071527268	0.0947171540907191	Lower in TB	FALSE
GO:0051469	vesicle fusion with vacuole	10	0	0.712884388728169	0.0197367313564518	0.0948365333116292	Higher in TB	FALSE
GO:0061448	connective tissue development	147	2	0.444277273756931	0.0197504239072054	0.0948365333116292	Lower in TB	FALSE
GO:1900119	positive regulation of execution phase of apoptosis	17	0	0.662884651153993	0.0200551591922653	0.096215763733922	Higher in TB	FALSE
GO:0045666	positive regulation of neuron differentiation	30	0	0.377405341628231	0.0201189589737496	0.0964376952377291	Lower in TB	FALSE
GO:0007039	protein catabolic process in the vacuole	23	0	0.639808493330132	0.0202781570474502	0.0971161214694086	Higher in TB	FALSE
GO:0007041	lysosomal transport	125	3	0.560053905449841	0.0204487415624979	0.0978478512712039	Higher in TB	FALSE
GO:0033194	response to hydroperoxide	13	0	0.685556366154341	0.020519874682476	0.0981028443515242	Higher in TB	FALSE
GO:0032785	negative regulation of DNA-templated transcription, elongation	24	0	0.363618289370219	0.0207278132104159	0.0988384905678586	Lower in TB	FALSE
GO:0006910	phagocytosis, recognition	15	1	0.672468427915617	0.0207286063880048	0.0988384905678586	Higher in TB	FALSE
GO:0046365	monosaccharide catabolic process	45	1	0.59963859517292	0.0207487800282768	0.0988384905678586	Higher in TB	FALSE
GO:0090162	establishment of epithelial cell polarity	18	0	0.34259656268982	0.0207694304534066	0.0988384905678586	Lower in TB	FALSE
GO:0050765	negative regulation of phagocytosis	17	2	0.661948342228794	0.0207805712306102	0.0988384905678586	Higher in TB	FALSE
GO:0062207	regulation of pattern recognition receptor signaling pathway	170	10	0.551423067876237	0.0207816106032093	0.0988384905678586	Higher in TB	FALSE
GO:0046824	positive regulation of nucleocytoplasmic transport	54	1	0.409079066178196	0.0208303061784647	0.0989844627218659	Lower in TB	FALSE
GO:0050728	negative regulation of inflammatory response	134	5	0.557823947890791	0.0208699025115702	0.0990869810091648	Higher in TB	FALSE
GO:0001961	positive regulation of cytokine-mediated signaling pathway	53	5	0.59168364540095	0.0209538026767722	0.0993994884528847	Higher in TB	FALSE
GO:1990849	vacuolar localization	74	0	0.577623882349181	0.0209724672143905	0.0994022627109646	Higher in TB	FALSE
GO:0007162	negative regulation of cell adhesion	227	9	0.544455330243655	0.0211106978567352	0.0999712461811631	Higher in TB	FALSE
GO:0003279	cardiac septum development	45	0	0.400757399555102	0.0212600548380645	0.100591894578037	Lower in TB	FALSE
GO:0045637	regulation of myeloid cell differentiation	152	11	0.554122532362	0.0213358871064262	0.100863892786871	Higher in TB	FALSE
GO:0019068	virion assembly	33	0	0.615660439615812	0.0214764713453421	0.101441271010903	Higher in TB	FALSE
GO:0044773	mitotic DNA damage checkpoint signaling	65	2	0.417556201254014	0.0215363852070291	0.10163694924313	Lower in TB	FALSE
GO:0008228	opsonization	11	1	0.699934247375983	0.0216585287387483	0.102125721274132	Higher in TB	FALSE
GO:0030705	cytoskeleton-dependent intracellular transport	199	1	0.452763356752372	0.021680347816114	0.102141004535557	Lower in TB	FALSE
GO:0072332	intrinsic apoptotic signaling pathway by p53 class mediator	63	1	0.416385884929376	0.0217300293263939	0.102287415442221	Lower in TB	FALSE
GO:1905037	autophagosome organization	119	2	0.560872859139884	0.021853337457338	0.102779854012356	Higher in TB	FALSE
GO:0006213	pyrimidine nucleoside metabolic process	12	1	0.691063009001286	0.0219096100744653	0.102920008516273	Higher in TB	FALSE
GO:0032693	negative regulation of interleukin-10 production	17	3	0.660526539786824	0.0219258486228127	0.102920008516273	Higher in TB	FALSE
GO:0046640	regulation of alpha-beta T cell proliferation	30	1	0.620869534127069	0.0219392961042328	0.102920008516273	Higher in TB	FALSE
GO:1905954	positive regulation of lipid localization	73	2	0.577550093187209	0.0219801500185004	0.102956678161885	Higher in TB	FALSE
GO:0002685	regulation of leukocyte migration	165	5	0.551708648256647	0.0219845653259463	0.102956678161885	Higher in TB	FALSE
GO:0002764	immune response-regulating signaling pathway	515	53	0.529474500730521	0.0223220774079624	0.104448324756577	Higher in TB	FALSE
GO:0090594	inflammatory response to wounding	20	0	0.647534305317324	0.022354752439258	0.104512269482177	Higher in TB	FALSE
GO:0048562	embryonic organ morphogenesis	90	1	0.43034841039253	0.0224072947998814	0.104668909778885	Lower in TB	FALSE
GO:0071495	cellular response to endogenous stimulus	861	16	0.477036831312141	0.0226301441814502	0.105620146612575	Lower in TB	FALSE
GO:0001960	negative regulation of cytokine-mediated signaling pathway	66	7	0.581118004331331	0.0226817389087337	0.105771162442933	Higher in TB	FALSE
GO:1903317	regulation of protein maturation	43	2	0.600366441634559	0.0227751192344223	0.106116614873605	Higher in TB	FALSE
GO:0043030	regulation of macrophage activation	44	0	0.59919273781178	0.0228152569932805	0.106213618077101	Higher in TB	FALSE
GO:0002675	positive regulation of acute inflammatory response	15	2	0.66965686011825	0.0228947443511875	0.106493489376336	Higher in TB	FALSE
GO:0044087	regulation of cellular component biogenesis	851	20	0.47696632787431	0.0229695405071983	0.10675108512982	Lower in TB	FALSE
GO:0051170	import into nucleus	132	0	0.442698528642769	0.0230607251055639	0.107084346816208	Lower in TB	FALSE
GO:0034312	diol biosynthetic process	22	0	0.639616655457762	0.0233850250748837	0.10849862266811	Higher in TB	FALSE
GO:0044089	positive regulation of cellular component biogenesis	398	11	0.466848961956077	0.0234260716858803	0.108597421693904	Lower in TB	FALSE
GO:0042572	retinol metabolic process	30	1	0.619503736279452	0.0234805113072818	0.108758088599356	Higher in TB	FALSE
GO:0010799	regulation of peptidyl-threonine phosphorylation	10	0	0.706777027750991	0.0235475342191369	0.108976719812134	Higher in TB	FALSE
GO:0006098	pentose-phosphate shunt	17	0	0.658215716749211	0.0239044964337822	0.110469915734929	Higher in TB	FALSE
GO:0000045	autophagosome assembly	112	2	0.561794910271801	0.0239103673562324	0.110469915734929	Higher in TB	FALSE
GO:0072526	pyridine-containing compound catabolic process	81	4	0.572545387549421	0.0240230407654518	0.110897294818181	Higher in TB	FALSE
GO:0072078	nephron tubule morphogenesis	24	0	0.366971370362428	0.0240681056012885	0.110963758371222	Lower in TB	FALSE
GO:0009251	glucan catabolic process	28	0	0.623165257093829	0.024077803517073	0.110963758371222	Higher in TB	FALSE
GO:0033632	regulation of cell-cell adhesion mediated by integrin	11	1	0.303806346345859	0.0242376405780108	0.111606824035095	Lower in TB	FALSE
GO:0045453	bone resorption	41	1	0.601615109255466	0.0243613556584936	0.112081989261114	Higher in TB	FALSE
GO:0003407	neural retina development	29	1	0.379241922986595	0.0243927878058273	0.112081989261114	Lower in TB	FALSE
GO:0032042	mitochondrial DNA metabolic process	18	0	0.346777075070568	0.0244019900228363	0.112081989261114	Lower in TB	FALSE
GO:0034165	positive regulation of toll-like receptor 9 signaling pathway	10	1	0.705464480874317	0.0244452392617878	0.112107791771861	Higher in TB	FALSE
GO:0006740	NADPH regeneration	21	0	0.641822057153068	0.0244483889295128	0.112107791771861	Higher in TB	FALSE
GO:0097501	stress response to metal ion	10	1	0.705405550198221	0.0244862308313325	0.112187747592222	Higher in TB	FALSE
GO:1901224	positive regulation of non-canonical NF-kappaB signal transduction	49	3	0.592800882633614	0.0246224960457275	0.112718137601507	Higher in TB	FALSE
GO:0007097	nuclear migration	23	2	0.364690141928446	0.0246737862075906	0.112858965531891	Lower in TB	FALSE
GO:0005996	monosaccharide metabolic process	188	5	0.547526802894575	0.0247078213410734	0.112914413971404	Higher in TB	FALSE
GO:0048598	embryonic morphogenesis	222	3	0.456229367982917	0.0247269833433195	0.112914413971404	Lower in TB	FALSE
GO:0045670	regulation of osteoclast differentiation	47	4	0.594656238328938	0.024764469115043	0.112991743729881	Higher in TB	FALSE
GO:1900034	regulation of cellular response to heat	16	1	0.338059351554126	0.024905147073947	0.113539385250879	Lower in TB	FALSE
GO:1905063	regulation of vascular associated smooth muscle cell differentiation	11	0	0.304926576236515	0.0250601067890817	0.114136265294659	Lower in TB	FALSE
GO:0002474	antigen processing and presentation of peptide antigen via MHC class I	28	2	0.622309171416314	0.0250775933932244	0.114136265294659	Higher in TB	FALSE
GO:0009158	ribonucleoside monophosphate catabolic process	13	0	0.679394441490567	0.0251058457896198	0.11415760394672	Higher in TB	FALSE
GO:0034104	negative regulation of tissue remodeling	15	0	0.666995337870425	0.0251238087987506	0.11415760394672	Higher in TB	FALSE
GO:1901568	fatty acid derivative metabolic process	69	1	0.577962322111906	0.0251464272785458	0.114166025745206	Higher in TB	FALSE
GO:0034330	cell junction organization	576	13	0.472692602823818	0.0254208593892203	0.115316736734268	Lower in TB	FALSE
GO:0072523	purine-containing compound catabolic process	129	5	0.556977183045964	0.025488161521223	0.115526720563631	Higher in TB	FALSE
GO:0007423	sensory organ development	225	2	0.456776928681975	0.0255950973510956	0.115915852748207	Lower in TB	FALSE
GO:0097352	autophagosome maturation	60	0	0.583291254834551	0.0256629711873815	0.116127584846274	Higher in TB	FALSE
GO:0050856	regulation of T cell receptor signaling pathway	52	8	0.410563086505419	0.0256845514532747	0.116129657804362	Lower in TB	FALSE
GO:1902570	protein localization to nucleolus	22	1	0.362785948906888	0.0258757484184242	0.116897999017663	Lower in TB	FALSE
GO:0046633	alpha-beta T cell proliferation	32	1	0.613659220124437	0.0260629956051748	0.117647249455871	Higher in TB	FALSE
GO:0044774	mitotic DNA integrity checkpoint signaling	70	2	0.423126948296249	0.0261657572207544	0.117856966630334	Lower in TB	FALSE
GO:0045048	protein insertion into ER membrane	31	0	0.61538594624521	0.0261780928210105	0.117856966630334	Higher in TB	FALSE
GO:0046597	host-mediated suppression of symbiont invasion	18	3	0.651347053989352	0.0262033428537758	0.117856966630334	Higher in TB	FALSE
GO:0010874	regulation of cholesterol efflux	30	0	0.617261968608102	0.0262140954196382	0.117856966630334	Higher in TB	FALSE
GO:0060761	negative regulation of response to cytokine stimulus	70	8	0.576846946453525	0.0262166369932517	0.117856966630334	Higher in TB	FALSE
GO:0000387	spliceosomal snRNP assembly	71	0	0.423735100741509	0.026297288859243	0.118122952735391	Lower in TB	FALSE
GO:0006664	glycolipid metabolic process	95	1	0.565864394585301	0.0265476239819336	0.119150070736874	Higher in TB	FALSE
GO:0031573	mitotic intra-S DNA damage checkpoint signaling	17	0	0.344772905678698	0.0266918276502158	0.119699566411816	Lower in TB	FALSE
GO:0006607	NLS-bearing protein import into nucleus	17	0	0.344804431231735	0.0267226662197265	0.119740194683012	Lower in TB	FALSE
GO:0002437	inflammatory response to antigenic stimulus	52	4	0.58878432295797	0.0267827388767081	0.119911643602721	Higher in TB	FALSE
GO:0031023	microtubule organizing center organization	143	1	0.446364243860602	0.0268802909826185	0.120250479920616	Lower in TB	FALSE
GO:0061180	mammary gland epithelium development	21	1	0.360585059539763	0.026979140310426	0.120594563761563	Lower in TB	FALSE
GO:0002312	B cell activation involved in immune response	59	3	0.416810587735103	0.0271082262290828	0.121073133880989	Lower in TB	FALSE
GO:0009120	deoxyribonucleoside metabolic process	10	0	0.701451837565627	0.0273759468300319	0.12216960687623	Higher in TB	FALSE
GO:0009314	response to radiation	286	5	0.462086228073178	0.0275260362309935	0.122650569245394	Lower in TB	FALSE
GO:0002696	positive regulation of leukocyte activation	281	19	0.461764037303189	0.0275602430647109	0.122650569245394	Lower in TB	FALSE
GO:0009135	purine nucleoside diphosphate metabolic process	92	3	0.566477825712628	0.0275729544538572	0.122650569245394	Higher in TB	FALSE
GO:0009179	purine ribonucleoside diphosphate metabolic process	92	3	0.566477825712628	0.0275729544538572	0.122650569245394	Higher in TB	FALSE
GO:0007098	centrosome cycle	135	1	0.445122421380444	0.0277561771701595	0.123344375448522	Lower in TB	FALSE
GO:0019674	NAD+ metabolic process	36	1	0.605972818311874	0.0277781462190638	0.123344375448522	Higher in TB	FALSE
GO:1901137	carbohydrate derivative biosynthetic process	517	6	0.528328584288175	0.0277962315716114	0.123344375448522	Higher in TB	FALSE
GO:0120032	regulation of plasma membrane bounded cell projection assembly	175	3	0.451776351857429	0.0278465641479167	0.123378092189509	Lower in TB	FALSE
GO:0001836	release of cytochrome c from mitochondria	50	5	0.589905508429078	0.0278633997970701	0.123378092189509	Higher in TB	FALSE
GO:0051592	response to calcium ion	97	0	0.435378486851633	0.0278836374436314	0.123378092189509	Lower in TB	FALSE
GO:0032725	positive regulation of granulocyte macrophage colony-stimulating factor production	10	1	0.700766098789242	0.0279059964186616	0.123378092189509	Higher in TB	FALSE
GO:0006081	aldehyde metabolic process	60	1	0.58206650193382	0.0279160324997725	0.123378092189509	Higher in TB	FALSE
GO:0046851	negative regulation of bone remodeling	12	0	0.682981497356765	0.0281645391210639	0.1243764145282	Higher in TB	FALSE
GO:0023061	signal release	297	7	0.537034380660258	0.0282922444657883	0.124840096366697	Higher in TB	FALSE
GO:0044793	host-mediated suppression of viral proces	15	1	0.336527160030724	0.0283611200823441	0.125043655343006	Lower in TB	FALSE
GO:0007507	heart development	278	1	0.46176938218965	0.0284107058642763	0.125161907725794	Lower in TB	FALSE
GO:0042573	retinoic acid metabolic process	13	1	0.675173832222538	0.0287370812355359	0.126498376807827	Higher in TB	FALSE
GO:0002711	positive regulation of T cell mediated immunity	54	3	0.586020318460443	0.0287804580570459	0.126587966718111	Higher in TB	FALSE
GO:0046475	glycerophospholipid catabolic process	31	0	0.613427451794566	0.0288289344678405	0.126699825502947	Higher in TB	FALSE
GO:0045050	protein insertion into ER membrane by stop-transfer membrane-anchor sequence	12	0	0.682133161880269	0.0289027515903215	0.126922786137051	Higher in TB	FALSE
GO:0050892	intestinal absorption	26	1	0.623724479274077	0.0289760940090293	0.127047998177803	Higher in TB	FALSE
GO:0090385	phagosome-lysosome fusion	12	1	0.682048328332619	0.0289774808503027	0.127047998177803	Higher in TB	FALSE
GO:0002064	epithelial cell development	101	4	0.437185080553816	0.0291955047323456	0.127837264229253	Lower in TB	FALSE
GO:0140467	integrated stress response signaling	52	1	0.587423382566746	0.0292040021593201	0.127837264229253	Higher in TB	FALSE
GO:0032986	protein-DNA complex disassembly	18	1	0.35159478805636	0.0292596332333696	0.127900628564872	Lower in TB	FALSE
GO:0046599	regulation of centriole replication	24	1	0.371463739366645	0.0292683346257333	0.127900628564872	Lower in TB	FALSE
GO:0140029	exocytic process	69	2	0.575879577811997	0.029307360528888	0.127900628564872	Higher in TB	FALSE
GO:0043248	proteasome assembly	15	0	0.662504688923423	0.0293115300094104	0.127900628564872	Higher in TB	FALSE
GO:1903578	regulation of ATP metabolic process	64	1	0.578754634107028	0.0293539832092908	0.127984297925996	Higher in TB	FALSE
GO:0140105	interleukin-10-mediated signaling pathway	11	1	0.689662226335144	0.0293818509489017	0.12800429201035	Higher in TB	FALSE
GO:0010970	transport along microtubule	181	1	0.453104691577087	0.0296405242314562	0.128942536037639	Lower in TB	FALSE
GO:0046636	negative regulation of alpha-beta T cell activation	37	2	0.603317948561792	0.029644118870785	0.128942536037639	Higher in TB	FALSE
GO:0001916	positive regulation of T cell mediated cytotoxicity	25	0	0.625592193448072	0.0297211055403817	0.129123769068027	Higher in TB	FALSE
GO:0006418	tRNA aminoacylation for protein translation	44	1	0.40529001912643	0.0297327558457843	0.129123769068027	Lower in TB	FALSE
GO:0019320	hexose catabolic process	41	1	0.598013180024475	0.0298875692067637	0.129693650748845	Higher in TB	FALSE
GO:0007263	nitric oxide mediated signal transduction	13	0	0.673842526760064	0.0299725608882691	0.129884202299773	Higher in TB	FALSE
GO:0017145	stem cell division	20	2	0.359841337907376	0.0300002658062106	0.129884202299773	Lower in TB	FALSE
GO:0007099	centriole replication	43	1	0.404355113895202	0.0300023530230468	0.129884202299773	Lower in TB	FALSE
GO:0060491	regulation of cell projection assembly	177	3	0.452700604063802	0.0300476385248382	0.12997790449218	Lower in TB	FALSE
GO:0051239	regulation of multicellular organismal process	2089	91	0.514536102964704	0.0300909454800324	0.130062907428631	Higher in TB	FALSE
GO:0045920	negative regulation of exocytosis	28	1	0.618396457682172	0.0301176366137175	0.130076014220125	Higher in TB	FALSE
GO:1902633	1-phosphatidyl-1D-myo-inositol 4,5-bisphosphate metabolic process	10	0	0.302089360334298	0.0302093521574889	0.130178967019008	Lower in TB	FALSE
GO:0000491	small nucleolar ribonucleoprotein complex assembly	11	0	0.311302145483769	0.0302158921689172	0.130178967019008	Lower in TB	FALSE
GO:0035249	synaptic transmission, glutamatergic	54	0	0.585261558411596	0.0302200461504705	0.130178967019008	Higher in TB	FALSE
GO:0046462	monoacylglycerol metabolic process	10	0	0.697878495660559	0.0302361842275869	0.130178967019008	Higher in TB	FALSE
GO:0001541	ovarian follicle development	23	1	0.630431286260049	0.0303513091973233	0.130572377125887	Higher in TB	FALSE
GO:0071466	cellular response to xenobiotic stimulus	112	5	0.559231865823252	0.0303962360123855	0.130663413288581	Higher in TB	FALSE
GO:0051049	regulation of transport	1136	23	0.519121786018276	0.0304981479020108	0.130999075910356	Higher in TB	FALSE
GO:0045019	negative regulation of nitric oxide biosynthetic process	11	0	0.688283856513163	0.0305801343796206	0.131248695409176	Higher in TB	FALSE
GO:0022406	membrane docking	79	4	0.570334265156419	0.0307022044651704	0.131585167022668	Higher in TB	FALSE
GO:0043162	ubiquitin-dependent protein catabolic process via the multivesicular body sorting pathway	34	0	0.607079523151391	0.030706396742467	0.131585167022668	Higher in TB	FALSE
GO:0032456	endocytic recycling	97	1	0.563491759624407	0.0307357943800273	0.131608565032235	Higher in TB	FALSE
GO:0007413	axonal fasciculation	13	0	0.327138435159654	0.0309118829490938	0.132156712639283	Lower in TB	FALSE
GO:0106030	neuron projection fasciculation	13	0	0.327138435159654	0.0309118829490938	0.132156712639283	Lower in TB	FALSE
GO:0033554	cellular response to stress	1642	22	0.483908052634432	0.0309902118337493	0.132388643870982	Lower in TB	FALSE
GO:0048667	cell morphogenesis involved in neuron differentiation	349	3	0.4663890922673	0.0311900239144567	0.133138782206275	Lower in TB	FALSE
GO:1900864	mitochondrial RNA modification	17	0	0.349148652440235	0.0312772682940776	0.13335666807478	Lower in TB	FALSE
GO:0015697	quaternary ammonium group transport	12	0	0.67951225175025	0.0312895783587606	0.13335666807478	Higher in TB	FALSE
GO:0032945	negative regulation of mononuclear cell proliferation	60	5	0.580355608079072	0.0313476682764455	0.133397430482893	Higher in TB	FALSE
GO:0050672	negative regulation of lymphocyte proliferation	60	5	0.580355608079072	0.0313476682764455	0.133397430482893	Higher in TB	FALSE
GO:1901798	positive regulation of signal transduction by p53 class mediator	36	2	0.396405579399142	0.0314745970210619	0.133739769161892	Lower in TB	FALSE
GO:0007586	digestion	58	1	0.581662721652387	0.0314767663323914	0.133739769161892	Higher in TB	FALSE
GO:0001525	angiogenesis	389	19	0.531808666811084	0.0315203198326912	0.133821404200877	Higher in TB	FALSE
GO:0046596	regulation of viral entry into host cell	15	1	0.660211135523284	0.0316730168524619	0.13436593106083	Higher in TB	FALSE
GO:0007260	tyrosine phosphorylation of STAT protein	32	3	0.609701847779446	0.0317302810928679	0.134505077446868	Higher in TB	FALSE
GO:1904262	negative regulation of TORC1 signaling	46	2	0.408511283810591	0.0318109459279121	0.134743128437335	Lower in TB	FALSE
GO:0060271	cilium assembly	332	3	0.465695752920097	0.0318847042320361	0.134951581114499	Lower in TB	FALSE
GO:0030111	regulation of Wnt signaling pathway	241	3	0.459865828913295	0.0320109561649062	0.135310153074271	Lower in TB	FALSE
GO:1904646	cellular response to amyloid-beta	35	3	0.6047269076613	0.0320186448071347	0.135310153074271	Higher in TB	FALSE
GO:0016073	snRNA metabolic process	58	0	0.418625282911235	0.0320804516225715	0.135467221982256	Lower in TB	FALSE
GO:0006264	mitochondrial DNA replication	14	0	0.334610438323867	0.0321285242984391	0.135566098689807	Lower in TB	FALSE
GO:0043328	protein transport to vacuole involved in ubiquitin-dependent protein catabolic process via the multivesicular body sorting pathway	16	0	0.654602090032154	0.0322554108601878	0.135997123396712	Higher in TB	FALSE
GO:0070942	neutrophil mediated cytotoxicity	11	0	0.686301536663176	0.0323769167558936	0.136404818639006	Higher in TB	FALSE
GO:0046545	development of primary female sexual characteristics	38	2	0.600198519154416	0.0325650899736076	0.137092545692875	Higher in TB	FALSE
GO:1900221	regulation of amyloid-beta clearance	14	1	0.664846058453389	0.0326984793013785	0.137513952369986	Higher in TB	FALSE
GO:0046835	carbohydrate phosphorylation	23	2	0.62862950125752	0.0327152145689236	0.137513952369986	Higher in TB	FALSE
GO:0070050	neuron cellular homeostasis	38	1	0.600041793506193	0.0328377513087523	0.137923572723851	Higher in TB	FALSE
GO:0007264	small GTPase-mediated signal transduction	432	2	0.4700386022396	0.0330016330922443	0.138432844615797	Lower in TB	FALSE
GO:0060382	regulation of DNA strand elongation	17	0	0.350658726430708	0.0330093596382884	0.138432844615797	Lower in TB	FALSE
GO:0007417	central nervous system development	545	9	0.473256761823609	0.0330988794541678	0.138702468932176	Lower in TB	FALSE
GO:0010759	positive regulation of macrophage chemotaxis	16	1	0.65363411039657	0.033351643135664	0.139655242924509	Higher in TB	FALSE
GO:0007204	positive regulation of cytosolic calcium ion concentration	103	2	0.560665105783058	0.0334337972000349	0.13989270700593	Higher in TB	FALSE
GO:1903039	positive regulation of leukocyte cell-cell adhesion	219	17	0.458283761120195	0.0335113002516638	0.140021871744956	Lower in TB	FALSE
GO:1903894	regulation of IRE1-mediated unfolded protein response	15	0	0.658521336834396	0.0335156026221102	0.140021871744956	Higher in TB	FALSE
GO:0019883	antigen processing and presentation of endogenous antigen	23	1	0.627953540519185	0.0336418655459878	0.140442655103904	Higher in TB	FALSE
GO:0006996	organelle organization	2927	35	0.487658318032915	0.0336724447694529	0.140463658074698	Lower in TB	FALSE
GO:0006195	purine nucleotide catabolic process	111	4	0.558146565633773	0.0343644436691513	0.143241631003028	Higher in TB	FALSE
GO:0072538	T-helper 17 type immune response	64	3	0.576449333763164	0.0344363724115631	0.143432708726344	Higher in TB	FALSE
GO:0045724	positive regulation of cilium assembly	26	1	0.380257785110332	0.0345561431357753	0.143822615412939	Lower in TB	FALSE
GO:0031293	membrane protein intracellular domain proteolysis	13	0	0.66921799199568	0.0346252519054899	0.143984394681902	Higher in TB	FALSE
GO:0070664	negative regulation of leukocyte proliferation	66	5	0.575198247927963	0.0346473907173801	0.143984394681902	Higher in TB	FALSE
GO:2001044	regulation of integrin-mediated signaling pathway	18	1	0.643772108478937	0.0346939197721716	0.144068860201963	Higher in TB	FALSE
GO:0070972	protein localization to endoplasmic reticulum	26	0	0.619593730666117	0.0347808391558693	0.144225442383081	Higher in TB	FALSE
GO:0019216	regulation of lipid metabolic process	231	7	0.540343996836271	0.0347840917788225	0.144225442383081	Higher in TB	FALSE
GO:0019953	sexual reproduction	665	11	0.475948407468619	0.0348678027161994	0.144251232725219	Lower in TB	FALSE
GO:0040001	establishment of mitotic spindle localization	30	1	0.611262469162287	0.0349197912564312	0.144251232725219	Higher in TB	FALSE
GO:0032905	transforming growth factor beta1 production	11	0	0.683647078878796	0.034924009017814	0.144251232725219	Higher in TB	FALSE
GO:0046755	viral budding	23	0	0.627030504476492	0.0349434141224916	0.144251232725219	Higher in TB	FALSE
GO:0016125	sterol metabolic process	110	4	0.558221773917131	0.034944746451923	0.144251232725219	Higher in TB	FALSE
GO:0009312	oligosaccharide biosynthetic process	19	1	0.639745770601129	0.0349477340833015	0.144251232725219	Higher in TB	FALSE
GO:0046785	microtubule polymerization	93	1	0.436736316404345	0.0350232922913208	0.144454659428118	Lower in TB	FALSE
GO:0045069	regulation of viral genome replication	71	8	0.572335923631009	0.0350888652913872	0.144517979636609	Higher in TB	FALSE
GO:0030851	granulocyte differentiation	25	2	0.621751112540883	0.0350912154992493	0.144517979636609	Higher in TB	FALSE
GO:1902806	regulation of cell cycle G1/S phase transition	158	2	0.451410259740437	0.035142329228166	0.144620154263815	Lower in TB	FALSE
GO:0033363	secretory granule organization	49	0	0.586909719597293	0.0353250413683064	0.145263333913948	Higher in TB	FALSE
GO:0070914	UV-damage excision repair	12	0	0.324577618231176	0.0353514959085892	0.145263471229764	Lower in TB	FALSE
GO:0051093	negative regulation of developmental process	608	24	0.475015802873356	0.0358185784200746	0.147072848509014	Lower in TB	FALSE
GO:0002027	regulation of heart rate	63	1	0.576438723916293	0.0358961637133111	0.147206066942665	Higher in TB	FALSE
GO:0050808	synapse organization	392	10	0.469086666607137	0.0359243191712398	0.147206066942665	Lower in TB	FALSE
GO:1904869	regulation of protein localization to Cajal body	10	0	0.308475302689382	0.0359581207537285	0.147206066942665	Lower in TB	FALSE
GO:1904871	positive regulation of protein localization to Cajal body	10	0	0.308475302689382	0.0359581207537285	0.147206066942665	Lower in TB	FALSE
GO:0030890	positive regulation of B cell proliferation	29	4	0.387496925640253	0.035992319238484	0.14723643688481	Lower in TB	FALSE
GO:0016233	telomere capping	26	1	0.381274489585482	0.0361198144315214	0.147648133639037	Lower in TB	FALSE
GO:0002253	activation of immune response	521	56	0.526871771179188	0.0361858046422219	0.147807989541557	Higher in TB	FALSE
GO:0044843	cell cycle G1/S phase transition	214	2	0.45843394413582	0.0362410243490001	0.147923646526208	Lower in TB	FALSE
GO:0043043	peptide biosynthetic process	16	0	0.651172293676313	0.036284215054313	0.147990070006389	Higher in TB	FALSE
GO:0032352	positive regulation of hormone metabolic process	13	1	0.667668237030076	0.0363165976330424	0.148012345282778	Higher in TB	FALSE
GO:0034381	plasma lipoprotein particle clearance	29	0	0.612244180907348	0.0364216590155249	0.14833057871656	Higher in TB	FALSE
GO:0030163	protein catabolic process	952	16	0.520071061599995	0.0366351698847038	0.149089684697337	Higher in TB	FALSE
GO:0070200	establishment of protein localization to telomere	11	0	0.318077101039866	0.0366685434157555	0.149115126996911	Lower in TB	FALSE
GO:0009048	dosage compensation by inactivation of X chromosome	19	0	0.361591388021428	0.0367272037078798	0.149243286020638	Lower in TB	FALSE
GO:0045765	regulation of angiogenesis	223	15	0.54059021355673	0.0368791985033368	0.149721492850616	Higher in TB	FALSE
GO:0001910	regulation of leukocyte mediated cytotoxicity	75	2	0.569704854577711	0.0368993493656937	0.149721492850616	Higher in TB	FALSE
GO:0033617	mitochondrial respiratory chain complex IV assembly	29	0	0.611940905720251	0.0369301433684535	0.149735935280057	Higher in TB	FALSE
GO:0002327	immature B cell differentiation	13	2	0.333053058499128	0.0371275016475982	0.150425205643696	Lower in TB	FALSE
GO:0006911	phagocytosis, engulfment	41	2	0.594029069348917	0.0372234533618567	0.150648526846076	Higher in TB	FALSE
GO:0043032	positive regulation of macrophage activation	20	0	0.634543846483705	0.0372374223324514	0.150648526846076	Higher in TB	FALSE
GO:0016486	peptide hormone processing	26	0	0.61788822437616	0.0374524599969466	0.151348828185192	Higher in TB	FALSE
GO:0034638	phosphatidylcholine catabolic process	13	0	0.666650179911713	0.0374655793306742	0.151348828185192	Higher in TB	FALSE
GO:0060038	cardiac muscle cell proliferation	26	0	0.382161270365024	0.0375325301747523	0.151422988335757	Lower in TB	FALSE
GO:0031669	cellular response to nutrient levels	210	3	0.541667827100514	0.0375390202076458	0.151422988335757	Higher in TB	FALSE
GO:0050435	amyloid-beta metabolic process	51	1	0.584161073825503	0.0376066354598579	0.151584517418107	Higher in TB	FALSE
GO:0099024	plasma membrane invagination	51	2	0.584064218976181	0.0378270519216806	0.15236126847282	Higher in TB	FALSE
GO:0006303	double-strand break repair via nonhomologous end joining	69	1	0.427736016443866	0.0379417197029153	0.15267570309993	Lower in TB	FALSE
GO:0099550	trans-synaptic signaling, modulating synaptic transmission	12	0	0.326997606800972	0.0379606558998916	0.15267570309993	Lower in TB	FALSE
GO:0007528	neuromuscular junction development	36	0	0.40015349308536	0.0381538023980778	0.153340354959526	Lower in TB	FALSE
GO:0036152	phosphatidylethanolamine acyl-chain remodeling	11	0	0.680476341231766	0.0381889318882711	0.153369428430763	Higher in TB	FALSE
GO:0006122	mitochondrial electron transport, ubiquinol to cytochrome c	13	0	0.665965979581154	0.038255031818466	0.153522748129873	Higher in TB	FALSE
GO:0070601	centromeric sister chromatid cohesion	13	0	0.334240104855761	0.038495572749004	0.154375389477771	Lower in TB	FALSE
GO:0042475	odontogenesis of dentin-containing tooth	25	1	0.619432738190982	0.0387174989074068	0.15515219314353	Higher in TB	FALSE
GO:0005980	glycogen catabolic process	27	0	0.614863670577114	0.0388305732960113	0.155263456848622	Higher in TB	FALSE
GO:0141084	inflammasome-mediated signaling pathway	53	3	0.582034388395765	0.0388452070247232	0.155263456848622	Higher in TB	FALSE
GO:0070900	mitochondrial tRNA modification	14	0	0.340558353874183	0.0388525546119645	0.155263456848622	Lower in TB	FALSE
GO:0007064	mitotic sister chromatid cohesion	32	0	0.394491860652221	0.0388582241949261	0.155263456848622	Lower in TB	FALSE
GO:0098534	centriole assembly	46	1	0.412016616490467	0.0389679480436297	0.155304244675536	Lower in TB	FALSE
GO:0045591	positive regulation of regulatory T cell differentiation	19	2	0.636797815410048	0.038972780309811	0.155304244675536	Higher in TB	FALSE
GO:0042157	lipoprotein metabolic process	64	3	0.574624234364926	0.0389765788329834	0.155304244675536	Higher in TB	FALSE
GO:0048592	eye morphogenesis	59	0	0.422290361552181	0.0389814219083739	0.155304244675536	Lower in TB	FALSE
GO:1903828	negative regulation of protein localization	156	5	0.547892091709586	0.0390752425990366	0.155559460351891	Higher in TB	FALSE
GO:0042743	hydrogen peroxide metabolic process	36	2	0.599360693848355	0.0391020687897987	0.155559460351891	Higher in TB	FALSE
GO:0055017	cardiac muscle tissue growth	43	1	0.409149059121164	0.03927536662071	0.156135911555071	Lower in TB	FALSE
GO:1901342	regulation of vasculature development	228	15	0.539620612133108	0.0394294791640135	0.156635315349528	Higher in TB	FALSE
GO:0007017	microtubule-based process	826	5	0.478842452235131	0.039469498036496	0.156681083180256	Lower in TB	FALSE
GO:0140056	organelle localization by membrane tethering	70	2	0.571113772822899	0.039672707007198	0.157374129239232	Higher in TB	FALSE
GO:0150078	positive regulation of neuroinflammatory response	14	1	0.658618736316732	0.0398709643456345	0.157798892724208	Higher in TB	FALSE
GO:1903036	positive regulation of response to wounding	51	3	0.583145150677721	0.0399738477633007	0.157798892724208	Higher in TB	FALSE
GO:0048545	response to steroid hormone	236	6	0.461159187837788	0.0399939578098363	0.157798892724208	Lower in TB	FALSE
GO:0048514	blood vessel morphogenesis	421	19	0.529227472250794	0.0399945168499052	0.157798892724208	Higher in TB	FALSE
GO:0090330	regulation of platelet aggregation	23	1	0.623697318766768	0.0400072472490327	0.157798892724208	Higher in TB	FALSE
GO:0030888	regulation of B cell proliferation	51	7	0.416870640873799	0.0400116194338753	0.157798892724208	Lower in TB	FALSE
GO:0006361	transcription initiation at RNA polymerase I promoter	24	0	0.378909321609836	0.0400161450946505	0.157798892724208	Lower in TB	FALSE
GO:0001568	blood vessel development	447	19	0.528381590265431	0.0400180045585721	0.157798892724208	Higher in TB	FALSE
GO:0072163	mesonephric epithelium development	34	0	0.398268931003364	0.0400798836347342	0.157798892724208	Lower in TB	FALSE
GO:0072164	mesonephric tubule development	34	0	0.398268931003364	0.0400798836347342	0.157798892724208	Lower in TB	FALSE
GO:0010506	regulation of autophagy	334	7	0.532719480894279	0.040095498933379	0.157798892724208	Higher in TB	FALSE
GO:0044546	NLRP3 inflammasome complex assembly	47	1	0.586458084683798	0.040304741665012	0.158508919652529	Higher in TB	FALSE
GO:0038061	non-canonical NF-kappaB signal transduction	106	3	0.557637089645503	0.0403910531354792	0.158594060213655	Higher in TB	FALSE
GO:0046033	AMP metabolic process	21	0	0.370805733175071	0.0403969466110553	0.158594060213655	Lower in TB	FALSE
GO:0098884	postsynaptic neurotransmitter receptor internalization	34	0	0.398467723104691	0.0404706195852596	0.158594060213655	Lower in TB	FALSE
GO:0099590	neurotransmitter receptor internalization	34	0	0.398467723104691	0.0404706195852596	0.158594060213655	Lower in TB	FALSE
GO:0140239	postsynaptic endocytosis	34	0	0.398467723104691	0.0404706195852596	0.158594060213655	Lower in TB	FALSE
GO:0051606	detection of stimulus	189	3	0.543228288833309	0.0405425168146831	0.15860372293061	Higher in TB	FALSE
GO:0002861	regulation of inflammatory response to antigenic stimulus	33	2	0.603011285412187	0.0405584463584328	0.15860372293061	Higher in TB	FALSE
GO:0039702	viral budding via host ESCRT complex	20	0	0.632273799313894	0.0405596279447868	0.15860372293061	Higher in TB	FALSE
GO:0060766	negative regulation of androgen receptor signaling pathway	11	0	0.321739765725836	0.0406219509944965	0.158734532031089	Lower in TB	FALSE
GO:0006890	retrograde vesicle-mediated transport, Golgi to endoplasmic reticulum	51	0	0.582825108566917	0.0407452860378199	0.159103396758476	Higher in TB	FALSE
GO:1900117	regulation of execution phase of apoptosis	20	0	0.632088872212693	0.0408410061232813	0.159301537187392	Higher in TB	FALSE
GO:0140052	cellular response to oxidised low-density lipoprotein particle stimulus	10	0	0.686740597878496	0.040853977343438	0.159301537187392	Higher in TB	FALSE
GO:0098915	membrane repolarization during ventricular cardiac muscle cell action potential	13	0	0.663690807397607	0.0409826601470999	0.159690053500181	Higher in TB	FALSE
GO:0043094	metabolic compound salvage	41	0	0.592215016327786	0.0410413143892072	0.159780172143657	Higher in TB	FALSE
GO:0002475	antigen processing and presentation via MHC class Ib	14	0	0.65767717439564	0.0410639111020348	0.159780172143657	Higher in TB	FALSE
GO:0002062	chondrocyte differentiation	55	1	0.420380704092642	0.0411143046132811	0.15983098901235	Lower in TB	FALSE
GO:2001237	negative regulation of extrinsic apoptotic signaling pathway	62	4	0.574996447349723	0.0411351126686932	0.15983098901235	Higher in TB	FALSE
GO:0045454	cell redox homeostasis	38	0	0.595671830612049	0.0412665289948548	0.160228373173525	Higher in TB	FALSE
GO:0035720	intraciliary anterograde transport	22	0	0.374374981724612	0.0413614854673673	0.160366343460585	Lower in TB	FALSE
GO:0070918	regulatory ncRNA processing	56	0	0.421197445143471	0.0413838309232181	0.160366343460585	Lower in TB	FALSE
GO:1905521	regulation of macrophage migration	34	1	0.601063695513609	0.041404435935104	0.160366343460585	Higher in TB	FALSE
GO:0043031	negative regulation of macrophage activation	14	0	0.657401595296783	0.0414187354881832	0.160366343460585	Higher in TB	FALSE
GO:0060411	cardiac septum morphogenesis	33	0	0.397489349321136	0.041543691145196	0.160736955606114	Lower in TB	FALSE
GO:2001185	regulation of CD8-positive, alpha-beta T cell activation	19	3	0.634969801090602	0.0416614129087332	0.161079077476944	Higher in TB	FALSE
GO:0051491	positive regulation of filopodium assembly	21	0	0.371663412081531	0.0417443612146647	0.161286365395802	Lower in TB	FALSE
GO:0010884	positive regulation of lipid storage	17	0	0.642588500108763	0.0417938521029302	0.161364184594038	Higher in TB	FALSE
GO:0051604	protein maturation	479	11	0.527159206196438	0.0421076461437386	0.162461641051421	Higher in TB	FALSE
GO:0046461	neutral lipid catabolic process	30	0	0.606854016947335	0.0427942821728047	0.164879441756188	Higher in TB	FALSE
GO:0046464	acylglycerol catabolic process	30	0	0.606854016947335	0.0427942821728047	0.164879441756188	Higher in TB	FALSE
GO:0006606	protein import into nucleus	128	0	0.448163632871469	0.042916047065361	0.165157187537518	Lower in TB	FALSE
GO:0060071	Wnt signaling pathway, planar cell polarity pathway	33	0	0.398175283923286	0.0429264497983108	0.165157187537518	Lower in TB	FALSE
GO:0062012	regulation of small molecule metabolic process	246	5	0.537502701939662	0.0429614932548243	0.165176426514003	Higher in TB	FALSE
GO:0010758	regulation of macrophage chemotaxis	23	1	0.621825606791308	0.0431145232230539	0.165623497883173	Higher in TB	FALSE
GO:1902414	protein localization to cell junction	91	1	0.438648679810907	0.0431380227298478	0.165623497883173	Lower in TB	FALSE
GO:0002200	somatic diversification of immune receptors	57	1	0.422564009788153	0.0431707100433356	0.16563333134561	Lower in TB	FALSE
GO:1902683	regulation of receptor localization to synapse	27	1	0.612357330251051	0.0432903736066832	0.165976620704006	Higher in TB	FALSE
GO:0016331	morphogenesis of embryonic epithelium	40	0	0.407697467267654	0.0433821800552427	0.166118610166206	Lower in TB	FALSE
GO:0015866	ADP transport	10	0	0.315546983820851	0.0433878363402459	0.166118610166206	Lower in TB	FALSE
GO:0072009	nephron epithelium development	52	1	0.419035405101771	0.0434238172954606	0.166140673271011	Lower in TB	FALSE
GO:0006298	mismatch repair	30	0	0.393489220208088	0.0434658987076668	0.16616373475357	Lower in TB	FALSE
GO:0022600	digestive system process	55	1	0.578702442501379	0.0435021488385934	0.16616373475357	Higher in TB	FALSE
GO:0002688	regulation of leukocyte chemotaxis	95	2	0.559942669223514	0.0435205125582285	0.16616373475357	Higher in TB	FALSE
GO:0009798	axis specification	35	0	0.401422363913647	0.0435624491884639	0.166208428617748	Lower in TB	FALSE
GO:0065005	protein-lipid complex assembly	18	1	0.637319707959648	0.0436818834263784	0.166548540276164	Higher in TB	FALSE
GO:1990000	amyloid fibril formation	39	1	0.593320703370604	0.0437312553986773	0.166621235053311	Higher in TB	FALSE
GO:0006414	translational elongation	75	0	0.432662043259323	0.0437985503102759	0.166674740943386	Lower in TB	FALSE
GO:0002862	negative regulation of inflammatory response to antigenic stimulus	24	2	0.618863482021588	0.0438197698056029	0.166674740943386	Higher in TB	FALSE
GO:0001778	plasma membrane repair	25	1	0.616455954104338	0.0438362450716872	0.166674740943386	Higher in TB	FALSE
GO:0048255	mRNA stabilization	63	1	0.426597215293288	0.0439287222476117	0.166882389750654	Lower in TB	FALSE
GO:0010232	vascular transport	72	2	0.568661309395829	0.0439819175606944	0.166882389750654	Higher in TB	FALSE
GO:0150104	transport across blood-brain barrier	72	2	0.568661309395829	0.0439819175606944	0.166882389750654	Higher in TB	FALSE
GO:0006590	thyroid hormone generation	10	0	0.683863709418194	0.0440616890760939	0.167069770027837	Higher in TB	FALSE
GO:0046850	regulation of bone remodeling	36	1	0.596930138292799	0.0441521926501107	0.167115049761997	Higher in TB	FALSE
GO:1902275	regulation of chromatin organization	31	1	0.395562245348143	0.0441588909481731	0.167115049761997	Lower in TB	FALSE
GO:0007389	pattern specification process	160	1	0.453889541477641	0.0442489927350831	0.167115049761997	Lower in TB	FALSE
GO:0030326	embryonic limb morphogenesis	30	1	0.393887875862562	0.0442571089534188	0.167115049761997	Lower in TB	FALSE
GO:0035113	embryonic appendage morphogenesis	30	1	0.393887875862562	0.0442571089534188	0.167115049761997	Lower in TB	FALSE
GO:0018105	peptidyl-serine phosphorylation	60	1	0.424925691161725	0.0443095351749142	0.167115049761997	Lower in TB	FALSE
GO:0098703	calcium ion import across plasma membrane	29	2	0.392107078331912	0.0443167956626031	0.167115049761997	Lower in TB	FALSE
GO:1902656	calcium ion import into cytosol	29	2	0.392107078331912	0.0443167956626031	0.167115049761997	Lower in TB	FALSE
GO:0044403	biological process involved in symbiotic interaction	154	5	0.546966611835417	0.0443661109201403	0.167120394297529	Higher in TB	FALSE
GO:0000422	autophagy of mitochondrion	109	2	0.555750732655303	0.0443950584974542	0.167120394297529	Higher in TB	FALSE
GO:0002931	response to ischemia	39	0	0.593022151964042	0.0444094027043815	0.167120394297529	Higher in TB	FALSE
GO:0051917	regulation of fibrinolysis	12	0	0.667501607372482	0.0445060850647907	0.167369668732024	Higher in TB	FALSE
GO:0042953	lipoprotein transport	17	0	0.64050781360832	0.0448708456157891	0.168529511790242	Higher in TB	FALSE
GO:1900180	regulation of protein localization to nucleus	112	3	0.445120355834642	0.0448758103421088	0.168529511790242	Lower in TB	FALSE
GO:0007274	neuromuscular synaptic transmission	13	0	0.660632514353781	0.0449073092423462	0.168532686835781	Higher in TB	FALSE
GO:0043173	nucleotide salvage	24	0	0.618237990564015	0.0449413594197203	0.168545425709156	Higher in TB	FALSE
GO:0007010	cytoskeleton organization	1188	14	0.482651451615884	0.0450304397072913	0.168764388214511	Lower in TB	FALSE
GO:0008063	Toll signaling pathway	12	0	0.667041720245749	0.0450940467218541	0.168887649098606	Higher in TB	FALSE
GO:0072073	kidney epithelium development	63	1	0.427055164550464	0.0452631859171122	0.169405715569968	Lower in TB	FALSE
GO:0042307	positive regulation of protein import into nucleus	33	0	0.399321217322612	0.0453232592808486	0.169515156140208	Lower in TB	FALSE
GO:0061045	negative regulation of wound healing	52	2	0.580120977068464	0.0456552522688833	0.170640772926119	Higher in TB	FALSE
GO:0006353	DNA-templated transcription termination	46	0	0.414840486359075	0.0456881760818219	0.170647820718653	Lower in TB	FALSE
GO:0042304	regulation of fatty acid biosynthetic process	36	2	0.59620737958989	0.0457561701007865	0.170785759140614	Higher in TB	FALSE
GO:0042531	positive regulation of tyrosine phosphorylation of STAT protein	24	2	0.617728661805705	0.0458724474305452	0.170992702136285	Higher in TB	FALSE
GO:0009154	purine ribonucleotide catabolic process	103	3	0.55694899005185	0.0458738151420552	0.170992702136285	Higher in TB	FALSE
GO:0032886	regulation of microtubule-based process	228	1	0.461622807017544	0.046038825359254	0.171491505301611	Lower in TB	FALSE
GO:0051701	biological process involved in interaction with host	143	5	0.54830449860936	0.0462330463232636	0.172098367424038	Higher in TB	FALSE
GO:0090148	membrane fission	44	1	0.586831306842578	0.0462819885782901	0.172098785816332	Higher in TB	FALSE
GO:0002719	negative regulation of cytokine production involved in immune response	21	1	0.62560273640413	0.0462957628632876	0.172098785816332	Higher in TB	FALSE
GO:0006813	potassium ion transport	130	1	0.550620079801574	0.046338061781436	0.172139637617794	Higher in TB	FALSE
GO:0042446	hormone biosynthetic process	41	1	0.589855176791639	0.0464998552608873	0.17252571580053	Higher in TB	FALSE
GO:0060322	head development	391	7	0.470636350984379	0.0465763805952955	0.17252571580053	Lower in TB	FALSE
GO:0030948	negative regulation of vascular endothelial growth factor receptor signaling pathway	11	0	0.673272775978375	0.0465815696503533	0.17252571580053	Higher in TB	FALSE
GO:0006110	regulation of glycolytic process	43	1	0.587682019522752	0.0466580685049669	0.17252571580053	Higher in TB	FALSE
GO:0030811	regulation of nucleotide catabolic process	43	1	0.587682019522752	0.0466580685049669	0.17252571580053	Higher in TB	FALSE
GO:0033121	regulation of purine nucleotide catabolic process	43	1	0.587682019522752	0.0466580685049669	0.17252571580053	Higher in TB	FALSE
GO:0031646	positive regulation of nervous system process	28	0	0.608613715756573	0.0466616477619839	0.17252571580053	Higher in TB	FALSE
GO:0070371	ERK1 and ERK2 cascade	203	9	0.540503928113431	0.0467949186042975	0.172902192531201	Higher in TB	FALSE
GO:0140042	lipid droplet formation	15	0	0.648200346533769	0.0468736040865025	0.173076611999725	Higher in TB	FALSE
GO:0110095	cellular detoxification of aldehyde	10	0	0.681410050358941	0.046963091512656	0.173290655796364	Higher in TB	FALSE
GO:0060562	epithelial tube morphogenesis	119	1	0.447311327397802	0.0471855160159795	0.173994612378173	Lower in TB	FALSE
GO:0044057	regulation of system process	347	2	0.531012491346527	0.0474266016847382	0.174766391462929	Higher in TB	FALSE
GO:0009168	purine ribonucleoside monophosphate biosynthetic process	18	0	0.365124879408297	0.0475665003018794	0.175164513502835	Lower in TB	FALSE
GO:0070925	organelle assembly	878	11	0.480233311771869	0.0476328950284587	0.17529160432829	Lower in TB	FALSE
GO:0009164	nucleoside catabolic process	12	0	0.665059294184884	0.0477040568573006	0.175436056589591	Higher in TB	FALSE
GO:0051650	establishment of vesicle localization	177	1	0.543126930360872	0.0479191784952702	0.176109387277403	Higher in TB	FALSE
GO:0055094	response to lipoprotein particle	28	1	0.607974045474045	0.0479690795852241	0.176175016405853	Higher in TB	FALSE
GO:0035666	TRIF-dependent toll-like receptor signaling pathway	11	1	0.672142804958235	0.0480295568275624	0.176279374791681	Higher in TB	FALSE
GO:0006337	nucleosome disassembly	16	1	0.357305064308682	0.0481190237813305	0.176489921781024	Lower in TB	FALSE
GO:0070372	regulation of ERK1 and ERK2 cascade	190	8	0.541586805377612	0.0482050517172199	0.176687582894183	Higher in TB	FALSE
GO:0019081	viral translation	23	0	0.38104606089707	0.0482770250918027	0.176833500302952	Lower in TB	FALSE
GO:0051968	positive regulation of synaptic transmission, glutamatergic	18	0	0.634407641643144	0.0483415114316097	0.176951817477357	Higher in TB	FALSE
GO:1901222	regulation of non-canonical NF-kappaB signal transduction	76	3	0.565490945104697	0.0484168460463126	0.177109660387642	Higher in TB	FALSE
GO:0042430	indole-containing compound metabolic process	21	0	0.624377480823474	0.0484673317356374	0.177176456038919	Higher in TB	FALSE
GO:1900424	regulation of defense response to bacterium	13	0	0.657986390183786	0.0485543864171318	0.177376755163715	Higher in TB	FALSE
GO:0043542	endothelial cell migration	180	8	0.542628135813149	0.0486613941996281	0.177649631679652	Higher in TB	FALSE
GO:0071450	cellular response to oxygen radical	15	0	0.646867799153314	0.0488876550750739	0.178167856192369	Higher in TB	FALSE
GO:0071451	cellular response to superoxide	15	0	0.646867799153314	0.0488876550750739	0.178167856192369	Higher in TB	FALSE
GO:0060396	growth hormone receptor signaling pathway	22	0	0.621287659483221	0.0489005629309358	0.178167856192369	Higher in TB	FALSE
GO:0019318	hexose metabolic process	174	5	0.543263107933656	0.0491138876743991	0.178715927189722	Higher in TB	FALSE
GO:0016114	terpenoid biosynthetic process	20	1	0.627079759862779	0.0491159996332611	0.178715927189722	Higher in TB	FALSE
GO:0045321	leukocyte activation	755	55	0.47890775962641	0.0492306100930924	0.178921692393004	Lower in TB	FALSE
GO:0090042	tubulin deacetylation	17	0	0.362247519727115	0.0492376356112432	0.178921692393004	Lower in TB	FALSE
GO:0010612	regulation of cardiac muscle adaptation	10	0	0.32050787528126	0.0493414499306502	0.179062238758227	Lower in TB	FALSE
GO:1903242	regulation of cardiac muscle hypertrophy in response to stress	10	0	0.32050787528126	0.0493414499306502	0.179062238758227	Lower in TB	FALSE
GO:0006390	mitochondrial transcription	18	0	0.366211693524374	0.0493845875392779	0.179100568793503	Lower in TB	FALSE
GO:0060048	cardiac muscle contraction	92	0	0.559270246495349	0.0494809760134951	0.179331843191955	Higher in TB	FALSE
GO:0045123	cellular extravasation	56	3	0.57587655362897	0.0495383343993805	0.179421450940576	Higher in TB	FALSE
GO:0032481	positive regulation of type I interferon production	76	5	0.565084889643463	0.0498260770868186	0.180230099362977	Higher in TB	FALSE
GO:0015698	inorganic anion transport	95	2	0.558243140276287	0.0498271646110813	0.180230099362977	Higher in TB	FALSE
GO:0051260	protein homooligomerization	167	4	0.543989442908985	0.0499548825313978	0.180573270320595	Higher in TB	FALSE
GO:0006684	sphingomyelin metabolic process	19	0	0.629688870834426	0.0503252573367099	0.181747049411324	Higher in TB	FALSE
GO:0045445	myoblast differentiation	70	3	0.432347476236544	0.0503457177616308	0.181747049411324	Lower in TB	FALSE
GO:0010948	negative regulation of cell cycle process	268	6	0.465277304805827	0.0505973311770461	0.182535516280446	Lower in TB	FALSE
GO:0006177	GMP biosynthetic process	11	0	0.330053819740399	0.0509527342362626	0.183697136282605	Lower in TB	FALSE
GO:0018205	peptidyl-lysine modification	111	1	0.44638875341811	0.051087672081779	0.184062923398179	Lower in TB	FALSE
GO:0030593	neutrophil chemotaxis	64	5	0.570471167794971	0.0512308081100781	0.184457749174335	Higher in TB	FALSE
GO:0009127	purine nucleoside monophosphate biosynthetic process	20	0	0.374158447684391	0.0513656987772795	0.184822389972175	Lower in TB	FALSE
GO:0034656	nucleobase-containing small molecule catabolic process	14	0	0.65035901832601	0.0514068188374601	0.184849372117957	Higher in TB	FALSE
GO:0034205	amyloid-beta formation	42	1	0.586780692742912	0.051659135112333	0.185635244998436	Higher in TB	FALSE
GO:0140632	canonical inflammasome complex assembly	49	1	0.580321740549981	0.0517657593608503	0.185829134971137	Higher in TB	FALSE
GO:1904688	regulation of cytoplasmic translational initiation	13	0	0.34421871329121	0.0517806902102187	0.185829134971137	Lower in TB	FALSE
GO:0071379	cellular response to prostaglandin stimulus	15	0	0.355139953200079	0.0520590815909012	0.186667567575278	Lower in TB	FALSE
GO:0071404	cellular response to low-density lipoprotein particle stimulus	27	1	0.60799605976291	0.052082220563928	0.186667567575278	Higher in TB	FALSE
GO:0006805	xenobiotic metabolic process	82	3	0.562024991014673	0.0522207277715403	0.187042059470963	Higher in TB	FALSE
GO:0071493	cellular response to UV-B	11	1	0.668962326181721	0.0523095279972672	0.187116403308654	Higher in TB	FALSE
GO:0051256	mitotic spindle midzone assembly	10	0	0.677204543019394	0.0523095510886507	0.187116403308654	Higher in TB	FALSE
GO:0006937	regulation of muscle contraction	110	1	0.553551947352443	0.0523991641019539	0.187315087277336	Higher in TB	FALSE
GO:0006972	hyperosmotic response	22	0	0.380578866828465	0.0524832157082625	0.187493645200798	Lower in TB	FALSE
GO:0003231	cardiac ventricle development	53	0	0.42309013301669	0.0527729354191229	0.188304939257209	Lower in TB	FALSE
GO:0099504	synaptic vesicle cycle	171	1	0.542952671239479	0.0527788125491739	0.188304939257209	Higher in TB	FALSE
GO:0030032	lamellipodium assembly	51	2	0.421653375444137	0.0529319796421408	0.188728939087218	Lower in TB	FALSE
GO:0035235	ionotropic glutamate receptor signaling pathway	18	0	0.631581924941342	0.0532552104944708	0.189758358586261	Higher in TB	FALSE
GO:0009303	rRNA transcription	43	1	0.414874085612049	0.0534341203542812	0.190235098135337	Lower in TB	FALSE
GO:0086091	regulation of heart rate by cardiac conduction	31	0	0.600211074490264	0.0534672178234628	0.190235098135337	Higher in TB	FALSE
GO:0032878	regulation of establishment or maintenance of cell polarity	23	0	0.383696293171165	0.0534928086062624	0.190235098135337	Lower in TB	FALSE
GO:0045124	regulation of bone resorption	31	1	0.600124568551631	0.0536736543619341	0.19056426669347	Higher in TB	FALSE
GO:0032615	interleukin-12 production	47	2	0.581344803286571	0.053689350510765	0.19056426669347	Higher in TB	FALSE
GO:0032655	regulation of interleukin-12 production	47	2	0.581344803286571	0.053689350510765	0.19056426669347	Higher in TB	FALSE
GO:0032231	regulation of actin filament bundle assembly	81	3	0.437995080318285	0.0537478136844114	0.19057899467082	Lower in TB	FALSE
GO:0030177	positive regulation of Wnt signaling pathway	112	0	0.447232739249546	0.0537792905900715	0.19057899467082	Lower in TB	FALSE
GO:0032486	Rap protein signal transduction	15	0	0.35619741707304	0.0537974899470923	0.19057899467082	Lower in TB	FALSE
GO:0014002	astrocyte development	23	1	0.616098587708237	0.0539154045990462	0.190873724717035	Higher in TB	FALSE
GO:1904996	positive regulation of leukocyte adhesion to vascular endothelial cell	20	2	0.624410377358491	0.0540728300246314	0.191155242932777	Higher in TB	FALSE
GO:0090200	positive regulation of release of cytochrome c from mitochondria	23	3	0.616021668038012	0.0540745948998544	0.191155242932777	Higher in TB	FALSE
GO:0051129	negative regulation of cellular component organization	622	18	0.477324991798452	0.0540992284473265	0.191155242932777	Lower in TB	FALSE
GO:0141087	positive regulation of inflammasome-mediated signaling pathway	28	2	0.604997854997855	0.0544637072514955	0.192228201993537	Higher in TB	FALSE
GO:1902476	chloride transmembrane transport	62	2	0.570622355008544	0.0544728153339271	0.192228201993537	Higher in TB	FALSE
GO:0055092	sterol homeostasis	73	2	0.565050268074305	0.0546708029841914	0.192803126880747	Higher in TB	FALSE
GO:0050886	endocrine process	56	2	0.574217431333436	0.0547335678299092	0.192900740980026	Higher in TB	FALSE
GO:0009185	ribonucleoside diphosphate metabolic process	103	3	0.554724757046323	0.0550383142231103	0.193850513516118	Higher in TB	FALSE
GO:0048193	Golgi vesicle transport	295	2	0.532485552970597	0.05518211989779	0.194232583353425	Higher in TB	FALSE
GO:0007346	regulation of mitotic cell cycle	422	10	0.472750762411615	0.0552359575270873	0.194297693207886	Lower in TB	FALSE
GO:0007267	cell-cell signaling	771	15	0.520321077773564	0.0556452485525589	0.195612261216093	Higher in TB	FALSE
GO:0002438	acute inflammatory response to antigenic stimulus	21	2	0.620540899286544	0.0558274864301891	0.196127489069124	Higher in TB	FALSE
GO:0010332	response to gamma radiation	33	1	0.403852936921649	0.0559347159340205	0.19637871532902	Lower in TB	FALSE
GO:0021700	developmental maturation	183	6	0.540963808784242	0.056115270383378	0.196886889960314	Higher in TB	FALSE
GO:0019217	regulation of fatty acid metabolic process	69	2	0.566448033037278	0.0563338821643149	0.197527859782783	Higher in TB	FALSE
GO:0051983	regulation of chromosome segregation	130	4	0.451528009357191	0.0564227391114468	0.197713333100532	Lower in TB	FALSE
GO:0032371	regulation of sterol transport	42	0	0.585003347695201	0.0566361858184325	0.198208624843884	Higher in TB	FALSE
GO:0032374	regulation of cholesterol transport	42	0	0.585003347695201	0.0566361858184325	0.198208624843884	Higher in TB	FALSE
GO:0048738	cardiac muscle tissue development	113	1	0.448123801319496	0.0568533476016976	0.198842051599322	Lower in TB	FALSE
GO:0071674	mononuclear cell migration	171	7	0.542187902431933	0.0571394078274976	0.199715489024528	Higher in TB	FALSE
GO:0034333	adherens junction assembly	12	0	0.341530932990427	0.0573098588147403	0.200093589820321	Lower in TB	FALSE
GO:0042749	regulation of circadian sleep/wake cycle	11	0	0.334495774785086	0.057320371765552	0.200093589820321	Lower in TB	FALSE
GO:0060211	regulation of nuclear-transcribed mRNA poly(A) tail shortening	15	0	0.358383795080649	0.0575457018071458	0.200752708461731	Lower in TB	FALSE
GO:0007584	response to nutrient	115	3	0.551263401756371	0.0576408886729538	0.200832266327276	Higher in TB	FALSE
GO:0035458	cellular response to interferon-beta	23	3	0.61434575158676	0.0576415635257261	0.200832266327276	Higher in TB	FALSE
GO:0010883	regulation of lipid storage	38	0	0.588974986021766	0.057697930015719	0.200901342131997	Higher in TB	FALSE
GO:0071559	response to transforming growth factor beta	203	5	0.461359262446404	0.0578680844982155	0.201366283905816	Lower in TB	FALSE
GO:0046112	nucleobase biosynthetic process	20	0	0.377527337049743	0.0579269117906031	0.201433582067654	Lower in TB	FALSE
GO:0038066	p38MAPK cascade	45	4	0.581668545256114	0.0580323945200547	0.201433582067654	Higher in TB	FALSE
GO:0039531	regulation of cytoplasmic pattern recognition receptor signaling pathway	122	6	0.549702507700164	0.0580329291553678	0.201433582067654	Higher in TB	FALSE
GO:0006094	gluconeogenesis	65	2	0.567988327829282	0.0580339748990841	0.201433582067654	Higher in TB	FALSE
GO:0035336	long-chain fatty-acyl-CoA metabolic process	23	1	0.614112661676989	0.05815282215956	0.201718748412152	Higher in TB	FALSE
GO:1901503	ether biosynthetic process	13	0	0.651667841347957	0.0582788027214578	0.202028283330753	Higher in TB	FALSE
GO:2000773	negative regulation of cellular senescence	18	0	0.371246769333381	0.0585851504060304	0.202846865678086	Lower in TB	FALSE
GO:1904357	negative regulation of telomere maintenance via telomere lengthening	30	1	0.400237763237871	0.0585887273002547	0.202846865678086	Lower in TB	FALSE
GO:0032107	regulation of response to nutrient levels	20	0	0.622110849056604	0.058671270651663	0.202926700900988	Higher in TB	FALSE
GO:1903083	protein localization to condensed chromosome	16	0	0.363498124330118	0.0586856046621628	0.202926700900988	Lower in TB	FALSE
GO:0001936	regulation of endothelial cell proliferation	96	3	0.555834006099749	0.0587403028192464	0.202988174041619	Higher in TB	FALSE
GO:0090043	regulation of tubulin deacetylation	14	0	0.354157416905247	0.0588179166170572	0.203128709522978	Lower in TB	FALSE
GO:0007076	mitotic chromosome condensation	19	0	0.374852954866665	0.0589393303357499	0.203420237404867	Lower in TB	FALSE
GO:0051291	protein heterooligomerization	20	0	0.378095518867925	0.0590993765316701	0.203824424773292	Lower in TB	FALSE
GO:0043651	linoleic acid metabolic process	14	0	0.645662691183	0.0591305852152422	0.203824424773292	Higher in TB	FALSE
GO:0016445	somatic diversification of immunoglobulins	53	1	0.425101239185872	0.059277501524945	0.204085049134338	Lower in TB	FALSE
GO:0071378	cellular response to growth hormone stimulus	23	0	0.613604525673688	0.059280433515376	0.204085049134338	Higher in TB	FALSE
GO:0046364	monosaccharide biosynthetic process	69	2	0.565645779249355	0.0593755514705598	0.204256250091516	Higher in TB	FALSE
GO:0071280	cellular response to copper ion	14	1	0.645505764196151	0.0594044641499334	0.204256250091516	Higher in TB	FALSE
GO:1901570	fatty acid derivative biosynthetic process	40	1	0.586098143378407	0.0595339304740625	0.204542029817245	Higher in TB	FALSE
GO:0008585	female gonad development	37	1	0.589503554737741	0.0595619843101873	0.204542029817245	Higher in TB	FALSE
GO:0010828	positive regulation of D-glucose transmembrane transport	32	0	0.403849763999142	0.0597721675426995	0.20513569110472	Lower in TB	FALSE
GO:0002562	somatic diversification of immune receptors via germline recombination within a single locus	50	1	0.423074197358531	0.0598764739796215	0.205237440112194	Lower in TB	FALSE
GO:0016444	somatic cell DNA recombination	50	1	0.423074197358531	0.0598764739796215	0.205237440112194	Lower in TB	FALSE
GO:0006694	steroid biosynthetic process	113	1	0.551244530107708	0.0599383020137179	0.205321361041384	Higher in TB	FALSE
GO:1990481	mRNA pseudouridine synthesis	11	0	0.336453741811363	0.0603303269235477	0.206535577475508	Lower in TB	FALSE
GO:0003205	cardiac chamber development	67	0	0.433661131710463	0.0604368886540726	0.206754740782777	Lower in TB	FALSE
GO:0002029	desensitization of G protein-coupled receptor signaling pathway	11	1	0.663409882375862	0.06054476767193	0.206754740782777	Higher in TB	FALSE
GO:0022401	negative adaptation of signaling pathway	11	1	0.663409882375862	0.06054476767193	0.206754740782777	Higher in TB	FALSE
GO:0023058	adaptation of signaling pathway	11	1	0.663409882375862	0.06054476767193	0.206754740782777	Higher in TB	FALSE
GO:0072028	nephron morphogenesis	26	1	0.393720354712312	0.0606693953274603	0.206895631270458	Lower in TB	FALSE
GO:0072088	nephron epithelium morphogenesis	26	1	0.393720354712312	0.0606693953274603	0.206895631270458	Lower in TB	FALSE
GO:0060828	regulation of canonical Wnt signaling pathway	192	3	0.46072025129842	0.0607027627457576	0.206895631270458	Lower in TB	FALSE
GO:1902017	regulation of cilium assembly	71	2	0.435624983440011	0.0607365494489849	0.206895631270458	Lower in TB	FALSE
GO:0055088	lipid homeostasis	132	2	0.547282303187178	0.0607801244246269	0.206915866307491	Higher in TB	FALSE
GO:0010744	positive regulation of macrophage derived foam cell differentiation	13	1	0.650155181580997	0.0608327880546768	0.206948904456031	Higher in TB	FALSE
GO:0006491	N-glycan processing	21	0	0.381848349095736	0.0608651106775923	0.206948904456031	Lower in TB	FALSE
GO:0051279	regulation of release of sequestered calcium ion into cytosol	45	0	0.580728654154665	0.0609802049383708	0.207211729347918	Higher in TB	FALSE
GO:0048771	tissue remodeling	89	3	0.557459212461531	0.0610348472383953	0.207211729347918	Higher in TB	FALSE
GO:0008637	apoptotic mitochondrial changes	88	6	0.557778601052487	0.0610554749988408	0.207211729347918	Higher in TB	FALSE
GO:0048499	synaptic vesicle membrane organization	23	1	0.612742093007536	0.0612357770587721	0.207695436316551	Higher in TB	FALSE
GO:0046822	regulation of nucleocytoplasmic transport	92	1	0.443587518014561	0.0615245300007344	0.208546156562292	Lower in TB	FALSE
GO:0002291	T cell activation via T cell receptor contact with antigen bound to MHC molecule on antigen presenting cell	11	1	0.66269390935879	0.0616809701127228	0.208947611632625	Higher in TB	FALSE
GO:0008356	asymmetric cell division	12	0	0.655678489784255	0.0618367037591703	0.209346180583693	Higher in TB	FALSE
GO:0009155	purine deoxyribonucleotide catabolic process	11	0	0.662547792416531	0.0619150034972544	0.209482270294095	Higher in TB	FALSE
GO:0010888	negative regulation of lipid storage	17	0	0.630750654943364	0.0619616227405719	0.209511071234726	Higher in TB	FALSE
GO:0010954	positive regulation of protein processing	19	2	0.62362369986713	0.0620895197183913	0.2098144925702	Higher in TB	FALSE
GO:1901990	regulation of mitotic cell cycle phase transition	299	7	0.468606879728059	0.0621426743589959	0.209865125077248	Lower in TB	FALSE
GO:0072673	lamellipodium morphogenesis	14	0	0.643898219452822	0.0622711409754997	0.210169879118046	Higher in TB	FALSE
GO:0000041	transition metal ion transport	82	3	0.559547139517862	0.0623560611888401	0.21032737694248	Higher in TB	FALSE
GO:1900103	positive regulation of endoplasmic reticulum unfolded protein response	13	0	0.649227801614878	0.0624439467560463	0.210494677660786	Higher in TB	FALSE
GO:0009584	detection of visible light	13	0	0.350805171895029	0.062501876016396	0.210560854373863	Lower in TB	FALSE
GO:0009156	ribonucleoside monophosphate biosynthetic process	32	0	0.404964398734177	0.0627939765063463	0.211290831667297	Lower in TB	FALSE
GO:0071560	cellular response to transforming growth factor beta stimulus	199	4	0.461718942713785	0.0627954199607792	0.211290831667297	Lower in TB	FALSE
GO:1904894	positive regulation of receptor signaling pathway via STAT	37	1	0.411626015199168	0.0628508959887797	0.211312309663728	Lower in TB	FALSE
GO:0036005	response to macrophage colony-stimulating factor	15	1	0.638701034242538	0.0628786719916077	0.211312309663728	Higher in TB	FALSE
GO:0046469	platelet activating factor metabolic process	10	0	0.669581056466302	0.0632982172343475	0.212592301988053	Higher in TB	FALSE
GO:0015838	amino-acid betaine transport	11	0	0.661568808903392	0.0635020513201239	0.213146689962174	Higher in TB	FALSE
GO:0002761	regulation of myeloid leukocyte differentiation	84	7	0.558535161052373	0.0637120007316869	0.213612282943905	Higher in TB	FALSE
GO:0006837	serotonin transport	14	1	0.643109757031095	0.063718469266643	0.213612282943905	Higher in TB	FALSE
GO:0001573	ganglioside metabolic process	20	0	0.619701436535163	0.0638331954625682	0.213866489124436	Higher in TB	FALSE
GO:0001738	morphogenesis of a polarized epithelium	25	0	0.392956946008257	0.0639209847510734	0.214030191328503	Lower in TB	FALSE
GO:0170040	proteinogenic amino acid catabolic process	69	0	0.56449614178239	0.0639707747431078	0.214066536541452	Higher in TB	FALSE
GO:0022604	regulation of cell morphogenesis	181	4	0.539918359299736	0.0641277694532387	0.214381872384099	Higher in TB	FALSE
GO:0046601	positive regulation of centriole replication	11	0	0.338820836275966	0.064142993829	0.214381872384099	Lower in TB	FALSE
GO:0048593	camera-type eye morphogenesis	42	0	0.41747420230301	0.0642341348358885	0.214556059129839	Lower in TB	FALSE
GO:0002707	negative regulation of lymphocyte mediated immunity	54	4	0.572731575953571	0.0645007178356565	0.215315693175737	Higher in TB	FALSE
GO:0060055	angiogenesis involved in wound healing	19	1	0.622467085868716	0.0645733010810414	0.215356085625191	Higher in TB	FALSE
GO:0032703	negative regulation of interleukin-2 production	22	3	0.613811807362788	0.0645930516150857	0.215356085625191	Higher in TB	FALSE
GO:0043923	host-mediated activation of viral transcription	17	0	0.370582875950101	0.0646699563084919	0.215356085625191	Lower in TB	FALSE
GO:0048469	cell maturation	87	3	0.557307714425105	0.0647048938374604	0.215356085625191	Higher in TB	FALSE
GO:0002702	positive regulation of production of molecular mediator of immune response	99	5	0.553734578927021	0.0647303707757281	0.215356085625191	Higher in TB	FALSE
GO:0018209	peptidyl-serine modification	61	1	0.431623536457026	0.0647653591170087	0.215356085625191	Lower in TB	FALSE
GO:0072539	T-helper 17 cell differentiation	49	3	0.576250406749912	0.0648219254713251	0.215356085625191	Higher in TB	FALSE
GO:0098771	inorganic ion homeostasis	286	7	0.531759051171775	0.0648641475719909	0.215356085625191	Higher in TB	FALSE
GO:0017004	cytochrome complex assembly	46	0	0.578675114938505	0.0648768537823745	0.215356085625191	Higher in TB	FALSE
GO:0035455	response to interferon-alpha	20	3	0.619221698113208	0.0649045168935871	0.215356085625191	Higher in TB	FALSE
GO:0051290	protein heterotetramerization	13	0	0.352181815933624	0.0649603758637172	0.215411427321301	Lower in TB	FALSE
GO:0060612	adipose tissue development	44	0	0.419711688590499	0.0653805543873266	0.216674073551249	Lower in TB	FALSE
GO:0062197	cellular response to chemical stress	256	7	0.533465450257872	0.0654704784265454	0.216841379752498	Higher in TB	FALSE
GO:0015748	organophosphate ester transport	150	6	0.543571197236317	0.0656107287207983	0.21717506713242	Higher in TB	FALSE
GO:1905476	negative regulation of protein localization to membrane	27	1	0.602302178847838	0.0657622878337889	0.217323603070935	Higher in TB	FALSE
GO:0060338	regulation of type I interferon-mediated signaling pathway	38	3	0.586256996176459	0.0657673240328158	0.217323603070935	Higher in TB	FALSE
GO:0046325	negative regulation of D-glucose import across plasma membrane	10	0	0.668016714882674	0.0657741861604286	0.217323603070935	Higher in TB	FALSE
GO:0045621	positive regulation of lymphocyte differentiation	104	7	0.44777808611806	0.0658205737005981	0.217346254778311	Lower in TB	FALSE
GO:0070192	chromosome organization involved in meiotic cell cycle	24	0	0.391617967688898	0.0660544883421295	0.217733704757039	Lower in TB	FALSE
GO:0010826	negative regulation of centrosome duplication	11	1	0.339965418990332	0.0660567150845293	0.217733704757039	Lower in TB	FALSE
GO:0046606	negative regulation of centrosome cycle	11	1	0.339965418990332	0.0660567150845293	0.217733704757039	Lower in TB	FALSE
GO:1903306	negative regulation of regulated secretory pathway	17	1	0.628610069892151	0.066355980272174	0.21858908300564	Higher in TB	FALSE
GO:0002468	dendritic cell antigen processing and presentation	12	0	0.652972746106587	0.0665046214696989	0.218819220341735	Higher in TB	FALSE
GO:0003161	cardiac conduction system development	18	0	0.3750789056824	0.0665054414679956	0.218819220341735	Lower in TB	FALSE
GO:0010875	positive regulation of cholesterol efflux	19	0	0.621572825777259	0.0665494123556765	0.218832936083439	Higher in TB	FALSE
GO:1902652	secondary alcohol metabolic process	106	4	0.551548958047571	0.0667704174691994	0.219360967545252	Higher in TB	FALSE
GO:0007063	regulation of sister chromatid cohesion	17	0	0.37159484620259	0.066789788954302	0.219360967545252	Lower in TB	FALSE
GO:1904706	negative regulation of vascular associated smooth muscle cell proliferation	15	0	0.636632549166711	0.0669054421317061	0.219462993157714	Higher in TB	FALSE
GO:0060333	type II interferon-mediated signaling pathway	25	3	0.605850624631387	0.0669377928782036	0.219462993157714	Higher in TB	FALSE
GO:0010829	negative regulation of D-glucose transmembrane transport	14	1	0.641379732688274	0.0669916610767336	0.219462993157714	Higher in TB	FALSE
GO:0042770	signal transduction in response to DNA damage	177	6	0.460074036678727	0.0670607660234379	0.219462993157714	Lower in TB	FALSE
GO:0003143	embryonic heart tube morphogenesis	30	0	0.403419857699596	0.0671093482006383	0.219462993157714	Lower in TB	FALSE
GO:0032613	interleukin-10 production	49	5	0.575606180626543	0.0671179317979429	0.219462993157714	Higher in TB	FALSE
GO:0032653	regulation of interleukin-10 production	49	5	0.575606180626543	0.0671179317979429	0.219462993157714	Higher in TB	FALSE
GO:0002524	hypersensitivity	14	1	0.641299355451108	0.06714703837294	0.219462993157714	Higher in TB	FALSE
GO:0060155	platelet dense granule organization	27	0	0.601769929079704	0.0671801050353642	0.219462993157714	Higher in TB	FALSE
GO:0006123	mitochondrial electron transport, cytochrome c to oxygen	16	0	0.632097400857449	0.0673189216087522	0.219785885394845	Higher in TB	FALSE
GO:0072393	microtubule anchoring at microtubule organizing center	13	0	0.35360792023708	0.0675907820419196	0.220464113632903	Lower in TB	FALSE
GO:0007271	synaptic transmission, cholinergic	21	0	0.615198274431724	0.0676068562359176	0.220464113632903	Higher in TB	FALSE
GO:0097194	execution phase of apoptosis	62	1	0.567083568732518	0.0677455920048307	0.220785574891855	Higher in TB	FALSE
GO:0035864	response to potassium ion	13	0	0.353760422720397	0.0678771829362805	0.220965380947429	Lower in TB	FALSE
GO:0016078	tRNA decay	17	0	0.372105560161789	0.0678811437650433	0.220965380947429	Lower in TB	FALSE
GO:0008543	fibroblast growth factor receptor signaling pathway	38	0	0.414427796070281	0.0679409403188017	0.22102916560519	Lower in TB	FALSE
GO:0048009	insulin-like growth factor receptor signaling pathway	37	0	0.413377646115454	0.0682468809464679	0.221797231321056	Lower in TB	FALSE
GO:0035358	regulation of peroxisome proliferator activated receptor signaling pathway	15	0	0.364039083293143	0.0682577146953851	0.221797231321056	Lower in TB	FALSE
GO:0070286	axonemal dynein complex assembly	28	0	0.400525525525526	0.0684605177930821	0.222324823878538	Lower in TB	FALSE
GO:0071380	cellular response to prostaglandin E stimulus	10	0	0.333670845387335	0.068534132241239	0.222349296860992	Lower in TB	FALSE
GO:0042168	heme metabolic process	39	0	0.584284364023592	0.0685489374644201	0.222349296860992	Higher in TB	FALSE
GO:0060675	ureteric bud morphogenesis	21	0	0.385235670253092	0.0686473456786711	0.222406073389118	Lower in TB	FALSE
GO:0072171	mesonephric tubule morphogenesis	21	0	0.385235670253092	0.0686473456786711	0.222406073389118	Lower in TB	FALSE
GO:0002706	regulation of lymphocyte mediated immunity	150	9	0.543051927021483	0.0688912366497869	0.223020946185927	Higher in TB	FALSE
GO:0018394	peptidyl-lysine acetylation	12	0	0.348429239891413	0.0690352152274228	0.223020946185927	Lower in TB	FALSE
GO:0007549	sex-chromosome dosage compensation	20	0	0.382579331046312	0.0690596266802292	0.223020946185927	Lower in TB	FALSE
GO:1904376	negative regulation of protein localization to cell periphery	27	1	0.601062910730989	0.0691022866244995	0.223020946185927	Higher in TB	FALSE
GO:0110096	cellular response to aldehyde	18	0	0.623744953013899	0.0691062065451304	0.223020946185927	Higher in TB	FALSE
GO:0046753	non-lytic viral release	13	0	0.645584228770212	0.0691193154036966	0.223020946185927	Higher in TB	FALSE
GO:0000244	spliceosomal tri-snRNP complex assembly	38	0	0.414792077306691	0.0691210789925099	0.223020946185927	Lower in TB	FALSE
GO:0030224	monocyte differentiation	27	2	0.600953680368126	0.0694032433704563	0.223800018798105	Higher in TB	FALSE
GO:0071294	cellular response to zinc ion	12	1	0.651204636376625	0.0697089419637758	0.224654022811746	Higher in TB	FALSE
GO:1905165	regulation of lysosomal protein catabolic process	11	0	0.657526240167547	0.0704153976313178	0.226797806782065	Higher in TB	FALSE
GO:0046761	viral budding from plasma membrane	12	0	0.650686705243606	0.0706712287971898	0.227352965689535	Higher in TB	FALSE
GO:0009583	detection of light stimulus	31	0	0.406211126393827	0.0707050301335996	0.227352965689535	Lower in TB	FALSE
GO:0001657	ureteric bud development	33	0	0.409094972684524	0.0707118172661158	0.227352965689535	Lower in TB	FALSE
GO:0007005	mitochondrion organization	335	6	0.528743122618194	0.0709274696879412	0.227863760418024	Higher in TB	FALSE
GO:0003171	atrioventricular valve development	18	0	0.377097700122676	0.0710204505880537	0.227863760418024	Lower in TB	FALSE
GO:0003181	atrioventricular valve morphogenesis	18	0	0.377097700122676	0.0710204505880537	0.227863760418024	Lower in TB	FALSE
GO:0006706	steroid catabolic process	14	1	0.639312889446851	0.0710822905034376	0.227863760418024	Higher in TB	FALSE
GO:0007266	Rho protein signal transduction	112	1	0.45061870902207	0.071097464580833	0.227863760418024	Lower in TB	FALSE
GO:0055117	regulation of cardiac muscle contraction	56	0	0.56972533374252	0.0711193548339994	0.227863760418024	Higher in TB	FALSE
GO:0046854	phosphatidylinositol phosphate biosynthetic process	56	1	0.43029576492251	0.071204897451469	0.228004965747336	Lower in TB	FALSE
GO:2000232	regulation of rRNA processing	18	0	0.377219780612427	0.0713013509109853	0.228147821950509	Lower in TB	FALSE
GO:0006167	AMP biosynthetic process	12	0	0.34971513787684	0.0714253133013154	0.228147821950509	Lower in TB	FALSE
GO:1903319	positive regulation of protein maturation	20	2	0.616434391080617	0.0714261151131546	0.228147821950509	Higher in TB	FALSE
GO:0032620	interleukin-17 production	32	0	0.592068829113924	0.0714569933428113	0.228147821950509	Higher in TB	FALSE
GO:0032660	regulation of interleukin-17 production	32	0	0.592068829113924	0.0714569933428113	0.228147821950509	Higher in TB	FALSE
GO:0046040	IMP metabolic process	16	0	0.369915594855305	0.0715991225137459	0.228468935334054	Lower in TB	FALSE
GO:0002701	negative regulation of production of molecular mediator of immune response	27	3	0.600115585583975	0.0717483860585166	0.228812428393112	Higher in TB	FALSE
GO:0006891	intra-Golgi vesicle-mediated transport	32	0	0.591934737717228	0.0718706010573991	0.229069312819467	Higher in TB	FALSE
GO:0045216	cell-cell junction organization	138	2	0.455629330118628	0.0720377141482346	0.229468917953067	Lower in TB	FALSE
GO:0019673	GDP-mannose metabolic process	10	0	0.664234436944177	0.0720916490189736	0.229507751190687	Higher in TB	FALSE
GO:0032870	cellular response to hormone stimulus	474	9	0.47584757922925	0.0721404526889871	0.229530213474567	Lower in TB	FALSE
GO:2001212	regulation of vasculogenesis	17	2	0.625920940218094	0.0722370258014378	0.229704550524179	Higher in TB	FALSE
GO:0019433	triglyceride catabolic process	21	0	0.613222549807916	0.0724510892664283	0.230126404687751	Higher in TB	FALSE
GO:0008283	cell population proliferation	1195	39	0.484495228411768	0.0724534024216984	0.230126404687751	Lower in TB	FALSE
GO:0042632	cholesterol homeostasis	72	2	0.561166654721804	0.0727498112641671	0.230934447072974	Higher in TB	FALSE
GO:0072080	nephron tubule development	40	1	0.418048400944409	0.0728957112157329	0.230976757430861	Lower in TB	FALSE
GO:0046513	ceramide biosynthetic process	56	0	0.569287056928034	0.0729136995789359	0.230976757430861	Higher in TB	FALSE
GO:0048736	appendage development	62	2	0.434144261863252	0.0729311842306247	0.230976757430861	Lower in TB	FALSE
GO:0060173	limb development	62	2	0.434144261863252	0.0729311842306247	0.230976757430861	Lower in TB	FALSE
GO:0019319	hexose biosynthetic process	68	2	0.562854053917354	0.073110543627386	0.231411496179256	Higher in TB	FALSE
GO:0033238	regulation of amine metabolic process	13	0	0.643502775957365	0.0731888109480161	0.231525939351089	Higher in TB	FALSE
GO:0032205	negative regulation of telomere maintenance	39	2	0.417120340981477	0.0732892351521048	0.231677069284745	Lower in TB	FALSE
GO:0009593	detection of chemical stimulus	97	0	0.552628147398432	0.0733235383626833	0.231677069284745	Higher in TB	FALSE
GO:0035739	CD4-positive, alpha-beta T cell proliferation	12	1	0.64923114016288	0.0734340492136556	0.231677069284745	Higher in TB	FALSE
GO:2000561	regulation of CD4-positive, alpha-beta T cell proliferation	12	1	0.64923114016288	0.0734340492136556	0.231677069284745	Higher in TB	FALSE
GO:0061326	renal tubule development	41	1	0.419215088314017	0.0734755164132264	0.231677069284745	Lower in TB	FALSE
GO:0033365	protein localization to organelle	811	16	0.481449686182469	0.0734894159389951	0.231677069284745	Lower in TB	FALSE
GO:0001935	endothelial cell proliferation	110	3	0.549396746741355	0.0735627923432851	0.231775491291336	Higher in TB	FALSE
GO:0071676	negative regulation of mononuclear cell migration	25	0	0.396641466945472	0.0736217022402413	0.231828246802318	Lower in TB	FALSE
GO:0036462	TRAIL-activated apoptotic signaling pathway	10	1	0.663270116789885	0.0737794896924426	0.231897559265872	Higher in TB	FALSE
GO:0006067	ethanol metabolic process	10	0	0.663259402121504	0.0737984234248976	0.231897559265872	Higher in TB	FALSE
GO:0006068	ethanol catabolic process	10	0	0.663259402121504	0.0737984234248976	0.231897559265872	Higher in TB	FALSE
GO:0050810	regulation of steroid biosynthetic process	53	1	0.57099204777213	0.0738165914938438	0.231897559265872	Higher in TB	FALSE
GO:0034243	regulation of transcription elongation by RNA polymerase II	92	0	0.446067444646166	0.0738546064522631	0.231897559265872	Lower in TB	FALSE
GO:1903426	regulation of reactive oxygen species biosynthetic process	36	1	0.586052992370052	0.0739714553458415	0.23213188441292	Higher in TB	FALSE
GO:0048169	regulation of long-term neuronal synaptic plasticity	15	0	0.63320650911884	0.0740404637252379	0.232146451868015	Higher in TB	FALSE
GO:1903522	regulation of blood circulation	151	1	0.542134398655835	0.0740605450302834	0.232146451868015	Higher in TB	FALSE
GO:0008333	endosome to lysosome transport	64	1	0.564529100848915	0.0742358918663353	0.232484353617031	Higher in TB	FALSE
GO:0032510	endosome to lysosome transport via multivesicular body sorting pathway	18	0	0.621520706042091	0.0742529146874329	0.232484353617031	Higher in TB	FALSE
GO:0034214	protein hexamerization	12	0	0.351242141734533	0.0743511961547232	0.232659576811991	Lower in TB	FALSE
GO:0002263	cell activation involved in immune response	241	16	0.533381275694461	0.0745079484601989	0.232731119540366	Higher in TB	FALSE
GO:0022414	reproductive process	896	14	0.482372348545717	0.0745199668127769	0.232731119540366	Lower in TB	FALSE
GO:1903077	negative regulation of protein localization to plasma membrane	22	1	0.60982533602347	0.0745323351064191	0.232731119540366	Higher in TB	FALSE
GO:0034975	protein folding in endoplasmic reticulum	10	0	0.337169184613736	0.0745590362267479	0.232731119540366	Lower in TB	FALSE
GO:0098813	nuclear chromosome segregation	273	4	0.468617256423592	0.0745857098272327	0.232731119540366	Lower in TB	FALSE
GO:0032370	positive regulation of lipid transport	59	2	0.567074197721601	0.0747741532833668	0.233186780914323	Higher in TB	FALSE
GO:0014912	negative regulation of smooth muscle cell migration	15	0	0.632788525087973	0.074952026606109	0.233608980884573	Higher in TB	FALSE
GO:0045930	negative regulation of mitotic cell cycle	202	5	0.463693689927616	0.0754428788105625	0.235005636090919	Lower in TB	FALSE
GO:0051017	actin filament bundle assembly	134	5	0.455523321801091	0.0755610351224285	0.235240413988172	Lower in TB	FALSE
GO:2001234	negative regulation of apoptotic signaling pathway	157	7	0.541082441410663	0.0757955347398291	0.235826667577923	Higher in TB	FALSE
GO:0002690	positive regulation of leukocyte chemotaxis	73	1	0.56010409279988	0.0758351306434644	0.235826667577923	Higher in TB	FALSE
GO:0035050	embryonic heart tube development	36	0	0.414578862660944	0.0761177455121296	0.236456943115399	Lower in TB	FALSE
GO:1903541	regulation of exosomal secretion	17	0	0.624240628241221	0.0761238249025566	0.236456943115399	Higher in TB	FALSE
GO:0003018	vascular process in circulatory system	179	5	0.538425527557994	0.0763480740077365	0.237019599601657	Higher in TB	FALSE
GO:1901797	negative regulation of signal transduction by p53 class mediator	37	1	0.415831089418728	0.0764396203306095	0.237036935898299	Lower in TB	FALSE
GO:0048227	plasma membrane to endosome transport	10	1	0.661786135219115	0.0764398849304626	0.237036935898299	Higher in TB	FALSE
GO:0035590	purinergic nucleotide receptor signaling pathway	26	1	0.600354712311817	0.0765078848873859	0.237114064887738	Higher in TB	FALSE
GO:0097190	apoptotic signaling pathway	449	18	0.524399972971398	0.0768406901124228	0.238011331965127	Higher in TB	FALSE
GO:0140673	transcription elongation-coupled chromatin remodeling	15	0	0.368115320722362	0.0769545340524147	0.238229745619468	Lower in TB	FALSE
GO:0003179	heart valve morphogenesis	36	0	0.414836671435384	0.0770079415339487	0.238260924340827	Lower in TB	FALSE
GO:0000819	sister chromatid segregation	231	3	0.466211587274206	0.0770837694817819	0.238269904530011	Lower in TB	FALSE
GO:0070296	sarcoplasmic reticulum calcium ion transport	30	0	0.593244306196146	0.0771109830915675	0.238269904530011	Higher in TB	FALSE
GO:0002684	positive regulation of immune system process	911	73	0.51733106606158	0.0771827106805008	0.238269904530011	Higher in TB	FALSE
GO:0031571	mitotic G1 DNA damage checkpoint signaling	14	0	0.363596001041077	0.077184194246626	0.238269904530011	Lower in TB	FALSE
GO:0045429	positive regulation of nitric oxide biosynthetic process	30	3	0.593074475311953	0.0776510515756212	0.239453488584895	Higher in TB	FALSE
GO:0009132	nucleoside diphosphate metabolic process	108	3	0.549156653422056	0.0776547053741119	0.239453488584895	Higher in TB	FALSE
GO:0098801	regulation of renal system process	10	0	0.66099860709311	0.0778831858494844	0.24002340571775	Higher in TB	FALSE
GO:0052372	modulation by symbiont of entry into host	21	1	0.611103878699698	0.0779578371221823	0.240118873107988	Higher in TB	FALSE
GO:1905383	protein localization to presynapse	11	0	0.346608869298395	0.078113961683082	0.240465039940417	Lower in TB	FALSE
GO:0002504	antigen processing and presentation of peptide or polysaccharide antigen via MHC class II	31	1	0.591406500056229	0.078161065180169	0.240475398075304	Higher in TB	FALSE
GO:0090263	positive regulation of canonical Wnt signaling pathway	86	0	0.445083002864756	0.0783956965693856	0.241062382404073	Lower in TB	FALSE
GO:0030261	chromosome condensation	33	0	0.411497369229494	0.0784824077020772	0.241194118248195	Lower in TB	FALSE
GO:0031294	lymphocyte costimulation	39	6	0.418599339884955	0.0785666485353658	0.241251255444608	Lower in TB	FALSE
GO:0061572	actin filament bundle organization	137	5	0.456457741679309	0.0785887592763355	0.241251255444608	Lower in TB	FALSE
GO:0009235	cobalamin metabolic process	10	0	0.339419264973749	0.0786579845531589	0.241329017339993	Lower in TB	FALSE
GO:1903035	negative regulation of response to wounding	70	3	0.560779164939113	0.0787160317126365	0.241372416261057	Higher in TB	FALSE
GO:0050974	detection of mechanical stimulus involved in sensory perception	20	0	0.613515759005146	0.0788208893907971	0.241478607027196	Higher in TB	FALSE
GO:1901889	negative regulation of cell junction assembly	30	1	0.592704422753763	0.0788385048406359	0.241478607027196	Higher in TB	FALSE
GO:0060537	muscle tissue development	180	1	0.46200770136486	0.0788941471690306	0.241514488382701	Lower in TB	FALSE
GO:0040036	regulation of fibroblast growth factor receptor signaling pathway	16	0	0.373278403001072	0.0792450336091021	0.242169838125184	Lower in TB	FALSE
GO:0043330	response to exogenous dsRNA	20	2	0.613354952830189	0.0792457787936218	0.242169838125184	Higher in TB	FALSE
GO:0071605	monocyte chemotactic protein-1 production	14	3	0.635439472112926	0.0792992869894587	0.242169838125184	Higher in TB	FALSE
GO:0071637	regulation of monocyte chemotactic protein-1 production	14	3	0.635439472112926	0.0792992869894587	0.242169838125184	Higher in TB	FALSE
GO:0010878	cholesterol storage	17	0	0.622907097347755	0.0793284609791662	0.242169838125184	Higher in TB	FALSE
GO:0055008	cardiac muscle tissue morphogenesis	28	1	0.404227569406141	0.0794036672226291	0.24226490698669	Lower in TB	FALSE
GO:0097396	response to interleukin-17	19	2	0.616164950082232	0.0795862866624595	0.24255288473958	Higher in TB	FALSE
GO:0097398	cellular response to interleukin-17	19	2	0.616164950082232	0.0795862866624595	0.24255288473958	Higher in TB	FALSE
GO:0010955	negative regulation of protein processing	16	0	0.626537379421222	0.0796823681030463	0.242659247210919	Higher in TB	FALSE
GO:0050691	regulation of defense response to virus by host	39	6	0.581091102205015	0.0797094580689197	0.242659247210919	Higher in TB	FALSE
GO:0034501	protein localization to kinetochore	15	0	0.36943357805048	0.0799531573700403	0.24326644118455	Lower in TB	FALSE
GO:0010882	regulation of cardiac muscle contraction by calcium ion signaling	22	0	0.607749251927444	0.0801839002688274	0.243595533332559	Higher in TB	FALSE
GO:0071805	potassium ion transmembrane transport	122	1	0.545877164925773	0.0801932964857102	0.243595533332559	Higher in TB	FALSE
GO:0002440	production of molecular mediator of immune response	157	9	0.540478826531402	0.0801992177393251	0.243595533332559	Higher in TB	FALSE
GO:0031122	cytoplasmic microtubule organization	63	2	0.436268728376395	0.0802385432639621	0.243595533332559	Lower in TB	FALSE
GO:0033081	regulation of T cell differentiation in thymus	13	1	0.359930590761647	0.0803282216401823	0.243733202305586	Lower in TB	FALSE
GO:0008203	cholesterol metabolic process	99	4	0.550835914726747	0.0805551171590464	0.244286836260583	Higher in TB	FALSE
GO:0050911	detection of chemical stimulus involved in sensory perception of smell	57	0	0.566766828451977	0.0812544432581639	0.246271735961072	Higher in TB	FALSE
GO:0043116	negative regulation of vascular permeability	12	2	0.645252893270467	0.0814382626581973	0.246692874983344	Higher in TB	FALSE
GO:0000012	single strand break repair	15	0	0.370144508154261	0.0816093043594091	0.247074865290766	Lower in TB	FALSE
GO:1903543	positive regulation of exosomal secretion	15	0	0.629769751531715	0.0818109081270233	0.247548911878026	Higher in TB	FALSE
GO:0006000	fructose metabolic process	12	1	0.644962673239034	0.0820488724069224	0.248132398511144	Higher in TB	FALSE
GO:0042130	negative regulation of T cell proliferation	52	4	0.5696568117235	0.0822913503283473	0.248728886259073	Higher in TB	FALSE
GO:0002230	positive regulation of defense response to virus by host	30	5	0.591603203546784	0.0824598064626769	0.249101107654834	Higher in TB	FALSE
GO:0014706	striated muscle tissue development	170	1	0.46138200011443	0.0825242086555802	0.249158758477968	Lower in TB	FALSE
GO:0016447	somatic recombination of immunoglobulin gene segments	46	1	0.426035613433219	0.0826402434436953	0.249262442252893	Lower in TB	FALSE
GO:0032435	negative regulation of proteasomal ubiquitin-dependent protein catabolic process	36	2	0.416416309012876	0.0826492237590078	0.249262442252893	Lower in TB	FALSE
GO:0051205	protein insertion into membrane	67	0	0.561246644417763	0.0830127969346093	0.250221687251361	Higher in TB	FALSE
GO:0035696	monocyte extravasation	10	0	0.658228865316619	0.0831364608801115	0.25045712981855	Higher in TB	FALSE
GO:0002360	T cell lineage commitment	30	1	0.408634559691087	0.0832591160978137	0.250689277275892	Lower in TB	FALSE
GO:0001823	mesonephros development	36	0	0.416665176442537	0.0835677984219991	0.251480982881309	Lower in TB	FALSE
GO:0033273	response to vitamin	58	1	0.565600216327544	0.0840053161470022	0.252659315194868	Higher in TB	FALSE
GO:0140718	facultative heterochromatin formation	16	0	0.375331591639871	0.0842311530428735	0.252883360723925	Lower in TB	FALSE
GO:0010885	regulation of cholesterol storage	15	0	0.628740867763428	0.0842618059731122	0.252883360723925	Higher in TB	FALSE
GO:0001779	natural killer cell differentiation	14	0	0.366757505702956	0.0842931553227123	0.252883360723925	Lower in TB	FALSE
GO:0061383	trabecula morphogenesis	22	1	0.393700595533982	0.0843335050087767	0.252883360723925	Lower in TB	FALSE
GO:0033151	V(D)J recombination	14	0	0.366784298115345	0.0843555917287003	0.252883360723925	Lower in TB	FALSE
GO:0033146	regulation of intracellular estrogen receptor signaling pathway	28	1	0.405767374517374	0.0843557809326444	0.252883360723925	Lower in TB	FALSE
GO:0044273	sulfur compound catabolic process	28	1	0.59420198259484	0.0844568106268631	0.253002735673927	Higher in TB	FALSE
GO:0038034	signal transduction in absence of ligand	36	2	0.583075524558894	0.0845336532253553	0.253002735673927	Higher in TB	FALSE
GO:0097192	extrinsic apoptotic signaling pathway in absence of ligand	36	2	0.583075524558894	0.0845336532253553	0.253002735673927	Higher in TB	FALSE
GO:0007009	plasma membrane organization	125	5	0.544660233949652	0.0847383971339306	0.253477533972987	Higher in TB	FALSE
GO:1900153	positive regulation of nuclear-transcribed mRNA catabolic process, deadenylation-dependent decay	13	1	0.361958461620895	0.0848042494746285	0.253536576188965	Lower in TB	FALSE
GO:0008360	regulation of cell shape	106	2	0.548404811981183	0.0851779710154279	0.254515480784143	Higher in TB	FALSE
GO:0031644	regulation of nervous system process	82	0	0.55496855791404	0.0853506029123494	0.254749238758272	Higher in TB	FALSE
GO:0071675	regulation of mononuclear cell migration	112	1	0.547070270415859	0.08536199098097	0.254749238758272	Higher in TB	FALSE
GO:0030239	myofibril assembly	39	1	0.579602472611004	0.085395206808202	0.254749238758272	Higher in TB	FALSE
GO:0002830	positive regulation of type 2 immune response	12	1	0.643266002286041	0.085693276366793	0.255334427938685	Higher in TB	FALSE
GO:0010257	NADH dehydrogenase complex assembly	39	0	0.579517172209129	0.0857306937022213	0.255334427938685	Higher in TB	FALSE
GO:0032981	mitochondrial respiratory chain complex I assembly	39	0	0.579517172209129	0.0857306937022213	0.255334427938685	Higher in TB	FALSE
GO:0070841	inclusion body assembly	23	1	0.396651430356231	0.0861926967487039	0.256571438399769	Lower in TB	FALSE
GO:2000045	regulation of G1/S transition of mitotic cell cycle	139	2	0.457836417384946	0.0862471026536571	0.256594464496649	Lower in TB	FALSE
GO:0000082	G1/S transition of mitotic cell cycle	193	2	0.464189891341126	0.0864598306321066	0.256985688724982	Lower in TB	FALSE
GO:0031670	cellular response to nutrient	37	1	0.581434162312965	0.0864988811267611	0.256985688724982	Higher in TB	FALSE
GO:0006665	sphingolipid metabolic process	132	0	0.543215807775773	0.086560981313921	0.256985688724982	Higher in TB	FALSE
GO:0006022	aminoglycan metabolic process	60	3	0.563974538031801	0.0865655684828424	0.256985688724982	Higher in TB	FALSE
GO:0061158	3'-UTR-mediated mRNA destabilization	22	1	0.394514459487119	0.0867379799215561	0.25727324448362	Lower in TB	FALSE
GO:0060419	heart growth	49	1	0.429271531450396	0.08675601951121	0.25727324448362	Lower in TB	FALSE
GO:0032288	myelin assembly	15	0	0.37230587857028	0.0868158924203528	0.257312008909488	Lower in TB	FALSE
GO:0086009	membrane repolarization	35	0	0.583501804777487	0.0873376393930589	0.258718933934827	Higher in TB	FALSE
GO:0006515	protein quality control for misfolded or incompletely synthesized proteins	29	0	0.408324903885806	0.087490695739404	0.259032765307078	Lower in TB	FALSE
GO:0044458	motile cilium assembly	51	0	0.569140150019739	0.0876294559638393	0.259210957889828	Higher in TB	FALSE
GO:0002686	negative regulation of leukocyte migration	34	1	0.41537451800804	0.0876859616338496	0.259210957889828	Lower in TB	FALSE
GO:0060148	positive regulation of post-transcriptional gene silencing	10	0	0.344106932390442	0.0877866139670533	0.259210957889828	Lower in TB	FALSE
GO:1900370	positive regulation of post-transcriptional gene silencing by RNA	10	0	0.344106932390442	0.0877866139670533	0.259210957889828	Lower in TB	FALSE
GO:2000637	positive regulation of miRNA-mediated gene silencing	10	0	0.344106932390442	0.0877866139670533	0.259210957889828	Lower in TB	FALSE
GO:0097680	double-strand break repair via classical nonhomologous end joining	10	0	0.344176577734919	0.0879284223579148	0.259276409816239	Lower in TB	FALSE
GO:0002566	somatic diversification of immune receptors via somatic mutation	10	0	0.3441872924033	0.087950255421478	0.259276409816239	Lower in TB	FALSE
GO:0016446	somatic hypermutation of immunoglobulin genes	10	0	0.3441872924033	0.087950255421478	0.259276409816239	Lower in TB	FALSE
GO:0007420	brain development	373	6	0.474270688275512	0.0883737855012598	0.260085612016404	Lower in TB	FALSE
GO:0000132	establishment of mitotic spindle orientation	25	1	0.598442978928744	0.0884041384941763	0.260085612016404	Higher in TB	FALSE
GO:0035107	appendage morphogenesis	42	1	0.424043095825859	0.0885213229394039	0.260085612016404	Lower in TB	FALSE
GO:0035108	limb morphogenesis	42	1	0.424043095825859	0.0885213229394039	0.260085612016404	Lower in TB	FALSE
GO:0006004	fucose metabolic process	14	0	0.631420610254604	0.0886248170881307	0.260085612016404	Higher in TB	FALSE
GO:0061384	heart trabecula morphogenesis	18	1	0.384112861923989	0.088699570926609	0.260085612016404	Lower in TB	FALSE
GO:0033865	nucleoside bisphosphate metabolic process	12	0	0.641886340905844	0.0887522464916768	0.260085612016404	Higher in TB	FALSE
GO:0033875	ribonucleoside bisphosphate metabolic process	12	0	0.641886340905844	0.0887522464916768	0.260085612016404	Higher in TB	FALSE
GO:0034032	purine nucleoside bisphosphate metabolic process	12	0	0.641886340905844	0.0887522464916768	0.260085612016404	Higher in TB	FALSE
GO:0034035	purine ribonucleoside bisphosphate metabolic process	12	0	0.641886340905844	0.0887522464916768	0.260085612016404	Higher in TB	FALSE
GO:0050427	3'-phosphoadenosine 5'-phosphosulfate metabolic process	12	0	0.641886340905844	0.0887522464916768	0.260085612016404	Higher in TB	FALSE
GO:0060143	positive regulation of syncytium formation by plasma membrane fusion	12	1	0.641868481211602	0.0887924142878849	0.260085612016404	Higher in TB	FALSE
GO:0046849	bone remodeling	50	1	0.569546869966713	0.0889049030871905	0.260276441519368	Higher in TB	FALSE
GO:0031623	receptor internalization	110	4	0.546952885528777	0.0889810238541235	0.260360654151129	Higher in TB	FALSE
GO:0051249	regulation of lymphocyte activation	398	26	0.475134728242372	0.0891412159257701	0.260690641042492	Lower in TB	FALSE
GO:0048870	cell motility	1233	39	0.514454053776083	0.0893009182243341	0.26098614166555	Higher in TB	FALSE
GO:0032786	positive regulation of DNA-templated transcription, elongation	62	0	0.437609395633533	0.0893371987294588	0.26098614166555	Lower in TB	FALSE
GO:0007193	adenylate cyclase-inhibiting G protein-coupled receptor signaling pathway	57	4	0.564975600287576	0.0897572657318166	0.262074055758645	Higher in TB	FALSE
GO:0051412	response to corticosterone	10	0	0.34514089788921	0.0899109745293346	0.262211258919994	Lower in TB	FALSE
GO:0042745	circadian sleep/wake cycle	12	0	0.358640520074296	0.0899433674916471	0.262211258919994	Lower in TB	FALSE
GO:0034143	regulation of toll-like receptor 4 signaling pathway	27	2	0.594268782160894	0.0899715474048772	0.262211258919994	Higher in TB	FALSE
GO:0008535	respiratory chain complex IV assembly	32	0	0.586577786419223	0.0900649290132243	0.262211258919994	Higher in TB	FALSE
GO:0090311	regulation of protein deacetylation	16	0	0.377612540192926	0.0900649444648261	0.262211258919994	Lower in TB	FALSE
GO:0120035	regulation of plasma membrane bounded cell projection organization	468	8	0.477095397158007	0.0901175810394419	0.262211258919994	Lower in TB	FALSE
GO:0009262	deoxyribonucleotide metabolic process	43	1	0.574678084269095	0.0901994647483275	0.262211258919994	Higher in TB	FALSE
GO:0009411	response to UV	118	2	0.454829202445471	0.0902016924326207	0.262211258919994	Lower in TB	FALSE
GO:0019430	removal of superoxide radicals	14	0	0.630762282407337	0.0902334852449307	0.262211258919994	Higher in TB	FALSE
GO:0060816	random inactivation of X chromosome	10	0	0.345408764598736	0.0904680234912664	0.262590232091148	Lower in TB	FALSE
GO:0070071	proton-transporting two-sector ATPase complex assembly	14	0	0.630655112757781	0.0904975717130168	0.262590232091148	Higher in TB	FALSE
GO:1903170	negative regulation of calcium ion transmembrane transport	26	0	0.404097752113838	0.0905071825777964	0.262590232091148	Lower in TB	FALSE
GO:0097468	programmed cell death in response to reactive oxygen species	15	0	0.373867066788132	0.0907409818043298	0.263129703565509	Lower in TB	FALSE
GO:0061371	determination of heart left/right asymmetry	28	0	0.407669148740577	0.0908137974741985	0.263201574494883	Lower in TB	FALSE
GO:0031295	T cell costimulation	38	6	0.420740592225278	0.0908874806311335	0.263201574494883	Lower in TB	FALSE
GO:0006473	protein acetylation	29	0	0.409299452810196	0.0909093834059262	0.263201574494883	Lower in TB	FALSE
GO:0097720	calcineurin-mediated signaling	39	0	0.421798104955265	0.0910397756520174	0.263435552222869	Lower in TB	FALSE
GO:0033280	response to vitamin D	25	1	0.59762371990778	0.091086028515037	0.263435552222869	Higher in TB	FALSE
GO:0014808	release of sequestered calcium ion into cytosol by sarcoplasmic reticulum	28	0	0.592238922596065	0.0911357742856835	0.263440844912034	Higher in TB	FALSE
GO:0043009	chordate embryonic development	155	1	0.460681597698167	0.0912944093100022	0.263640881723927	Lower in TB	FALSE
GO:0009792	embryo development ending in birth or egg hatching	166	1	0.461996120625126	0.091300880102284	0.263640881723927	Lower in TB	FALSE
GO:0070106	interleukin-27-mediated signaling pathway	10	4	0.654093003321547	0.0915115177606483	0.264110406639393	Higher in TB	FALSE
GO:0043068	positive regulation of programmed cell death	415	19	0.524154511919866	0.091898344544604	0.265087669625516	Higher in TB	FALSE
GO:0042559	pteridine-containing compound biosynthetic process	14	0	0.629985302448061	0.0921622296420788	0.265489642120689	Higher in TB	FALSE
GO:0034103	regulation of tissue remodeling	53	2	0.566873586020127	0.0921748829519182	0.265489642120689	Higher in TB	FALSE
GO:0034383	low-density lipoprotein particle clearance	20	0	0.608763936535163	0.092182562169588	0.265489642120689	Higher in TB	FALSE
GO:0062176	R-loop processing	10	0	0.346271295403407	0.0922806084227299	0.265632871784382	Lower in TB	FALSE
GO:0051895	negative regulation of focal adhesion assembly	17	0	0.617878771638351	0.0924115658653906	0.265725987062427	Higher in TB	FALSE
GO:0150118	negative regulation of cell-substrate junction organization	17	0	0.617878771638351	0.0924115658653906	0.265725987062427	Higher in TB	FALSE
GO:2000514	regulation of CD4-positive, alpha-beta T cell activation	63	2	0.561282906041945	0.0925494159567568	0.265725987062427	Higher in TB	FALSE
GO:0016054	organic acid catabolic process	200	0	0.534518835245724	0.0925804978596061	0.265725987062427	Higher in TB	FALSE
GO:0046395	carboxylic acid catabolic process	200	0	0.534518835245724	0.0925804978596061	0.265725987062427	Higher in TB	FALSE
GO:0044819	mitotic G1/S transition checkpoint signaling	15	0	0.374588714431167	0.0926029449275391	0.265725987062427	Lower in TB	FALSE
GO:0035721	intraciliary retrograde transport	21	0	0.394065168281196	0.0928304616895434	0.266239894819567	Lower in TB	FALSE
GO:1903523	negative regulation of blood circulation	14	0	0.629594898724681	0.0931437776151949	0.266999212371398	Higher in TB	FALSE
GO:0034599	cellular response to oxidative stress	197	5	0.534694754341806	0.0933625242484775	0.267486794329405	Higher in TB	FALSE
GO:0051180	vitamin transport	38	0	0.578642388781268	0.0934305733355536	0.267542339686913	Higher in TB	FALSE
GO:0060623	regulation of chromosome condensation	10	0	0.346882031501125	0.0935816054239871	0.267835328798064	Lower in TB	FALSE
GO:1903829	positive regulation of protein localization	381	9	0.474959596981233	0.0937897418769784	0.268291363600222	Lower in TB	FALSE
GO:0019884	antigen processing and presentation of exogenous antigen	43	1	0.573843106566369	0.093855427814552	0.268339647490591	Higher in TB	FALSE
GO:0016137	glycoside metabolic process	12	0	0.639595835119303	0.0940244902540988	0.268683288678293	Higher in TB	FALSE
GO:1902532	negative regulation of intracellular signal transduction	617	20	0.480258522331314	0.0948518981570266	0.270900237198961	Lower in TB	FALSE
GO:0014855	striated muscle cell proliferation	36	0	0.419566642823081	0.0948988462795924	0.270900237198961	Lower in TB	FALSE
GO:0014910	regulation of smooth muscle cell migration	45	0	0.571944012070683	0.0949680722516477	0.270945855074986	Higher in TB	FALSE
GO:0032201	telomere maintenance via semi-conservative replication	10	0	0.347546340940748	0.095013388247467	0.270945855074986	Lower in TB	FALSE
GO:2000104	negative regulation of DNA-templated DNA replication	15	0	0.624382401800547	0.0953105384890853	0.271516696106923	Higher in TB	FALSE
GO:1900102	negative regulation of endoplasmic reticulum unfolded protein response	21	0	0.394861584408623	0.0953123360288034	0.271516696106923	Lower in TB	FALSE
GO:0062009	secondary palate development	13	0	0.366426372213223	0.0953786818685733	0.2715649885621	Lower in TB	FALSE
GO:0007163	establishment or maintenance of cell polarity	162	2	0.462028401596656	0.095540301166453	0.271884356010952	Lower in TB	FALSE
GO:1990700	nucleolar chromatin organization	10	0	0.347830279652845	0.0956306892505665	0.272000791256914	Lower in TB	FALSE
GO:0051298	centrosome duplication	75	1	0.444372524774654	0.0958300495303774	0.272426893649439	Lower in TB	FALSE
GO:0048468	cell development	1739	60	0.487897900425427	0.0959502587511558	0.272576707947461	Lower in TB	FALSE
GO:0002726	positive regulation of T cell cytokine production	24	3	0.598157480877833	0.0959819037079455	0.272576707947461	Higher in TB	FALSE
GO:0007368	determination of left/right symmetry	54	0	0.434539791644292	0.096137034626552	0.272876312016925	Lower in TB	FALSE
GO:0055082	intracellular chemical homeostasis	438	8	0.523213612403427	0.0963032123364351	0.272987176855875	Higher in TB	FALSE
GO:0010667	negative regulation of cardiac muscle cell apoptotic process	17	0	0.616475884528204	0.0963556731574491	0.272987176855875	Higher in TB	FALSE
GO:0051588	regulation of neurotransmitter transport	72	1	0.556677626078024	0.0963714503188178	0.272987176855875	Higher in TB	FALSE
GO:0008593	regulation of Notch signaling pathway	77	1	0.445186621540189	0.0963747017601406	0.272987176855875	Lower in TB	FALSE
GO:0043583	ear development	65	1	0.440370665817982	0.0964325866123074	0.273010484652145	Lower in TB	FALSE
GO:0003341	cilium movement	159	1	0.538193867746212	0.0966804081968557	0.273571221958988	Higher in TB	FALSE
GO:0099116	tRNA 5'-end processing	16	0	0.619805064308682	0.0970576121042048	0.274497300076604	Higher in TB	FALSE
GO:2001214	positive regulation of vasculogenesis	10	2	0.651350048216008	0.0974307382293171	0.275410899118142	Higher in TB	FALSE
GO:0032386	regulation of intracellular transport	234	2	0.468541243186076	0.0976225209245452	0.275811212766264	Lower in TB	FALSE
GO:0048232	male gamete generation	404	5	0.475954525454735	0.0977275438629708	0.275885283676261	Lower in TB	FALSE
GO:0001947	heart looping	26	0	0.406199216333265	0.0977955650821899	0.275885283676261	Lower in TB	FALSE
GO:0031146	SCF-dependent proteasomal ubiquitin-dependent protein catabolic process	74	2	0.44432885740272	0.0977992757157206	0.275885283676261	Lower in TB	FALSE
GO:2001032	regulation of double-strand break repair via nonhomologous end joining	27	0	0.407981363314089	0.0979091697858835	0.275958106339743	Lower in TB	FALSE
GO:0007029	endoplasmic reticulum organization	84	1	0.552241491476109	0.0979595415728618	0.275958106339743	Higher in TB	FALSE
GO:0071887	leukocyte apoptotic process	73	4	0.556020202957396	0.0979756681657291	0.275958106339743	Higher in TB	FALSE
GO:1901184	regulation of ERBB signaling pathway	63	5	0.560272347625273	0.0980539699238987	0.276037238423756	Higher in TB	FALSE
GO:0090114	COPII-coated vesicle budding	42	0	0.573745125398018	0.0981980936104554	0.276236963939913	Higher in TB	FALSE
GO:0031665	negative regulation of lipopolysaccharide-mediated signaling pathway	13	2	0.632407189873835	0.0983065238543366	0.276236963939913	Higher in TB	FALSE
GO:0009799	specification of symmetry	60	0	0.438294119753617	0.0983258891288486	0.276236963939913	Lower in TB	FALSE
GO:0009855	determination of bilateral symmetry	60	0	0.438294119753617	0.0983258891288486	0.276236963939913	Lower in TB	FALSE
GO:0032879	regulation of localization	1438	31	0.513088986860062	0.0985692437974317	0.27658901193318	Higher in TB	FALSE
GO:0031468	nuclear membrane reassembly	24	0	0.597393487740367	0.0985963766295337	0.27658901193318	Higher in TB	FALSE
GO:0060972	left/right pattern formation	55	0	0.43561179704244	0.0986021213876014	0.27658901193318	Lower in TB	FALSE
GO:0050679	positive regulation of epithelial cell proliferation	109	1	0.545744323928762	0.0990423438396191	0.277682206236729	Higher in TB	FALSE
GO:0051494	negative regulation of cytoskeleton organization	126	3	0.457451760578445	0.0991841605730828	0.277901586036868	Lower in TB	FALSE
GO:0002089	lens morphogenesis in camera-type eye	10	0	0.349453551912568	0.0992216830466299	0.277901586036868	Lower in TB	FALSE
GO:0032717	negative regulation of interleukin-8 production	17	0	0.615454456609805	0.0993111938017084	0.277990961077101	Higher in TB	FALSE
GO:0006636	unsaturated fatty acid biosynthetic process	43	1	0.572634947498749	0.0993547178094767	0.277990961077101	Higher in TB	FALSE
GO:0044331	cell-cell adhesion mediated by cadherin	36	0	0.420660467334287	0.0994775962602135	0.278193196459132	Lower in TB	FALSE
GO:0035809	regulation of urine volume	10	1	0.650353584056573	0.0996553953735795	0.278548736026406	Higher in TB	FALSE
GO:0046326	positive regulation of D-glucose import across plasma membrane	25	0	0.404894107554555	0.0997397062783472	0.278642736340627	Lower in TB	FALSE
GO:0002827	positive regulation of T-helper 1 type immune response	15	1	0.622717610703249	0.0998255000681514	0.278740781805331	Higher in TB	FALSE
GO:0045116	protein neddylation	25	0	0.595041552731757	0.0999691474383138	0.278939779161819	Higher in TB	FALSE
GO:0051148	negative regulation of muscle cell differentiation	44	0	0.428329560092119	0.0999982365820197	0.278939779161819	Lower in TB	FALSE
GO:0046485	ether lipid metabolic process	22	0	0.601209099681277	0.100295943007927	0.279628344146847	Higher in TB	FALSE
GO:1903747	regulation of protein localization to mitochondrion	46	1	0.570012135639105	0.100418511945652	0.279828169628582	Higher in TB	FALSE
GO:1900227	positive regulation of NLRP3 inflammasome complex assembly	27	1	0.591301688304209	0.100552669785556	0.279854531413136	Higher in TB	FALSE
GO:0051224	negative regulation of protein transport	76	3	0.55448571024335	0.100584537956526	0.279854531413136	Higher in TB	FALSE
GO:0170035	L-amino acid catabolic process	72	0	0.555972132635753	0.100588215435562	0.279854531413136	Higher in TB	FALSE
GO:0035601	protein deacylation	33	0	0.417420463282181	0.100631576683116	0.279854531413136	Lower in TB	FALSE
GO:0006900	vesicle budding from membrane	85	0	0.551509743803928	0.100737779376763	0.280008246215088	Higher in TB	FALSE
GO:0060043	regulation of cardiac muscle cell proliferation	19	0	0.3912740526344	0.100833690821037	0.280056048267833	Lower in TB	FALSE
GO:0071108	protein K48-linked deubiquitination	25	0	0.405220095437242	0.100906547421961	0.280056048267833	Lower in TB	FALSE
GO:0051492	regulation of stress fiber assembly	70	3	0.443290182890312	0.100907790399887	0.280056048267833	Lower in TB	FALSE
GO:0060042	retina morphogenesis in camera-type eye	22	0	0.399005331539909	0.101017925584034	0.28007090752	Lower in TB	FALSE
GO:0085029	extracellular matrix assembly	28	0	0.410472972972973	0.101053947931506	0.28007090752	Lower in TB	FALSE
GO:0044772	mitotic cell cycle phase transition	378	7	0.475402955537396	0.101065965900269	0.28007090752	Lower in TB	FALSE
GO:0034135	regulation of toll-like receptor 2 signaling pathway	11	0	0.642714852787181	0.10118951465653	0.280272015910126	Higher in TB	FALSE
GO:0030203	glycosaminoglycan metabolic process	50	3	0.566995597551809	0.101255945445166	0.280314797612045	Higher in TB	FALSE
GO:0044857	plasma membrane raft organization	12	0	0.636559687098157	0.101396860336027	0.280563632676134	Higher in TB	FALSE
GO:0030575	nuclear body organization	14	2	0.373589570862103	0.101466854249861	0.280616078805702	Lower in TB	FALSE
GO:0046427	positive regulation of receptor signaling pathway via JAK-STAT	32	1	0.416407423299721	0.10171217573143	0.281149031507033	Lower in TB	FALSE
GO:0009888	tissue development	1021	25	0.484794562003089	0.10176183570371	0.281149031507033	Lower in TB	FALSE
GO:1905953	negative regulation of lipid localization	34	0	0.58106142360388	0.101879425226946	0.281225557538941	Higher in TB	FALSE
GO:0010821	regulation of mitochondrion organization	105	5	0.546213630570962	0.101891835325131	0.281225557538941	Higher in TB	FALSE
GO:0031344	regulation of cell projection organization	487	9	0.478353288644004	0.102460642075731	0.282653592640427	Lower in TB	FALSE
GO:0060218	hematopoietic stem cell differentiation	22	0	0.399470744758619	0.102599201066228	0.282893885387221	Lower in TB	FALSE
GO:0051255	spindle midzone assembly	12	0	0.636046220888698	0.102687995669321	0.282996792075151	Higher in TB	FALSE
GO:0050877	nervous system process	580	4	0.519863505747126	0.102856048021161	0.28331791183384	Higher in TB	FALSE
GO:0035743	CD4-positive, alpha-beta T cell cytokine production	14	2	0.625851615965216	0.102986697705543	0.283481533908825	Higher in TB	FALSE
GO:0046073	dTMP metabolic process	10	1	0.648880317154184	0.103018571253153	0.283481533908825	Higher in TB	FALSE
GO:0150077	regulation of neuroinflammatory response	30	2	0.585977332046194	0.103115477607315	0.283606251068043	Higher in TB	FALSE
GO:0032604	granulocyte macrophage colony-stimulating factor production	11	1	0.641862503957334	0.103244357302188	0.283676899773827	Higher in TB	FALSE
GO:0032645	regulation of granulocyte macrophage colony-stimulating factor production	11	1	0.641862503957334	0.103244357302188	0.283676899773827	Higher in TB	FALSE
GO:0042908	xenobiotic transport	40	0	0.574416452028332	0.103402470324228	0.283881309090044	Higher in TB	FALSE
GO:0036006	cellular response to macrophage colony-stimulating factor stimulus	11	0	0.641789445486204	0.103422019299265	0.283881309090044	Higher in TB	FALSE
GO:0006821	chloride transport	70	2	0.556279848282428	0.103518410249458	0.284004101572614	Higher in TB	FALSE
GO:0031333	negative regulation of protein-containing complex assembly	124	5	0.457661290322581	0.103585094794288	0.284045312308727	Lower in TB	FALSE
GO:1902932	positive regulation of alcohol biosynthetic process	21	0	0.602521984403517	0.103841846960052	0.284607415048039	Higher in TB	FALSE
GO:0030947	regulation of vascular endothelial growth factor receptor signaling pathway	26	1	0.592136522994432	0.103894250262865	0.284609161905946	Higher in TB	FALSE
GO:0032007	negative regulation of TOR signaling	67	2	0.442575130152879	0.104099102398533	0.285025622078521	Lower in TB	FALSE
GO:1903706	regulation of hemopoiesis	324	22	0.526288216980421	0.104196329664196	0.285025622078521	Higher in TB	FALSE
GO:0048839	inner ear development	62	1	0.440330205845756	0.104201800723504	0.285025622078521	Lower in TB	FALSE
GO:0006368	transcription elongation by RNA polymerase II	140	0	0.460347046673654	0.105418653015654	0.288210718189988	Lower in TB	FALSE
GO:0018198	peptidyl-cysteine modification	19	1	0.607216707148157	0.105652156955469	0.288705546193424	Higher in TB	FALSE
GO:0048812	neuron projection morphogenesis	398	3	0.476339598198895	0.105754731329177	0.288842281593548	Lower in TB	FALSE
GO:0036498	IRE1-mediated unfolded protein response	22	0	0.599574061619735	0.105906188133907	0.28911232490577	Higher in TB	FALSE
GO:0016180	snRNA processing	37	0	0.423292921120058	0.106384760904916	0.290274647868599	Lower in TB	FALSE
GO:0034310	primary alcohol catabolic process	11	0	0.640523098653289	0.10654027251114	0.290399078237788	Higher in TB	FALSE
GO:0019079	viral genome replication	100	9	0.546710809646856	0.106588273984775	0.290399078237788	Higher in TB	FALSE
GO:0048385	regulation of retinoic acid receptor signaling pathway	11	1	0.359496383605679	0.106588821368471	0.290399078237788	Lower in TB	FALSE
GO:0060586	multicellular organismal-level iron ion homeostasis	15	0	0.620284729292821	0.106728509102771	0.290635633009922	Higher in TB	FALSE
GO:0002825	regulation of T-helper 1 type immune response	31	1	0.583652107717195	0.106956718915545	0.291112891384983	Higher in TB	FALSE
GO:0051151	negative regulation of smooth muscle cell differentiation	12	0	0.365837976853836	0.10753827914685	0.292550944457882	Lower in TB	FALSE
GO:0044314	protein K27-linked ubiquitination	14	1	0.624159866497237	0.107698442919198	0.292745834367928	Higher in TB	FALSE
GO:0045599	negative regulation of fat cell differentiation	36	2	0.422538149737721	0.107746878277886	0.292745834367928	Lower in TB	FALSE
GO:0030149	sphingolipid catabolic process	37	0	0.576402573505422	0.107780812712987	0.292745834367928	Higher in TB	FALSE
GO:0032309	icosanoid secretion	23	1	0.596857015656649	0.107822901890697	0.292745834367928	Higher in TB	FALSE
GO:0048199	vesicle targeting, to, from or within Golgi	32	0	0.582055554065651	0.108160508149856	0.293517509283272	Higher in TB	FALSE
GO:0034163	regulation of toll-like receptor 9 signaling pathway	17	1	0.612418545852341	0.108524270130455	0.294359367132334	Higher in TB	FALSE
GO:0003151	outflow tract morphogenesis	38	0	0.424821106850182	0.108782447168981	0.29482280010737	Lower in TB	FALSE
GO:0006692	prostanoid metabolic process	38	1	0.575174657321488	0.108802375667125	0.29482280010737	Higher in TB	FALSE
GO:0070374	positive regulation of ERK1 and ERK2 cascade	123	4	0.541871912547617	0.108866461144233	0.294851134665514	Higher in TB	FALSE
GO:0031126	sno(s)RNA 3'-end processing	11	0	0.360455884859849	0.109001626327526	0.294926644462961	Lower in TB	FALSE
GO:0043144	sno(s)RNA processing	11	0	0.360455884859849	0.109001626327526	0.294926644462961	Lower in TB	FALSE
GO:1903265	positive regulation of tumor necrosis factor-mediated signaling pathway	16	2	0.615591505894962	0.109392292505484	0.295838083716258	Higher in TB	FALSE
GO:0001838	embryonic epithelial tube formation	34	0	0.420685107000637	0.109473396410969	0.295885285353074	Lower in TB	FALSE
GO:1904505	regulation of telomere maintenance in response to DNA damage	16	0	0.38445538585209	0.109536229140704	0.295885285353074	Lower in TB	FALSE
GO:0070673	response to interleukin-18	11	2	0.639320069162019	0.109571196976875	0.295885285353074	Higher in TB	FALSE
GO:0033028	myeloid cell apoptotic process	20	2	0.603312607204117	0.109689293651978	0.296058780804407	Higher in TB	FALSE
GO:0007215	glutamate receptor signaling pathway	36	0	0.576979017644254	0.109958930474489	0.29661783635797	Higher in TB	FALSE
GO:1901836	regulation of transcription of nucleolar large rRNA by RNA polymerase I	15	1	0.380826322276405	0.110004323087286	0.29661783635797	Lower in TB	FALSE
GO:0048147	negative regulation of fibroblast proliferation	20	0	0.396904481132075	0.110437449645767	0.297639753996288	Lower in TB	FALSE
GO:0090303	positive regulation of wound healing	46	2	0.567981749865808	0.110670903524229	0.298122796460661	Higher in TB	FALSE
GO:1902993	positive regulation of amyloid precursor protein catabolic process	24	1	0.59402476946172	0.110809315569562	0.298349469638321	Higher in TB	FALSE
GO:0086011	membrane repolarization during action potential	22	0	0.598168075089915	0.110927026471606	0.298520211229021	Higher in TB	FALSE
GO:0035315	hair cell differentiation	19	1	0.394704400493113	0.112047774013916	0.301277514726327	Lower in TB	FALSE
GO:0071709	membrane assembly	53	0	0.563099595853778	0.112061207278163	0.301277514726327	Higher in TB	FALSE
GO:0009994	oocyte differentiation	26	1	0.590008249123531	0.112129296957347	0.301313232977269	Higher in TB	FALSE
GO:1903046	meiotic cell cycle process	131	3	0.459824359562772	0.112454894148345	0.301969360472144	Lower in TB	FALSE
GO:0044027	negative regulation of gene expression via chromosomal CpG island methylation	12	0	0.367690920131447	0.112483312158412	0.301969360472144	Lower in TB	FALSE
GO:0060402	calcium ion transport into cytosol	17	1	0.611141760954342	0.112595509105554	0.302123040049944	Higher in TB	FALSE
GO:0002495	antigen processing and presentation of peptide antigen via MHC class II	29	1	0.585086257750623	0.112745880149451	0.302378950761796	Higher in TB	FALSE
GO:0006476	protein deacetylation	27	0	0.411873936245216	0.112952294315863	0.302784843563441	Lower in TB	FALSE
GO:0097623	potassium ion export across plasma membrane	17	0	0.610990438299764	0.113085903658724	0.302995272083658	Higher in TB	FALSE
GO:0048489	synaptic vesicle transport	46	0	0.567461317650354	0.113427649211943	0.30376289107027	Higher in TB	FALSE
GO:0060263	regulation of respiratory burst	15	0	0.617962595788007	0.11366502604449	0.304250395906819	Higher in TB	FALSE
GO:0001938	positive regulation of endothelial cell proliferation	64	1	0.557173295454545	0.113726811119251	0.304267643568682	Higher in TB	FALSE
GO:0043065	positive regulation of apoptotic process	392	19	0.523304082079123	0.113782721688061	0.304269165292296	Higher in TB	FALSE
GO:0045948	positive regulation of translational initiation	26	0	0.410431016704475	0.113891413782842	0.304411761292204	Lower in TB	FALSE
GO:0008625	extrinsic apoptotic signaling pathway via death domain receptors	62	4	0.558046839527653	0.113964427551953	0.304458903148999	Higher in TB	FALSE
GO:0048741	skeletal muscle fiber development	14	0	0.378125143530781	0.114331602428049	0.305291476517442	Lower in TB	FALSE
GO:0036295	cellular response to increased oxygen levels	12	1	0.63158129732819	0.114473934764748	0.305523152105138	Higher in TB	FALSE
GO:0045229	external encapsulating structure organization	184	4	0.533734329298686	0.114731689255928	0.305916812502092	Higher in TB	FALSE
GO:0043954	cellular component maintenance	59	2	0.440626982992581	0.114735363476542	0.305916812502092	Lower in TB	FALSE
GO:0141085	regulation of inflammasome-mediated signaling pathway	46	3	0.567208102872879	0.114788356528159	0.305916812502092	Higher in TB	FALSE
GO:0055021	regulation of cardiac muscle tissue growth	32	0	0.419508286848316	0.115049191090867	0.306463397586041	Lower in TB	FALSE
GO:1901838	positive regulation of transcription of nucleolar large rRNA by RNA polymerase I	11	0	0.362876555536614	0.115280850370412	0.306699011887787	Lower in TB	FALSE
GO:0010720	positive regulation of cell development	295	10	0.4733192620604	0.115299628071096	0.306699011887787	Lower in TB	FALSE
GO:1903078	positive regulation of protein localization to plasma membrane	50	1	0.435627617309138	0.115342455093137	0.306699011887787	Lower in TB	FALSE
GO:0048599	oocyte development	25	1	0.590970993512412	0.115360777843569	0.306699011887787	Higher in TB	FALSE
GO:0014904	myotube cell development	16	0	0.386351152197213	0.115481765278148	0.306863894812518	Lower in TB	FALSE
GO:0034375	high-density lipoprotein particle remodeling	11	0	0.6369627158269	0.115707649364515	0.306863894812518	Higher in TB	FALSE
GO:0002366	leukocyte activation involved in immune response	237	16	0.529683804026642	0.115744752995125	0.306863894812518	Higher in TB	FALSE
GO:0071233	cellular response to L-leucine	12	0	0.368878589798543	0.115746039567684	0.306863894812518	Lower in TB	FALSE
GO:0010565	regulation of ketone metabolic process	95	3	0.546681811357952	0.11592878483412	0.306863894812518	Higher in TB	FALSE
GO:0031109	microtubule polymerization or depolymerization	122	1	0.458780043011361	0.115960271978579	0.306863894812518	Lower in TB	FALSE
GO:0032607	interferon-alpha production	28	2	0.585823067965925	0.115968300003321	0.306863894812518	Higher in TB	FALSE
GO:0032647	regulation of interferon-alpha production	28	2	0.585823067965925	0.115968300003321	0.306863894812518	Higher in TB	FALSE
GO:0042398	modified amino acid biosynthetic process	36	1	0.575698915116834	0.115997475388777	0.306863894812518	Higher in TB	FALSE
GO:0032963	collagen metabolic process	74	1	0.552851044787396	0.116008653247063	0.306863894812518	Higher in TB	FALSE
GO:0010661	positive regulation of muscle cell apoptotic process	19	0	0.395869477520784	0.116072812018895	0.306863894812518	Lower in TB	FALSE
GO:0043113	receptor clustering	39	1	0.427306859940868	0.116207433779333	0.306863894812518	Lower in TB	FALSE
GO:0022410	circadian sleep/wake cycle process	10	0	0.356573449051752	0.116260002345303	0.306863894812518	Lower in TB	FALSE
GO:0045187	regulation of circadian sleep/wake cycle, sleep	10	0	0.356573449051752	0.116260002345303	0.306863894812518	Lower in TB	FALSE
GO:0050802	circadian sleep/wake cycle, sleep	10	0	0.356573449051752	0.116260002345303	0.306863894812518	Lower in TB	FALSE
GO:0060429	epithelium development	551	14	0.480406934101008	0.116538345464907	0.307450970905019	Lower in TB	FALSE
GO:0006369	termination of RNA polymerase II transcription	13	0	0.374323527835825	0.116628255052763	0.307469713898145	Lower in TB	FALSE
GO:1904491	protein localization to ciliary transition zone	21	0	0.401105282638384	0.116657297779471	0.307469713898145	Lower in TB	FALSE
GO:0022412	cellular process involved in reproduction in multicellular organism	191	3	0.532931328217162	0.116776001888475	0.307635102243812	Higher in TB	FALSE
GO:0016540	protein autoprocessing	16	2	0.613189978563773	0.11695835253104	0.307967922517078	Higher in TB	FALSE
GO:0009395	phospholipid catabolic process	44	0	0.568278182208517	0.117112824359163	0.308131749721207	Higher in TB	FALSE
GO:0010992	ubiquitin recycling	13	0	0.625503361237166	0.117132658588091	0.308131749721207	Higher in TB	FALSE
GO:0001845	phagolysosome assembly	14	1	0.620891192185802	0.117284298875819	0.308383106274152	Higher in TB	FALSE
GO:0032715	negative regulation of interleukin-6 production	35	2	0.576488079272265	0.117345801696479	0.308397331609581	Higher in TB	FALSE
GO:0001658	branching involved in ureteric bud morphogenesis	17	0	0.390532245911924	0.118114665845859	0.310269676455105	Lower in TB	FALSE
GO:0051457	maintenance of protein location in nucleus	20	2	0.399088765008576	0.118191371761215	0.310322904461873	Lower in TB	FALSE
GO:2000234	positive regulation of rRNA processing	13	0	0.374925294391618	0.118389029579268	0.310693501015187	Lower in TB	FALSE
GO:0006658	phosphatidylserine metabolic process	18	1	0.606284465406558	0.1184672192897	0.310750368155903	Higher in TB	FALSE
GO:0033045	regulation of sister chromatid segregation	109	3	0.456725284032092	0.118650971721444	0.311083949701716	Lower in TB	FALSE
GO:0070934	CRD-mediated mRNA stabilization	12	0	0.369936776682383	0.118715312373416	0.311104283807931	Lower in TB	FALSE
GO:0048705	skeletal system morphogenesis	63	2	0.443201926627489	0.118996587561641	0.31169282439919	Lower in TB	FALSE
GO:2000059	negative regulation of ubiquitin-dependent protein catabolic process	52	3	0.437544400938409	0.119254039873654	0.312004374179003	Lower in TB	FALSE
GO:0045070	positive regulation of viral genome replication	27	0	0.413387273272522	0.119270669759354	0.312004374179003	Lower in TB	FALSE
GO:0033152	immunoglobulin V(D)J recombination	10	0	0.357762777242044	0.119318025591121	0.312004374179003	Lower in TB	FALSE
GO:0048266	behavioral response to pain	10	0	0.357773491910425	0.119345859081552	0.312004374179003	Lower in TB	FALSE
GO:0030859	polarized epithelial cell differentiation	13	0	0.375267394556898	0.119399273057952	0.312004374179003	Lower in TB	FALSE
GO:0009713	catechol-containing compound biosynthetic process	10	0	0.642103289403193	0.119666310005685	0.312303065007508	Higher in TB	FALSE
GO:0042423	catecholamine biosynthetic process	10	0	0.642103289403193	0.119666310005685	0.312303065007508	Higher in TB	FALSE
GO:1904377	positive regulation of protein localization to cell periphery	61	1	0.442388695878082	0.119683986535253	0.312303065007508	Lower in TB	FALSE
GO:0034114	regulation of heterotypic cell-cell adhesion	15	2	0.61597627851312	0.119875952433414	0.31244870732572	Higher in TB	FALSE
GO:1904507	positive regulation of telomere maintenance in response to DNA damage	12	0	0.370352014573511	0.11989665699962	0.31244870732572	Lower in TB	FALSE
GO:0060113	inner ear receptor cell differentiation	19	0	0.39695274526564	0.119916345921178	0.31244870732572	Lower in TB	FALSE
GO:0015031	protein transport	1169	16	0.513559894385152	0.119967119164168	0.31244870732572	Higher in TB	FALSE
GO:0038128	ERBB2 signaling pathway	18	0	0.605831874322602	0.120043432086451	0.312499426899294	Higher in TB	FALSE
GO:1901970	positive regulation of mitotic sister chromatid separation	21	0	0.597817513496956	0.120693373201504	0.314042671964917	Higher in TB	FALSE
GO:0032740	positive regulation of interleukin-17 production	21	0	0.597791987339026	0.120790323828821	0.314146263202865	Higher in TB	FALSE
GO:0015937	coenzyme A biosynthetic process	10	0	0.641621129326047	0.12092673131223	0.314238509635627	Higher in TB	FALSE
GO:0097061	dendritic spine organization	69	0	0.446011046177884	0.120996041868594	0.314238509635627	Lower in TB	FALSE
GO:0098792	xenophagy	12	0	0.629264002000286	0.120997258075414	0.314238509635627	Higher in TB	FALSE
GO:0000305	response to oxygen radical	18	0	0.605504341301318	0.121194319964632	0.314437625473817	Higher in TB	FALSE
GO:1904385	cellular response to angiotensin	23	0	0.593337358019109	0.121232582847007	0.314437625473817	Higher in TB	FALSE
GO:0045932	negative regulation of muscle contraction	15	0	0.615544004429916	0.121262197247972	0.314437625473817	Higher in TB	FALSE
GO:0045665	negative regulation of neuron differentiation	22	1	0.404585416727585	0.121302692548193	0.314437625473817	Lower in TB	FALSE
GO:0120163	negative regulation of cold-induced thermogenesis	40	0	0.57073138012449	0.121639059246847	0.315117547981282	Higher in TB	FALSE
GO:0032528	microvillus organization	20	1	0.400034841337907	0.121679620655559	0.315117547981282	Lower in TB	FALSE
GO:1902105	regulation of leukocyte differentiation	251	18	0.52837745355079	0.121898356809106	0.315535388764814	Higher in TB	FALSE
GO:0070493	thrombin-activated receptor signaling pathway	11	0	0.634532304020651	0.122313877976724	0.316313123761068	Higher in TB	FALSE
GO:0097499	protein localization to non-motile cilium	11	0	0.365467695979349	0.122313877976724	0.316313123761068	Lower in TB	FALSE
GO:1903018	regulation of glycoprotein metabolic process	34	0	0.576544425301501	0.122429416269231	0.316463060953565	Higher in TB	FALSE
GO:0120186	negative regulation of protein localization to chromatin	10	0	0.640844315868424	0.122979231049665	0.317734874206325	Higher in TB	FALSE
GO:0042058	regulation of epidermal growth factor receptor signaling pathway	58	5	0.558545493608336	0.123053545341437	0.317777544521944	Higher in TB	FALSE
GO:1902991	regulation of amyloid precursor protein catabolic process	42	1	0.568736360058674	0.123235095362969	0.318096973852396	Higher in TB	FALSE
GO:0042744	hydrogen peroxide catabolic process	20	2	0.599490780445969	0.123458728761517	0.318381781011863	Higher in TB	FALSE
GO:0050922	negative regulation of chemotaxis	29	2	0.582623071474935	0.123546262568588	0.318381781011863	Higher in TB	FALSE
GO:0032727	positive regulation of interferon-alpha production	23	2	0.592759295042877	0.123554658525898	0.318381781011863	Higher in TB	FALSE
GO:0006957	complement activation, alternative pathway	11	1	0.634079341499647	0.123577068148293	0.318381781011863	Higher in TB	FALSE
GO:0060292	long-term synaptic depression	19	0	0.602014765165043	0.12367180959917	0.318476631932662	Higher in TB	FALSE
GO:0071276	cellular response to cadmium ion	13	1	0.623211702298666	0.123972577583094	0.318984970438072	Higher in TB	FALSE
GO:0032228	regulation of synaptic transmission, GABAergic	20	1	0.40064858490566	0.123985245875984	0.318984970438072	Lower in TB	FALSE
GO:0044088	regulation of vacuole organization	55	2	0.559874237786273	0.124568612375965	0.320242507014445	Higher in TB	FALSE
GO:0035567	non-canonical Wnt signaling pathway	48	0	0.435924191181734	0.124590527919952	0.320242507014445	Lower in TB	FALSE
GO:0001937	negative regulation of endothelial cell proliferation	31	2	0.579653803233592	0.124790317922432	0.320606153241838	Higher in TB	FALSE
GO:0090153	regulation of sphingolipid biosynthetic process	14	0	0.618449255170936	0.124873169437113	0.320669166541452	Higher in TB	FALSE
GO:0070936	protein K48-linked ubiquitination	99	2	0.455373566640187	0.125023896351373	0.320906340868276	Lower in TB	FALSE
GO:0032479	regulation of type I interferon production	130	7	0.538950551228131	0.125273238334445	0.321246391960251	Higher in TB	FALSE
GO:0032606	type I interferon production	130	7	0.538950551228131	0.125273238334445	0.321246391960251	Higher in TB	FALSE
GO:0043306	positive regulation of mast cell degranulation	10	0	0.63985320904318	0.125637322418677	0.321897294800771	Higher in TB	FALSE
GO:0110020	regulation of actomyosin structure organization	76	3	0.449181522354273	0.125644160538824	0.321897294800771	Lower in TB	FALSE
GO:0035771	interleukin-4-mediated signaling pathway	12	1	0.62746017288184	0.126273642690281	0.323359332795139	Higher in TB	FALSE
GO:0002082	regulation of oxidative phosphorylation	19	0	0.601185388297887	0.126754470354799	0.324433276423049	Higher in TB	FALSE
GO:0035461	vitamin transmembrane transport	13	0	0.622284322332546	0.126827560608259	0.324433276423049	Higher in TB	FALSE
GO:0006283	transcription-coupled nucleotide-excision repair	11	0	0.367084723473687	0.12687005171145	0.324433276423049	Lower in TB	FALSE
GO:0097067	cellular response to thyroid hormone stimulus	11	0	0.632847088619925	0.127065043605938	0.324750805579238	Higher in TB	FALSE
GO:0009820	alkaloid metabolic process	12	1	0.627178882697528	0.127112356057934	0.324750805579238	Higher in TB	FALSE
GO:2001239	regulation of extrinsic apoptotic signaling pathway in absence of ligand	25	2	0.588088574339177	0.127344434457848	0.325082659385298	Higher in TB	FALSE
GO:1901988	negative regulation of cell cycle phase transition	236	6	0.471168287437038	0.127370885870205	0.325082659385298	Lower in TB	FALSE
GO:0048546	digestive tract morphogenesis	12	0	0.372923810544363	0.127419630952222	0.325082659385298	Lower in TB	FALSE
GO:0098926	postsynaptic signal transduction	33	1	0.576562167293273	0.127967909083821	0.32621309395869	Higher in TB	FALSE
GO:0006688	glycosphingolipid biosynthetic process	38	0	0.571353940167513	0.127984910506032	0.32621309395869	Higher in TB	FALSE
GO:0032526	response to retinoic acid	67	1	0.553770724003712	0.128040716035441	0.32621309395869	Higher in TB	FALSE
GO:0001944	vasculature development	464	19	0.520640521217537	0.128290533100184	0.326698170905425	Higher in TB	FALSE
GO:0002363	alpha-beta T cell lineage commitment	29	1	0.41851790895457	0.128815314139567	0.327882683860805	Lower in TB	FALSE
GO:0003208	cardiac ventricle morphogenesis	34	0	0.424779277658923	0.129028543708254	0.32800115116667	Lower in TB	FALSE
GO:0008611	ether lipid biosynthetic process	12	0	0.626513609087012	0.129113227924511	0.32800115116667	Higher in TB	FALSE
GO:0046504	glycerol ether biosynthetic process	12	0	0.626513609087012	0.129113227924511	0.32800115116667	Higher in TB	FALSE
GO:0019098	reproductive behavior	15	0	0.613164710715753	0.12911791646187	0.32800115116667	Higher in TB	FALSE
GO:1903715	regulation of aerobic respiration	26	1	0.58597030315529	0.12916014774024	0.32800115116667	Higher in TB	FALSE
GO:0060307	regulation of ventricular cardiac muscle cell membrane repolarization	14	0	0.617048394751749	0.129396393102545	0.328449385631482	Higher in TB	FALSE
GO:0071027	nuclear RNA surveillance	34	0	0.424921272017014	0.1297525420406	0.329201419538171	Lower in TB	FALSE
GO:0060122	inner ear receptor cell stereocilium organization	11	0	0.368107542069503	0.129819482292871	0.32921933286264	Lower in TB	FALSE
GO:0043516	regulation of DNA damage response, signal transduction by p53 class mediator	32	1	0.422646025531002	0.129907691176215	0.329291141579912	Lower in TB	FALSE
GO:0045137	development of primary sexual characteristics	83	2	0.548083583729853	0.130009154158175	0.32935686917068	Higher in TB	FALSE
GO:0060306	regulation of membrane repolarization	26	0	0.585770261909672	0.130053430878419	0.32935686917068	Higher in TB	FALSE
GO:0048634	regulation of muscle organ development	16	0	0.390765675241158	0.130309379155101	0.329674639561892	Lower in TB	FALSE
GO:0030198	extracellular matrix organization	183	4	0.532435400900474	0.130417157705672	0.329674639561892	Higher in TB	FALSE
GO:0072672	neutrophil extravasation	12	1	0.626076046578083	0.130442518300403	0.329674639561892	Higher in TB	FALSE
GO:0060485	mesenchyme development	186	5	0.467827712742139	0.130454006556172	0.329674639561892	Lower in TB	FALSE
GO:1990776	response to angiotensin	26	0	0.58567539698907	0.130478722387537	0.329674639561892	Higher in TB	FALSE
GO:0022411	cellular component disassembly	397	10	0.522138727694428	0.130615312831457	0.329868162584911	Higher in TB	FALSE
GO:0008207	C21-steroid hormone metabolic process	22	2	0.593029035936723	0.130892395819008	0.330416158040821	Higher in TB	FALSE
GO:0050906	detection of stimulus involved in sensory perception	104	0	0.542865914776587	0.131029587076877	0.330427294609201	Higher in TB	FALSE
GO:0050879	multicellular organismal movement	38	0	0.570780691400139	0.131077106137262	0.330427294609201	Higher in TB	FALSE
GO:0050881	musculoskeletal movement	38	0	0.570780691400139	0.131077106137262	0.330427294609201	Higher in TB	FALSE
GO:0046329	negative regulation of JNK cascade	32	1	0.422909179897018	0.131218608463199	0.330632405742745	Lower in TB	FALSE
GO:0051648	vesicle localization	193	1	0.531493580853881	0.131624991740652	0.331504445529135	Higher in TB	FALSE
GO:0032232	negative regulation of actin filament bundle assembly	26	1	0.414809239018354	0.132668264767609	0.333978992533111	Lower in TB	FALSE
GO:0006941	striated muscle contraction	169	2	0.466471506223617	0.132837775948123	0.334217943156971	Lower in TB	FALSE
GO:0008016	regulation of heart contraction	124	1	0.539084126222371	0.132944114618034	0.334217943156971	Higher in TB	FALSE
GO:0009914	hormone transport	187	4	0.531880641271599	0.132945551415841	0.334217943156971	Higher in TB	FALSE
GO:0031643	positive regulation of myelination	18	0	0.602246876526006	0.133115281978827	0.334491691188113	Higher in TB	FALSE
GO:0000902	cell morphogenesis	578	7	0.481691280192692	0.133362331276156	0.334959386640615	Lower in TB	FALSE
GO:1990806	ligand-gated ion channel signaling pathway	20	0	0.596789236706689	0.133980431762534	0.336358179831238	Higher in TB	FALSE
GO:1905634	regulation of protein localization to chromatin	13	0	0.619856647665682	0.134543681974582	0.337618057278071	Higher in TB	FALSE
GO:0040011	locomotion	894	32	0.514802944032336	0.134643146677092	0.337713512970189	Higher in TB	FALSE
GO:0099173	postsynapse organization	184	1	0.468043466504905	0.135135173459851	0.338747367493219	Lower in TB	FALSE
GO:1905952	regulation of lipid localization	112	2	0.540875965770924	0.13517856025466	0.338747367493219	Higher in TB	FALSE
GO:0032465	regulation of cytokinesis	81	2	0.451999907050548	0.135385959594556	0.339112531139349	Lower in TB	FALSE
GO:0061136	regulation of proteasomal protein catabolic process	197	4	0.530854477973763	0.135647943847186	0.339614023347828	Higher in TB	FALSE
GO:0006778	porphyrin-containing compound metabolic process	41	0	0.567330030692311	0.1357626825109	0.339746576442844	Higher in TB	FALSE
GO:0002828	regulation of type 2 immune response	21	1	0.593993695038991	0.135907850744641	0.339955124383093	Higher in TB	FALSE
GO:0015833	peptide transport	166	4	0.533554639953656	0.135991105393219	0.340008684607513	Higher in TB	FALSE
GO:0045830	positive regulation of isotype switching	18	1	0.398592799037648	0.136330690597259	0.340597838145904	Lower in TB	FALSE
GO:1903902	positive regulation of viral life cycle	21	1	0.593878827328305	0.136386816129724	0.340597838145904	Higher in TB	FALSE
GO:0070848	response to growth factor	487	11	0.480259917455808	0.136434123451889	0.340597838145904	Lower in TB	FALSE
GO:0032501	multicellular organismal process	4491	138	0.492641476898888	0.136560725374768	0.340597838145904	Lower in TB	FALSE
GO:0060330	regulation of response to type II interferon	12	2	0.624093620517217	0.136598441817337	0.340597838145904	Higher in TB	FALSE
GO:0060334	regulation of type II interferon-mediated signaling pathway	12	2	0.624093620517217	0.136598441817337	0.340597838145904	Higher in TB	FALSE
GO:0007283	spermatogenesis	398	5	0.478233299114019	0.136722664609139	0.340656747284551	Lower in TB	FALSE
GO:0042921	nuclear receptor-mediated glucocorticoid signaling pathway	11	0	0.370440542580912	0.136745987860495	0.340656747284551	Lower in TB	FALSE
GO:0043536	positive regulation of blood vessel endothelial cell migration	50	1	0.439182862665092	0.136840292861763	0.340737287207415	Lower in TB	FALSE
GO:0035372	protein localization to microtubule	16	0	0.392664790996785	0.137125755992711	0.341293529401505	Lower in TB	FALSE
GO:0000027	ribosomal large subunit assembly	26	1	0.415828005774386	0.137363624691574	0.341529499164624	Lower in TB	FALSE
GO:0042509	regulation of tyrosine phosphorylation of STAT protein	28	3	0.581105978427407	0.137404819712639	0.341529499164624	Higher in TB	FALSE
GO:0046717	acid secretion	20	0	0.595945004288165	0.137406921089878	0.341529499164624	Higher in TB	FALSE
GO:0042537	benzene-containing compound metabolic process	15	0	0.610603218834289	0.138011135375934	0.342876286623083	Higher in TB	FALSE
GO:0032373	positive regulation of sterol transport	27	0	0.582408350760541	0.13828172970699	0.343238352112429	Higher in TB	FALSE
GO:0032376	positive regulation of cholesterol transport	27	0	0.582408350760541	0.13828172970699	0.343238352112429	Higher in TB	FALSE
GO:0032147	activation of protein kinase activity	41	0	0.566883716060128	0.138375134296076	0.343315202328442	Higher in TB	FALSE
GO:0016032	viral process	333	18	0.523636431503193	0.138679541809639	0.343915255241045	Higher in TB	FALSE
GO:0003206	cardiac chamber morphogenesis	53	0	0.44126708807024	0.139131728677424	0.344881083980377	Lower in TB	FALSE
GO:0098901	regulation of cardiac muscle cell action potential	23	0	0.411098342963831	0.139950158682862	0.346562215862212	Lower in TB	FALSE
GO:0022409	positive regulation of cell-cell adhesion	250	17	0.472872028655161	0.139987849144647	0.346562215862212	Lower in TB	FALSE
GO:0045778	positive regulation of ossification	36	2	0.571065808297568	0.140052429556314	0.346562215862212	Higher in TB	FALSE
GO:0000303	response to superoxide	17	0	0.603361254464806	0.140062066869013	0.346562215862212	Higher in TB	FALSE
GO:0002757	immune response-activating signaling pathway	473	49	0.519821849405907	0.140404349872539	0.346986578413599	Higher in TB	FALSE
GO:0032211	negative regulation of telomere maintenance via telomerase	22	1	0.409207871575192	0.140409154493757	0.346986578413599	Lower in TB	FALSE
GO:1902533	positive regulation of intracellular signal transduction	900	31	0.514540766576658	0.140422905960396	0.346986578413599	Higher in TB	FALSE
GO:1901606	alpha-amino acid catabolic process	77	0	0.548552743025564	0.140810372986645	0.347787704708254	Higher in TB	FALSE
GO:0046185	aldehyde catabolic process	10	0	0.63435658416372	0.141199238685296	0.348340031724096	Higher in TB	FALSE
GO:0030970	retrograde protein transport, ER to cytosol	28	0	0.580326499969357	0.141224068881959	0.348340031724096	Higher in TB	FALSE
GO:1903513	endoplasmic reticulum to cytosol transport	28	0	0.580326499969357	0.141224068881959	0.348340031724096	Higher in TB	FALSE
GO:0051602	response to electrical stimulus	19	0	0.402549628614066	0.141383361853102	0.348576557609127	Lower in TB	FALSE
GO:0050714	positive regulation of protein secretion	99	2	0.542746189352208	0.141727024680271	0.349267226217897	Higher in TB	FALSE
GO:0045815	transcription initiation-coupled chromatin remodeling	55	0	0.44273474229975	0.141845973650927	0.349403746923295	Lower in TB	FALSE
GO:0031115	negative regulation of microtubule polymerization	11	0	0.3721793341938	0.142091232133251	0.349851139394813	Lower in TB	FALSE
GO:0051938	L-glutamate import	27	0	0.581594088055561	0.142219865853566	0.349980828648163	Higher in TB	FALSE
GO:0038096	Fc-gamma receptor signaling pathway involved in phagocytosis	23	1	0.588384197436477	0.14227121717509	0.349980828648163	Higher in TB	FALSE
GO:0042178	xenobiotic catabolic process	18	1	0.599855885470635	0.142428492599119	0.350211025183343	Higher in TB	FALSE
GO:0043010	camera-type eye development	120	1	0.461245688726019	0.142691138891156	0.350487560180504	Lower in TB	FALSE
GO:0042790	nucleolar large rRNA transcription by RNA polymerase I	30	1	0.422678679967106	0.142693535085122	0.350487560180504	Lower in TB	FALSE
GO:0050920	regulation of chemotaxis	149	5	0.534802644281536	0.142732202117888	0.350487560180504	Higher in TB	FALSE
GO:0002693	positive regulation of cellular extravasation	14	1	0.613102255155626	0.142822947699276	0.350553824308313	Higher in TB	FALSE
GO:0046839	phospholipid dephosphorylation	32	0	0.425316120467711	0.143689347866764	0.352522996238942	Lower in TB	FALSE
GO:0034505	tooth mineralization	15	2	0.608984870407088	0.143868655972228	0.352805473030913	Higher in TB	FALSE
GO:0007091	metaphase/anaphase transition of mitotic cell cycle	100	3	0.457716946597761	0.144083279977246	0.353174263626794	Lower in TB	FALSE
GO:2000303	regulation of ceramide biosynthetic process	13	0	0.616963222171388	0.144208515503803	0.353323715793186	Higher in TB	FALSE
GO:1901673	regulation of mitotic spindle assembly	23	0	0.587904032222349	0.144451326637018	0.353684040699982	Higher in TB	FALSE
GO:0048666	neuron development	703	9	0.483807424428883	0.144579354279597	0.353684040699982	Lower in TB	FALSE
GO:0043331	response to dsRNA	23	2	0.587871399634981	0.144600413479999	0.353684040699982	Higher in TB	FALSE
GO:0046688	response to copper ion	25	1	0.584283952603078	0.144618550635419	0.353684040699982	Higher in TB	FALSE
GO:0006925	inflammatory cell apoptotic process	17	2	0.602172741115311	0.144677229453303	0.353684040699982	Higher in TB	FALSE
GO:1902807	negative regulation of cell cycle G1/S phase transition	50	0	0.440390851497906	0.144809685859001	0.353850512379018	Lower in TB	FALSE
GO:0035886	vascular associated smooth muscle cell differentiation	18	1	0.400811090863615	0.1451136907953	0.354435838290785	Lower in TB	FALSE
GO:0002295	T-helper cell lineage commitment	25	1	0.415902632566618	0.145509768304309	0.355214979589765	Lower in TB	FALSE
GO:0032743	positive regulation of interleukin-2 production	38	2	0.568216603317501	0.145621852118838	0.355214979589765	Higher in TB	FALSE
GO:0016241	regulation of macroautophagy	179	2	0.531547468213931	0.145656585977614	0.355214979589765	Higher in TB	FALSE
GO:0043247	telomere maintenance in response to DNA damage	30	0	0.423254317279846	0.145691120220975	0.355214979589765	Lower in TB	FALSE
GO:0051293	establishment of spindle localization	45	1	0.562676304128722	0.145764196885881	0.355235618119934	Higher in TB	FALSE
GO:0060420	regulation of heart growth	36	0	0.429989270386266	0.146032785663835	0.355437993247098	Lower in TB	FALSE
GO:0006939	smooth muscle contraction	52	0	0.558276747951361	0.146037030053901	0.355437993247098	Higher in TB	FALSE
GO:0042391	regulation of membrane potential	267	1	0.525867598957764	0.146041183474935	0.355437993247098	Higher in TB	FALSE
GO:0007608	sensory perception of smell	70	0	0.550152024692495	0.146844686621619	0.357235436745868	Higher in TB	FALSE
GO:0071480	cellular response to gamma radiation	19	1	0.403926281373155	0.147091114466182	0.357676668436564	Lower in TB	FALSE
GO:0001837	epithelial to mesenchymal transition	120	3	0.461676816124165	0.14718804643466	0.357754146462317	Lower in TB	FALSE
GO:0009394	2'-deoxyribonucleotide metabolic process	42	1	0.564569629504694	0.147644848367402	0.3585604957538	Higher in TB	FALSE
GO:0070431	nucleotide-binding oligomerization domain containing 2 signaling pathway	17	0	0.60142243295303	0.147650229608331	0.3585604957538	Higher in TB	FALSE
GO:0106070	regulation of adenylate cyclase-activating G protein-coupled receptor signaling pathway	15	0	0.392065448439705	0.147771039657655	0.358695441959288	Lower in TB	FALSE
GO:0046598	positive regulation of viral entry into host cell	11	1	0.625745805226116	0.148677901481363	0.360578342454581	Higher in TB	FALSE
GO:0075294	positive regulation by symbiont of entry into host	11	1	0.625745805226116	0.148677901481363	0.360578342454581	Higher in TB	FALSE
GO:0002520	immune system development	104	2	0.459013983001706	0.14878681760139	0.360683387642171	Lower in TB	FALSE
GO:1904994	regulation of leukocyte adhesion to vascular endothelial cell	23	2	0.586932047298604	0.148942717059448	0.360769106542126	Higher in TB	FALSE
GO:0050864	regulation of B cell activation	97	9	0.457586244973401	0.148953414305316	0.360769106542126	Lower in TB	FALSE
GO:0070307	lens fiber cell development	10	0	0.3682845815922	0.149185102660857	0.361052033524839	Lower in TB	FALSE
GO:0019751	polyol metabolic process	83	1	0.545789677291428	0.149349122739437	0.361052033524839	Higher in TB	FALSE
GO:0071360	cellular response to exogenous dsRNA	14	2	0.611284198600671	0.149357691003909	0.361052033524839	Higher in TB	FALSE
GO:0045143	homologous chromosome segregation	26	0	0.418321303361518	0.149394918425105	0.361052033524839	Lower in TB	FALSE
GO:0051965	positive regulation of synapse assembly	34	1	0.428559483014319	0.149398576985997	0.361052033524839	Lower in TB	FALSE
GO:0032695	negative regulation of interleukin-12 production	14	1	0.611242096238345	0.149511680852716	0.361166617455288	Higher in TB	FALSE
GO:0014029	neural crest formation	10	0	0.36849887495982	0.149847864873949	0.361819745751854	Lower in TB	FALSE
GO:0021543	pallium development	104	1	0.459140310475654	0.150042965033967	0.362131791815956	Lower in TB	FALSE
GO:0009067	aspartate family amino acid biosynthetic process	12	0	0.380027503929133	0.150110280441401	0.362135288225897	Lower in TB	FALSE
GO:0090231	regulation of spindle checkpoint	31	1	0.574636458792896	0.150353069718764	0.362561919874459	Higher in TB	FALSE
GO:0016126	sterol biosynthetic process	55	0	0.556038880833468	0.150578111129676	0.362945398943867	Higher in TB	FALSE
GO:0051349	positive regulation of lyase activity	13	0	0.38492038958202	0.150780703613721	0.363264553423842	Lower in TB	FALSE
GO:0099149	regulation of postsynaptic neurotransmitter receptor internalization	26	0	0.418620334089503	0.150890284827756	0.363264553423842	Lower in TB	FALSE
GO:0007409	axonogenesis	261	3	0.474152859311135	0.150908737726456	0.363264553423842	Lower in TB	FALSE
GO:0098856	intestinal lipid absorption	12	0	0.619686740962995	0.151083688193077	0.363392980074709	Higher in TB	FALSE
GO:0006352	DNA-templated transcription initiation	241	0	0.473128531669531	0.151094280183846	0.363392980074709	Lower in TB	FALSE
GO:0007160	cell-matrix adhesion	174	4	0.53155048786276	0.151312458455127	0.363652148078103	Higher in TB	FALSE
GO:1902115	regulation of organelle assembly	205	6	0.470911158031509	0.151351357511565	0.363652148078103	Lower in TB	FALSE
GO:0030178	negative regulation of Wnt signaling pathway	119	3	0.461913622484075	0.151400466888101	0.363652148078103	Lower in TB	FALSE
GO:0002320	lymphoid progenitor cell differentiation	14	0	0.610667973115728	0.15162364942764	0.364029181027583	Higher in TB	FALSE
GO:0090090	negative regulation of canonical Wnt signaling pathway	98	3	0.458087358099661	0.151720584319882	0.364102912523225	Lower in TB	FALSE
GO:0043062	extracellular structure organization	184	4	0.530642216610708	0.151942880070858	0.364477292595801	Higher in TB	FALSE
GO:0071363	cellular response to growth factor stimulus	467	10	0.480624389449978	0.152097007223063	0.364539696215106	Lower in TB	FALSE
GO:0042491	inner ear auditory receptor cell differentiation	13	0	0.385291341568467	0.152101502931512	0.364539696215106	Lower in TB	FALSE
GO:0140013	meiotic nuclear division	110	2	0.460477608140002	0.152247551015009	0.36473073441417	Lower in TB	FALSE
GO:1902253	regulation of intrinsic apoptotic signaling pathway by p53 class mediator	28	0	0.42186063614635	0.152376273483633	0.364880118298352	Lower in TB	FALSE
GO:1900225	regulation of NLRP3 inflammasome complex assembly	42	1	0.563808092733713	0.152480706972125	0.364971235059966	Higher in TB	FALSE
GO:0002820	negative regulation of adaptive immune response	60	4	0.553389557370004	0.152648495471924	0.365213850350146	Higher in TB	FALSE
GO:0003002	regionalization	141	1	0.465107416101797	0.152775967325714	0.365222213759454	Lower in TB	FALSE
GO:0050858	negative regulation of antigen receptor-mediated signaling pathway	42	9	0.436239183877909	0.152784847516687	0.365222213759454	Lower in TB	FALSE
GO:0007127	meiosis I	72	1	0.451270933371557	0.152853878298025	0.36522843236964	Lower in TB	FALSE
GO:0006879	intracellular iron ion homeostasis	68	1	0.550095468109858	0.153189493811107	0.365871345340341	Higher in TB	FALSE
GO:0032369	negative regulation of lipid transport	22	0	0.587931420996715	0.153344618120978	0.365966158065319	Higher in TB	FALSE
GO:0061635	regulation of protein complex stability	12	0	0.380978532647521	0.153368529008692	0.365966158065319	Lower in TB	FALSE
GO:0097696	cell surface receptor signaling pathway via STAT	122	5	0.537422446134191	0.153540695596235	0.365966158065319	Higher in TB	FALSE
GO:0010573	vascular endothelial growth factor production	25	4	0.582439547477347	0.153613891340767	0.365966158065319	Higher in TB	FALSE
GO:0045725	positive regulation of glycogen biosynthetic process	13	0	0.38572411888599	0.153653546975891	0.365966158065319	Lower in TB	FALSE
GO:0039530	MDA-5 signaling pathway	10	2	0.630279652844744	0.153668568077346	0.365966158065319	Higher in TB	FALSE
GO:0010880	regulation of release of sequestered calcium ion into cytosol by sarcoplasmic reticulum	21	0	0.589914615001723	0.153727206722168	0.365966158065319	Higher in TB	FALSE
GO:0021953	central nervous system neuron differentiation	72	0	0.451378437134189	0.153761699732791	0.365966158065319	Lower in TB	FALSE
GO:0035025	positive regulation of Rho protein signal transduction	23	0	0.414137835387244	0.154008886677362	0.36633906302185	Lower in TB	FALSE
GO:1901698	response to nitrogen compound	653	16	0.516391553110756	0.154051639451895	0.36633906302185	Higher in TB	FALSE
GO:0043369	CD4-positive or CD8-positive, alpha-beta T cell lineage commitment	28	1	0.422207283814427	0.154203741064143	0.366383823842116	Lower in TB	FALSE
GO:0043373	CD4-positive, alpha-beta T cell lineage commitment	28	1	0.422207283814427	0.154203741064143	0.366383823842116	Lower in TB	FALSE
GO:1903232	melanosome assembly	19	0	0.594383933785259	0.15433603872882	0.366401283429262	Higher in TB	FALSE
GO:1900087	positive regulation of G1/S transition of mitotic cell cycle	36	0	0.431409453981879	0.154388747348668	0.366401283429262	Lower in TB	FALSE
GO:0071875	adrenergic receptor signaling pathway	17	0	0.400254726468539	0.154464335882058	0.366401283429262	Lower in TB	FALSE
GO:0070509	calcium ion import	51	2	0.442364521647585	0.154497503481483	0.366401283429262	Lower in TB	FALSE
GO:0032094	response to food	22	0	0.587675565562346	0.154544302705067	0.366401283429262	Higher in TB	FALSE
GO:0034111	negative regulation of homotypic cell-cell adhesion	10	1	0.629829636772742	0.155094714304651	0.367547732434039	Higher in TB	FALSE
GO:0048515	spermatid differentiation	120	1	0.537537274556298	0.155663215298717	0.368694125792477	Higher in TB	FALSE
GO:2000737	negative regulation of stem cell differentiation	16	2	0.397497990353698	0.155712579136073	0.368694125792477	Lower in TB	FALSE
GO:0090158	endoplasmic reticulum membrane organization	15	0	0.60577675365736	0.156041303750229	0.369213311621242	Higher in TB	FALSE
GO:0006942	regulation of striated muscle contraction	67	0	0.550115776108976	0.156066157913381	0.369213311621242	Higher in TB	FALSE
GO:0009409	response to cold	23	0	0.414613338803177	0.156302119840232	0.369612496723268	Lower in TB	FALSE
GO:0048268	clathrin coat assembly	20	0	0.408477165523156	0.15646901867422	0.369756686080312	Lower in TB	FALSE
GO:1902930	regulation of alcohol biosynthetic process	38	0	0.566424847933763	0.156497600674588	0.369756686080312	Higher in TB	FALSE
GO:0048490	anterograde synaptic vesicle transport	19	0	0.593757669620264	0.157088939103372	0.370675960167527	Higher in TB	FALSE
GO:0099514	synaptic vesicle cytoskeletal transport	19	0	0.593757669620264	0.157088939103372	0.370675960167527	Higher in TB	FALSE
GO:0099517	synaptic vesicle transport along microtubule	19	0	0.593757669620264	0.157088939103372	0.370675960167527	Higher in TB	FALSE
GO:0061436	establishment of skin barrier	16	0	0.602130225080386	0.15721792788571	0.370779767861486	Higher in TB	FALSE
GO:0003351	epithelial cilium movement involved in extracellular fluid movement	18	0	0.403717202034278	0.157267809867767	0.370779767861486	Lower in TB	FALSE
GO:0070646	protein modification by small protein removal	111	2	0.461170516058747	0.157691338632789	0.371577947464677	Lower in TB	FALSE
GO:0042181	ketone biosynthetic process	41	1	0.563758204794283	0.157767521120648	0.371577947464677	Higher in TB	FALSE
GO:0051058	negative regulation of small GTPase mediated signal transduction	54	0	0.444447427773601	0.157937809677205	0.371577947464677	Lower in TB	FALSE
GO:0010171	body morphogenesis	22	1	0.413050576527579	0.157987954149814	0.371577947464677	Lower in TB	FALSE
GO:0014909	smooth muscle cell migration	51	0	0.557149098565601	0.15800646569227	0.371577947464677	Higher in TB	FALSE
GO:0019226	transmission of nerve impulse	28	1	0.577080269044555	0.158011866346383	0.371577947464677	Higher in TB	FALSE
GO:0000731	DNA synthesis involved in DNA repair	14	0	0.39105056876464	0.158081309920797	0.371582318060941	Lower in TB	FALSE
GO:0010212	response to ionizing radiation	106	3	0.460314363804473	0.158149303710551	0.371583278547269	Lower in TB	FALSE
GO:0003094	glomerular filtration	19	0	0.593495315713306	0.158253181760489	0.371668514873629	Higher in TB	FALSE
GO:1904707	positive regulation of vascular associated smooth muscle cell proliferation	31	1	0.426842792757723	0.158604901381825	0.372279421290007	Lower in TB	FALSE
GO:0045622	regulation of T-helper cell differentiation	38	0	0.566081745839005	0.158648723914603	0.372279421290007	Higher in TB	FALSE
GO:0002823	negative regulation of adaptive immune response based on somatic recombination of immune receptors built from immunoglobulin superfamily domains	57	4	0.553882423444077	0.159425570018817	0.373868399824503	Higher in TB	FALSE
GO:0034110	regulation of homotypic cell-cell adhesion	31	1	0.572998036315193	0.159512860647451	0.373868399824503	Higher in TB	FALSE
GO:0002507	tolerance induction	26	1	0.579694782429367	0.159529877407836	0.373868399824503	Higher in TB	FALSE
GO:0010586	miRNA metabolic process	84	2	0.455606866240472	0.159659611613838	0.374013014338681	Lower in TB	FALSE
GO:0009223	pyrimidine deoxyribonucleotide catabolic process	17	1	0.598471641188766	0.159796606083278	0.374174506067232	Higher in TB	FALSE
GO:0009894	regulation of catabolic process	920	19	0.513715265874609	0.159991954447396	0.374472441699355	Higher in TB	FALSE
GO:0089718	amino acid import across plasma membrane	35	1	0.568579245442075	0.160293406449076	0.375018361130647	Higher in TB	FALSE
GO:0048026	positive regulation of mRNA splicing, via spliceosome	11	0	0.377819448165015	0.160536736838119	0.37542789414546	Lower in TB	FALSE
GO:1900017	positive regulation of cytokine production involved in inflammatory response	23	2	0.584482272346912	0.160735103733991	0.375731972929201	Higher in TB	FALSE
GO:0030278	regulation of ossification	75	5	0.546837266813612	0.16084194173575	0.375747221581217	Higher in TB	FALSE
GO:0009612	response to mechanical stimulus	151	4	0.533073795032666	0.160878312041139	0.375747221581217	Higher in TB	FALSE
GO:0043101	purine-containing compound salvage	21	0	0.588301361820526	0.161245593208305	0.376329273649592	Higher in TB	FALSE
GO:0034113	heterotypic cell-cell adhesion	49	4	0.557839563591583	0.161320855646983	0.376329273649592	Higher in TB	FALSE
GO:0035329	hippo signaling	53	1	0.444381516465235	0.1613328661317	0.376329273649592	Lower in TB	FALSE
GO:0044818	mitotic G2/M transition checkpoint	52	2	0.443883409331219	0.161576587368302	0.376737946289621	Lower in TB	FALSE
GO:0042490	mechanoreceptor differentiation	21	0	0.411810953274368	0.161779188229781	0.377027002854636	Lower in TB	FALSE
GO:0007179	transforming growth factor beta receptor signaling pathway	163	3	0.46822942193829	0.161837709482892	0.377027002854636	Lower in TB	FALSE
GO:0035265	organ growth	75	1	0.453292475314947	0.162004632246934	0.377131523663243	Lower in TB	FALSE
GO:0035872	nucleotide-binding domain, leucine rich repeat containing receptor signaling pathway	27	0	0.577743221262981	0.16201976334896	0.377131523663243	Higher in TB	FALSE
GO:0050921	positive regulation of chemotaxis	103	2	0.539850362176225	0.162384820113658	0.377821303844642	Higher in TB	FALSE
GO:0030900	forebrain development	185	1	0.470217943864583	0.162646495453615	0.378262354633437	Lower in TB	FALSE
GO:0009415	response to water	10	0	0.372522232936891	0.162711980485282	0.378262354633437	Lower in TB	FALSE
GO:0007281	germ cell development	173	2	0.530764422204304	0.162963982524192	0.378688070971263	Higher in TB	FALSE
GO:0071880	adenylate cyclase-activating adrenergic receptor signaling pathway	10	0	0.372645451623272	0.163118707704332	0.378782826285597	Lower in TB	FALSE
GO:0003203	endocardial cushion morphogenesis	22	0	0.41411542247824	0.163142548680301	0.378782826285597	Lower in TB	FALSE
GO:0042127	regulation of cell population proliferation	1049	35	0.487211560088808	0.163348734096185	0.379046684051099	Lower in TB	FALSE
GO:0090288	negative regulation of cellular response to growth factor stimulus	61	1	0.551594650885281	0.163441981490364	0.379046684051099	Higher in TB	FALSE
GO:0050905	neuromuscular process	68	0	0.548873665975419	0.163463020713924	0.379046684051099	Higher in TB	FALSE
GO:2001259	positive regulation of cation channel activity	14	0	0.607464366091523	0.16382759481946	0.379731920875797	Higher in TB	FALSE
GO:0098810	neurotransmitter reuptake	19	0	0.592208935266289	0.164056458122938	0.379843618695392	Higher in TB	FALSE
GO:0045981	positive regulation of nucleotide metabolic process	32	0	0.571071792533791	0.16408304736296	0.379843618695392	Higher in TB	FALSE
GO:1900544	positive regulation of purine nucleotide metabolic process	32	0	0.571071792533791	0.16408304736296	0.379843618695392	Higher in TB	FALSE
GO:1903318	negative regulation of protein maturation	17	0	0.597415535162026	0.164322785115885	0.380238498555193	Higher in TB	FALSE
GO:0046320	regulation of fatty acid oxidation	26	0	0.421272427304599	0.164655699702808	0.380706925277295	Lower in TB	FALSE
GO:0050871	positive regulation of B cell activation	58	4	0.44724515763388	0.164663708313825	0.380706925277295	Lower in TB	FALSE
GO:0030501	positive regulation of bone mineralization	30	2	0.573277557295577	0.164780263364134	0.380816262284996	Higher in TB	FALSE
GO:0048168	regulation of neuronal synaptic plasticity	37	0	0.565966739312949	0.164961894936666	0.380999422663609	Higher in TB	FALSE
GO:0086013	membrane repolarization during cardiac muscle cell action potential	20	0	0.589676243567753	0.164998113016016	0.380999422663609	Higher in TB	FALSE
GO:0016579	protein deubiquitination	92	2	0.458130766999195	0.165231376001569	0.381377877941489	Lower in TB	FALSE
GO:1905244	regulation of modification of synaptic structure	17	0	0.402842974372878	0.165445258621935	0.38164063947478	Lower in TB	FALSE
GO:0043388	positive regulation of DNA binding	17	1	0.597144415405907	0.165500160660021	0.38164063947478	Higher in TB	FALSE
GO:0034244	negative regulation of transcription elongation by RNA polymerase II	18	0	0.405602005693119	0.165553460376019	0.38164063947478	Lower in TB	FALSE
GO:0044091	membrane biogenesis	58	0	0.552632602487026	0.165644235022238	0.381689859242356	Higher in TB	FALSE
GO:0034454	microtubule anchoring at centrosome	11	0	0.379470569612547	0.166265137370002	0.382872941146234	Lower in TB	FALSE
GO:0015914	phospholipid transport	92	4	0.541763953096633	0.166296941334523	0.382872941146234	Higher in TB	FALSE
GO:0072698	protein localization to microtubule cytoskeleton	53	0	0.445100854188217	0.166821883670731	0.383920768698903	Lower in TB	FALSE
GO:1903749	positive regulation of protein localization to mitochondrion	33	1	0.569475260029355	0.167197469574006	0.384624137120454	Higher in TB	FALSE
GO:0002478	antigen processing and presentation of exogenous peptide antigen	37	1	0.565562182172515	0.167568309699628	0.385316004487058	Higher in TB	FALSE
GO:0180012	co-transcriptional RNA 3'-end processing, cleavage and polyadenylation pathway	11	0	0.379889438180357	0.16774251418573	0.385444525840807	Lower in TB	FALSE
GO:0071312	cellular response to alkaloid	23	0	0.583086063787385	0.167764414393789	0.385444525840807	Higher in TB	FALSE
GO:0060397	growth hormone receptor signaling pathway via JAK-STAT	10	0	0.625908068145291	0.16795080609624	0.385653441209718	Higher in TB	FALSE
GO:0090314	positive regulation of protein targeting to membrane	21	0	0.41310002424985	0.167999177864407	0.385653441209718	Lower in TB	FALSE
GO:0044784	metaphase/anaphase transition of cell cycle	101	3	0.460300894154018	0.168114390302375	0.385653441209718	Lower in TB	FALSE
GO:0042462	eye photoreceptor cell development	13	0	0.389627358121169	0.168199781918361	0.385653441209718	Lower in TB	FALSE
GO:0010574	regulation of vascular endothelial growth factor production	23	4	0.582999820520769	0.168206066209695	0.385653441209718	Higher in TB	FALSE
GO:0010421	hydrogen peroxide-mediated programmed cell death	14	0	0.393722155028553	0.168530723690149	0.386236731491639	Lower in TB	FALSE
GO:0048857	neural nucleus development	42	1	0.561349708929402	0.168915511983905	0.386917874597728	Higher in TB	FALSE
GO:0042594	response to starvation	183	1	0.529496465802006	0.169002483105203	0.386917874597728	Higher in TB	FALSE
GO:2000321	positive regulation of T-helper 17 cell differentiation	10	0	0.374413371906139	0.169039056890459	0.386917874597728	Lower in TB	FALSE
GO:0023056	positive regulation of signaling	1364	41	0.511158330668199	0.16931446553542	0.387234392688063	Higher in TB	FALSE
GO:0048260	positive regulation of receptor-mediated endocytosis	39	1	0.563600392381849	0.169318202986923	0.387234392688063	Higher in TB	FALSE
GO:0071025	RNA surveillance	39	0	0.436440882006155	0.16959512643877	0.387706447052124	Lower in TB	FALSE
GO:2000106	regulation of leukocyte apoptotic process	55	4	0.553515825241296	0.169823472910515	0.388067104763928	Higher in TB	FALSE
GO:0032728	positive regulation of interferon-beta production	42	4	0.561201490363238	0.169947298027727	0.388095404174522	Higher in TB	FALSE
GO:0003382	epithelial cell morphogenesis	11	0	0.380517741032073	0.169977034058248	0.388095404174522	Lower in TB	FALSE
GO:0051174	regulation of phosphorus metabolic process	469	10	0.518512702125041	0.170302467626797	0.388594264305948	Higher in TB	FALSE
GO:0071295	cellular response to vitamin	19	0	0.590854850585218	0.170336881952953	0.388594264305948	Higher in TB	FALSE
GO:0001556	oocyte maturation	15	1	0.602218530625368	0.170439182663048	0.388666373405823	Higher in TB	FALSE
GO:0006568	L-tryptophan metabolic process	14	0	0.605764961648575	0.170594775255473	0.38885989815696	Higher in TB	FALSE
GO:0060041	retina development in camera-type eye	56	1	0.447120991253644	0.171100939578411	0.389456025575388	Lower in TB	FALSE
GO:0070252	actin-mediated cell contraction	80	0	0.544268928801893	0.171113496355208	0.389456025575388	Higher in TB	FALSE
GO:0035655	interleukin-18-mediated signaling pathway	10	2	0.624970534661952	0.17113964310479	0.389456025575388	Higher in TB	FALSE
GO:0071351	cellular response to interleukin-18	10	2	0.624970534661952	0.17113964310479	0.389456025575388	Higher in TB	FALSE
GO:0000075	cell cycle checkpoint signaling	185	5	0.470848491669432	0.171730424162084	0.39063875549985	Lower in TB	FALSE
GO:0002287	alpha-beta T cell activation involved in immune response	75	5	0.545587154812465	0.17231008846304	0.391795230095034	Higher in TB	FALSE
GO:0000423	mitophagy	92	2	0.541135783001741	0.172762447051166	0.392661403012531	Higher in TB	FALSE
GO:0046889	positive regulation of lipid biosynthetic process	76	2	0.545219298245614	0.172956800590918	0.392675865737169	Higher in TB	FALSE
GO:0007173	epidermal growth factor receptor signaling pathway	98	5	0.539844692317663	0.172960449131315	0.392675865737169	Higher in TB	FALSE
GO:0043467	regulation of generation of precursor metabolites and energy	106	3	0.538309913534713	0.173072074199856	0.392675865737169	Higher in TB	FALSE
GO:0098586	cellular response to virus	49	3	0.556254197604311	0.17311855638282	0.392675865737169	Higher in TB	FALSE
GO:0106027	neuron projection organization	79	0	0.455661488888571	0.173125918251528	0.392675865737169	Lower in TB	FALSE
GO:0007269	neurotransmitter secretion	109	2	0.537747498150759	0.173465772666186	0.393122348771101	Higher in TB	FALSE
GO:0099643	signal release from synapse	109	2	0.537747498150759	0.173465772666186	0.393122348771101	Higher in TB	FALSE
GO:0006505	GPI anchor metabolic process	29	0	0.42705214668903	0.173920455817025	0.393665980272541	Lower in TB	FALSE
GO:0006506	GPI anchor biosynthetic process	29	0	0.42705214668903	0.173920455817025	0.393665980272541	Lower in TB	FALSE
GO:0180046	GPI anchored protein biosynthesis	29	0	0.42705214668903	0.173920455817025	0.393665980272541	Lower in TB	FALSE
GO:0051231	spindle elongation	12	0	0.61332868981283	0.174005896764446	0.393697292350176	Higher in TB	FALSE
GO:0097485	neuron projection guidance	126	2	0.464936037308005	0.174212848381564	0.393945423873418	Lower in TB	FALSE
GO:0033574	response to testosterone	28	0	0.574178770607342	0.174258870654811	0.393945423873418	Higher in TB	FALSE
GO:0072337	modified amino acid transport	33	0	0.568303319630896	0.174474789673774	0.394271431823431	Higher in TB	FALSE
GO:0002824	positive regulation of adaptive immune response based on somatic recombination of immune receptors built from immunoglobulin superfamily domains	89	4	0.541620547888067	0.174819427751056	0.394887926777036	Higher in TB	FALSE
GO:0003229	ventricular cardiac muscle tissue development	29	0	0.427390557416095	0.17592593898084	0.397224152984254	Lower in TB	FALSE
GO:0072529	pyrimidine-containing compound catabolic process	22	1	0.583308966149108	0.176133280124865	0.397329213161292	Higher in TB	FALSE
GO:0045745	positive regulation of G protein-coupled receptor signaling pathway	25	0	0.578137365288725	0.176241644680281	0.397329213161292	Higher in TB	FALSE
GO:0009113	purine nucleobase biosynthetic process	10	0	0.37652951891139	0.176335759263965	0.397329213161292	Lower in TB	FALSE
GO:0032608	interferon-beta production	57	4	0.551774597350565	0.176386515108222	0.397329213161292	Higher in TB	FALSE
GO:0032648	regulation of interferon-beta production	57	4	0.551774597350565	0.176386515108222	0.397329213161292	Higher in TB	FALSE
GO:0046512	sphingosine biosynthetic process	15	0	0.600793097904721	0.1764783445871	0.397329213161292	Higher in TB	FALSE
GO:0046520	sphingoid biosynthetic process	15	0	0.600793097904721	0.1764783445871	0.397329213161292	Higher in TB	FALSE
GO:0042771	intrinsic apoptotic signaling pathway in response to DNA damage by p53 class mediator	38	1	0.436784497997865	0.177501307001519	0.399468762134404	Lower in TB	FALSE
GO:0003272	endocardial cushion formation	15	0	0.39949627565511	0.177723582200463	0.39980534162772	Lower in TB	FALSE
GO:0045598	regulation of fat cell differentiation	83	2	0.457230632852499	0.178067362500941	0.400414870768987	Lower in TB	FALSE
GO:0035459	vesicle cargo loading	30	0	0.571017912689049	0.178194670663071	0.400537325963028	Higher in TB	FALSE
GO:0015909	long-chain fatty acid transport	44	1	0.558602746008822	0.178640934623296	0.401300003675408	Higher in TB	FALSE
GO:0033173	calcineurin-NFAT signaling cascade	36	0	0.435231878874583	0.178679957984248	0.401300003675408	Lower in TB	FALSE
GO:0044828	host-mediated suppression of viral genome replication	11	1	0.616998270949517	0.179029913581519	0.401753313826495	Higher in TB	FALSE
GO:0033500	carbohydrate homeostasis	161	4	0.530695776296875	0.179159741963412	0.401753313826495	Higher in TB	FALSE
GO:0045762	positive regulation of adenylate cyclase activity	12	0	0.388019717102443	0.179184926861483	0.401753313826495	Lower in TB	FALSE
GO:0003170	heart valve development	44	0	0.441477760646395	0.179238393579354	0.401753313826495	Lower in TB	FALSE
GO:0000022	mitotic spindle elongation	11	0	0.616939824172613	0.179247158751617	0.401753313826495	Higher in TB	FALSE
GO:0016925	protein sumoylation	59	1	0.449458896233896	0.179389424960593	0.401787370788277	Lower in TB	FALSE
GO:0070169	positive regulation of biomineral tissue development	35	2	0.56557511476239	0.179408511328705	0.401787370788277	Higher in TB	FALSE
GO:1901298	regulation of hydrogen peroxide-mediated programmed cell death	11	0	0.383254998417066	0.179972724985451	0.402886824906357	Lower in TB	FALSE
GO:0051653	spindle localization	47	1	0.556521917897399	0.18005632279716	0.402909915644601	Higher in TB	FALSE
GO:0019080	viral gene expression	78	5	0.456105012670235	0.18022106395302	0.402964245667141	Lower in TB	FALSE
GO:0019856	pyrimidine nucleobase biosynthetic process	11	0	0.383323186323454	0.180227188085758	0.402964245667141	Lower in TB	FALSE
GO:0043266	regulation of potassium ion transport	45	0	0.557728755538857	0.180301207284637	0.402965868963793	Higher in TB	FALSE
GO:0010824	regulation of centrosome duplication	47	1	0.44357173612864	0.180779002011055	0.403869546142536	Lower in TB	FALSE
GO:0007422	peripheral nervous system development	43	1	0.441111606190068	0.181517770252952	0.405313937266994	Lower in TB	FALSE
GO:0043171	peptide catabolic process	15	1	0.599617741099977	0.181576830807014	0.405313937266994	Higher in TB	FALSE
GO:0042593	glucose homeostasis	156	4	0.53100217367226	0.181646697240064	0.405313937266994	Higher in TB	FALSE
GO:0046459	short-chain fatty acid metabolic process	14	0	0.603024480609948	0.181945493770109	0.405815953244648	Higher in TB	FALSE
GO:0016338	calcium-independent cell-cell adhesion	10	0	0.621804350155363	0.18224401092955	0.406316939209516	Higher in TB	FALSE
GO:0033138	positive regulation of peptidyl-serine phosphorylation	20	0	0.413872212692967	0.182362901053333	0.406417199023601	Lower in TB	FALSE
GO:0141161	regulation of cAMP/PKA signal transduction	36	0	0.435801144492132	0.182528415543357	0.406621243378192	Lower in TB	FALSE
GO:0007292	female gamete generation	70	2	0.54604659019364	0.182857949122787	0.407003656628238	Higher in TB	FALSE
GO:0051497	negative regulation of stress fiber assembly	22	1	0.417972747741162	0.182878452313553	0.407003656628238	Lower in TB	FALSE
GO:0032098	regulation of appetite	17	0	0.593291992824784	0.182922159972422	0.407003656628238	Higher in TB	FALSE
GO:0090713	immunological memory process	15	0	0.400753800260793	0.183211031768606	0.407397391531727	Lower in TB	FALSE
GO:0007276	gamete generation	480	7	0.482236480545175	0.183294696518335	0.407397391531727	Lower in TB	FALSE
GO:0006991	response to sterol depletion	15	0	0.599221192147616	0.18332141626946	0.407397391531727	Higher in TB	FALSE
GO:0045833	negative regulation of lipid metabolic process	69	4	0.546289654119573	0.183691414764724	0.407939111499826	Higher in TB	FALSE
GO:0030101	natural killer cell activation	69	1	0.453713461429118	0.183720919508166	0.407939111499826	Lower in TB	FALSE
GO:1904350	regulation of protein catabolic process in the vacuole	12	0	0.610806008001143	0.183787773587681	0.407939111499826	Higher in TB	FALSE
GO:0030071	regulation of mitotic metaphase/anaphase transition	96	3	0.460751367958378	0.183957039716447	0.408150042115023	Lower in TB	FALSE
GO:0046928	regulation of neurotransmitter secretion	60	1	0.549583691448217	0.184084436582722	0.408267943659462	Higher in TB	FALSE
GO:0006287	base-excision repair, gap-filling	13	0	0.393654248018498	0.184265874377638	0.408505555374297	Lower in TB	FALSE
GO:0120039	plasma membrane bounded cell projection morphogenesis	411	3	0.480888753902235	0.184423400077502	0.408689985339018	Lower in TB	FALSE
GO:0030517	negative regulation of axon extension	17	0	0.407048483148016	0.184524955787873	0.408750284819389	Lower in TB	FALSE
GO:0008589	regulation of smoothened signaling pathway	62	1	0.451285366200259	0.184673034540988	0.408913549700505	Lower in TB	FALSE
GO:0060078	regulation of postsynaptic membrane potential	79	0	0.543167776482256	0.184753956714354	0.408928041069049	Higher in TB	FALSE
GO:0050907	detection of chemical stimulus involved in sensory perception	69	0	0.546119077828743	0.18531196873113	0.409954640212596	Higher in TB	FALSE
GO:0001654	eye development	154	1	0.469064867752914	0.185398874136008	0.409954640212596	Lower in TB	FALSE
GO:0090398	cellular senescence	78	3	0.456625471170046	0.185441467844439	0.409954640212596	Lower in TB	FALSE
GO:0042471	ear morphogenesis	33	1	0.433414767749371	0.185567274128442	0.410067875063575	Lower in TB	FALSE
GO:0030148	sphingolipid biosynthetic process	92	0	0.539927988545546	0.185718904506053	0.410238062263672	Higher in TB	FALSE
GO:1902410	mitotic cytokinetic process	37	0	0.562852084339289	0.185831264271309	0.410321401993437	Higher in TB	FALSE
GO:0007286	spermatid development	113	0	0.536007730669869	0.186206884170453	0.410985728289503	Higher in TB	FALSE
GO:0002431	Fc receptor mediated stimulatory signaling pathway	31	2	0.568539520238064	0.186570470908898	0.411622973136886	Higher in TB	FALSE
GO:0098693	regulation of synaptic vesicle cycle	14	0	0.601857096927293	0.186947286728055	0.412207304349445	Higher in TB	FALSE
GO:1990090	cellular response to nerve growth factor stimulus	36	2	0.436449391988555	0.186985270470629	0.412207304349445	Lower in TB	FALSE
GO:0021987	cerebral cortex development	78	1	0.456795051025613	0.187166347660269	0.41244111400247	Lower in TB	FALSE
GO:1901699	cellular response to nitrogen compound	481	10	0.517559997691902	0.187917002549908	0.41382102540983	Higher in TB	FALSE
GO:0003148	outflow tract septum morphogenesis	14	0	0.398372552321754	0.187943088477327	0.41382102540983	Lower in TB	FALSE
GO:0090317	negative regulation of intracellular protein transport	28	0	0.571803946803947	0.18846006017471	0.414793198895338	Higher in TB	FALSE
GO:0046885	regulation of hormone biosynthetic process	16	1	0.594801714898178	0.189186340558271	0.416225090191826	Higher in TB	FALSE
GO:0010635	regulation of mitochondrial fusion	14	0	0.398789748457523	0.189762133569332	0.417158825482355	Lower in TB	FALSE
GO:0030968	endoplasmic reticulum unfolded protein response	87	0	0.540679415523827	0.189762499550995	0.417158825482355	Higher in TB	FALSE
GO:1905515	non-motile cilium assembly	42	1	0.441566108036002	0.190090206502374	0.417712212370124	Lower in TB	FALSE
GO:0018212	peptidyl-tyrosine modification	102	5	0.537549853579851	0.190171580654043	0.417724071288825	Higher in TB	FALSE
GO:0141005	transposable element silencing by heterochromatin formation	16	0	0.405509780278671	0.190644228570562	0.418595035415715	Lower in TB	FALSE
GO:0002182	cytoplasmic translational elongation	44	0	0.442992749521839	0.190760088023059	0.418612336840196	Lower in TB	FALSE
GO:0035337	fatty-acyl-CoA metabolic process	43	1	0.557659017072735	0.190804386344404	0.418612336840196	Higher in TB	FALSE
GO:1901991	negative regulation of mitotic cell cycle phase transition	165	4	0.470486835837168	0.191078062167301	0.41888590365451	Lower in TB	FALSE
GO:0010642	negative regulation of platelet-derived growth factor receptor signaling pathway	11	0	0.613832403867228	0.191081456232359	0.41888590365451	Higher in TB	FALSE
GO:0002381	immunoglobulin production involved in immunoglobulin-mediated immune response	39	1	0.439517199725388	0.191203785744511	0.418935951649804	Lower in TB	FALSE
GO:0021954	central nervous system neuron development	37	0	0.437914979199383	0.191258296785156	0.418935951649804	Lower in TB	FALSE
GO:0032303	regulation of icosanoid secretion	12	1	0.608926275182169	0.191337200489598	0.418935951649804	Higher in TB	FALSE
GO:0007259	cell surface receptor signaling pathway via JAK-STAT	113	5	0.535585823736341	0.191418293549299	0.418935951649804	Higher in TB	FALSE
GO:0099625	ventricular cardiac muscle cell membrane repolarization	18	0	0.588922237705601	0.191485275826838	0.418935951649804	Higher in TB	FALSE
GO:0072676	lymphocyte migration	86	5	0.459271676445201	0.191781665009842	0.419417499691373	Lower in TB	FALSE
GO:0045879	negative regulation of smoothened signaling pathway	26	0	0.426081666322953	0.191996451028578	0.419623030495476	Lower in TB	FALSE
GO:0033233	regulation of protein sumoylation	18	0	0.588785269351246	0.192170212272641	0.419623030495476	Higher in TB	FALSE
GO:0010647	positive regulation of cell communication	1357	41	0.510612319872412	0.192212838143983	0.419623030495476	Higher in TB	FALSE
GO:0015919	peroxisomal membrane transport	22	0	0.419697944384339	0.192257259697727	0.419623030495476	Lower in TB	FALSE
GO:0043574	peroxisomal transport	22	0	0.419697944384339	0.192257259697727	0.419623030495476	Lower in TB	FALSE
GO:0008209	androgen metabolic process	14	1	0.600616990982439	0.192371140208806	0.419704971773021	Higher in TB	FALSE
GO:0060633	negative regulation of transcription initiation by RNA polymerase II	14	0	0.399436593842338	0.192608084526269	0.419888679113967	Lower in TB	FALSE
GO:2000143	negative regulation of DNA-templated transcription initiation	14	0	0.399436593842338	0.192608084526269	0.419888679113967	Lower in TB	FALSE
GO:0044804	nucleophagy	23	0	0.578412611096478	0.192973980953687	0.420089181522852	Higher in TB	FALSE
GO:0072666	establishment of protein localization to vacuole	52	1	0.552180395849855	0.193052391705477	0.420089181522852	Higher in TB	FALSE
GO:1902107	positive regulation of leukocyte differentiation	147	8	0.468891750126571	0.193138043045401	0.420089181522852	Lower in TB	FALSE
GO:1903708	positive regulation of hemopoiesis	147	8	0.468891750126571	0.193138043045401	0.420089181522852	Lower in TB	FALSE
GO:0009968	negative regulation of signal transduction	1063	41	0.488135660935043	0.193170647286092	0.420089181522852	Lower in TB	FALSE
GO:0071359	cellular response to dsRNA	16	2	0.593954314040729	0.193171750460235	0.420089181522852	Higher in TB	FALSE
GO:0097035	regulation of membrane lipid distribution	57	2	0.549816589919937	0.193314587877589	0.420089181522852	Higher in TB	FALSE
GO:1901099	negative regulation of signal transduction in absence of ligand	21	2	0.581981085116974	0.193387726161211	0.420089181522852	Higher in TB	FALSE
GO:2001240	negative regulation of extrinsic apoptotic signaling pathway in absence of ligand	21	2	0.581981085116974	0.193387726161211	0.420089181522852	Higher in TB	FALSE
GO:0030520	estrogen receptor signaling pathway	48	4	0.445811860282013	0.194014343284074	0.421283909706098	Lower in TB	FALSE
GO:0071474	cellular hyperosmotic response	19	0	0.414025496286141	0.19446952356733	0.422105582539749	Lower in TB	FALSE
GO:0060323	head morphogenesis	17	1	0.409261576971214	0.195197193773772	0.423497079531546	Lower in TB	FALSE
GO:0044380	protein localization to cytoskeleton	59	0	0.45124603629087	0.19526465926018	0.423497079531546	Lower in TB	FALSE
GO:0002092	positive regulation of receptor internalization	20	0	0.58361385077187	0.195461349294021	0.42375650568554	Higher in TB	FALSE
GO:0009967	positive regulation of signal transduction	1241	39	0.510977367993054	0.195565636140312	0.423760716885579	Higher in TB	FALSE
GO:0090313	regulation of protein targeting to membrane	25	0	0.425242614337033	0.19569451803792	0.423760716885579	Lower in TB	FALSE
GO:1903533	regulation of protein targeting	25	0	0.425242614337033	0.19569451803792	0.423760716885579	Lower in TB	FALSE
GO:0071478	cellular response to radiation	132	4	0.467393275943211	0.195978457920449	0.424208488837254	Lower in TB	FALSE
GO:0050807	regulation of synapse organization	230	4	0.475242187536829	0.196151361720844	0.424415657906809	Lower in TB	FALSE
GO:0060967	negative regulation of gene silencing by regulatory ncRNA	15	0	0.596366754193237	0.196247105366238	0.424455777066709	Higher in TB	FALSE
GO:0090266	regulation of mitotic cell cycle spindle assembly checkpoint	30	1	0.567966319854124	0.197578005216878	0.4266441757581	Higher in TB	FALSE
GO:1903504	regulation of mitotic spindle checkpoint	30	1	0.567966319854124	0.197578005216878	0.4266441757581	Higher in TB	FALSE
GO:0001942	hair follicle development	26	2	0.427030315528975	0.197762869639308	0.4266441757581	Lower in TB	FALSE
GO:0022404	molting cycle process	26	2	0.427030315528975	0.197762869639308	0.4266441757581	Lower in TB	FALSE
GO:0022405	hair cycle process	26	2	0.427030315528975	0.197762869639308	0.4266441757581	Lower in TB	FALSE
GO:0006270	DNA replication initiation	36	0	0.437972401049118	0.197771609667892	0.4266441757581	Lower in TB	FALSE
GO:0120178	steroid hormone biosynthetic process	30	1	0.567932353677286	0.197802110587013	0.4266441757581	Higher in TB	FALSE
GO:0141212	phospholipase C/protein kinase C signal transduction	10	0	0.382465445194471	0.198053163177829	0.427018153392825	Lower in TB	FALSE
GO:0045595	regulation of cell differentiation	1024	33	0.488069694652164	0.198553042460582	0.427881976068408	Lower in TB	FALSE
GO:0016311	dephosphorylation	122	1	0.466292010736936	0.19862415475179	0.427881976068408	Lower in TB	FALSE
GO:0032438	melanosome organization	34	0	0.563681314173561	0.19876510856288	0.427881976068408	Higher in TB	FALSE
GO:0048753	pigment granule organization	34	0	0.563681314173561	0.19876510856288	0.427881976068408	Higher in TB	FALSE
GO:0061982	meiosis I cell cycle process	82	2	0.458966569336555	0.199038787821819	0.428186814259968	Lower in TB	FALSE
GO:0140507	granzyme-mediated programmed cell death signaling pathway	11	0	0.388184009935952	0.199062476764001	0.428186814259968	Lower in TB	FALSE
GO:0034329	cell junction assembly	339	5	0.479691028809524	0.19932587315642	0.428521385266825	Lower in TB	FALSE
GO:1903524	positive regulation of blood circulation	21	1	0.580868144631211	0.199504179304365	0.428521385266825	Higher in TB	FALSE
GO:0009267	cellular response to starvation	158	1	0.529589069000261	0.199528526542922	0.428521385266825	Higher in TB	FALSE
GO:0030813	positive regulation of nucleotide catabolic process	18	0	0.587305415609628	0.199685665524483	0.428521385266825	Higher in TB	FALSE
GO:0033123	positive regulation of purine nucleotide catabolic process	18	0	0.587305415609628	0.199685665524483	0.428521385266825	Higher in TB	FALSE
GO:0045821	positive regulation of glycolytic process	18	0	0.587305415609628	0.199685665524483	0.428521385266825	Higher in TB	FALSE
GO:0042044	fluid transport	17	0	0.58974536810812	0.20013047883954	0.429308377939833	Higher in TB	FALSE
GO:0010611	regulation of cardiac muscle hypertrophy	46	0	0.445444467782212	0.200496844969085	0.429609930854085	Lower in TB	FALSE
GO:0014743	regulation of muscle hypertrophy	46	0	0.445444467782212	0.200496844969085	0.429609930854085	Lower in TB	FALSE
GO:0048477	oogenesis	42	2	0.55708714740592	0.200505471548123	0.429609930854085	Higher in TB	FALSE
GO:0045987	positive regulation of smooth muscle contraction	15	0	0.595366450529625	0.200931187382888	0.430354370171841	Higher in TB	FALSE
GO:0006750	glutathione biosynthetic process	10	0	0.616677381335048	0.201344326584267	0.431071303567096	Higher in TB	FALSE
GO:0045652	regulation of megakaryocyte differentiation	27	0	0.571016616917201	0.201488345999841	0.431211726861473	Higher in TB	FALSE
GO:0007051	spindle organization	186	3	0.472840303099031	0.201712617798082	0.431523724768036	Lower in TB	FALSE
GO:0001780	neutrophil homeostasis	12	1	0.606408058294042	0.20180516296294	0.431553786841792	Higher in TB	FALSE
GO:0009299	mRNA transcription	47	0	0.446237449503919	0.202261621093935	0.432361739025838	Lower in TB	FALSE
GO:0046655	folic acid metabolic process	14	0	0.598393220754168	0.202385393871806	0.432458179365406	Higher in TB	FALSE
GO:0009214	cyclic nucleotide catabolic process	12	0	0.393806258036862	0.202714967168234	0.432994129561365	Lower in TB	FALSE
GO:0007186	G protein-coupled receptor signaling pathway	560	12	0.51576891382519	0.202982416017107	0.433397018742544	Higher in TB	FALSE
GO:0016074	sno(s)RNA metabolic process	13	0	0.39806445496849	0.203134616023068	0.433501845509742	Lower in TB	FALSE
GO:0071774	response to fibroblast growth factor	62	1	0.453267918354898	0.203189206234741	0.433501845509742	Lower in TB	FALSE
GO:0050995	negative regulation of lipid catabolic process	20	3	0.582155874785592	0.203367128160388	0.433671740379299	Higher in TB	FALSE
GO:0007131	reciprocal meiotic recombination	41	1	0.442605378025876	0.203505472931719	0.433671740379299	Lower in TB	FALSE
GO:0140527	reciprocal homologous recombination	41	1	0.442605378025876	0.203505472931719	0.433671740379299	Lower in TB	FALSE
GO:0010043	response to zinc ion	28	3	0.569346770239627	0.204033871632684	0.434119685466721	Higher in TB	FALSE
GO:0048207	vesicle targeting, rough ER to cis-Golgi	25	0	0.573378371132915	0.20406783022152	0.434119685466721	Higher in TB	FALSE
GO:1904862	inhibitory synapse assembly	14	1	0.598006644518272	0.204164328089568	0.434119685466721	Higher in TB	FALSE
GO:0010224	response to UV-B	14	1	0.597991334568336	0.204235014396026	0.434119685466721	Higher in TB	FALSE
GO:0002204	somatic recombination of immunoglobulin genes involved in immune response	36	1	0.438860574630424	0.204268393288907	0.434119685466721	Lower in TB	FALSE
GO:0002208	somatic diversification of immunoglobulins involved in immune response	36	1	0.438860574630424	0.204268393288907	0.434119685466721	Lower in TB	FALSE
GO:0045190	isotype switching	36	1	0.438860574630424	0.204268393288907	0.434119685466721	Lower in TB	FALSE
GO:0060392	negative regulation of SMAD protein signal transduction	20	0	0.418138936535163	0.204993633104725	0.435492656417999	Lower in TB	FALSE
GO:0060317	cardiac epithelial to mesenchymal transition	20	0	0.418222019725557	0.205453715447401	0.435932388212998	Lower in TB	FALSE
GO:0008406	gonad development	81	1	0.540692938165377	0.205555388525167	0.435932388212998	Higher in TB	FALSE
GO:1904263	positive regulation of TORC1 signaling	54	1	0.549800713612334	0.205570872627115	0.435932388212998	Higher in TB	FALSE
GO:0001662	behavioral fear response	11	0	0.610184350875484	0.205696770295012	0.435932388212998	Higher in TB	FALSE
GO:0045723	positive regulation of fatty acid biosynthetic process	17	1	0.588616753309395	0.205847009448316	0.435932388212998	Higher in TB	FALSE
GO:0044827	host-mediated perturbation of viral genome replication	11	0	0.610145386357548	0.205857141961974	0.435932388212998	Higher in TB	FALSE
GO:0046879	hormone secretion	180	4	0.527350358035371	0.205889777948946	0.435932388212998	Higher in TB	FALSE
GO:0010042	response to manganese ion	15	0	0.594294696604326	0.206039804674798	0.435932388212998	Higher in TB	FALSE
GO:0045738	negative regulation of DNA repair	38	0	0.440729466116197	0.206109789836122	0.435932388212998	Lower in TB	FALSE
GO:0010510	regulation of pyruvate decarboxylation to acetyl-CoA	10	0	0.615450551805422	0.206123943770074	0.435932388212998	Higher in TB	FALSE
GO:0050812	regulation of acyl-CoA biosynthetic process	10	0	0.615450551805422	0.206123943770074	0.435932388212998	Higher in TB	FALSE
GO:1902749	regulation of cell cycle G2/M phase transition	101	4	0.46358647708647	0.206152093371007	0.435932388212998	Lower in TB	FALSE
GO:1904950	negative regulation of establishment of protein localization	83	3	0.540138502701172	0.206270317033206	0.436014687831053	Higher in TB	FALSE
GO:0019218	regulation of steroid metabolic process	69	2	0.543996610283024	0.206367841131518	0.436031736280166	Higher in TB	FALSE
GO:0071300	cellular response to retinoic acid	41	1	0.557016367051248	0.206500456170682	0.436031736280166	Higher in TB	FALSE
GO:0001682	tRNA 5'-leader removal	13	0	0.601177154303661	0.206516304342225	0.436031736280166	Higher in TB	FALSE
GO:1904951	positive regulation of establishment of protein localization	222	3	0.475390232543153	0.206734661147817	0.436245302669632	Lower in TB	FALSE
GO:0035710	CD4-positive, alpha-beta T cell activation	118	9	0.533657648672691	0.206776147463998	0.436245302669632	Higher in TB	FALSE
GO:0044839	cell cycle G2/M phase transition	133	4	0.468299449481169	0.206993169118753	0.436535651635942	Lower in TB	FALSE
GO:0001754	eye photoreceptor cell differentiation	20	0	0.418567753001715	0.207376310809691	0.437069571558786	Lower in TB	FALSE
GO:1903587	regulation of blood vessel endothelial cell proliferation involved in sprouting angiogenesis	12	0	0.605099835690813	0.207405331429042	0.437069571558786	Higher in TB	FALSE
GO:0044771	meiotic cell cycle phase transition	12	1	0.605055186455208	0.207598433524278	0.437308884105931	Higher in TB	FALSE
GO:0050806	positive regulation of synaptic transmission	93	0	0.537792953323624	0.207906546261486	0.437790192012887	Higher in TB	FALSE
GO:0099159	regulation of modification of postsynaptic structure	11	0	0.3904634342352	0.208374757090117	0.438608121930117	Lower in TB	FALSE
GO:0010664	negative regulation of striated muscle cell apoptotic process	19	0	0.583342501615028	0.20848257540497	0.438667125746851	Higher in TB	FALSE
GO:0050651	dermatan sulfate proteoglycan biosynthetic process	13	0	0.399313326656198	0.208725031208378	0.43886803203936	Lower in TB	FALSE
GO:0033032	regulation of myeloid cell apoptotic process	16	2	0.590762325830654	0.208737705307917	0.43886803203936	Higher in TB	FALSE
GO:2000114	regulation of establishment of cell polarity	20	0	0.418830403087479	0.20884558798861	0.438927004113678	Lower in TB	FALSE
GO:0030041	actin filament polymerization	128	3	0.532154325938107	0.209181488211818	0.4390073494622	Higher in TB	FALSE
GO:0007015	actin filament organization	373	7	0.481040993147961	0.20924507159646	0.4390073494622	Lower in TB	FALSE
GO:0006695	cholesterol biosynthetic process	50	0	0.551326103296467	0.209298462948902	0.4390073494622	Higher in TB	FALSE
GO:1902653	secondary alcohol biosynthetic process	50	0	0.551326103296467	0.209298462948902	0.4390073494622	Higher in TB	FALSE
GO:0060325	face morphogenesis	15	1	0.406387653394781	0.209341067379404	0.4390073494622	Lower in TB	FALSE
GO:2000392	regulation of lamellipodium morphogenesis	10	0	0.614630879674274	0.209362908383028	0.4390073494622	Higher in TB	FALSE
GO:0051881	regulation of mitochondrial membrane potential	54	1	0.549367136441565	0.209544913155252	0.439221476373456	Higher in TB	FALSE
GO:0009309	amine biosynthetic process	25	0	0.572447589941558	0.209864982653619	0.439373352767824	Higher in TB	FALSE
GO:0002292	T cell differentiation involved in immune response	79	5	0.540813374690215	0.209869919539822	0.439373352767824	Higher in TB	FALSE
GO:0033157	regulation of intracellular protein transport	124	1	0.467386352571325	0.209902653398354	0.439373352767824	Lower in TB	FALSE
GO:0046637	regulation of alpha-beta T cell differentiation	58	2	0.547598542011624	0.209937031233371	0.439373352767824	Higher in TB	FALSE
GO:2000406	positive regulation of T cell migration	27	0	0.569664146424294	0.210206988901382	0.439757244197692	Higher in TB	FALSE
GO:0010575	positive regulation of vascular endothelial growth factor production	21	4	0.578966445865401	0.210280428336801	0.439757244197692	Higher in TB	FALSE
GO:0051050	positive regulation of transport	625	12	0.514710719627721	0.210406022611848	0.439852590235719	Higher in TB	FALSE
GO:0160049	negative regulation of cGAS/STING signaling pathway	15	0	0.406712752085454	0.210927325784624	0.440774776573114	Lower in TB	FALSE
GO:0045732	positive regulation of protein catabolic process	191	4	0.526248394410637	0.211242918409264	0.441031317512911	Higher in TB	FALSE
GO:0051099	positive regulation of binding	35	3	0.561052058825783	0.211309495347109	0.441031317512911	Higher in TB	FALSE
GO:0006637	acyl-CoA metabolic process	94	1	0.53730675075628	0.211382299167421	0.441031317512911	Higher in TB	FALSE
GO:0034112	positive regulation of homotypic cell-cell adhesion	15	0	0.593190790061269	0.211399641976004	0.441031317512911	Higher in TB	FALSE
GO:0009124	nucleoside monophosphate biosynthetic process	39	0	0.442175270312846	0.211451173692985	0.441031317512911	Lower in TB	FALSE
GO:0005976	polysaccharide metabolic process	74	1	0.542002894196207	0.211616934867332	0.44120967307569	Higher in TB	FALSE
GO:0048858	cell projection morphogenesis	415	3	0.482103475508738	0.211740760637969	0.441300493551006	Lower in TB	FALSE
GO:0032387	negative regulation of intracellular transport	42	0	0.555657349340938	0.212012427242601	0.441699251602812	Higher in TB	FALSE
GO:0016559	peroxisome fission	10	0	0.613939783563699	0.212122313086836	0.44171248830649	Higher in TB	FALSE
GO:0010038	response to metal ion	234	5	0.476306637487637	0.212179461916595	0.44171248830649	Lower in TB	FALSE
GO:0044344	cellular response to fibroblast growth factor stimulus	57	1	0.452241296619281	0.212361220979918	0.441923540101282	Lower in TB	FALSE
GO:0014888	striated muscle adaptation	22	0	0.423236059533904	0.212588814146009	0.442081603763157	Lower in TB	FALSE
GO:0050891	multicellular organismal-level water homeostasis	23	1	0.575077094487657	0.212597992060711	0.442081603763157	Higher in TB	FALSE
GO:1902099	regulation of metaphase/anaphase transition of cell cycle	97	3	0.463410357442695	0.213111075196951	0.442980979747764	Lower in TB	FALSE
GO:0045933	positive regulation of muscle contraction	33	0	0.562568776321928	0.213516880588366	0.443656768509009	Higher in TB	FALSE
GO:0060997	dendritic spine morphogenesis	50	0	0.44920433802212	0.214044226624591	0.4443730673871	Lower in TB	FALSE
GO:0030038	contractile actin filament bundle assembly	86	4	0.461236348624542	0.214104084304916	0.4443730673871	Lower in TB	FALSE
GO:0043149	stress fiber assembly	86	4	0.461236348624542	0.214104084304916	0.4443730673871	Lower in TB	FALSE
GO:0003008	system process	1141	18	0.510945256101044	0.214620606020687	0.445277015811976	Higher in TB	FALSE
GO:0001649	osteoblast differentiation	146	6	0.470246693625295	0.214804272764324	0.445489962903905	Lower in TB	FALSE
GO:0015721	bile acid and bile salt transport	18	1	0.584396326866045	0.215080944449532	0.445895562814301	Higher in TB	FALSE
GO:0010893	positive regulation of steroid biosynthetic process	22	1	0.576325331150034	0.215213602616791	0.44600240753378	Higher in TB	FALSE
GO:0055010	ventricular cardiac muscle tissue morphogenesis	23	0	0.425365776340908	0.215308247624477	0.446030424054021	Lower in TB	FALSE
GO:0007350	blastoderm segmentation	12	0	0.603206708101157	0.215707672152478	0.446689559884867	Higher in TB	FALSE
GO:0006029	proteoglycan metabolic process	81	2	0.539756140473179	0.216183785240276	0.447108047004377	Higher in TB	FALSE
GO:0043517	positive regulation of DNA damage response, signal transduction by p53 class mediator	15	1	0.407791651036922	0.216253874511839	0.447108047004377	Lower in TB	FALSE
GO:0045776	negative regulation of blood pressure	21	0	0.577935189085015	0.216297411571628	0.447108047004377	Higher in TB	FALSE
GO:0007411	axon guidance	125	2	0.467969166082691	0.216328893170574	0.447108047004377	Lower in TB	FALSE
GO:0070199	establishment of protein localization to chromosome	21	0	0.422080126609743	0.21638769718296	0.447108047004377	Lower in TB	FALSE
GO:0007595	lactation	20	0	0.579840265866209	0.216397692447917	0.447108047004377	Higher in TB	FALSE
GO:0042574	retinal metabolic process	12	0	0.602916488069724	0.217001305782526	0.44805964696038	Higher in TB	FALSE
GO:0046348	amino sugar catabolic process	12	0	0.602912023146164	0.217021251337848	0.44805964696038	Higher in TB	FALSE
GO:0045022	early endosome to late endosome transport	41	1	0.555683967357516	0.217304980398878	0.448408386461364	Higher in TB	FALSE
GO:1900027	regulation of ruffle assembly	24	1	0.427259811280292	0.217353282997369	0.448408386461364	Lower in TB	FALSE
GO:0002756	MyD88-independent toll-like receptor signaling pathway	16	2	0.589040728831726	0.217501265124434	0.44854536971273	Higher in TB	FALSE
GO:0045444	fat cell differentiation	146	3	0.470442599560875	0.217838870174001	0.449000376602534	Lower in TB	FALSE
GO:0032965	regulation of collagen biosynthetic process	27	0	0.431493695422056	0.217885231861688	0.449000376602534	Lower in TB	FALSE
GO:0048644	muscle organ morphogenesis	32	1	0.437104430379747	0.218176775260784	0.449070282448775	Lower in TB	FALSE
GO:0060415	muscle tissue morphogenesis	32	1	0.437104430379747	0.218176775260784	0.449070282448775	Lower in TB	FALSE
GO:0050867	positive regulation of cell activation	299	21	0.479278027300011	0.218236889458035	0.449070282448775	Lower in TB	FALSE
GO:0030001	metal ion transport	567	13	0.515158500800999	0.218245870262482	0.449070282448775	Higher in TB	FALSE
GO:0010592	positive regulation of lamellipodium assembly	24	0	0.427434055329187	0.218456976553038	0.449336497227312	Lower in TB	FALSE
GO:0015844	monoamine transport	35	1	0.560037398361523	0.21899740374357	0.450239746059741	Higher in TB	FALSE
GO:0008643	carbohydrate transport	90	2	0.537489986489233	0.219059898273883	0.450239746059741	Higher in TB	FALSE
GO:0045576	mast cell activation	55	2	0.547880935991134	0.219362326643327	0.450509735401667	Higher in TB	FALSE
GO:0017015	regulation of transforming growth factor beta receptor signaling pathway	109	3	0.465942090213326	0.219407000113016	0.450509735401667	Lower in TB	FALSE
GO:0009063	amino acid catabolic process	87	0	0.538096624935152	0.219437081012307	0.450509735401667	Higher in TB	FALSE
GO:0150011	regulation of neuron projection arborization	14	0	0.594672902919608	0.219979205074177	0.451306461472227	Higher in TB	FALSE
GO:0043112	receptor metabolic process	66	1	0.543662579584127	0.21998932643608	0.451306461472227	Higher in TB	FALSE
GO:0006244	pyrimidine nucleotide catabolic process	20	1	0.579199721269297	0.220106084588521	0.451363159276306	Higher in TB	FALSE
GO:0009913	epidermal cell differentiation	95	1	0.463595240185928	0.220201087894525	0.451363159276306	Lower in TB	FALSE
GO:0002429	immune response-activating cell surface receptor signaling pathway	291	34	0.479091819025483	0.220263251425669	0.451363159276306	Lower in TB	FALSE
GO:0048534	hematopoietic or lymphoid organ development	24	0	0.427757970548288	0.220519403633028	0.451719702374958	Lower in TB	FALSE
GO:0000727	double-strand break repair via break-induced replication	12	0	0.398047935419346	0.221340218300605	0.453232223544405	Lower in TB	FALSE
GO:0060099	regulation of phagocytosis, engulfment	13	0	0.597801491226986	0.222064592825262	0.4543770492569	Higher in TB	FALSE
GO:1905153	regulation of membrane invagination	13	0	0.597801491226986	0.222064592825262	0.4543770492569	Higher in TB	FALSE
GO:0002377	immunoglobulin production	78	3	0.460041884845627	0.22250863959606	0.455116257626168	Lower in TB	FALSE
GO:0019184	nonribosomal peptide biosynthetic process	12	0	0.601635055007858	0.222779921899297	0.455259556057688	Higher in TB	FALSE
GO:0048791	calcium ion-regulated exocytosis of neurotransmitter	11	0	0.606151523269123	0.222780311824324	0.455259556057688	Higher in TB	FALSE
GO:0010628	positive regulation of gene expression	888	40	0.512100791200465	0.22282711265028	0.455259556057688	Higher in TB	FALSE
GO:0043403	skeletal muscle tissue regeneration	20	0	0.421357740137221	0.223370393709971	0.456155144125249	Lower in TB	FALSE
GO:0042762	regulation of sulfur metabolic process	13	0	0.597512973015304	0.223431393803073	0.456155144125249	Higher in TB	FALSE
GO:0042551	neuron maturation	28	2	0.566424204817062	0.223751643612986	0.456639397395768	Higher in TB	FALSE
GO:0051930	regulation of sensory perception of pain	10	0	0.610977177756348	0.224249142166523	0.457276270530452	Higher in TB	FALSE
GO:0051931	regulation of sensory perception	10	0	0.610977177756348	0.224249142166523	0.457276270530452	Higher in TB	FALSE
GO:0060213	positive regulation of nuclear-transcribed mRNA poly(A) tail shortening	13	0	0.40267250297792	0.224313223284945	0.457276270530452	Lower in TB	FALSE
GO:1990089	response to nerve growth factor	37	2	0.442339007283479	0.224846790341358	0.458194089435429	Lower in TB	FALSE
GO:0003014	renal system process	77	2	0.539992025824597	0.225091340714497	0.458297759078392	Higher in TB	FALSE
GO:0009719	response to endogenous stimulus	1016	21	0.488702281056884	0.225121105143575	0.458297759078392	Lower in TB	FALSE
GO:0098935	dendritic transport	16	0	0.412429662379421	0.225193047840693	0.458297759078392	Lower in TB	FALSE
GO:0009188	ribonucleoside diphosphate biosynthetic process	11	0	0.394408591676205	0.225231092220774	0.458297759078392	Lower in TB	FALSE
GO:0001892	embryonic placenta development	21	0	0.423609143469771	0.225538188947847	0.458724685845885	Lower in TB	FALSE
GO:0043648	dicarboxylic acid metabolic process	71	0	0.541594528201188	0.22560777565065	0.458724685845885	Higher in TB	FALSE
GO:2000193	positive regulation of fatty acid transport	12	2	0.600969781397342	0.225823036159934	0.458992625806771	Higher in TB	FALSE
GO:0061462	protein localization to lysosome	48	1	0.550517590007873	0.225965437563977	0.45911233397145	Higher in TB	FALSE
GO:0050885	neuromuscular process controlling balance	15	0	0.59025418430595	0.226146837058513	0.459311160010235	Higher in TB	FALSE
GO:0007129	homologous chromosome pairing at meiosis	17	0	0.415238821827032	0.226269009620307	0.459389591910063	Lower in TB	FALSE
GO:0048762	mesenchymal cell differentiation	154	5	0.471761555580798	0.226712967695192	0.460121039641257	Lower in TB	FALSE
GO:2000134	negative regulation of G1/S transition of mitotic cell cycle	47	0	0.449041359673718	0.226804641661326	0.460137239798512	Lower in TB	FALSE
GO:0035672	oligopeptide transmembrane transport	14	0	0.593252905063	0.226975904952784	0.460232616406443	Higher in TB	FALSE
GO:0051057	positive regulation of small GTPase mediated signal transduction	65	0	0.456667892850795	0.22702872300307	0.460232616406443	Lower in TB	FALSE
GO:0034350	regulation of glial cell apoptotic process	10	0	0.389703203685846	0.227102780704016	0.460232616406443	Lower in TB	FALSE
GO:0032414	positive regulation of ion transmembrane transporter activity	22	0	0.574351589227755	0.227314138418371	0.460491205977967	Higher in TB	FALSE
GO:0042308	negative regulation of protein import into nucleus	12	0	0.600563473353336	0.227696114818085	0.460922109961767	Higher in TB	FALSE
GO:0032967	positive regulation of collagen biosynthetic process	17	0	0.415513094138454	0.227774982089309	0.460922109961767	Lower in TB	FALSE
GO:0051216	cartilage development	90	2	0.463209464710595	0.227778350812317	0.460922109961767	Lower in TB	FALSE
GO:0042796	snRNA transcription by RNA polymerase III	10	0	0.389885353048323	0.227871121650416	0.460940186473138	Lower in TB	FALSE
GO:0050803	regulation of synapse structure or activity	232	4	0.477018271524615	0.228201109284062	0.461287624761442	Lower in TB	FALSE
GO:1900038	negative regulation of cellular response to hypoxia	10	0	0.610034286938819	0.228210683767028	0.461287624761442	Higher in TB	FALSE
GO:0051385	response to mineralocorticoid	27	0	0.433024906508739	0.228346239654708	0.461391349976267	Lower in TB	FALSE
GO:0060045	positive regulation of cardiac muscle cell proliferation	14	0	0.407053293935729	0.228505201094744	0.461391349976267	Lower in TB	FALSE
GO:1901799	negative regulation of proteasomal protein catabolic process	50	2	0.450781702995812	0.228613984473097	0.461391349976267	Lower in TB	FALSE
GO:0010944	negative regulation of transcription by competitive promoter binding	12	0	0.600353621945992	0.228667853355991	0.461391349976267	Higher in TB	FALSE
GO:0060117	auditory receptor cell development	11	0	0.395192752599664	0.228694443056386	0.461391349976267	Lower in TB	FALSE
GO:0030174	regulation of DNA-templated DNA replication initiation	17	0	0.415692789790765	0.228765518376738	0.461391349976267	Lower in TB	FALSE
GO:0006857	oligopeptide transport	16	0	0.586877009646302	0.22888656225427	0.461441732183558	Higher in TB	FALSE
GO:0060119	inner ear receptor cell development	16	0	0.413136387995713	0.228958356747316	0.461441732183558	Lower in TB	FALSE
GO:0010460	positive regulation of heart rate	15	1	0.589671864673204	0.22915634233868	0.461650046332247	Higher in TB	FALSE
GO:0032835	glomerulus development	43	1	0.447020103117874	0.229348291764629	0.461650046332247	Lower in TB	FALSE
GO:0032252	secretory granule localization	15	0	0.589625422003108	0.229397585772953	0.461650046332247	Higher in TB	FALSE
GO:0032253	dense core granule localization	15	0	0.589625422003108	0.229397585772953	0.461650046332247	Higher in TB	FALSE
GO:0034498	early endosome to Golgi transport	12	0	0.600143770538648	0.229642541084046	0.461815951521788	Higher in TB	FALSE
GO:0099563	modification of synaptic structure	35	0	0.441331320361415	0.229683275851719	0.461815951521788	Lower in TB	FALSE
GO:0007340	acrosome reaction	18	0	0.581764152404092	0.229732016626426	0.461815951521788	Higher in TB	FALSE
GO:0000184	nuclear-transcribed mRNA catabolic process, nonsense-mediated decay	43	0	0.447088748519444	0.229952261093905	0.461869719748184	Lower in TB	FALSE
GO:0045214	sarcomere organization	23	0	0.572307986359578	0.229953334815558	0.461869719748184	Higher in TB	FALSE
GO:0032530	regulation of microvillus organization	15	1	0.410492470928675	0.230010784407153	0.461869719748184	Lower in TB	FALSE
GO:1902042	negative regulation of extrinsic apoptotic signaling pathway via death domain receptors	20	2	0.577481775300172	0.230276564191372	0.462234592889436	Higher in TB	FALSE
GO:0072175	epithelial tube formation	44	0	0.447748741168664	0.230457477607459	0.462428909447375	Lower in TB	FALSE
GO:0021762	substantia nigra development	38	1	0.556157200060996	0.23094742574996	0.463242957596965	Higher in TB	FALSE
GO:0035825	homologous recombination	51	1	0.451526779839453	0.231120400047671	0.463390708674376	Lower in TB	FALSE
GO:0043407	negative regulation of MAP kinase activity	15	0	0.410724684279156	0.231222007235021	0.463390708674376	Lower in TB	FALSE
GO:0006863	purine nucleobase transport	11	0	0.604217909066556	0.231322174755292	0.463390708674376	Higher in TB	FALSE
GO:0061053	somite development	21	0	0.424558716544779	0.231358220318509	0.463390708674376	Lower in TB	FALSE
GO:0050994	regulation of lipid catabolic process	44	3	0.552039014013037	0.232356683970893	0.465221066450099	Higher in TB	FALSE
GO:0032467	positive regulation of cytokinesis	37	1	0.443313424481942	0.232779595598215	0.465898149471782	Lower in TB	FALSE
GO:0141091	transforming growth factor beta receptor superfamily signaling pathway	235	4	0.477400611726645	0.233065995921626	0.466301617750036	Lower in TB	FALSE
GO:0048261	negative regulation of receptor-mediated endocytosis	20	0	0.576951114922813	0.233484659863442	0.466851737719277	Higher in TB	FALSE
GO:0009133	nucleoside diphosphate biosynthetic process	13	0	0.404576723175019	0.233510781871228	0.466851737719277	Lower in TB	FALSE
GO:0022011	myelination in peripheral nervous system	16	0	0.414064174705252	0.233969174517258	0.467263026329673	Lower in TB	FALSE
GO:0032292	peripheral nervous system axon ensheathment	16	0	0.414064174705252	0.233969174517258	0.467263026329673	Lower in TB	FALSE
GO:0032933	SREBP signaling pathway	13	0	0.595311991229046	0.234056452257533	0.467263026329673	Higher in TB	FALSE
GO:0071501	cellular response to sterol depletion	13	0	0.595311991229046	0.234056452257533	0.467263026329673	Higher in TB	FALSE
GO:0033260	nuclear DNA replication	36	0	0.442735157367668	0.234426917728607	0.467682100717049	Lower in TB	FALSE
GO:0055023	positive regulation of cardiac muscle tissue growth	17	0	0.41671106515386	0.234436498649725	0.467682100717049	Lower in TB	FALSE
GO:0009151	purine deoxyribonucleotide metabolic process	17	0	0.583222731184762	0.2348086177683	0.468254544972837	Higher in TB	FALSE
GO:1903514	release of sequestered calcium ion into cytosol by endoplasmic reticulum	30	0	0.562638993171011	0.235035324648032	0.468511784395476	Higher in TB	FALSE
GO:0008038	neuron recognition	26	0	0.432732522169519	0.235108041678268	0.468511784395476	Lower in TB	FALSE
GO:1903579	negative regulation of ATP metabolic process	19	0	0.578535500997227	0.235936928409442	0.469993200143157	Higher in TB	FALSE
GO:0046949	fatty-acyl-CoA biosynthetic process	26	1	0.56709630851722	0.236301473407138	0.470548895614793	Higher in TB	FALSE
GO:0002821	positive regulation of adaptive immune response	96	4	0.534964231252243	0.23655948078013	0.470747642048295	Higher in TB	FALSE
GO:0003015	heart process	147	1	0.528293394102203	0.236572523641222	0.470747642048295	Higher in TB	FALSE
GO:0010972	negative regulation of G2/M transition of mitotic cell cycle	67	2	0.458195881787259	0.236737748530448	0.470905984594935	Lower in TB	FALSE
GO:0044837	actomyosin contractile ring organization	10	0	0.392135433408336	0.237515424265132	0.472083564613797	Lower in TB	FALSE
GO:0001881	receptor recycling	41	0	0.553294024488407	0.237692414780845	0.472083564613797	Higher in TB	FALSE
GO:0007600	sensory perception	304	1	0.519708910584757	0.237750922718796	0.472083564613797	Higher in TB	FALSE
GO:1903844	regulation of cellular response to transforming growth factor beta stimulus	110	3	0.467413061999941	0.237837196662828	0.472083564613797	Lower in TB	FALSE
GO:0032735	positive regulation of interleukin-12 production	30	1	0.56226178983875	0.237866341728842	0.472083564613797	Higher in TB	FALSE
GO:0070102	interleukin-6-mediated signaling pathway	17	1	0.582680491672525	0.237872197907513	0.472083564613797	Higher in TB	FALSE
GO:0038127	ERBB signaling pathway	113	5	0.532147639776337	0.237930803482145	0.472083564613797	Higher in TB	FALSE
GO:0051294	establishment of spindle orientation	32	1	0.560212065543875	0.238457334296831	0.472957584402589	Higher in TB	FALSE
GO:0050767	regulation of neurogenesis	214	3	0.476611215560732	0.238641620315955	0.473152408401414	Lower in TB	FALSE
GO:0034976	response to endoplasmic reticulum stress	248	3	0.521731700357801	0.238960727161936	0.47361430350985	Higher in TB	FALSE
GO:0001953	negative regulation of cell-matrix adhesion	28	0	0.564246644603787	0.239303980513507	0.474123706257031	Higher in TB	FALSE
GO:1905897	regulation of response to endoplasmic reticulum stress	88	1	0.536286240389694	0.23945884113719	0.474132929064827	Higher in TB	FALSE
GO:0015874	norepinephrine transport	13	0	0.594211500335918	0.239501209532105	0.474132929064827	Higher in TB	FALSE
GO:0050673	epithelial cell proliferation	221	5	0.522974435798953	0.239567347570406	0.474132929064827	Higher in TB	FALSE
GO:0032411	positive regulation of transporter activity	25	0	0.567909495469412	0.23983895657847	0.47449967012178	Higher in TB	FALSE
GO:0021846	cell proliferation in forebrain	13	0	0.40599046241226	0.24051005670976	0.475656220068439	Lower in TB	FALSE
GO:1903580	positive regulation of ATP metabolic process	31	0	0.56089585550048	0.240597980734229	0.475659006859688	Higher in TB	FALSE
GO:0010165	response to X-ray	18	2	0.420254642036183	0.241440259549898	0.47715260496238	Lower in TB	FALSE
GO:0009119	ribonucleoside metabolic process	19	0	0.577581999700973	0.241673617895231	0.477442167153424	Higher in TB	FALSE
GO:0006833	water transport	12	0	0.597563044720674	0.241871316426977	0.477661098317357	Higher in TB	FALSE
GO:0044788	host-mediated perturbation of viral process	72	1	0.460119090279271	0.242020909728519	0.477784905453284	Lower in TB	FALSE
GO:0060047	heart contraction	142	1	0.528444108049614	0.242142596394334	0.47785355167841	Higher in TB	FALSE
GO:0042440	pigment metabolic process	55	0	0.545534611460179	0.242791529186304	0.478962263174129	Higher in TB	FALSE
GO:0030953	astral microtubule organization	14	2	0.409943046986236	0.243300074714294	0.479793332417212	Lower in TB	FALSE
GO:0048872	homeostasis of number of cells	198	13	0.524060826907455	0.243390122124278	0.47979881371075	Higher in TB	FALSE
GO:0001522	pseudouridine synthesis	18	0	0.420600040494992	0.243484791158245	0.479813398490334	Lower in TB	FALSE
GO:0046653	tetrahydrofolate metabolic process	17	0	0.581674826530644	0.243628562197985	0.479827913295776	Higher in TB	FALSE
GO:0061564	axon development	292	5	0.480148014354352	0.243666703150565	0.479827913295776	Lower in TB	FALSE
GO:0031589	cell-substrate adhesion	260	6	0.52100326639043	0.244040550267928	0.480392031998951	Higher in TB	FALSE
GO:0051639	actin filament network formation	13	0	0.406765339895062	0.244408501692383	0.480944145420445	Lower in TB	FALSE
GO:0046718	symbiont entry into host cell	111	4	0.531933819087064	0.245249091051192	0.482152020737245	Higher in TB	FALSE
GO:0001975	response to amphetamine	14	0	0.410325795734648	0.245309035127394	0.482152020737245	Lower in TB	FALSE
GO:0099188	postsynaptic cytoskeleton organization	15	1	0.413400496579319	0.245506693255533	0.482152020737245	Lower in TB	FALSE
GO:0060341	regulation of cellular localization	420	7	0.483454102499896	0.245510446637142	0.482152020737245	Lower in TB	FALSE
GO:0010562	positive regulation of phosphorus metabolic process	251	6	0.521302145556174	0.245569500726684	0.482152020737245	Higher in TB	FALSE
GO:0045937	positive regulation of phosphate metabolic process	251	6	0.521302145556174	0.245569500726684	0.482152020737245	Higher in TB	FALSE
GO:0003006	developmental process involved in reproduction	546	8	0.485441833401017	0.2456361968143	0.482152020737245	Lower in TB	FALSE
GO:0045006	DNA deamination	13	0	0.59291316838335	0.246038893053031	0.482681856294317	Higher in TB	FALSE
GO:0034331	cell junction maintenance	40	2	0.447003112255849	0.246124615574205	0.482681856294317	Lower in TB	FALSE
GO:0045056	transcytosis	15	1	0.586478037975814	0.246169502555341	0.482681856294317	Higher in TB	FALSE
GO:0033003	regulation of mast cell activation	16	1	0.583708467309753	0.246314625838647	0.482751527241679	Higher in TB	FALSE
GO:0006307	DNA alkylation repair	10	0	0.394149791063967	0.246390932099487	0.482751527241679	Lower in TB	FALSE
GO:0051960	regulation of nervous system development	258	4	0.479029193719322	0.246567510413078	0.482751527241679	Lower in TB	FALSE
GO:0042401	biogenic amine biosynthetic process	24	0	0.568312602759311	0.246656699313126	0.482751527241679	Higher in TB	FALSE
GO:0099558	maintenance of synapse structure	22	1	0.428655321305691	0.246668187465195	0.482751527241679	Lower in TB	FALSE
GO:0048589	developmental growth	266	4	0.479349650606691	0.246731864596056	0.482751527241679	Lower in TB	FALSE
GO:0051493	regulation of cytoskeleton organization	434	6	0.483765119941473	0.246910837664683	0.482929841864258	Lower in TB	FALSE
GO:0042759	long-chain fatty acid biosynthetic process	18	0	0.578807422493777	0.247020495269157	0.482969439602503	Higher in TB	FALSE
GO:1902742	apoptotic process involved in development	14	1	0.589333557879266	0.24710677220841	0.482969439602503	Higher in TB	FALSE
GO:0007613	memory	60	1	0.543190445494915	0.247266159017467	0.483109219004277	Higher in TB	FALSE
GO:0060538	skeletal muscle organ development	64	0	0.458199850902643	0.247529600995253	0.483383696181443	Lower in TB	FALSE
GO:0032753	positive regulation of interleukin-4 production	20	1	0.574678387650086	0.247582482438513	0.483383696181443	Higher in TB	FALSE
GO:0000910	cytokinesis	172	5	0.474453983551011	0.248011329755371	0.48404909158503	Lower in TB	FALSE
GO:0060149	negative regulation of post-transcriptional gene silencing	12	0	0.596192313187598	0.248549704386389	0.484583785360413	Higher in TB	FALSE
GO:0060965	negative regulation of miRNA-mediated gene silencing	12	0	0.596192313187598	0.248549704386389	0.484583785360413	Higher in TB	FALSE
GO:1900369	negative regulation of post-transcriptional gene silencing by regulatory ncRNA	12	0	0.596192313187598	0.248549704386389	0.484583785360413	Higher in TB	FALSE
GO:0016226	iron-sulfur cluster assembly	28	0	0.562974964760679	0.248731432309945	0.484594406392658	Higher in TB	FALSE
GO:0031163	metallo-sulfur cluster assembly	28	0	0.562974964760679	0.248731432309945	0.484594406392658	Higher in TB	FALSE
GO:0009247	glycolipid biosynthetic process	75	1	0.538514416787628	0.24888224995728	0.484716475474717	Higher in TB	FALSE
GO:0071872	cellular response to epinephrine stimulus	10	0	0.605271616843459	0.248982710453989	0.484740418582165	Higher in TB	FALSE
GO:2000060	positive regulation of ubiquitin-dependent protein catabolic process	91	2	0.534904965897702	0.249898782280159	0.486351683177457	Higher in TB	FALSE
GO:0045954	positive regulation of natural killer cell mediated cytotoxicity	22	0	0.429283994658713	0.250856454906266	0.488042742064632	Lower in TB	FALSE
GO:0043537	negative regulation of blood vessel endothelial cell migration	28	0	0.562653214438929	0.251157314534087	0.488455222960174	Higher in TB	FALSE
GO:0071867	response to monoamine	38	0	0.553761133168795	0.251460422283402	0.488871782784352	Higher in TB	FALSE
GO:0071695	anatomical structure maturation	123	6	0.529914956886862	0.252016511341752	0.489779702847986	Higher in TB	FALSE
GO:0045822	negative regulation of heart contraction	12	0	0.595468995570796	0.252125326935652	0.489818037983115	Higher in TB	FALSE
GO:0006855	xenobiotic transmembrane transport	16	0	0.582670150053591	0.252223010047232	0.489834725976574	Higher in TB	FALSE
GO:0009966	regulation of signal transduction	2404	73	0.492780873036908	0.252424118268929	0.490052190057405	Lower in TB	FALSE
GO:0002244	hematopoietic progenitor cell differentiation	55	0	0.455403723069262	0.252637037608139	0.49029242243895	Lower in TB	FALSE
GO:0070837	dehydroascorbic acid transport	10	0	0.604419800707168	0.25283297285976	0.490360669547413	Higher in TB	FALSE
GO:0070373	negative regulation of ERK1 and ERK2 cascade	52	3	0.545840354877082	0.25285058169642	0.490360669547413	Higher in TB	FALSE
GO:0016082	synaptic vesicle priming	23	0	0.568855924795872	0.252969684274487	0.490418661544827	Higher in TB	FALSE
GO:0034391	regulation of smooth muscle cell apoptotic process	22	0	0.429644628985253	0.253281307567041	0.490849710611066	Lower in TB	FALSE
GO:0097066	response to thyroid hormone	17	0	0.579937768558305	0.253800478557989	0.491682533866041	Higher in TB	FALSE
GO:0050685	positive regulation of mRNA processing	15	0	0.414922387153243	0.253901976263418	0.491705905423131	Lower in TB	FALSE
GO:1905144	response to acetylcholine	30	1	0.560120133004398	0.254396588090159	0.492490296239329	Higher in TB	FALSE
GO:0010881	regulation of cardiac muscle contraction by regulation of the release of sequestered calcium ion	16	0	0.58224142550911	0.254691191266267	0.492887071306559	Higher in TB	FALSE
GO:0070886	positive regulation of calcineurin-NFAT signaling cascade	17	0	0.420263994981132	0.255000859899392	0.493139193713281	Lower in TB	FALSE
GO:0106058	positive regulation of calcineurin-mediated signaling	17	0	0.420263994981132	0.255000859899392	0.493139193713281	Lower in TB	FALSE
GO:0071459	protein localization to chromosome, centromeric region	30	0	0.559989631377597	0.255429076041121	0.493781706867339	Higher in TB	FALSE
GO:0048754	branching morphogenesis of an epithelial tube	40	0	0.44804276668813	0.255512723906435	0.493781706867339	Lower in TB	FALSE
GO:0003007	heart morphogenesis	117	1	0.469565990283701	0.255644773746788	0.493863305010484	Lower in TB	FALSE
GO:0061909	autophagosome-lysosome fusion	21	0	0.571556202218223	0.256278946805008	0.49491452389671	Higher in TB	FALSE
GO:0043276	anoikis	29	1	0.439109184615072	0.256386398349213	0.494948180521058	Lower in TB	FALSE
GO:0042339	keratan sulfate proteoglycan metabolic process	15	1	0.584520300805602	0.257025723254917	0.495673013051692	Higher in TB	FALSE
GO:0048520	positive regulation of behavior	13	0	0.409242474826786	0.257167866806181	0.495673013051692	Lower in TB	FALSE
GO:2000353	positive regulation of endothelial cell apoptotic process	20	0	0.426838550600343	0.257317497609182	0.495673013051692	Lower in TB	FALSE
GO:0031629	synaptic vesicle fusion to presynaptic active zone membrane	18	1	0.577086385345577	0.257493376250459	0.495673013051692	Higher in TB	FALSE
GO:0099500	vesicle fusion to plasma membrane	18	1	0.577086385345577	0.257493376250459	0.495673013051692	Higher in TB	FALSE
GO:0098659	inorganic cation import across plasma membrane	88	4	0.465074608251658	0.257540425584528	0.495673013051692	Lower in TB	FALSE
GO:0099587	inorganic ion import across plasma membrane	88	4	0.465074608251658	0.257540425584528	0.495673013051692	Lower in TB	FALSE
GO:0003299	muscle hypertrophy in response to stress	16	0	0.418271034297964	0.257663417843167	0.495673013051692	Lower in TB	FALSE
GO:0014887	cardiac muscle adaptation	16	0	0.418271034297964	0.257663417843167	0.495673013051692	Lower in TB	FALSE
GO:0014898	cardiac muscle hypertrophy in response to stress	16	0	0.418271034297964	0.257663417843167	0.495673013051692	Lower in TB	FALSE
GO:0051447	negative regulation of meiotic cell cycle	12	0	0.594325975139306	0.257848521696942	0.495855604158723	Higher in TB	FALSE
GO:0045616	regulation of keratinocyte differentiation	20	0	0.426980596054889	0.258242495809879	0.496439595091858	Lower in TB	FALSE
GO:0007268	chemical synaptic transmission	464	5	0.515328563205768	0.258699675886092	0.4968010586105	Higher in TB	FALSE
GO:0098916	anterograde trans-synaptic signaling	464	5	0.515328563205768	0.258699675886092	0.4968010586105	Higher in TB	FALSE
GO:2000785	regulation of autophagosome assembly	45	2	0.548665008736932	0.258701606184406	0.4968010586105	Higher in TB	FALSE
GO:0032095	regulation of response to food	13	0	0.590394816564243	0.259074234869646	0.496943262877551	Higher in TB	FALSE
GO:0006693	prostaglandin metabolic process	36	1	0.554351454458751	0.259092451774279	0.496943262877551	Higher in TB	FALSE
GO:0036336	dendritic cell migration	26	1	0.563934831924108	0.259117464157143	0.496943262877551	Higher in TB	FALSE
GO:0034080	CENP-A containing chromatin assembly	11	0	0.598251467257629	0.25913720164968	0.496943262877551	Higher in TB	FALSE
GO:0006644	phospholipid metabolic process	324	2	0.518236818808055	0.259660816387266	0.49760975918951	Higher in TB	FALSE
GO:0072001	renal system development	148	3	0.473148747841105	0.25972068013622	0.49760975918951	Lower in TB	FALSE
GO:0050863	regulation of T cell activation	303	19	0.481157330341427	0.259781032086571	0.49760975918951	Lower in TB	FALSE
GO:1902622	regulation of neutrophil migration	36	2	0.554260550786838	0.259889962367785	0.49760975918951	Higher in TB	FALSE
GO:0072678	T cell migration	59	5	0.457593433375546	0.259937291450031	0.49760975918951	Lower in TB	FALSE
GO:0010544	negative regulation of platelet activation	14	1	0.58691075830182	0.260159198584453	0.497752217125963	Higher in TB	FALSE
GO:0006448	regulation of translational elongation	12	0	0.40616516645235	0.260335174898846	0.497752217125963	Lower in TB	FALSE
GO:0051897	positive regulation of phosphatidylinositol 3-kinase/protein kinase B signal transduction	148	2	0.526815149022079	0.26036190108691	0.497752217125963	Higher in TB	FALSE
GO:1903020	positive regulation of glycoprotein metabolic process	12	0	0.593803579082726	0.260493976165292	0.497752217125963	Higher in TB	FALSE
GO:0043370	regulation of CD4-positive, alpha-beta T cell differentiation	48	1	0.546940984897287	0.260550287845209	0.497752217125963	Higher in TB	FALSE
GO:0032366	intracellular sterol transport	34	1	0.555742251841194	0.260645440724927	0.497752217125963	Higher in TB	FALSE
GO:0032367	intracellular cholesterol transport	34	1	0.555742251841194	0.260645440724927	0.497752217125963	Higher in TB	FALSE
GO:0044829	host-mediated activation of viral genome replication	10	0	0.602673309761063	0.260856448607166	0.49784415729723	Higher in TB	FALSE
GO:0034472	snRNA 3'-end processing	22	0	0.430760646022788	0.260888474036242	0.49784415729723	Lower in TB	FALSE
GO:0043045	epigenetic programming of gene expression	18	0	0.423473398363526	0.260965234872793	0.49784415729723	Lower in TB	FALSE
GO:1902041	regulation of extrinsic apoptotic signaling pathway via death domain receptors	29	3	0.560275018816006	0.261227216964057	0.498057260891136	Higher in TB	FALSE
GO:0000209	protein polyubiquitination	246	4	0.47918491854479	0.261258119390694	0.498057260891136	Lower in TB	FALSE
GO:0002091	negative regulation of receptor internalization	13	0	0.589916700670599	0.261602100800432	0.498540156048796	Higher in TB	FALSE
GO:0006024	glycosaminoglycan biosynthetic process	26	1	0.436419880387709	0.26176951673131	0.498686348921949	Lower in TB	FALSE
GO:0030072	peptide hormone secretion	144	3	0.52708153464278	0.262129534083076	0.499046636094386	Higher in TB	FALSE
GO:0002043	blood vessel endothelial cell proliferation involved in sprouting angiogenesis	16	0	0.580958601286174	0.262176593904225	0.499046636094386	Higher in TB	FALSE
GO:0001822	kidney development	147	3	0.473199760772138	0.262230944284591	0.499046636094386	Lower in TB	FALSE
GO:0009219	pyrimidine deoxyribonucleotide metabolic process	24	1	0.566069769104296	0.262512868447312	0.499410294367931	Higher in TB	FALSE
GO:0071868	cellular response to monoamine stimulus	37	0	0.553199263967009	0.262789688825402	0.499763994867541	Higher in TB	FALSE
GO:1903421	regulation of synaptic vesicle recycling	23	0	0.56739212016251	0.263198564080338	0.500320477012362	Higher in TB	FALSE
GO:0006677	glycosylceramide metabolic process	17	0	0.578364643461758	0.26326430338246	0.500320477012362	Higher in TB	FALSE
GO:0051346	negative regulation of hydrolase activity	27	1	0.562159027492289	0.263564585834648	0.500600344155424	Higher in TB	FALSE
GO:2000352	negative regulation of endothelial cell apoptotic process	19	1	0.574078305588702	0.263593669758085	0.500600344155424	Higher in TB	FALSE
GO:0090068	positive regulation of cell cycle process	205	4	0.477340220860386	0.263709338743797	0.500647080253244	Lower in TB	FALSE
GO:0006104	succinyl-CoA metabolic process	13	0	0.410499589891971	0.263816928939034	0.500678451952644	Lower in TB	FALSE
GO:0032958	inositol phosphate biosynthetic process	16	0	0.580643756698821	0.264036737715433	0.500922699778969	Higher in TB	FALSE
GO:0006605	protein targeting	186	3	0.476249585652227	0.264239189857324	0.501133861964665	Lower in TB	FALSE
GO:0007254	JNK cascade	151	4	0.473679563146276	0.264498478235992	0.501215072978303	Lower in TB	FALSE
GO:2000738	positive regulation of stem cell differentiation	11	0	0.597136107931715	0.264583813410182	0.501215072978303	Higher in TB	FALSE
GO:0034390	smooth muscle cell apoptotic process	23	0	0.432815329857186	0.264670972572634	0.501215072978303	Lower in TB	FALSE
GO:0032233	positive regulation of actin filament bundle assembly	49	2	0.453944953726377	0.264736279546754	0.501215072978303	Lower in TB	FALSE
GO:0045579	positive regulation of B cell differentiation	12	0	0.592968638376911	0.264761062351673	0.501215072978303	Higher in TB	FALSE
GO:0019369	arachidonate metabolic process	39	0	0.551599176163215	0.264828989996721	0.501215072978303	Higher in TB	FALSE
GO:0023057	negative regulation of signaling	1123	41	0.490095357558249	0.264998468126101	0.50136324079742	Lower in TB	FALSE
GO:0071166	ribonucleoprotein complex localization	11	0	0.402975915057351	0.265135181837816	0.501370061459397	Lower in TB	FALSE
GO:0007093	mitotic cell cycle checkpoint signaling	136	3	0.472317009328003	0.265184455933781	0.501370061459397	Lower in TB	FALSE
GO:0170039	proteinogenic amino acid metabolic process	116	0	0.529938317479191	0.265506026728385	0.501805477811158	Higher in TB	FALSE
GO:0002228	natural killer cell mediated immunity	71	3	0.538142480251031	0.266489469461267	0.503491100720978	Higher in TB	FALSE
GO:1902065	response to L-glutamate	13	0	0.411035409427951	0.266686688546871	0.503583590578094	Lower in TB	FALSE
GO:0061795	Golgi lumen acidification	15	0	0.582819784577461	0.26672161072452	0.503583590578094	Higher in TB	FALSE
GO:0061037	negative regulation of cartilage development	10	0	0.39862316511304	0.266925271528031	0.503795105685244	Lower in TB	FALSE
GO:0071711	basement membrane organization	21	0	0.430125971589386	0.267627772538979	0.504947664179584	Lower in TB	FALSE
GO:0030010	establishment of cell polarity	108	1	0.46914245136994	0.268027473047533	0.505325210374068	Lower in TB	FALSE
GO:2000659	regulation of interleukin-1-mediated signaling pathway	11	1	0.596434746608869	0.268048892559836	0.505325210374068	Higher in TB	FALSE
GO:0018345	protein palmitoylation	20	0	0.571518546312178	0.268157005474356	0.505325210374068	Higher in TB	FALSE
GO:0033235	positive regulation of protein sumoylation	12	0	0.592298899842835	0.268218496018932	0.505325210374068	Higher in TB	FALSE
GO:0007167	enzyme-linked receptor protein signaling pathway	679	14	0.487506631566724	0.268291158316565	0.505325210374068	Lower in TB	FALSE
GO:0060100	positive regulation of phagocytosis, engulfment	11	0	0.596342205878772	0.268508408368902	0.505325210374068	Higher in TB	FALSE
GO:1905155	positive regulation of membrane invagination	11	0	0.596342205878772	0.268508408368902	0.505325210374068	Higher in TB	FALSE
GO:0043069	negative regulation of programmed cell death	604	15	0.486788680451117	0.268563162006735	0.505325210374068	Lower in TB	FALSE
GO:0141156	cAMP/PKA signal transduction	46	1	0.452874046068753	0.268812434901551	0.505621199825086	Lower in TB	FALSE
GO:1901379	regulation of potassium ion transmembrane transport	38	0	0.551818299907941	0.269001408125339	0.505803605291763	Higher in TB	FALSE
GO:1902175	regulation of oxidative stress-induced intrinsic apoptotic signaling pathway	35	2	0.446039835385901	0.269258254721223	0.505942468302339	Lower in TB	FALSE
GO:0006678	glucosylceramide metabolic process	11	0	0.59619121837177	0.269259305611612	0.505942468302339	Higher in TB	FALSE
GO:0051703	biological process involved in intraspecies interaction between organisms	23	1	0.566515702101772	0.269457702938118	0.506142279041261	Higher in TB	FALSE
GO:0140053	mitochondrial gene expression	169	0	0.524629254307422	0.269562483437696	0.50616616596327	Higher in TB	FALSE
GO:0098927	vesicle-mediated transport between endosomal compartments	46	1	0.547005764428575	0.270035300744199	0.506880875210518	Higher in TB	FALSE
GO:0099072	regulation of postsynaptic membrane neurotransmitter receptor levels	95	1	0.467256592047904	0.270161707349492	0.506945074063995	Lower in TB	FALSE
GO:0046321	positive regulation of fatty acid oxidation	12	0	0.408143127589656	0.270517321375767	0.507439178752632	Lower in TB	FALSE
GO:0018108	peptidyl-tyrosine phosphorylation	100	5	0.531883613264427	0.270687346203406	0.507454143939084	Higher in TB	FALSE
GO:0003300	cardiac muscle hypertrophy	59	0	0.458546635433443	0.270802193218856	0.507454143939084	Lower in TB	FALSE
GO:0014897	striated muscle hypertrophy	59	0	0.458546635433443	0.270802193218856	0.507454143939084	Lower in TB	FALSE
GO:0010469	regulation of signaling receptor activity	30	0	0.558069648539454	0.270956543356408	0.507570383432209	Higher in TB	FALSE
GO:0141198	protein branched polyubiquitination	19	0	0.427148833653518	0.271585752822093	0.508413194576031	Lower in TB	FALSE
GO:0042558	pteridine-containing compound metabolic process	30	0	0.557992777718188	0.271591406415024	0.508413194576031	Higher in TB	FALSE
GO:0035338	long-chain fatty-acyl-CoA biosynthetic process	17	1	0.576983824238737	0.271769607840518	0.508573622841105	Higher in TB	FALSE
GO:0070198	protein localization to chromosome, telomeric region	15	1	0.418184091599235	0.272562115783059	0.50973527602786	Lower in TB	FALSE
GO:1900745	positive regulation of p38MAPK cascade	20	2	0.57086192109777	0.272575793292453	0.50973527602786	Higher in TB	FALSE
GO:0072531	pyrimidine-containing compound transmembrane transport	13	0	0.587827004480276	0.272850403230463	0.510075320285986	Higher in TB	FALSE
GO:0090306	meiotic spindle assembly	10	0	0.600037501339334	0.273295967675278	0.510579570299616	Higher in TB	FALSE
GO:0002713	negative regulation of B cell mediated immunity	10	1	0.600016072002572	0.273398736806488	0.510579570299616	Higher in TB	FALSE
GO:0002890	negative regulation of immunoglobulin mediated immune response	10	1	0.600016072002572	0.273398736806488	0.510579570299616	Higher in TB	FALSE
GO:0051966	regulation of synaptic transmission, glutamatergic	40	0	0.550021463833441	0.273649342011711	0.510874051742066	Higher in TB	FALSE
GO:1901605	alpha-amino acid metabolic process	149	0	0.525985836741806	0.273790252533982	0.51096361453898	Higher in TB	FALSE
GO:0043117	positive regulation of vascular permeability	16	0	0.578995846730975	0.273921167077153	0.511034467794431	Higher in TB	FALSE
GO:0035723	interleukin-15-mediated signaling pathway	10	0	0.599774991963999	0.274556710207654	0.511699251770061	Higher in TB	FALSE
GO:0070672	response to interleukin-15	10	0	0.599774991963999	0.274556710207654	0.511699251770061	Higher in TB	FALSE
GO:0071350	cellular response to interleukin-15	10	0	0.599774991963999	0.274556710207654	0.511699251770061	Higher in TB	FALSE
GO:0032634	interleukin-5 production	13	1	0.412519217373742	0.274745507275451	0.511704200203397	Lower in TB	FALSE
GO:0032674	regulation of interleukin-5 production	13	1	0.412519217373742	0.274745507275451	0.511704200203397	Lower in TB	FALSE
GO:0043267	negative regulation of potassium ion transport	18	0	0.574329152820953	0.274906369676246	0.511830416688113	Higher in TB	FALSE
GO:0031346	positive regulation of cell projection organization	272	4	0.480771243783321	0.275491963275314	0.512650445030913	Lower in TB	FALSE
GO:0001504	neurotransmitter uptake	31	1	0.556584399519027	0.275533296665396	0.512650445030913	Higher in TB	FALSE
GO:0002714	positive regulation of B cell mediated immunity	24	1	0.435753091714919	0.275908205670871	0.513000782813137	Lower in TB	FALSE
GO:0002891	positive regulation of immunoglobulin mediated immune response	24	1	0.435753091714919	0.275908205670871	0.513000782813137	Lower in TB	FALSE
GO:0045472	response to ether	16	0	0.421463022508039	0.276717980190392	0.514332472984035	Lower in TB	FALSE
GO:0044409	symbiont entry into host	115	4	0.529344605214768	0.277167415711181	0.514868488902184	Higher in TB	FALSE
GO:0005513	detection of calcium ion	11	0	0.405386844604632	0.277193657175421	0.514868488902184	Lower in TB	FALSE
GO:0099536	synaptic signaling	497	6	0.514255343381041	0.27742763201365	0.514991613193638	Higher in TB	FALSE
GO:0071636	positive regulation of transforming growth factor beta production	12	0	0.409460280040006	0.277447282335314	0.514991613193638	Lower in TB	FALSE
GO:0098868	bone growth	13	0	0.413092132108367	0.277901155510626	0.515599833057131	Lower in TB	FALSE
GO:0071901	negative regulation of protein serine/threonine kinase activity	26	0	0.438533718292431	0.277962514583728	0.515599833057131	Lower in TB	FALSE
GO:0060428	lung epithelium development	10	1	0.401033965498768	0.278466808609628	0.516263763955475	Lower in TB	FALSE
GO:0015813	L-glutamate transmembrane transport	21	0	0.568306722313691	0.278508243705336	0.516263763955475	Higher in TB	FALSE
GO:0001973	G protein-coupled adenosine receptor signaling pathway	10	0	0.598907103825137	0.278753123644957	0.516285703546169	Higher in TB	FALSE
GO:0035588	G protein-coupled purinergic receptor signaling pathway	10	0	0.598907103825137	0.278753123644957	0.516285703546169	Higher in TB	FALSE
GO:0097305	response to alcohol	177	1	0.476387637994175	0.278801792256925	0.516285703546169	Lower in TB	FALSE
GO:0034204	lipid translocation	52	2	0.543378684245308	0.279231314778092	0.516906992811431	Higher in TB	FALSE
GO:0002011	morphogenesis of an epithelial sheet	38	2	0.449295722942941	0.279429878179568	0.517100461202041	Lower in TB	FALSE
GO:0060421	positive regulation of heart growth	20	0	0.430231560891938	0.280044468612845	0.518063421410977	Lower in TB	FALSE
GO:1902808	positive regulation of cell cycle G1/S phase transition	46	0	0.454023431118579	0.280663032642325	0.519033082229231	Lower in TB	FALSE
GO:0061042	vascular wound healing	15	1	0.580415483271707	0.280854955113045	0.519213363554648	Higher in TB	FALSE
GO:0050860	negative regulation of T cell receptor signaling pathway	32	7	0.444933691804334	0.280987021159775	0.51928290498704	Lower in TB	FALSE
GO:0042104	positive regulation of activated T cell proliferation	19	0	0.428579085597899	0.281108153800873	0.51933220080551	Lower in TB	FALSE
GO:0044042	glucan metabolic process	63	1	0.539237382304056	0.281485660894716	0.519712445059659	Higher in TB	FALSE
GO:0006487	protein N-linked glycosylation	77	2	0.464496415461521	0.281503030445192	0.519712445059659	Lower in TB	FALSE
GO:0035332	positive regulation of hippo signaling	13	0	0.413759845683974	0.281609989823124	0.519735389072687	Lower in TB	FALSE
GO:0007617	mating behavior	13	0	0.586141233786307	0.282162289820836	0.520579956186227	Higher in TB	FALSE
GO:0034058	endosomal vesicle fusion	15	0	0.580168979868889	0.282332210905325	0.520718717060542	Higher in TB	FALSE
GO:0046486	glycerolipid metabolic process	318	4	0.517534898157607	0.282866848767677	0.521529823784268	Higher in TB	FALSE
GO:0070585	protein localization to mitochondrion	123	3	0.528039862945926	0.282972422733837	0.521549574318013	Higher in TB	FALSE
GO:1990868	response to chemokine	70	0	0.462910581839959	0.283317236748451	0.521787962783154	Lower in TB	FALSE
GO:1990869	cellular response to chemokine	70	0	0.462910581839959	0.283317236748451	0.521787962783154	Lower in TB	FALSE
GO:0072329	monocarboxylic acid catabolic process	105	0	0.530304545489511	0.283433258008682	0.521787962783154	Higher in TB	FALSE
GO:0095500	acetylcholine receptor signaling pathway	26	1	0.560765106207465	0.283481383199942	0.521787962783154	Higher in TB	FALSE
GO:0060416	response to growth hormone	32	0	0.554769630980476	0.283587010514203	0.521807692037177	Higher in TB	FALSE
GO:1905898	positive regulation of response to endoplasmic reticulum stress	38	0	0.5502213926274	0.284034496461082	0.522456226678832	Higher in TB	FALSE
GO:0034349	glial cell apoptotic process	14	0	0.41737602768039	0.284405937237518	0.522795924020198	Lower in TB	FALSE
GO:0031998	regulation of fatty acid beta-oxidation	17	0	0.425046421376847	0.284613576882846	0.522795924020198	Lower in TB	FALSE
GO:0033145	positive regulation of intracellular steroid hormone receptor signaling pathway	10	0	0.402292939033537	0.284627115898523	0.522795924020198	Lower in TB	FALSE
GO:0045842	positive regulation of mitotic metaphase/anaphase transition	17	0	0.574940968401938	0.284694615590482	0.522795924020198	Higher in TB	FALSE
GO:1902101	positive regulation of metaphase/anaphase transition of cell cycle	17	0	0.574940968401938	0.284694615590482	0.522795924020198	Higher in TB	FALSE
GO:1902531	regulation of intracellular signal transduction	1638	48	0.492014259299152	0.284914566310147	0.522965366475384	Lower in TB	FALSE
GO:0002705	positive regulation of leukocyte mediated immunity	114	5	0.528997650359062	0.284977125856721	0.522965366475384	Higher in TB	FALSE
GO:0006904	vesicle docking involved in exocytosis	34	0	0.552938652126444	0.285389697085838	0.523374316897267	Higher in TB	FALSE
GO:0045940	positive regulation of steroid metabolic process	26	1	0.560515570220664	0.285463236770723	0.523374316897267	Higher in TB	FALSE
GO:0060074	synapse maturation	30	0	0.443664414172834	0.28552583379956	0.523374316897267	Lower in TB	FALSE
GO:0071028	nuclear mRNA surveillance	11	0	0.407042836616906	0.285689531794226	0.523374316897267	Lower in TB	FALSE
GO:0010389	regulation of G2/M transition of mitotic cell cycle	90	4	0.467436062986477	0.285728008275845	0.523374316897267	Lower in TB	FALSE
GO:0140115	export across plasma membrane	65	0	0.53828877049553	0.285771134835503	0.523374316897267	Higher in TB	FALSE
GO:0031113	regulation of microtubule polymerization	57	1	0.459143319925034	0.286031397453594	0.523676531202084	Lower in TB	FALSE
GO:0047484	regulation of response to osmotic stress	11	0	0.592757470228673	0.286725800696973	0.524592192341981	Higher in TB	FALSE
GO:2000179	positive regulation of neural precursor cell proliferation	20	1	0.431199078044597	0.286767712785345	0.524592192341981	Lower in TB	FALSE
GO:0050708	regulation of protein secretion	170	5	0.523691203488853	0.286817775587485	0.524592192341981	Higher in TB	FALSE
GO:0008090	retrograde axonal transport	14	0	0.582168501309001	0.287069228417872	0.524701467163377	Higher in TB	FALSE
GO:0050655	dermatan sulfate proteoglycan metabolic process	17	0	0.425462558676936	0.2872960978842	0.524701467163377	Lower in TB	FALSE
GO:0050730	regulation of peptidyl-tyrosine phosphorylation	65	4	0.538166427629648	0.287313408739087	0.524701467163377	Higher in TB	FALSE
GO:0032096	negative regulation of response to food	10	0	0.597123111539698	0.287515519564808	0.524701467163377	Higher in TB	FALSE
GO:0032099	negative regulation of appetite	10	0	0.597123111539698	0.287515519564808	0.524701467163377	Higher in TB	FALSE
GO:0032108	negative regulation of response to nutrient levels	10	0	0.597123111539698	0.287515519564808	0.524701467163377	Higher in TB	FALSE
GO:0006892	post-Golgi vesicle-mediated transport	113	2	0.471031202520572	0.287566622427003	0.524701467163377	Lower in TB	FALSE
GO:0045840	positive regulation of mitotic nuclear division	36	1	0.551210061993324	0.28764100073307	0.524701467163377	Higher in TB	FALSE
GO:0099172	presynapse organization	33	0	0.446564556686318	0.288068916988789	0.525245868630662	Lower in TB	FALSE
GO:0006929	substrate-dependent cell migration	17	0	0.574408186555613	0.288132767009159	0.525245868630662	Higher in TB	FALSE
GO:0055074	calcium ion homeostasis	127	4	0.527298413268453	0.288226043226393	0.525245868630662	Higher in TB	FALSE
GO:0042596	fear response	13	0	0.584929457297244	0.288987579070245	0.526196596048799	Higher in TB	FALSE
GO:0036035	osteoclast development	11	1	0.592314248837153	0.289034870874386	0.526196596048799	Higher in TB	FALSE
GO:0098751	bone cell development	11	1	0.592314248837153	0.289034870874386	0.526196596048799	Higher in TB	FALSE
GO:1904893	negative regulation of receptor signaling pathway via STAT	26	3	0.560051557022066	0.289173352461906	0.526243466989462	Higher in TB	FALSE
GO:0000394	RNA splicing, via endonucleolytic cleavage and ligation	15	0	0.420974224318097	0.289252047515852	0.526243466989462	Lower in TB	FALSE
GO:1903672	positive regulation of sprouting angiogenesis	19	0	0.57020505919889	0.289379354821417	0.526300923853176	Higher in TB	FALSE
GO:0002088	lens development in camera-type eye	37	0	0.449680486860593	0.289507116182836	0.526359168245117	Lower in TB	FALSE
GO:0051225	spindle assembly	122	0	0.472253784699336	0.289999486491264	0.5270800584228	Lower in TB	FALSE
GO:0006760	folic acid-containing compound metabolic process	23	0	0.563716292285423	0.290130732464194	0.527144338099186	Higher in TB	FALSE
GO:0043567	regulation of insulin-like growth factor receptor signaling pathway	13	0	0.415392034424344	0.290816888238534	0.527853807515128	Lower in TB	FALSE
GO:0061709	reticulophagy	24	0	0.437716688112088	0.290851151847345	0.527853807515128	Lower in TB	FALSE
GO:0002643	regulation of tolerance induction	15	1	0.57875069217441	0.290934043900745	0.527853807515128	Higher in TB	FALSE
GO:0045191	regulation of isotype switching	22	1	0.434976168893827	0.291040547245462	0.527853807515128	Lower in TB	FALSE
GO:0002209	behavioral defense response	12	0	0.588017038148307	0.29105501418323	0.527853807515128	Higher in TB	FALSE
GO:1902412	regulation of mitotic cytokinesis	19	0	0.430062936727572	0.291224299920424	0.527853807515128	Lower in TB	FALSE
GO:2000725	regulation of cardiac muscle cell differentiation	12	0	0.412027611087298	0.291299833301263	0.527853807515128	Lower in TB	FALSE
GO:0006826	iron ion transport	47	3	0.544473670084277	0.291507876012793	0.527853807515128	Higher in TB	FALSE
GO:0030514	negative regulation of BMP signaling pathway	35	1	0.551513943917785	0.291568014909371	0.527853807515128	Higher in TB	FALSE
GO:0051646	mitochondrion localization	47	0	0.455532040527067	0.291569838212938	0.527853807515128	Lower in TB	FALSE
GO:0001763	morphogenesis of a branching structure	50	0	0.456883925695265	0.291577303278182	0.527853807515128	Lower in TB	FALSE
GO:0006415	translational termination	15	0	0.421377918296626	0.291722684082863	0.527943159015004	Lower in TB	FALSE
GO:0046007	negative regulation of activated T cell proliferation	13	3	0.584323569052712	0.292441602405873	0.529070065820168	Higher in TB	FALSE
GO:2000197	regulation of ribonucleoprotein complex localization	10	0	0.403884067288117	0.292543682742684	0.529080647276077	Lower in TB	FALSE
GO:0001704	formation of primary germ layer	59	1	0.539587018607924	0.292966278187265	0.529670699596705	Higher in TB	FALSE
GO:1902036	regulation of hematopoietic stem cell differentiation	14	0	0.418861092824226	0.293151480274474	0.529750035375263	Lower in TB	FALSE
GO:0007095	mitotic G2 DNA damage checkpoint signaling	33	2	0.447130208917475	0.293202866068921	0.529750035375263	Lower in TB	FALSE
GO:0006901	vesicle coating	37	0	0.549922206126938	0.293331974396722	0.529809196857153	Higher in TB	FALSE
GO:0044272	sulfur compound biosynthetic process	99	1	0.530553421386172	0.293596799091086	0.529941262004543	Higher in TB	FALSE
GO:0050650	chondroitin sulfate proteoglycan biosynthetic process	21	0	0.43381450141032	0.293707543284061	0.529941262004543	Lower in TB	FALSE
GO:0045540	regulation of cholesterol biosynthetic process	22	0	0.564643703032252	0.293870254405175	0.529941262004543	Higher in TB	FALSE
GO:0106118	regulation of sterol biosynthetic process	22	0	0.564643703032252	0.293870254405175	0.529941262004543	Higher in TB	FALSE
GO:0006940	regulation of smooth muscle contraction	31	0	0.554468464260071	0.293887033076001	0.529941262004543	Higher in TB	FALSE
GO:0065009	regulation of molecular function	584	13	0.512726430209068	0.294382368590457	0.530660413937813	Higher in TB	FALSE
GO:0002115	store-operated calcium entry	17	1	0.426584868365053	0.294615613839139	0.530906799373185	Lower in TB	FALSE
GO:0038084	vascular endothelial growth factor signaling pathway	36	0	0.550445577014783	0.294898034075569	0.531241609222634	Higher in TB	FALSE
GO:0010763	positive regulation of fibroblast migration	13	0	0.583853696536545	0.295139245263911	0.531325834801231	Higher in TB	FALSE
GO:0010996	response to auditory stimulus	15	0	0.421949520390118	0.295245122127658	0.531325834801231	Lower in TB	FALSE
GO:0030855	epithelial cell differentiation	341	12	0.483489983981728	0.29537375712395	0.531325834801231	Lower in TB	FALSE
GO:0098974	postsynaptic actin cytoskeleton organization	11	1	0.408908262913085	0.295468635208683	0.531325834801231	Lower in TB	FALSE
GO:0061511	centriole elongation	11	0	0.408922874607311	0.295546108313988	0.531325834801231	Lower in TB	FALSE
GO:0048588	developmental cell growth	131	1	0.473525301566851	0.295580946678174	0.531325834801231	Lower in TB	FALSE
GO:0106049	regulation of cellular response to osmotic stress	10	0	0.595505196614165	0.295621267489445	0.531325834801231	Higher in TB	FALSE
GO:0001912	positive regulation of leukocyte mediated cytotoxicity	48	0	0.543576873523728	0.296273195153882	0.53232353822093	Higher in TB	FALSE
GO:0006971	hypotonic response	12	0	0.58699010572939	0.296720885843289	0.532953750528063	Higher in TB	FALSE
GO:0006620	post-translational protein targeting to endoplasmic reticulum membrane	18	0	0.5709942711497	0.297019758084829	0.53331633897792	Higher in TB	FALSE
GO:0007606	sensory perception of chemical stimulus	89	0	0.531956308716434	0.297499003843537	0.534002456131821	Higher in TB	FALSE
GO:0014812	muscle cell migration	57	0	0.539854119966116	0.298020140252774	0.534613714274894	Higher in TB	FALSE
GO:0042472	inner ear morphogenesis	31	1	0.445998667808545	0.298046991679837	0.534613714274894	Lower in TB	FALSE
GO:0019228	neuronal action potential	16	0	0.575113879957128	0.298195216307516	0.534613714274894	Higher in TB	FALSE
GO:0048638	regulation of developmental growth	163	2	0.476375248167512	0.298228494303583	0.534613714274894	Lower in TB	FALSE
GO:0051896	regulation of phosphatidylinositol 3-kinase/protein kinase B signal transduction	204	5	0.521118343396259	0.298748349344459	0.535309450110432	Higher in TB	FALSE
GO:0042303	molting cycle	33	2	0.447751126021791	0.298908696223904	0.535309450110432	Lower in TB	FALSE
GO:0042633	hair cycle	33	2	0.447751126021791	0.298908696223904	0.535309450110432	Lower in TB	FALSE
GO:2000644	regulation of receptor catabolic process	13	0	0.583148887762294	0.299216873070417	0.535686866864589	Higher in TB	FALSE
GO:0003009	skeletal muscle contraction	35	0	0.550620368312552	0.300018897289867	0.536801698210221	Higher in TB	FALSE
GO:1900273	positive regulation of long-term synaptic potentiation	17	0	0.57258285703477	0.300123596677308	0.536801698210221	Higher in TB	FALSE
GO:2001251	negative regulation of chromosome organization	103	3	0.470445405926444	0.30013747501625	0.536801698210221	Lower in TB	FALSE
GO:0007043	cell-cell junction assembly	98	1	0.469711267002226	0.300238874227092	0.536801698210221	Lower in TB	FALSE
GO:0021782	glial cell development	77	2	0.534144762705438	0.300327759857155	0.536801698210221	Higher in TB	FALSE
GO:1901679	nucleotide transmembrane transport	23	0	0.437630967393053	0.300450918450721	0.53684730245111	Lower in TB	FALSE
GO:0048806	genitalia development	10	0	0.405512696882032	0.30079858897179	0.537293905837199	Lower in TB	FALSE
GO:0045342	MHC class II biosynthetic process	15	0	0.577039458407016	0.30154492676076	0.538231504023856	Higher in TB	FALSE
GO:2000403	positive regulation of lymphocyte migration	33	0	0.551962796987739	0.301562336195523	0.538231504023856	Higher in TB	FALSE
GO:0036092	phosphatidylinositol-3-phosphate biosynthetic process	22	1	0.43638459214207	0.30161718150191	0.538231504023856	Lower in TB	FALSE
GO:0035295	tube development	589	22	0.512481879930834	0.301764159886519	0.538319062639871	Higher in TB	FALSE
GO:0043518	negative regulation of DNA damage response, signal transduction by p53 class mediator	13	0	0.417411661906116	0.30248661290242	0.539432824436426	Lower in TB	FALSE
GO:0048681	negative regulation of axon regeneration	12	1	0.414103800542935	0.302836901385864	0.539707385354774	Lower in TB	FALSE
GO:0070571	negative regulation of neuron projection regeneration	12	1	0.414103800542935	0.302836901385864	0.539707385354774	Lower in TB	FALSE
GO:0048799	animal organ maturation	19	2	0.431795036715442	0.303338951432384	0.540251880458453	Lower in TB	FALSE
GO:0070977	bone maturation	19	2	0.431795036715442	0.303338951432384	0.540251880458453	Lower in TB	FALSE
GO:0010968	regulation of microtubule nucleation	19	0	0.431814783783708	0.303478970052163	0.540326223234065	Lower in TB	FALSE
GO:0099010	modification of postsynaptic structure	27	0	0.442851667153238	0.304005918286411	0.540851560074493	Lower in TB	FALSE
GO:0001756	somitogenesis	12	0	0.414318116873839	0.304044892447296	0.540851560074493	Lower in TB	FALSE
GO:0030512	negative regulation of transforming growth factor beta receptor signaling pathway	73	2	0.465206304182784	0.304069147360905	0.540851560074493	Lower in TB	FALSE
GO:0036158	outer dynein arm assembly	14	0	0.420736561691443	0.304451473221797	0.541356468232032	Lower in TB	FALSE
GO:0009582	detection of abiotic stimulus	68	0	0.464020851246776	0.304958262528299	0.541911515792849	Lower in TB	FALSE
GO:0061756	leukocyte adhesion to vascular endothelial cell	41	4	0.546298271676036	0.304997407164778	0.541911515792849	Higher in TB	FALSE
GO:0071479	cellular response to ionizing radiation	58	3	0.461061042150533	0.305059320003432	0.541911515792849	Lower in TB	FALSE
GO:0051785	positive regulation of nuclear division	41	1	0.546259006459128	0.30540775279893	0.542355240597066	Higher in TB	FALSE
GO:0098732	macromolecule deacylation	43	0	0.454848175093202	0.305632551387492	0.542420013192459	Lower in TB	FALSE
GO:0034440	lipid oxidation	91	0	0.531076994030989	0.30564154253733	0.542420013192459	Higher in TB	FALSE
GO:0035904	aorta development	24	0	0.560371095146186	0.305917186116921	0.542597224915229	Higher in TB	FALSE
GO:1903978	regulation of microglial cell activation	12	0	0.585347013859123	0.305938777234851	0.542597224915229	Higher in TB	FALSE
GO:0009126	purine nucleoside monophosphate metabolic process	41	0	0.453826068177505	0.306298090748517	0.543059304397081	Lower in TB	FALSE
GO:0023051	regulation of signaling	2688	77	0.493850926699489	0.306884796385205	0.543774606689328	Lower in TB	FALSE
GO:0001569	branching involved in blood vessel morphogenesis	13	0	0.581838190743511	0.306899346045287	0.543774606689328	Higher in TB	FALSE
GO:0007611	learning or memory	122	1	0.526778282973757	0.307155133367186	0.543972407628155	Higher in TB	FALSE
GO:1904181	positive regulation of membrane depolarization	12	0	0.414925346478068	0.307484892188481	0.543972407628155	Lower in TB	FALSE
GO:0030220	platelet formation	18	0	0.56946677624135	0.307535176274139	0.543972407628155	Higher in TB	FALSE
GO:0051053	negative regulation of DNA metabolic process	116	2	0.47256799940547	0.307607408683996	0.543972407628155	Lower in TB	FALSE
GO:0033135	regulation of peptidyl-serine phosphorylation	27	0	0.443278658571704	0.307633293522445	0.543972407628155	Lower in TB	FALSE
GO:0034219	carbohydrate transmembrane transport	87	2	0.53164675933054	0.307673286920852	0.543972407628155	Higher in TB	FALSE
GO:0046579	positive regulation of Ras protein signal transduction	17	0	0.428552062874563	0.307744447499214	0.543972407628155	Lower in TB	FALSE
GO:0032008	positive regulation of TOR signaling	71	1	0.535003841917401	0.307848847727931	0.543972407628155	Higher in TB	FALSE
GO:0060339	negative regulation of type I interferon-mediated signaling pathway	19	3	0.567564594070802	0.307901442804441	0.543972407628155	Higher in TB	FALSE
GO:0015812	gamma-aminobutyric acid transport	12	0	0.584811223031862	0.308985227334823	0.545711782809785	Higher in TB	FALSE
GO:0006784	heme A biosynthetic process	10	0	0.592847958855673	0.309263077549187	0.546027103521332	Higher in TB	FALSE
GO:0048609	multicellular organismal reproductive process	534	8	0.487125287525749	0.309749297678318	0.546709996351651	Lower in TB	FALSE
GO:0071482	cellular response to light stimulus	85	2	0.468131638648682	0.309897185711054	0.546795483645498	Lower in TB	FALSE
GO:0071824	protein-DNA complex organization	171	3	0.477504894362358	0.310441602184882	0.547580342897813	Lower in TB	FALSE
GO:0045184	establishment of protein localization	1359	18	0.508244630075301	0.310677205235617	0.547820164972875	Higher in TB	FALSE
GO:0031958	nuclear receptor-mediated corticosteroid signaling pathway	12	0	0.415510251464495	0.310822690067518	0.547900977874708	Lower in TB	FALSE
GO:0035646	endosome to melanosome transport	10	0	0.592440801457195	0.311389537770861	0.548372734998141	Higher in TB	FALSE
GO:0043485	endosome to pigment granule transport	10	0	0.592440801457195	0.311389537770861	0.548372734998141	Higher in TB	FALSE
GO:0048757	pigment granule maturation	10	0	0.592440801457195	0.311389537770861	0.548372734998141	Higher in TB	FALSE
GO:0045684	positive regulation of epidermis development	18	0	0.431155536499089	0.3118890424502	0.548944602050909	Lower in TB	FALSE
GO:0046049	UMP metabolic process	14	0	0.578050124776092	0.311913957222088	0.548944602050909	Higher in TB	FALSE
GO:0032736	positive regulation of interleukin-13 production	14	0	0.578008022413767	0.312175054102547	0.549228303185857	Higher in TB	FALSE
GO:0043303	mast cell degranulation	42	0	0.545039277920033	0.312519090157948	0.549444781501531	Higher in TB	FALSE
GO:0001885	endothelial cell development	43	4	0.455493441867954	0.3125964266831	0.549444781501531	Lower in TB	FALSE
GO:0008361	regulation of cell size	114	1	0.472616191918218	0.312639474577372	0.549444781501531	Lower in TB	FALSE
GO:2000001	regulation of DNA damage checkpoint	23	0	0.43919033888942	0.312697839454036	0.549444781501531	Lower in TB	FALSE
GO:0044786	cell cycle DNA replication	40	0	0.453886295342348	0.312890019274162	0.549606813408736	Lower in TB	FALSE
GO:1901661	quinone metabolic process	22	0	0.562121699464897	0.313110531618861	0.549623955234045	Higher in TB	FALSE
GO:0010594	regulation of endothelial cell migration	136	6	0.525057506821499	0.313192313862592	0.549623955234045	Higher in TB	FALSE
GO:0110053	regulation of actin filament organization	209	4	0.479747269343505	0.313199682020419	0.549623955234045	Lower in TB	FALSE
GO:0032025	response to cobalt ion	10	0	0.59207114539805	0.313328471530566	0.549674517062876	Higher in TB	FALSE
GO:0010648	negative regulation of cell communication	1119	41	0.49102860831232	0.313481966753033	0.549768374229084	Lower in TB	FALSE
GO:0009167	purine ribonucleoside monophosphate metabolic process	38	0	0.452812872399907	0.314139699742614	0.550746195530896	Lower in TB	FALSE
GO:0010646	regulation of cell communication	2685	77	0.493942018362983	0.314330709893676	0.550905401018627	Lower in TB	FALSE
GO:0051962	positive regulation of nervous system development	164	4	0.477228679617176	0.314557361527059	0.551095550389191	Lower in TB	FALSE
GO:0002279	mast cell activation involved in immune response	45	0	0.543319079908635	0.314708996378816	0.551095550389191	Higher in TB	FALSE
GO:0031175	neuron projection development	632	7	0.488257343511922	0.314829229140078	0.551095550389191	Lower in TB	FALSE
GO:1901381	positive regulation of potassium ion transmembrane transport	19	0	0.566602629745291	0.314840146193606	0.551095550389191	Higher in TB	FALSE
GO:0031214	biomineral tissue development	103	6	0.528636150503471	0.315407958732152	0.551913735553587	Higher in TB	FALSE
GO:0030500	regulation of bone mineralization	53	4	0.539856882187678	0.315530258311085	0.551952071331322	Higher in TB	FALSE
GO:0043066	negative regulation of apoptotic process	573	15	0.48771047271773	0.315724702110838	0.552116543322325	Lower in TB	FALSE
GO:0033059	cellular pigmentation	56	0	0.538733312874022	0.316084558753764	0.552570080772082	Higher in TB	FALSE
GO:0019748	secondary metabolic process	32	0	0.448867598154902	0.316786027183748	0.552913561026912	Lower in TB	FALSE
GO:0042129	regulation of T cell proliferation	124	8	0.526035798244516	0.316853029924279	0.552913561026912	Higher in TB	FALSE
GO:0034392	negative regulation of smooth muscle cell apoptotic process	11	0	0.412872902613058	0.316989016353395	0.552913561026912	Lower in TB	FALSE
GO:0016202	regulation of striated muscle tissue development	13	0	0.419851701639196	0.31699559437976	0.552913561026912	Lower in TB	FALSE
GO:1901861	regulation of muscle tissue development	13	0	0.419851701639196	0.31699559437976	0.552913561026912	Lower in TB	FALSE
GO:0032527	protein exit from endoplasmic reticulum	45	0	0.543098420195731	0.317180417132537	0.552913561026912	Higher in TB	FALSE
GO:0050859	negative regulation of B cell receptor signaling pathway	10	2	0.40866816672024	0.317230129993473	0.552913561026912	Lower in TB	FALSE
GO:0042753	positive regulation of circadian rhythm	11	1	0.412916737695736	0.317232563326821	0.552913561026912	Lower in TB	FALSE
GO:0086005	ventricular cardiac muscle cell action potential	27	0	0.555605205720493	0.317249870917181	0.552913561026912	Higher in TB	FALSE
GO:1902902	negative regulation of autophagosome assembly	11	0	0.58707352117478	0.317286701535087	0.552913561026912	Higher in TB	FALSE
GO:0030431	sleep	11	0	0.412960572778414	0.31747623296824	0.553068545265964	Lower in TB	FALSE
GO:0090481	pyrimidine nucleotide-sugar transmembrane transport	12	0	0.583315473639091	0.317595683757716	0.553101384003776	Higher in TB	FALSE
GO:0036296	response to increased oxygen levels	23	1	0.560164002060515	0.317863619362129	0.553392710339767	Higher in TB	FALSE
GO:0030516	regulation of axon extension	58	1	0.462094524764688	0.318074689551514	0.553584882290037	Lower in TB	FALSE
GO:0014044	Schwann cell development	26	0	0.443460507321097	0.318305432225154	0.553738112470436	Lower in TB	FALSE
GO:0002715	regulation of natural killer cell mediated immunity	48	2	0.541623049531172	0.318459523996994	0.553738112470436	Higher in TB	FALSE
GO:0018193	peptidyl-amino acid modification	340	8	0.484237052150703	0.318464880253095	0.553738112470436	Lower in TB	FALSE
GO:0010977	negative regulation of neuron projection development	80	1	0.467740374274037	0.318595728781721	0.55379048904265	Lower in TB	FALSE
GO:0061614	miRNA transcription	60	2	0.462782015470563	0.318755213155827	0.553892592266351	Lower in TB	FALSE
GO:0000086	G2/M transition of mitotic cell cycle	120	4	0.473654074153912	0.319004671679308	0.554150927296314	Lower in TB	FALSE
GO:1990166	protein localization to site of double-strand break	16	0	0.428068060021436	0.319132922883187	0.554198613396008	Lower in TB	FALSE
GO:0045103	intermediate filament-based process	42	0	0.455604706195025	0.31948849240698	0.554465824259335	Lower in TB	FALSE
GO:0045104	intermediate filament cytoskeleton organization	42	0	0.455604706195025	0.31948849240698	0.554465824259335	Lower in TB	FALSE
GO:0050890	cognition	156	2	0.523072077310738	0.320204024778989	0.555532258830825	Higher in TB	FALSE
GO:0043114	regulation of vascular permeability	35	2	0.548532804034118	0.320392425719642	0.555683771800187	Higher in TB	FALSE
GO:0050850	positive regulation of calcium-mediated signaling	35	0	0.4514901867619	0.320621724802355	0.555726451762903	Lower in TB	FALSE
GO:0070424	regulation of nucleotide-binding domain, leucine rich repeat containing receptor signaling pathway	13	0	0.579542410116273	0.320667932280588	0.555726451762903	Higher in TB	FALSE
GO:0035914	skeletal muscle cell differentiation	16	0	0.428315916398714	0.320803309876574	0.555726451762903	Lower in TB	FALSE
GO:0010640	regulation of platelet-derived growth factor receptor signaling pathway	19	1	0.565784536917144	0.320821345561196	0.555726451762903	Higher in TB	FALSE
GO:0031125	rRNA 3'-end processing	12	0	0.417269431347335	0.321005131053383	0.555869672608346	Lower in TB	FALSE
GO:1901678	iron coordination entity transport	11	2	0.586381900981419	0.321145997592743	0.555938505908344	Higher in TB	FALSE
GO:0046068	cGMP metabolic process	10	0	0.590528233151184	0.321507043362694	0.556388329999399	Higher in TB	FALSE
GO:0048208	COPII vesicle coating	24	0	0.558403030952892	0.321954314736547	0.556761524380938	Higher in TB	FALSE
GO:0051495	positive regulation of cytoskeleton organization	146	3	0.476243633057094	0.321959463561634	0.556761524380938	Lower in TB	FALSE
GO:0141137	positive regulation of gene expression, epigenetic	59	0	0.462721787904804	0.322026491002434	0.556761524380938	Lower in TB	FALSE
GO:0030513	positive regulation of BMP signaling pathway	17	0	0.430714715812902	0.322617975869717	0.557205162760852	Lower in TB	FALSE
GO:0030812	negative regulation of nucleotide catabolic process	14	0	0.576331582895724	0.322688475487551	0.557205162760852	Higher in TB	FALSE
GO:0033122	negative regulation of purine nucleotide catabolic process	14	0	0.576331582895724	0.322688475487551	0.557205162760852	Higher in TB	FALSE
GO:0045820	negative regulation of glycolytic process	14	0	0.576331582895724	0.322688475487551	0.557205162760852	Higher in TB	FALSE
GO:0099537	trans-synaptic signaling	473	5	0.513278193695043	0.323354003807417	0.558179062145426	Higher in TB	FALSE
GO:0019538	protein metabolic process	3432	62	0.49461494728485	0.323495340514714	0.558247765897646	Lower in TB	FALSE
GO:2000378	negative regulation of reactive oxygen species metabolic process	29	1	0.552924294006802	0.323897904277024	0.558627299488621	Higher in TB	FALSE
GO:0031118	rRNA pseudouridine synthesis	10	0	0.409921782920819	0.323918485043602	0.558627299488621	Lower in TB	FALSE
GO:1904062	regulation of monoatomic cation transmembrane transport	168	4	0.522060923461669	0.324116337674004	0.558793234409431	Higher in TB	FALSE
GO:0002313	mature B cell differentiation involved in immune response	22	2	0.439298907375459	0.324305499798554	0.558794867207044	Lower in TB	FALSE
GO:0035148	tube formation	51	0	0.46010264508488	0.324320556794776	0.558794867207044	Lower in TB	FALSE
GO:2000108	positive regulation of leukocyte apoptotic process	22	2	0.560676725440315	0.324499769545816	0.55892848777033	Higher in TB	FALSE
GO:0006047	UDP-N-acetylglucosamine metabolic process	13	0	0.421174763724193	0.32505056925057	0.559701857106056	Lower in TB	FALSE
GO:0042306	regulation of protein import into nucleus	46	0	0.458072533781418	0.325204765690719	0.559792048142634	Lower in TB	FALSE
GO:0006783	heme biosynthetic process	26	0	0.55571458032584	0.325417542269439	0.55998298823079	Higher in TB	FALSE
GO:0031396	regulation of protein ubiquitination	157	3	0.477258852416334	0.325661767608095	0.560084183583878	Lower in TB	FALSE
GO:0048678	response to axon injury	43	2	0.543310880046529	0.325774629764636	0.560084183583878	Higher in TB	FALSE
GO:0140058	neuron projection arborization	24	0	0.557942847951962	0.325781960549516	0.560084183583878	Higher in TB	FALSE
GO:0072663	establishment of protein localization to peroxisome	20	0	0.436570004288165	0.326060473195797	0.560334139530393	Lower in TB	FALSE
GO:0097062	dendritic spine maintenance	17	0	0.431215972106191	0.326131183429839	0.560334139530393	Lower in TB	FALSE
GO:1900044	regulation of protein K63-linked ubiquitination	13	0	0.578610908461415	0.326367851847156	0.560565588708424	Higher in TB	FALSE
GO:0007589	body fluid secretion	36	0	0.547213280877444	0.326927370135653	0.56130090424979	Higher in TB	FALSE
GO:0071871	response to epinephrine	12	0	0.581681311615945	0.327181012298695	0.56130090424979	Higher in TB	FALSE
GO:0006903	vesicle targeting	62	0	0.535977082806212	0.327256090040208	0.56130090424979	Higher in TB	FALSE
GO:0021537	telencephalon development	139	1	0.47592739855696	0.327356075232348	0.56130090424979	Lower in TB	FALSE
GO:0070507	regulation of microtubule cytoskeleton organization	139	1	0.47592739855696	0.327356075232348	0.56130090424979	Lower in TB	FALSE
GO:0019886	antigen processing and presentation of exogenous peptide antigen via MHC class II	25	1	0.556577127231784	0.327459577382583	0.56130090424979	Higher in TB	FALSE
GO:0015780	nucleotide-sugar transmembrane transport	13	0	0.578425432468191	0.327510604007517	0.56130090424979	Higher in TB	FALSE
GO:0015851	nucleobase transport	12	0	0.581484854979283	0.328345866343571	0.562432916396412	Higher in TB	FALSE
GO:0045823	positive regulation of heart contraction	20	1	0.563127144082333	0.32837571146462	0.562432916396412	Higher in TB	FALSE
GO:0043457	regulation of cellular respiration	37	2	0.546400093961658	0.328717565850064	0.562843094688151	Higher in TB	FALSE
GO:0043201	response to L-leucine	14	0	0.424636771437757	0.328865312374421	0.562920761965929	Lower in TB	FALSE
GO:1902004	positive regulation of amyloid-beta formation	19	1	0.5646533120065	0.329213411175604	0.56330364686645	Higher in TB	FALSE
GO:0002790	peptide secretion	146	3	0.523398931018933	0.329293910700031	0.56330364686645	Higher in TB	FALSE
GO:0050746	regulation of lipoprotein metabolic process	13	0	0.578108062435341	0.329471996669383	0.563432982173644	Higher in TB	FALSE
GO:0031666	positive regulation of lipopolysaccharide-mediated signaling pathway	11	0	0.584872025911404	0.329677305690556	0.563510962727326	Higher in TB	FALSE
GO:0006006	glucose metabolic process	138	5	0.524041100067077	0.329722584047619	0.563510962727326	Higher in TB	FALSE
GO:0043543	protein acylation	56	0	0.462362858677306	0.329975187775365	0.563767427715649	Lower in TB	FALSE
GO:0061512	protein localization to cilium	79	0	0.468305422883642	0.330175247922464	0.56393398977251	Lower in TB	FALSE
GO:0015837	amine transport	53	1	0.538657310548227	0.330316207900808	0.563999537589641	Higher in TB	FALSE
GO:0006896	Golgi to vacuole transport	25	1	0.556201812235269	0.330678767805141	0.564443298786918	Higher in TB	FALSE
GO:0030857	negative regulation of epithelial cell differentiation	21	2	0.56127171318809	0.331018203465712	0.564847325466941	Higher in TB	FALSE
GO:0098883	synapse pruning	14	3	0.574980479813831	0.331327745332853	0.565200106683223	Higher in TB	FALSE
GO:0045685	regulation of glial cell differentiation	35	0	0.452578417773418	0.331597844800561	0.565485406548847	Lower in TB	FALSE
GO:0001841	neural tube formation	28	0	0.447024192559907	0.331901527878064	0.565680857737168	Lower in TB	FALSE
GO:0032368	regulation of lipid transport	93	2	0.529117548181104	0.331918233368517	0.565680857737168	Higher in TB	FALSE
GO:0061387	regulation of extent of cell growth	66	1	0.465488577337046	0.332304525655535	0.566163706865241	Lower in TB	FALSE
GO:0009948	anterior/posterior axis specification	16	0	0.569918944265809	0.332864060653091	0.566792629781571	Higher in TB	FALSE
GO:0031648	protein destabilization	48	1	0.459599348650777	0.332879847501763	0.566792629781571	Lower in TB	FALSE
GO:0045717	negative regulation of fatty acid biosynthetic process	14	1	0.574701073227491	0.333132830215117	0.566841172312696	Higher in TB	FALSE
GO:0051259	protein complex oligomerization	229	8	0.518576646940616	0.333148025184457	0.566841172312696	Higher in TB	FALSE
GO:0006895	Golgi to endosome transport	19	1	0.435879858836672	0.333217655313684	0.566841172312696	Lower in TB	FALSE
GO:0035020	regulation of Rac protein signal transduction	33	1	0.45141973833708	0.334124995342976	0.568057948224233	Lower in TB	FALSE
GO:2000243	positive regulation of reproductive process	36	2	0.54651436576061	0.334139578857252	0.568057948224233	Higher in TB	FALSE
GO:0045649	regulation of macrophage differentiation	17	1	0.56761758243144	0.334402456699757	0.568187561386913	Higher in TB	FALSE
GO:0035627	ceramide transport	14	0	0.574502043878316	0.334422507938896	0.568187561386913	Higher in TB	FALSE
GO:1901201	regulation of extracellular matrix assembly	10	0	0.411909353905497	0.334709557655789	0.568415021854866	Lower in TB	FALSE
GO:0035269	protein O-linked glycosylation via mannose	17	0	0.432432858453419	0.334763157651156	0.568415021854866	Lower in TB	FALSE
GO:0014896	muscle hypertrophy	60	0	0.464007663658502	0.334953027195367	0.568538914430989	Lower in TB	FALSE
GO:1901890	positive regulation of cell junction assembly	62	1	0.4646000062388	0.335075305725815	0.568538914430989	Lower in TB	FALSE
GO:0045117	azole transmembrane transport	11	0	0.583917395221976	0.335146348066721	0.568538914430989	Higher in TB	FALSE
GO:0009791	post-embryonic development	11	0	0.583893042398266	0.335286624625145	0.568562365519274	Higher in TB	FALSE
GO:0001782	B cell homeostasis	14	0	0.42564340064608	0.33536699734067	0.568562365519274	Lower in TB	FALSE
GO:0097707	ferroptosis	29	0	0.551633525222695	0.335838773091613	0.569186675233566	Higher in TB	FALSE
GO:0071622	regulation of granulocyte chemotaxis	41	2	0.543371704175856	0.336585282251583	0.570156907960636	Higher in TB	FALSE
GO:0044093	positive regulation of molecular function	316	8	0.515737982956896	0.336618647369993	0.570156907960636	Higher in TB	FALSE
GO:0030042	actin filament depolymerization	55	1	0.462582323964634	0.337144416024239	0.570871573545201	Lower in TB	FALSE
GO:0035357	peroxisome proliferator activated receptor signaling pathway	23	0	0.442206522321855	0.337306454319047	0.570970100322082	Lower in TB	FALSE
GO:1901526	positive regulation of mitophagy	22	1	0.441038724329171	0.338366661869398	0.57258846012864	Lower in TB	FALSE
GO:0019755	one-carbon compound transport	16	1	0.569024651661308	0.339084836181991	0.57362720902418	Higher in TB	FALSE
GO:2001014	regulation of skeletal muscle cell differentiation	13	0	0.423454057596478	0.339236763507693	0.573707697866902	Lower in TB	FALSE
GO:0072132	mesenchyme morphogenesis	26	0	0.445889874200866	0.339544278684353	0.573776884488814	Lower in TB	FALSE
GO:0015872	dopamine transport	17	0	0.566895647266892	0.339588859688311	0.573776884488814	Higher in TB	FALSE
GO:1902992	negative regulation of amyloid precursor protein catabolic process	18	1	0.565012327151892	0.339590757025573	0.573776884488814	Higher in TB	FALSE
GO:0042981	regulation of apoptotic process	1021	39	0.49113038538469	0.339818094153189	0.573984602658751	Lower in TB	FALSE
GO:0007088	regulation of mitotic nuclear division	108	3	0.526574492954825	0.340145862481006	0.574255186763401	Higher in TB	FALSE
GO:0006457	protein folding	195	1	0.48017964395866	0.340220251926951	0.574255186763401	Lower in TB	FALSE
GO:0009581	detection of external stimulus	67	0	0.466316651467794	0.340419770006758	0.574255186763401	Lower in TB	FALSE
GO:0070129	regulation of mitochondrial translation	20	0	0.561567324185249	0.340468599401951	0.574255186763401	Higher in TB	FALSE
GO:0001701	in utero embryonic development	60	1	0.464418600487036	0.34050052907397	0.574255186763401	Lower in TB	FALSE
GO:0034727	piecemeal microautophagy of the nucleus	18	0	0.564860470932933	0.340720053056824	0.574449203221839	Higher in TB	FALSE
GO:0000212	meiotic spindle organization	14	0	0.573422692407796	0.341472490526081	0.57539109159819	Higher in TB	FALSE
GO:0007007	inner mitochondrial membrane organization	44	0	0.541447509660799	0.341488019622571	0.57539109159819	Higher in TB	FALSE
GO:0030838	positive regulation of actin filament polymerization	36	1	0.454208392942299	0.341704897143081	0.575510226114845	Lower in TB	FALSE
GO:0045577	regulation of B cell differentiation	23	3	0.557262032683867	0.341768077167146	0.575510226114845	Higher in TB	FALSE
GO:0031398	positive regulation of protein ubiquitination	85	1	0.470173739981712	0.341924975863568	0.575564926097623	Lower in TB	FALSE
GO:0030201	heparan sulfate proteoglycan metabolic process	34	1	0.547086906858012	0.342009933350479	0.575564926097623	Higher in TB	FALSE
GO:0043502	regulation of muscle adaptation	57	0	0.463637879811511	0.342364961244919	0.575986094530161	Lower in TB	FALSE
GO:0006829	zinc ion transport	24	0	0.444094467081278	0.343081486358951	0.576702566657663	Lower in TB	FALSE
GO:0071577	zinc ion transmembrane transport	24	0	0.444094467081278	0.343081486358951	0.576702566657663	Lower in TB	FALSE
GO:0032261	purine nucleotide salvage	17	0	0.566410153750122	0.343105510283233	0.576702566657663	Higher in TB	FALSE
GO:0071398	cellular response to fatty acid	29	1	0.550840201714984	0.343316610912251	0.576881028971748	Higher in TB	FALSE
GO:0060349	bone morphogenesis	27	1	0.447383734208765	0.343962587945489	0.577780562753294	Lower in TB	FALSE
GO:0010907	positive regulation of glucose metabolic process	35	0	0.453789266363699	0.344092798022927	0.577780562753294	Lower in TB	FALSE
GO:0018126	protein hydroxylation	15	0	0.429466087919547	0.344208595110179	0.577780562753294	Lower in TB	FALSE
GO:1904861	excitatory synapse assembly	27	1	0.552582503679077	0.344272303306619	0.577780562753294	Higher in TB	FALSE
GO:0001765	membrane raft assembly	11	0	0.58228088546867	0.344656990326301	0.578249659082699	Higher in TB	FALSE
GO:0098876	vesicle-mediated transport to the plasma membrane	159	3	0.521711648279687	0.3450159800995	0.57830230342703	Higher in TB	FALSE
GO:0051783	regulation of nuclear division	115	3	0.525498766698758	0.345025402063178	0.57830230342703	Higher in TB	FALSE
GO:0051716	cellular response to stimulus	5389	140	0.495597772867506	0.345053699106138	0.57830230342703	Lower in TB	FALSE
GO:0071902	positive regulation of protein serine/threonine kinase activity	40	1	0.456859036273879	0.345109104682446	0.57830230342703	Lower in TB	FALSE
GO:0000101	sulfur amino acid transport	11	0	0.582115286267443	0.34562887864799	0.578996823524269	Higher in TB	FALSE
GO:0051645	Golgi localization	12	0	0.421421810258608	0.345894097063365	0.579264619450009	Lower in TB	FALSE
GO:0050805	negative regulation of synaptic transmission	34	1	0.546687744940268	0.346117757554318	0.579462676928635	Higher in TB	FALSE
GO:0001952	regulation of cell-matrix adhesion	95	3	0.52794223867618	0.346704215219489	0.580100690800035	Higher in TB	FALSE
GO:0010613	positive regulation of cardiac muscle hypertrophy	20	0	0.439239386792453	0.346833354752635	0.580100690800035	Lower in TB	FALSE
GO:0014742	positive regulation of muscle hypertrophy	20	0	0.439239386792453	0.346833354752635	0.580100690800035	Lower in TB	FALSE
GO:0018230	peptidyl-L-cysteine S-palmitoylation	15	0	0.570123073075755	0.347026404518246	0.580100690800035	Higher in TB	FALSE
GO:0018231	peptidyl-S-diacylglycerol-L-cysteine biosynthetic process from peptidyl-cysteine	15	0	0.570123073075755	0.347026404518246	0.580100690800035	Higher in TB	FALSE
GO:0061028	establishment of endothelial barrier	41	4	0.457587675957253	0.347382751994596	0.580519869442641	Lower in TB	FALSE
GO:2000463	positive regulation of excitatory postsynaptic potential	24	0	0.555329187218529	0.348080053684191	0.581458801546352	Higher in TB	FALSE
GO:0051591	response to cAMP	58	0	0.535615329621686	0.348193288990366	0.581458801546352	Higher in TB	FALSE
GO:0032469	endoplasmic reticulum calcium ion homeostasis	21	1	0.559122410690355	0.348261883137893	0.581458801546352	Higher in TB	FALSE
GO:0043473	pigmentation	70	0	0.532400454538475	0.348626535379022	0.581890920313862	Higher in TB	FALSE
GO:0033622	integrin activation	18	0	0.563779611962697	0.348827360135441	0.58204941609246	Higher in TB	FALSE
GO:0048259	regulation of receptor-mediated endocytosis	92	1	0.528250692507814	0.349107479438941	0.582340085544691	Higher in TB	FALSE
GO:0001775	cell activation	869	60	0.490612004446345	0.349231172508677	0.582369725948652	Lower in TB	FALSE
GO:0046578	regulation of Ras protein signal transduction	44	0	0.459233137515126	0.34947504960673	0.582436729312721	Lower in TB	FALSE
GO:0017121	plasma membrane phospholipid scrambling	24	1	0.55516834655801	0.349483224809506	0.582436729312721	Higher in TB	FALSE
GO:0006048	UDP-N-acetylglucosamine biosynthetic process	10	0	0.414609450337512	0.349735853805616	0.582681128552508	Lower in TB	FALSE
GO:0038166	angiotensin-activated signaling pathway	12	0	0.577903986283755	0.350048278155811	0.582842331341283	Higher in TB	FALSE
GO:0035330	regulation of hippo signaling	41	1	0.457837664504898	0.350232079941367	0.582842331341283	Lower in TB	FALSE
GO:0090083	regulation of inclusion body assembly	17	1	0.434570290949329	0.35027798182404	0.582842331341283	Lower in TB	FALSE
GO:0045922	negative regulation of fatty acid metabolic process	24	1	0.555072288941311	0.35032293998	0.582842331341283	Higher in TB	FALSE
GO:0048566	embryonic digestive tract development	11	0	0.418771156515598	0.350860998923876	0.582842331341283	Lower in TB	FALSE
GO:0005977	glycogen metabolic process	62	1	0.534258813172187	0.350888804334418	0.582842331341283	Higher in TB	FALSE
GO:0018107	peptidyl-threonine phosphorylation	28	0	0.550930394680395	0.350909323022763	0.582842331341283	Higher in TB	FALSE
GO:0018210	peptidyl-threonine modification	28	0	0.550930394680395	0.350909323022763	0.582842331341283	Higher in TB	FALSE
GO:0006221	pyrimidine nucleotide biosynthetic process	30	0	0.450800886695985	0.350977170233592	0.582842331341283	Lower in TB	FALSE
GO:0035902	response to immobilization stress	14	0	0.428020270373716	0.351044915168503	0.582842331341283	Lower in TB	FALSE
GO:0048880	sensory system development	159	2	0.478560751415578	0.351102345349279	0.582842331341283	Lower in TB	FALSE
GO:0032700	negative regulation of interleukin-17 production	12	0	0.577725389341334	0.351154004898274	0.582842331341283	Higher in TB	FALSE
GO:0032350	regulation of hormone metabolic process	26	1	0.552804702000412	0.351323928064247	0.582842331341283	Higher in TB	FALSE
GO:0021549	cerebellum development	48	1	0.461118119676473	0.351374346409634	0.582842331341283	Lower in TB	FALSE
GO:0032273	positive regulation of protein polymerization	68	2	0.467326671640281	0.351543267831737	0.582842331341283	Lower in TB	FALSE
GO:0044571	[2Fe-2S] cluster assembly	11	0	0.581107079365852	0.351583598843108	0.582842331341283	Higher in TB	FALSE
GO:0035278	miRNA-mediated gene silencing by inhibition of translation	19	0	0.43828053813582	0.351634778657518	0.582842331341283	Lower in TB	FALSE
GO:0036337	Fas signaling pathway	10	1	0.41500589306761	0.351977602063547	0.583234736632122	Lower in TB	FALSE
GO:0061723	glycophagy	12	0	0.577542327475354	0.352289669286889	0.583498064338473	Higher in TB	FALSE
GO:0050769	positive regulation of neurogenesis	141	3	0.477303242667218	0.352348776573978	0.583498064338473	Lower in TB	FALSE
GO:0060147	regulation of post-transcriptional gene silencing	27	0	0.448311199289804	0.352535302237235	0.583608415050092	Lower in TB	FALSE
GO:0086014	atrial cardiac muscle cell action potential	11	0	0.580892774517205	0.352857662460203	0.583608415050092	Higher in TB	FALSE
GO:0086026	atrial cardiac muscle cell to AV node cell signaling	11	0	0.580892774517205	0.352857662460203	0.583608415050092	Higher in TB	FALSE
GO:0086066	atrial cardiac muscle cell to AV node cell communication	11	0	0.580892774517205	0.352857662460203	0.583608415050092	Higher in TB	FALSE
GO:0001675	acrosome assembly	14	0	0.571692668064975	0.35296933502167	0.583608415050092	Higher in TB	FALSE
GO:0032434	regulation of proteasomal ubiquitin-dependent protein catabolic process	115	3	0.474922406260907	0.353052307831321	0.583608415050092	Lower in TB	FALSE
GO:1901533	negative regulation of hematopoietic progenitor cell differentiation	11	0	0.419228989601344	0.353582861776341	0.584026117402344	Lower in TB	FALSE
GO:0009138	pyrimidine nucleoside diphosphate metabolic process	10	0	0.415289831779706	0.353588757526397	0.584026117402344	Lower in TB	FALSE
GO:0051150	regulation of smooth muscle cell differentiation	26	1	0.447446896267272	0.353623671304548	0.584026117402344	Lower in TB	FALSE
GO:1901993	regulation of meiotic cell cycle phase transition	10	1	0.584549448194578	0.354502795237623	0.585302212677614	Higher in TB	FALSE
GO:0000578	embryonic axis specification	19	0	0.438703689598655	0.354946655122071	0.585705113285982	Lower in TB	FALSE
GO:0070536	protein K63-linked deubiquitination	28	1	0.449508181651039	0.355073093628724	0.585705113285982	Lower in TB	FALSE
GO:0014075	response to amine	27	0	0.448601156253041	0.35524293056315	0.585705113285982	Lower in TB	FALSE
GO:0070633	transepithelial transport	23	0	0.555665366801936	0.355398429915388	0.585705113285982	Higher in TB	FALSE
GO:0072697	protein localization to cell cortex	10	1	0.415621986499518	0.355479411944897	0.585705113285982	Lower in TB	FALSE
GO:1903898	negative regulation of PERK-mediated unfolded protein response	12	0	0.422980068581226	0.355543233099231	0.585705113285982	Lower in TB	FALSE
GO:0006907	pinocytosis	22	0	0.556894938448493	0.355567454902223	0.585705113285982	Higher in TB	FALSE
GO:0002430	complement receptor mediated signaling pathway	14	2	0.571290781879143	0.355674710111351	0.585705113285982	Higher in TB	FALSE
GO:0010559	regulation of glycoprotein biosynthetic process	30	0	0.548718223747721	0.355705597173862	0.585705113285982	Higher in TB	FALSE
GO:0000280	nuclear division	347	4	0.485571989271344	0.356368716200456	0.586465166389565	Lower in TB	FALSE
GO:1905268	negative regulation of chromatin organization	12	0	0.423114016288041	0.356380523991913	0.586465166389565	Lower in TB	FALSE
GO:0090128	regulation of synapse maturation	22	0	0.443222024035791	0.356557304619509	0.586580508916236	Lower in TB	FALSE
GO:0036344	platelet morphogenesis	19	0	0.561048061543149	0.356898756484866	0.586966605789349	Higher in TB	FALSE
GO:0010927	cellular component assembly involved in morphogenesis	68	1	0.532280549795154	0.357363364205649	0.587379305352065	Higher in TB	FALSE
GO:0032989	cellular anatomical entity morphogenesis	68	1	0.532280549795154	0.357363364205649	0.587379305352065	Higher in TB	FALSE
GO:0010714	positive regulation of collagen metabolic process	18	0	0.437366753611796	0.357558774988316	0.587506260849714	Lower in TB	FALSE
GO:0046605	regulation of centrosome cycle	55	1	0.46414165824509	0.357665336580466	0.587506260849714	Lower in TB	FALSE
GO:0051640	organelle localization	527	8	0.51173142664825	0.357761178851372	0.587506260849714	Higher in TB	FALSE
GO:1902166	negative regulation of intrinsic apoptotic signaling pathway in response to DNA damage by p53 class mediator	15	0	0.431459550220603	0.358017795157004	0.587744240518216	Lower in TB	FALSE
GO:0099623	regulation of cardiac muscle cell membrane repolarization	17	0	0.564342077470894	0.358345000836164	0.587744240518216	Higher in TB	FALSE
GO:0002826	negative regulation of T-helper 1 type immune response	14	0	0.570885068205827	0.358419079920242	0.587744240518216	Higher in TB	FALSE
GO:0090051	negative regulation of cell migration involved in sprouting angiogenesis	13	0	0.573557718068247	0.358427559834978	0.587744240518216	Higher in TB	FALSE
GO:0007405	neuroblast proliferation	29	1	0.549264650133238	0.358480402510636	0.587744240518216	Higher in TB	FALSE
GO:0051246	regulation of protein metabolic process	1273	25	0.507695646555147	0.358547505037849	0.587744240518216	Higher in TB	FALSE
GO:0035024	negative regulation of Rho protein signal transduction	17	0	0.435755651743521	0.359075541651212	0.588280296327224	Lower in TB	FALSE
GO:0042092	type 2 immune response	31	1	0.547591242138773	0.359088518456559	0.588280296327224	Higher in TB	FALSE
GO:0032968	positive regulation of transcription elongation by RNA polymerase II	55	0	0.464263710082946	0.359304062898927	0.58840427124909	Lower in TB	FALSE
GO:1905145	cellular response to acetylcholine	28	1	0.550041750934608	0.359378236241259	0.58840427124909	Higher in TB	FALSE
GO:0140861	DNA repair-dependent chromatin remodeling	26	0	0.448205815632089	0.360618077802646	0.589941916801518	Lower in TB	FALSE
GO:1903146	regulation of autophagy of mitochondrion	50	1	0.537369268764093	0.360668155012863	0.589941916801518	Higher in TB	FALSE
GO:0090160	Golgi to lysosome transport	12	1	0.57619392056008	0.360726301078524	0.589941916801518	Higher in TB	FALSE
GO:0050688	regulation of defense response to virus	56	6	0.535310533988031	0.360746584992125	0.589941916801518	Higher in TB	FALSE
GO:0060632	regulation of microtubule-based movement	44	0	0.460187019399664	0.360866150898296	0.589961967778421	Lower in TB	FALSE
GO:1904754	positive regulation of vascular associated smooth muscle cell migration	14	0	0.429562747829815	0.361463661554124	0.59076314245677	Lower in TB	FALSE
GO:0085020	protein K6-linked ubiquitination	16	1	0.565648445873526	0.363237031393855	0.593485051590911	Higher in TB	FALSE
GO:0071456	cellular response to hypoxia	114	3	0.475350981159396	0.363423635918535	0.593613532465866	Lower in TB	FALSE
GO:0044550	secondary metabolite biosynthetic process	18	0	0.438158788008718	0.363671044053633	0.593841223702666	Lower in TB	FALSE
GO:0009062	fatty acid catabolic process	93	0	0.527245100302682	0.363950681169119	0.59412139105339	Higher in TB	FALSE
GO:1901380	negative regulation of potassium ion transmembrane transport	15	0	0.567658039047568	0.364240245210252	0.59441759221311	Higher in TB	FALSE
GO:0051177	meiotic sister chromatid cohesion	14	0	0.430052666227781	0.364812999334172	0.595101274263612	Lower in TB	FALSE
GO:0002521	leukocyte differentiation	464	40	0.487703139082227	0.364892956326949	0.595101274263612	Lower in TB	FALSE
GO:0007178	cell surface receptor protein serine/threonine kinase signaling pathway	254	4	0.483477902576259	0.364983902658585	0.595101274263612	Lower in TB	FALSE
GO:0009110	vitamin biosynthetic process	18	0	0.561585140720096	0.365661090315491	0.596028661296938	Higher in TB	FALSE
GO:2000780	negative regulation of double-strand break repair	36	0	0.456495886981402	0.366364337202978	0.596997962638403	Lower in TB	FALSE
GO:0006816	calcium ion transport	286	8	0.515534818634329	0.366496404166548	0.597036216328202	Higher in TB	FALSE
GO:0000076	DNA replication checkpoint signaling	25	0	0.447849445069969	0.366724098460152	0.597136331353449	Lower in TB	FALSE
GO:0046887	positive regulation of hormone secretion	89	2	0.527683659534905	0.366782203299009	0.597136331353449	Higher in TB	FALSE
GO:0042310	vasoconstriction	39	1	0.541753858811325	0.366902076344493	0.597136331353449	Higher in TB	FALSE
GO:1902894	negative regulation of miRNA transcription	22	1	0.444442819965496	0.366992299680485	0.597136331353449	Lower in TB	FALSE
GO:0048583	regulation of response to stimulus	3162	109	0.494922849060778	0.367396046480717	0.597487695465433	Lower in TB	FALSE
GO:0046847	filopodium assembly	51	1	0.463520989603895	0.367497554938369	0.597487695465433	Lower in TB	FALSE
GO:0062013	positive regulation of small molecule metabolic process	117	2	0.524125185421591	0.367534264471461	0.597487695465433	Higher in TB	FALSE
GO:0061668	mitochondrial ribosome assembly	26	0	0.448960610435141	0.367659949155478	0.59751534154798	Lower in TB	FALSE
GO:0120193	tight junction organization	53	1	0.464260566412602	0.368121551830471	0.598088738760026	Lower in TB	FALSE
GO:1903670	regulation of sprouting angiogenesis	34	2	0.544581495295254	0.368310800917881	0.598143843211458	Higher in TB	FALSE
GO:1902563	regulation of neutrophil activation	10	0	0.582117218472088	0.368516964814315	0.598143843211458	Higher in TB	FALSE
GO:0045597	positive regulation of cell differentiation	558	20	0.488843151288981	0.368554287367227	0.598143843211458	Lower in TB	FALSE
GO:2000515	negative regulation of CD4-positive, alpha-beta T cell activation	28	2	0.549089906232763	0.368590640378396	0.598143843211458	Higher in TB	FALSE
GO:0051321	meiotic cell cycle	206	5	0.481820427773193	0.368735408821356	0.598202206462029	Lower in TB	FALSE
GO:0042359	vitamin D metabolic process	13	0	0.571950259460306	0.369027845116364	0.598500027271319	Higher in TB	FALSE
GO:0008306	associative learning	36	0	0.543213519313305	0.369574564253984	0.599209954075024	Higher in TB	FALSE
GO:0099601	regulation of neurotransmitter receptor activity	10	0	0.581913639772849	0.36970539052759	0.599211954096603	Higher in TB	FALSE
GO:0050731	positive regulation of peptidyl-tyrosine phosphorylation	42	3	0.539996013431669	0.369793772326259	0.599211954096603	Higher in TB	FALSE
GO:0039694	viral RNA genome replication	23	0	0.446073483924954	0.370627048955237	0.600385243121949	Lower in TB	FALSE
GO:1905207	regulation of cardiocyte differentiation	17	0	0.437303556397638	0.370770939013904	0.600418625750633	Lower in TB	FALSE
GO:0016075	rRNA catabolic process	19	0	0.440715069551995	0.370957046433136	0.600418625750633	Lower in TB	FALSE
GO:0042278	purine nucleoside metabolic process	21	0	0.556345164707534	0.371372957612476	0.600418625750633	Higher in TB	FALSE
GO:0006744	ubiquinone biosynthetic process	19	0	0.559220047223703	0.371480864660714	0.600418625750633	Higher in TB	FALSE
GO:1901663	quinone biosynthetic process	19	0	0.559220047223703	0.371480864660714	0.600418625750633	Higher in TB	FALSE
GO:0009263	deoxyribonucleotide biosynthetic process	16	0	0.435476956055734	0.371521310440824	0.600418625750633	Lower in TB	FALSE
GO:0009265	2'-deoxyribonucleotide biosynthetic process	16	0	0.435476956055734	0.371521310440824	0.600418625750633	Lower in TB	FALSE
GO:0046385	deoxyribose phosphate biosynthetic process	16	0	0.435476956055734	0.371521310440824	0.600418625750633	Lower in TB	FALSE
GO:2001046	positive regulation of integrin-mediated signaling pathway	11	0	0.577775613082337	0.371718657072045	0.600561027499884	Higher in TB	FALSE
GO:0007156	homophilic cell-cell adhesion	80	1	0.47111610023661	0.371866925809234	0.600624076997406	Lower in TB	FALSE
GO:0002335	mature B cell differentiation	24	2	0.447380531131603	0.372197213575196	0.600882259756048	Lower in TB	FALSE
GO:0060840	artery development	42	0	0.539791574030063	0.372245357717188	0.600882259756048	Higher in TB	FALSE
GO:0045601	regulation of endothelial cell differentiation	30	2	0.547003825664128	0.372887593400765	0.601742291904141	Higher in TB	FALSE
GO:0030858	positive regulation of epithelial cell differentiation	36	0	0.457112839771102	0.373200671743963	0.602070802009481	Lower in TB	FALSE
GO:0048661	positive regulation of smooth muscle cell proliferation	63	2	0.467578130663071	0.373512255770252	0.60239670936487	Lower in TB	FALSE
GO:0032964	collagen biosynthetic process	39	0	0.4588473714406	0.373842533803928	0.602752566232843	Lower in TB	FALSE
GO:0055003	cardiac myofibril assembly	11	0	0.57739083846772	0.374089407078939	0.602973778985636	Higher in TB	FALSE
GO:2000772	regulation of cellular senescence	38	0	0.458370279169326	0.374527901144353	0.603503634376218	Lower in TB	FALSE
GO:0046328	regulation of JNK cascade	119	4	0.476440746045683	0.374860984276082	0.603863372853764	Lower in TB	FALSE
GO:0003174	mitral valve development	10	0	0.419013179042109	0.375145907496539	0.603968433211119	Lower in TB	FALSE
GO:0003183	mitral valve morphogenesis	10	0	0.419013179042109	0.375145907496539	0.603968433211119	Lower in TB	FALSE
GO:0045687	positive regulation of glial cell differentiation	23	0	0.446621245212916	0.375506974346518	0.604369960888511	Lower in TB	FALSE
GO:0008654	phospholipid biosynthetic process	235	2	0.51678556223586	0.375768774774982	0.604369960888511	Higher in TB	FALSE
GO:0003197	endocardial cushion development	25	0	0.448827408718031	0.375779435973267	0.604369960888511	Lower in TB	FALSE
GO:0031503	protein-containing complex localization	65	3	0.468241693291395	0.375951082915703	0.604369960888511	Lower in TB	FALSE
GO:0030011	maintenance of cell polarity	12	0	0.426203743391913	0.376037958849877	0.604369960888511	Lower in TB	FALSE
GO:0007030	Golgi organization	131	1	0.477597508844795	0.376117961226588	0.604369960888511	Lower in TB	FALSE
GO:0043372	positive regulation of CD4-positive, alpha-beta T cell differentiation	28	0	0.548308512594227	0.376262143692371	0.604369960888511	Higher in TB	FALSE
GO:0035924	cellular response to vascular endothelial growth factor stimulus	51	1	0.535812606921963	0.376314260183322	0.604369960888511	Higher in TB	FALSE
GO:0003184	pulmonary valve morphogenesis	12	0	0.426257322474639	0.376384639156468	0.604369960888511	Lower in TB	FALSE
GO:1902254	negative regulation of intrinsic apoptotic signaling pathway by p53 class mediator	20	0	0.442889686963979	0.376571591420836	0.604493608651608	Lower in TB	FALSE
GO:1903861	positive regulation of dendrite extension	14	0	0.568163724604621	0.377169710663376	0.605277019622662	Higher in TB	FALSE
GO:0060395	SMAD protein signal transduction	65	0	0.46835576974742	0.377668215594918	0.605756464008023	Lower in TB	FALSE
GO:0051926	negative regulation of calcium ion transport	34	0	0.456284670289101	0.377688824776192	0.605756464008023	Lower in TB	FALSE
GO:1905820	positive regulation of chromosome separation	29	1	0.547274869027652	0.378222865728592	0.606436079258033	Higher in TB	FALSE
GO:0008104	intracellular protein localization	1972	37	0.493945863497004	0.378453995623448	0.606629757416245	Lower in TB	FALSE
GO:0150063	visual system development	158	2	0.479693722563472	0.378632475808739	0.606681000773466	Lower in TB	FALSE
GO:0006112	energy reserve metabolic process	67	1	0.531099139158311	0.378753842918103	0.606681000773466	Higher in TB	FALSE
GO:0015695	organic cation transport	82	2	0.528116203233668	0.378860034605378	0.606681000773466	Higher in TB	FALSE
GO:0043931	ossification involved in bone maturation	18	2	0.440100165553054	0.378927347518385	0.606681000773466	Lower in TB	FALSE
GO:0002396	MHC protein complex assembly	19	0	0.558249619868936	0.379370028198619	0.606919615390944	Higher in TB	FALSE
GO:0002501	peptide antigen assembly with MHC protein complex	19	0	0.558249619868936	0.379370028198619	0.606919615390944	Higher in TB	FALSE
GO:0061138	morphogenesis of a branching epithelium	43	0	0.461258407501569	0.37940755149121	0.606919615390944	Lower in TB	FALSE
GO:0035987	endodermal cell differentiation	33	1	0.544193205996564	0.379609136282831	0.607065454125366	Higher in TB	FALSE
GO:1902165	regulation of intrinsic apoptotic signaling pathway in response to DNA damage by p53 class mediator	16	0	0.436619105037513	0.380047667770707	0.607488761788908	Lower in TB	FALSE
GO:2000320	negative regulation of T-helper 17 cell differentiation	12	0	0.573171167309616	0.380094823672944	0.607488761788908	Higher in TB	FALSE
GO:0046627	negative regulation of insulin receptor signaling pathway	33	1	0.544108683249379	0.380521263624139	0.607993579600556	Higher in TB	FALSE
GO:0055001	muscle cell development	93	2	0.526307140472359	0.380699713948942	0.608002778398676	Higher in TB	FALSE
GO:0070885	negative regulation of calcineurin-NFAT signaling cascade	10	0	0.5800225008036	0.380858779338858	0.608002778398676	Higher in TB	FALSE
GO:0106057	negative regulation of calcineurin-mediated signaling	10	0	0.5800225008036	0.380858779338858	0.608002778398676	Higher in TB	FALSE
GO:0006265	DNA topological change	10	0	0.420036429872495	0.381209622887914	0.608386213828084	Lower in TB	FALSE
GO:0000722	telomere maintenance via recombination	15	0	0.434828430059125	0.382134696941205	0.60968559599035	Lower in TB	FALSE
GO:0045662	negative regulation of myoblast differentiation	13	0	0.430024029445344	0.382310940683109	0.609789832281908	Lower in TB	FALSE
GO:1990542	mitochondrial transmembrane transport	21	0	0.444959221962706	0.382548482024042	0.609991750048778	Lower in TB	FALSE
GO:0006086	pyruvate decarboxylation to acetyl-CoA	15	0	0.565082257113767	0.382787330146463	0.610195633849015	Higher in TB	FALSE
GO:0006085	acetyl-CoA biosynthetic process	22	0	0.553732077936002	0.38294361825004	0.610267829895281	Higher in TB	FALSE
GO:0032956	regulation of actin cytoskeleton organization	273	4	0.484661980776745	0.383523076872847	0.611014163038805	Lower in TB	FALSE
GO:0010614	negative regulation of cardiac muscle hypertrophy	25	0	0.449771057852126	0.384646713620074	0.612263372445473	Lower in TB	FALSE
GO:0014741	negative regulation of muscle hypertrophy	25	0	0.449771057852126	0.384646713620074	0.612263372445473	Lower in TB	FALSE
GO:0035909	aorta morphogenesis	16	0	0.562764603429796	0.384697952894173	0.612263372445473	Higher in TB	FALSE
GO:0006865	amino acid transport	105	1	0.524556207707357	0.384752628555677	0.612263372445473	Higher in TB	FALSE
GO:1902236	negative regulation of endoplasmic reticulum stress-induced intrinsic apoptotic signaling pathway	17	0	0.560782842533015	0.385552182745728	0.61325329174661	Higher in TB	FALSE
GO:0045980	negative regulation of nucleotide metabolic process	20	0	0.55602487135506	0.385709327548159	0.61325329174661	Higher in TB	FALSE
GO:1900543	negative regulation of purine nucleotide metabolic process	20	0	0.55602487135506	0.385709327548159	0.61325329174661	Higher in TB	FALSE
GO:0048821	erythrocyte development	32	1	0.455721344668526	0.38599811550925	0.61344097045686	Lower in TB	FALSE
GO:2000272	negative regulation of signaling receptor activity	13	0	0.56942778595246	0.38605051978551	0.61344097045686	Higher in TB	FALSE
GO:0071103	DNA conformation change	18	0	0.441026190731411	0.386341235681686	0.613725545731844	Lower in TB	FALSE
GO:0016310	phosphorylation	622	18	0.489804968802061	0.386503562259391	0.613782993483046	Lower in TB	FALSE
GO:0046622	positive regulation of organ growth	22	0	0.446679727477412	0.386600674141831	0.613782993483046	Lower in TB	FALSE
GO:0036503	ERAD pathway	105	1	0.52445466690257	0.386721245692852	0.613797173446681	Higher in TB	FALSE
GO:0045912	negative regulation of carbohydrate metabolic process	38	0	0.540556644320319	0.386965693898336	0.614007903334214	Higher in TB	FALSE
GO:0030277	maintenance of gastrointestinal epithelium	13	0	0.56925879671419	0.38720781140426	0.614084069985868	Higher in TB	FALSE
GO:0032570	response to progesterone	22	0	0.553244734251489	0.38727380098722	0.614084069985868	Higher in TB	FALSE
GO:2001243	negative regulation of intrinsic apoptotic signaling pathway	84	3	0.527289643266945	0.387348773137685	0.614084069985868	Higher in TB	FALSE
GO:1902750	negative regulation of cell cycle G2/M phase transition	69	2	0.469920545719509	0.387642123426396	0.614303065236001	Lower in TB	FALSE
GO:0060021	roof of mouth development	27	0	0.451975381462217	0.387710374021267	0.614303065236001	Lower in TB	FALSE
GO:0010712	regulation of collagen metabolic process	31	0	0.455277294786287	0.388784173508347	0.615826962243991	Lower in TB	FALSE
GO:0014911	positive regulation of smooth muscle cell migration	27	0	0.547887584082554	0.389066070937476	0.616095984451107	Higher in TB	FALSE
GO:0006285	base-excision repair, AP site formation	12	0	0.428217423917703	0.38920263117254	0.616134772872625	Lower in TB	FALSE
GO:0050773	regulation of dendrite development	72	0	0.47070373157505	0.390100333496642	0.617378132862562	Lower in TB	FALSE
GO:0072662	protein localization to peroxisome	18	0	0.441621705315563	0.3911554598118	0.618869846919504	Lower in TB	FALSE
GO:0051145	smooth muscle cell differentiation	37	2	0.459272406157969	0.391281913765863	0.61888160024211	Lower in TB	FALSE
GO:0002090	regulation of receptor internalization	62	0	0.531476481455166	0.391388018196038	0.61888160024211	Higher in TB	FALSE
GO:0097205	renal filtration	21	0	0.553999310793736	0.391617766621999	0.619066843268473	Higher in TB	FALSE
GO:0097479	synaptic vesicle localization	57	0	0.532796624463032	0.391777745492893	0.619141720241428	Higher in TB	FALSE
GO:0071071	regulation of phospholipid biosynthetic process	14	0	0.433945220999127	0.392108902361565	0.619321476177605	Lower in TB	FALSE
GO:0016477	cell migration	1063	38	0.50780144594087	0.392193774897647	0.619321476177605	Higher in TB	FALSE
GO:0007080	mitotic metaphase chromosome alignment	64	0	0.530925948312916	0.392251851295925	0.619321476177605	Higher in TB	FALSE
GO:0051580	regulation of neurotransmitter uptake	13	0	0.568512771052556	0.392342070121244	0.619321476177605	Higher in TB	FALSE
GO:0035966	response to topologically incorrect protein	149	2	0.520295972900787	0.392689958595979	0.619692707336594	Higher in TB	FALSE
GO:0002694	regulation of leukocyte activation	452	27	0.488261613587451	0.393130680882468	0.620193069910366	Lower in TB	FALSE
GO:0071045	nuclear histone mRNA catabolic process	12	0	0.571166416630947	0.393286221443147	0.620193069910366	Higher in TB	FALSE
GO:0050918	positive chemotaxis	42	1	0.538065338832753	0.393345441029001	0.620193069910366	Higher in TB	FALSE
GO:0071806	protein transmembrane transport	69	1	0.529684558483912	0.393903645416663	0.62062456462104	Higher in TB	FALSE
GO:0071377	cellular response to glucagon stimulus	14	0	0.565802164826921	0.393922114467871	0.62062456462104	Higher in TB	FALSE
GO:0051654	establishment of mitochondrion localization	28	0	0.453457283814427	0.39395775382456	0.62062456462104	Lower in TB	FALSE
GO:0009725	response to hormone	619	14	0.489945901879732	0.394206710319522	0.620801023757852	Lower in TB	FALSE
GO:0050931	pigment cell differentiation	19	0	0.55644699463726	0.394295593845475	0.620801023757852	Higher in TB	FALSE
GO:1990253	cellular response to leucine starvation	12	0	0.429114873553365	0.395159066434705	0.621982406887492	Lower in TB	FALSE
GO:0051247	positive regulation of protein metabolic process	658	17	0.509736295450581	0.395459750475005	0.62227753523514	Higher in TB	FALSE
GO:0070098	chemokine-mediated signaling pathway	62	0	0.468825060568355	0.395941493958195	0.622682832162362	Lower in TB	FALSE
GO:1901881	positive regulation of protein depolymerization	16	0	0.561270766345123	0.396113381546467	0.622682832162362	Higher in TB	FALSE
GO:0002407	dendritic cell chemotaxis	21	1	0.553476024556164	0.396223479377827	0.622682832162362	Higher in TB	FALSE
GO:0007492	endoderm development	41	1	0.538280314383503	0.396366297341402	0.622682832162362	Higher in TB	FALSE
GO:0010634	positive regulation of epithelial cell migration	36	1	0.540836611826419	0.39648451914058	0.622682832162362	Higher in TB	FALSE
GO:0031577	spindle checkpoint signaling	55	2	0.533042361751883	0.396667705595664	0.622682832162362	Higher in TB	FALSE
GO:0030808	regulation of nucleotide biosynthetic process	18	0	0.557693452912662	0.396736624420654	0.622682832162362	Higher in TB	FALSE
GO:1900371	regulation of purine nucleotide biosynthetic process	18	0	0.557693452912662	0.396736624420654	0.622682832162362	Higher in TB	FALSE
GO:2001169	regulation of ATP biosynthetic process	18	0	0.557693452912662	0.396736624420654	0.622682832162362	Higher in TB	FALSE
GO:0006886	intracellular protein transport	575	7	0.510357871172143	0.396987130757857	0.622898186331819	Higher in TB	FALSE
GO:0090257	regulation of muscle system process	162	1	0.519279037418463	0.397383287946348	0.623341887911275	Higher in TB	FALSE
GO:0051489	regulation of filopodium assembly	36	0	0.459315391034812	0.39824472294971	0.624514970558329	Lower in TB	FALSE
GO:0048584	positive regulation of response to stimulus	1857	88	0.505961201212197	0.39841606379336	0.624605508621584	Higher in TB	FALSE
GO:0006312	mitotic recombination	25	0	0.451287330438046	0.399160131803594	0.625581789747535	Lower in TB	FALSE
GO:0071476	cellular hypotonic response	10	0	0.576974177649202	0.399266369629702	0.625581789747535	Higher in TB	FALSE
GO:0035725	sodium ion transmembrane transport	121	1	0.477848968111333	0.400181045920324	0.62683629358118	Lower in TB	FALSE
GO:0099622	cardiac muscle cell membrane repolarization	26	0	0.547642812951124	0.400396582795697	0.626995275480132	Higher in TB	FALSE
GO:0035239	tube morphogenesis	506	20	0.510922534429988	0.401199257582667	0.628073325224802	Higher in TB	FALSE
GO:0030522	intracellular receptor signaling pathway	338	16	0.513298121209814	0.401364052565851	0.628152451183333	Higher in TB	FALSE
GO:0038202	TORC1 signaling	107	3	0.476539886847892	0.401917305494275	0.628839312921891	Lower in TB	FALSE
GO:2000401	regulation of lymphocyte migration	55	0	0.467362850349801	0.402484041335418	0.629546873189795	Lower in TB	FALSE
GO:0051963	regulation of synapse assembly	118	2	0.477691561590689	0.402719397176968	0.629735849169217	Lower in TB	FALSE
GO:0042182	ketone catabolic process	14	0	0.564519956519742	0.403203546560292	0.630164902988962	Higher in TB	FALSE
GO:0051336	regulation of hydrolase activity	139	1	0.52054087430816	0.403292717081492	0.630164902988962	Higher in TB	FALSE
GO:0061081	positive regulation of myeloid leukocyte cytokine production involved in immune response	19	0	0.444624989068587	0.403337630705376	0.630164902988962	Lower in TB	FALSE
GO:0035176	social behavior	22	0	0.551436689181945	0.403597938271965	0.630325313577113	Higher in TB	FALSE
GO:0034728	nucleosome organization	86	3	0.473943855786432	0.403669594235179	0.630325313577113	Lower in TB	FALSE
GO:0010934	macrophage cytokine production	14	0	0.564424269332639	0.403901404491883	0.630329242661474	Higher in TB	FALSE
GO:0010935	regulation of macrophage cytokine production	14	0	0.564424269332639	0.403901404491883	0.630329242661474	Higher in TB	FALSE
GO:0018022	peptidyl-lysine methylation	16	0	0.439770900321543	0.404193198843895	0.630605620670754	Lower in TB	FALSE
GO:1902893	regulation of miRNA transcription	59	2	0.468631276498699	0.404667895769251	0.631167117996976	Lower in TB	FALSE
GO:0099174	regulation of presynapse organization	20	0	0.446196933962264	0.404831169693625	0.631242703056027	Lower in TB	FALSE
GO:0036294	cellular response to decreased oxygen levels	121	3	0.478093940062045	0.405412449890548	0.631819545601164	Lower in TB	FALSE
GO:0036303	lymph vessel morphogenesis	10	0	0.575972356155577	0.405430948868844	0.631819545601164	Higher in TB	FALSE
GO:0051209	release of sequestered calcium ion into cytosol	82	2	0.526563774834263	0.405742496943162	0.632023400508839	Higher in TB	FALSE
GO:0010639	negative regulation of organelle organization	310	8	0.486254931096381	0.405791670388542	0.632023400508839	Lower in TB	FALSE
GO:0048146	positive regulation of fibroblast proliferation	32	1	0.542448307766574	0.405938624642054	0.63207322522855	Higher in TB	FALSE
GO:0015801	aromatic amino acid transport	11	0	0.572218298711736	0.406860837760356	0.633165399166198	Higher in TB	FALSE
GO:0035303	regulation of dephosphorylation	18	0	0.443548194995295	0.406977260234895	0.633165399166198	Lower in TB	FALSE
GO:0007602	phototransduction	22	0	0.44893856545513	0.407036887638618	0.633165399166198	Lower in TB	FALSE
GO:0048240	sperm capacitation	16	0	0.55985731511254	0.407100706812024	0.633165399166198	Higher in TB	FALSE
GO:0030852	regulation of granulocyte differentiation	11	2	0.572145240240606	0.407335649671979	0.633351640807845	Higher in TB	FALSE
GO:0045648	positive regulation of erythrocyte differentiation	29	4	0.54441224713969	0.407774239148523	0.633797248947656	Higher in TB	FALSE
GO:0032305	positive regulation of icosanoid secretion	10	1	0.57558127075967	0.407852794975774	0.633797248947656	Higher in TB	FALSE
GO:0060324	face development	17	1	0.442038694463798	0.407992527796662	0.633835240979386	Lower in TB	FALSE
GO:0001667	ameboidal-type cell migration	149	5	0.48037853696564	0.408609791853138	0.634614868815975	Lower in TB	FALSE
GO:0110075	regulation of ferroptosis	28	0	0.545091009376724	0.408876488213542	0.634849740807132	Higher in TB	FALSE
GO:0002717	positive regulation of natural killer cell mediated immunity	27	0	0.454165946739275	0.409725692458754	0.635748451946483	Lower in TB	FALSE
GO:0120255	olefinic compound biosynthetic process	19	1	0.554602054259302	0.409933821189539	0.635748451946483	Higher in TB	FALSE
GO:0070167	regulation of biomineral tissue development	67	4	0.529111655971312	0.409972224170112	0.635748451946483	Higher in TB	FALSE
GO:0050771	negative regulation of axonogenesis	27	0	0.454191764825043	0.409989520786828	0.635748451946483	Lower in TB	FALSE
GO:0046782	regulation of viral transcription	19	2	0.445420513818716	0.410127369311953	0.635748451946483	Lower in TB	FALSE
GO:0051147	regulation of muscle cell differentiation	95	2	0.475542928684933	0.410149101319421	0.635748451946483	Lower in TB	FALSE
GO:0045939	negative regulation of steroid metabolic process	18	0	0.556055787806243	0.410276333923459	0.635766427257941	Higher in TB	FALSE
GO:0099003	vesicle-mediated transport in synapse	201	1	0.516848773722726	0.410516282814798	0.635959008992888	Higher in TB	FALSE
GO:1902455	negative regulation of stem cell population maintenance	20	1	0.446899120926244	0.410990435208538	0.636502369159251	Lower in TB	FALSE
GO:0061337	cardiac conduction	62	0	0.530165466852906	0.411416440920377	0.636502369159251	Higher in TB	FALSE
GO:0050678	regulation of epithelial cell proliferation	192	5	0.517196742227512	0.41155460409841	0.636502369159251	Higher in TB	FALSE
GO:0046620	regulation of organ growth	46	0	0.465012018950267	0.411656077491516	0.636502369159251	Lower in TB	FALSE
GO:0097091	synaptic vesicle clustering	12	0	0.431566116588084	0.411706664190329	0.636502369159251	Lower in TB	FALSE
GO:0090183	regulation of kidney development	19	1	0.445617984501372	0.411823230990933	0.636502369159251	Lower in TB	FALSE
GO:0007351	tripartite regional subdivision	10	0	0.574938390656809	0.411852593758897	0.636502369159251	Higher in TB	FALSE
GO:0008595	anterior/posterior axis specification, embryo	10	0	0.574938390656809	0.411852593758897	0.636502369159251	Higher in TB	FALSE
GO:1903054	negative regulation of extracellular matrix organization	13	0	0.56572238777672	0.411908954068501	0.636502369159251	Higher in TB	FALSE
GO:0061515	myeloid cell development	59	3	0.530873459012767	0.412126816722861	0.636660083827561	Higher in TB	FALSE
GO:0007416	synapse assembly	170	3	0.481786829072924	0.412877138717969	0.637487128266847	Lower in TB	FALSE
GO:0032271	regulation of protein polymerization	163	3	0.481404047363169	0.412894082167742	0.637487128266847	Lower in TB	FALSE
GO:0031069	hair follicle morphogenesis	10	1	0.42526518804243	0.413124031321825	0.637663089333911	Lower in TB	FALSE
GO:0050849	negative regulation of calcium-mediated signaling	17	1	0.557264590814084	0.413651187554307	0.638297566425366	Higher in TB	FALSE
GO:1904064	positive regulation of cation transmembrane transport	79	2	0.526590990924765	0.41395104544367	0.638447764552984	Higher in TB	FALSE
GO:0047496	vesicle transport along microtubule	44	0	0.535576622819002	0.414220431039078	0.638447764552984	Higher in TB	FALSE
GO:0009100	glycoprotein metabolic process	296	5	0.513801171955416	0.41452314444041	0.638447764552984	Higher in TB	FALSE
GO:0060964	regulation of miRNA-mediated gene silencing	26	0	0.453771911734378	0.414533187039524	0.638447764552984	Lower in TB	FALSE
GO:1900368	regulation of post-transcriptional gene silencing by regulatory ncRNA	26	0	0.453771911734378	0.414533187039524	0.638447764552984	Lower in TB	FALSE
GO:0006984	ER-nucleus signaling pathway	48	0	0.534042615059767	0.414536223011173	0.638447764552984	Higher in TB	FALSE
GO:0050910	detection of mechanical stimulus involved in sensory perception of sound	11	0	0.571039622044176	0.414561389496936	0.638447764552984	Higher in TB	FALSE
GO:0045606	positive regulation of epidermal cell differentiation	13	0	0.434706267852064	0.414965269231268	0.638796341493924	Lower in TB	FALSE
GO:0031114	regulation of microtubule depolymerization	25	0	0.547089164119886	0.415059837007756	0.638796341493924	Higher in TB	FALSE
GO:0010842	retina layer formation	10	0	0.42558662809386	0.415136291043614	0.638796341493924	Lower in TB	FALSE
GO:0009628	response to abiotic stimulus	776	11	0.491390024765306	0.415999109428241	0.639926932703308	Lower in TB	FALSE
GO:0035270	endocrine system development	41	0	0.536692690779873	0.416244933037804	0.639926932703308	Higher in TB	FALSE
GO:0045109	intermediate filament organization	30	0	0.45712038328149	0.416280493584551	0.639926932703308	Lower in TB	FALSE
GO:0019395	fatty acid oxidation	86	0	0.52536059646972	0.416336602087984	0.639926932703308	Higher in TB	FALSE
GO:1900744	regulation of p38MAPK cascade	30	3	0.542836712074082	0.416747034015504	0.640320547807416	Higher in TB	FALSE
GO:0141162	negative regulation of cAMP/PKA signal transduction	25	0	0.453088842421318	0.416825616697479	0.640320547807416	Lower in TB	FALSE
GO:0051791	medium-chain fatty acid metabolic process	12	0	0.567670381483069	0.41694362657577	0.640322921484241	Higher in TB	FALSE
GO:1902751	positive regulation of cell cycle G2/M phase transition	25	2	0.453140314192269	0.417337028189366	0.640705092908109	Lower in TB	FALSE
GO:0006109	regulation of carbohydrate metabolic process	130	2	0.520603240176194	0.417425544342824	0.640705092908109	Higher in TB	FALSE
GO:0034765	regulation of monoatomic ion transmembrane transport	178	4	0.517619882380239	0.417700366310105	0.640947980455752	Higher in TB	FALSE
GO:0090050	positive regulation of cell migration involved in sprouting angiogenesis	19	0	0.446317594919926	0.417864811306418	0.641021409755213	Lower in TB	FALSE
GO:0140353	lipid export from cell	27	1	0.545021776562342	0.418074428848827	0.641164075261047	Higher in TB	FALSE
GO:0022037	metencephalon development	50	1	0.46692687640932	0.418513531310624	0.641658503944733	Lower in TB	FALSE
GO:0051937	catecholamine transport	26	0	0.545815632089091	0.418709561255718	0.64178008580539	Higher in TB	FALSE
GO:2000629	negative regulation of miRNA metabolic process	24	1	0.452339784830939	0.418940793425869	0.641955541319796	Lower in TB	FALSE
GO:0007155	cell adhesion	1053	43	0.507395449667859	0.419366008017474	0.642428061320722	Higher in TB	FALSE
GO:0006779	porphyrin-containing compound biosynthetic process	29	0	0.543247226603891	0.42018454579514	0.643323484483898	Higher in TB	FALSE
GO:0033014	tetrapyrrole biosynthetic process	29	0	0.543247226603891	0.42018454579514	0.643323484483898	Higher in TB	FALSE
GO:0003180	aortic valve morphogenesis	22	0	0.450393286353402	0.420532665964479	0.643677226467902	Lower in TB	FALSE
GO:0035850	epithelial cell differentiation involved in kidney development	29	2	0.456819345998154	0.420900344972172	0.644060700433343	Lower in TB	FALSE
GO:0120316	sperm flagellum assembly	31	0	0.541726139499477	0.42135179403373	0.644572110071633	Higher in TB	FALSE
GO:0045346	regulation of MHC class II biosynthetic process	14	0	0.562035917142551	0.421553133410815	0.644700730874176	Higher in TB	FALSE
GO:0046683	response to organophosphorus	90	0	0.524466444277054	0.422507592076815	0.64590440447108	Higher in TB	FALSE
GO:0055091	phospholipid homeostasis	13	0	0.56423445814219	0.422575144212891	0.64590440447108	Higher in TB	FALSE
GO:1990535	neuron projection maintenance	12	0	0.566737212458923	0.42339741361512	0.646981373000537	Higher in TB	FALSE
GO:0009301	snRNA transcription	18	0	0.445534236133443	0.423681339188124	0.647235343944513	Lower in TB	FALSE
GO:0008210	estrogen metabolic process	17	0	0.555934212475922	0.424584579284608	0.648435004696327	Higher in TB	FALSE
GO:0042269	regulation of natural killer cell mediated cytotoxicity	43	1	0.535168287322193	0.424920280448038	0.648767481783758	Higher in TB	FALSE
GO:0009952	anterior/posterior pattern specification	54	0	0.468656149436946	0.425627685791901	0.649621704693314	Lower in TB	FALSE
GO:0031343	positive regulation of cell killing	50	0	0.532539460968539	0.426061878925141	0.649621704693314	Higher in TB	FALSE
GO:0034620	cellular response to unfolded protein	96	0	0.523509261750987	0.426121220794594	0.649621704693314	Higher in TB	FALSE
GO:0002448	mast cell mediated immunity	43	0	0.535070935661785	0.426203284473966	0.649621704693314	Higher in TB	FALSE
GO:0044539	long-chain fatty acid import into cell	16	1	0.557442390139335	0.426288062307777	0.649621704693314	Higher in TB	FALSE
GO:0140354	lipid import into cell	16	1	0.557442390139335	0.426288062307777	0.649621704693314	Higher in TB	FALSE
GO:0032801	receptor catabolic process	28	1	0.543430547894834	0.426346400146869	0.649621704693314	Higher in TB	FALSE
GO:2001034	positive regulation of double-strand break repair via nonhomologous end joining	17	0	0.444292771505944	0.426466715840225	0.649621704693314	Lower in TB	FALSE
GO:0030073	insulin secretion	118	2	0.521192377173899	0.426665124625549	0.649621704693314	Higher in TB	FALSE
GO:0035633	maintenance of blood-brain barrier	26	0	0.454972159208084	0.426754900033287	0.649621704693314	Lower in TB	FALSE
GO:1903441	protein localization to ciliary membrane	18	0	0.445897500029776	0.426779482966943	0.649621704693314	Lower in TB	FALSE
GO:0030282	bone mineralization	71	5	0.527245061338198	0.427363234964693	0.65018115991954	Higher in TB	FALSE
GO:0170033	L-amino acid metabolic process	125	0	0.520562341652741	0.427383541642273	0.65018115991954	Higher in TB	FALSE
GO:1905330	regulation of morphogenesis of an epithelium	34	1	0.539313504610084	0.427583515525082	0.650305440762628	Higher in TB	FALSE
GO:0032814	regulation of natural killer cell activation	34	0	0.460711738831355	0.427880293328693	0.650576839801204	Lower in TB	FALSE
GO:0071305	cellular response to vitamin D	14	0	0.561159422508688	0.428142907704032	0.650796158848981	Higher in TB	FALSE
GO:0150146	cell junction disassembly	30	5	0.541715828238407	0.42904430629228	0.65197970358697	Higher in TB	FALSE
GO:0048730	epidermis morphogenesis	11	1	0.431166743783942	0.429205561061389	0.65197970358697	Lower in TB	FALSE
GO:0071888	macrophage apoptotic process	11	1	0.568818644521832	0.429303533937386	0.65197970358697	Higher in TB	FALSE
GO:0006468	protein phosphorylation	550	16	0.490128394170102	0.429498124361169	0.65197970358697	Lower in TB	FALSE
GO:0046036	CTP metabolic process	13	0	0.563278226354902	0.429514457328484	0.65197970358697	Higher in TB	FALSE
GO:0010039	response to iron ion	26	1	0.5447205609404	0.42991727197417	0.652411029896214	Higher in TB	FALSE
GO:0002664	regulation of T cell tolerance induction	11	1	0.568677398144315	0.430251274950569	0.652737723421144	Higher in TB	FALSE
GO:0002423	natural killer cell mediated immune response to tumor cell	10	1	0.571873995499839	0.431235652160208	0.653885927593817	Higher in TB	FALSE
GO:2000047	regulation of cell-cell adhesion mediated by cadherin	17	0	0.444866536571218	0.431245975528407	0.653885927593817	Lower in TB	FALSE
GO:0051893	regulation of focal adhesion assembly	54	1	0.530932151139433	0.431732079101761	0.654262119873616	Higher in TB	FALSE
GO:0090109	regulation of cell-substrate junction assembly	54	1	0.530932151139433	0.431732079101761	0.654262119873616	Higher in TB	FALSE
GO:0071225	cellular response to muramyl dipeptide	10	0	0.57177756348441	0.431854071650088	0.6542666536049	Higher in TB	FALSE
GO:0009743	response to carbohydrate	135	2	0.519590417233479	0.432093058005305	0.654448383722636	Higher in TB	FALSE
GO:0061615	glycolytic process through fructose-6-phosphate	22	1	0.548271391951032	0.433149009333053	0.655851484345292	Higher in TB	FALSE
GO:0022603	regulation of anatomical structure morphogenesis	569	19	0.509631139167551	0.433277513708789	0.655851484345292	Higher in TB	FALSE
GO:1903037	regulation of leukocyte cell-cell adhesion	304	19	0.486921781715883	0.43337730858975	0.655851484345292	Lower in TB	FALSE
GO:0048640	negative regulation of developmental growth	47	0	0.466982958393628	0.433574547593229	0.655969417354863	Lower in TB	FALSE
GO:0061005	cell differentiation involved in kidney development	31	2	0.459382866633794	0.433799290347021	0.656128885372194	Lower in TB	FALSE
GO:0006635	fatty acid beta-oxidation	65	0	0.528065701425542	0.433959148919391	0.656190154224095	Higher in TB	FALSE
GO:2000316	regulation of T-helper 17 type immune response	32	0	0.539930741793607	0.434348842306356	0.656423259408111	Higher in TB	FALSE
GO:0072567	chemokine (C-X-C motif) ligand 2 production	14	2	0.560325030237151	0.43447148799311	0.656423259408111	Higher in TB	FALSE
GO:2000341	regulation of chemokine (C-X-C motif) ligand 2 production	14	2	0.560325030237151	0.43447148799311	0.656423259408111	Higher in TB	FALSE
GO:0001825	blastocyst formation	10	0	0.428672452587592	0.434746815251496	0.656658788530969	Lower in TB	FALSE
GO:0015669	gas transport	13	1	0.562523957315791	0.435034551862207	0.656850214047905	Higher in TB	FALSE
GO:0015803	branched-chain amino acid transport	12	0	0.565040541505929	0.435280198470353	0.656850214047905	Higher in TB	FALSE
GO:0045161	neuronal ion channel clustering	11	0	0.432087280520176	0.435403192424081	0.656850214047905	Lower in TB	FALSE
GO:0032633	interleukin-4 production	25	1	0.545056029167337	0.435490133111431	0.656850214047905	Higher in TB	FALSE
GO:0032673	regulation of interleukin-4 production	25	1	0.545056029167337	0.435490133111431	0.656850214047905	Higher in TB	FALSE
GO:1904749	regulation of protein localization to nucleolus	12	0	0.435017502500357	0.435690090368679	0.656850214047905	Lower in TB	FALSE
GO:1904035	regulation of epithelial cell apoptotic process	21	0	0.54913147247642	0.435709845513407	0.656850214047905	Higher in TB	FALSE
GO:0090181	regulation of cholesterol metabolic process	35	0	0.538047468330178	0.435995302095911	0.657100375801349	Higher in TB	FALSE
GO:0050732	negative regulation of peptidyl-tyrosine phosphorylation	22	2	0.547957055274521	0.436150444657595	0.657154054460799	Higher in TB	FALSE
GO:0001893	maternal placenta development	12	0	0.435111265895128	0.436352693476897	0.657278659927665	Lower in TB	FALSE
GO:0042789	mRNA transcription by RNA polymerase II	42	0	0.465315577771304	0.436715142926569	0.657644441470906	Lower in TB	FALSE
GO:0035418	protein localization to synapse	66	1	0.472342989269373	0.437200944056696	0.658195725745815	Lower in TB	FALSE
GO:0043410	positive regulation of MAPK cascade	307	8	0.512881868138201	0.438104313991774	0.65909415930726	Higher in TB	FALSE
GO:0007626	locomotory behavior	44	0	0.466222578945314	0.438223574847186	0.65909415930726	Lower in TB	FALSE
GO:0035082	axoneme assembly	63	0	0.471759369411548	0.438253551549522	0.65909415930726	Lower in TB	FALSE
GO:2000641	regulation of early endosome to late endosome transport	19	1	0.551360714053988	0.438284622127236	0.65909415930726	Higher in TB	FALSE
GO:0043067	regulation of programmed cell death	1071	40	0.492960232469396	0.438440047648249	0.65909415930726	Lower in TB	FALSE
GO:0090592	DNA synthesis involved in DNA replication	27	0	0.543065560063791	0.438587323997068	0.65909415930726	Higher in TB	FALSE
GO:0022612	gland morphogenesis	19	1	0.448678780082543	0.438636873209397	0.65909415930726	Lower in TB	FALSE
GO:0043652	engulfment of apoptotic cell	10	0	0.570673952641166	0.438968042620139	0.659380910569896	Higher in TB	FALSE
GO:0070542	response to fatty acid	44	2	0.533715211366564	0.439067572498434	0.659380910569896	Higher in TB	FALSE
GO:0071616	acyl-CoA biosynthetic process	53	1	0.530714201043749	0.43925649233605	0.659484487947461	Higher in TB	FALSE
GO:0030225	macrophage differentiation	40	2	0.535318737926594	0.439563625254303	0.659765441345389	Higher in TB	FALSE
GO:1900077	negative regulation of cellular response to insulin stimulus	34	1	0.538267479505481	0.439981364377204	0.660212211066012	Higher in TB	FALSE
GO:0051764	actin crosslink formation	12	0	0.564299364194885	0.440530902724706	0.660692704866094	Higher in TB	FALSE
GO:0006384	transcription initiation at RNA polymerase III promoter	26	0	0.456302330377397	0.440541916340324	0.660692704866094	Lower in TB	FALSE
GO:0009129	pyrimidine nucleoside monophosphate metabolic process	21	1	0.548575002233539	0.440926438116822	0.661089052840548	Higher in TB	FALSE
GO:0046039	GTP metabolic process	22	0	0.547413667066288	0.441367147118952	0.661569404269355	Higher in TB	FALSE
GO:0009880	embryonic pattern specification	28	0	0.458011583011583	0.441866540641121	0.662137432664182	Lower in TB	FALSE
GO:0001508	action potential	100	0	0.522246447028424	0.442164235469514	0.66240298817749	Higher in TB	FALSE
GO:0010522	regulation of calcium ion transport into cytosol	10	1	0.570020357869924	0.443212718605297	0.663631102416614	Higher in TB	FALSE
GO:1903725	regulation of phospholipid metabolic process	27	0	0.457369375381065	0.443225428896654	0.663631102416614	Lower in TB	FALSE
GO:0099171	presynaptic modulation of chemical synaptic transmission	28	0	0.541852439173868	0.443346427083107	0.663631542636243	Higher in TB	FALSE
GO:0070306	lens fiber cell differentiation	24	0	0.454843984559297	0.44380066995166	0.664130670493801	Lower in TB	FALSE
GO:0016973	poly(A)+ mRNA export from nucleus	20	0	0.450589622641509	0.444264952259712	0.664523762582358	Lower in TB	FALSE
GO:0034260	negative regulation of GTPase activity	14	0	0.44096866053248	0.444389753274264	0.664523762582358	Lower in TB	FALSE
GO:0023035	CD40 signaling pathway	13	0	0.438778496325514	0.444662292370276	0.664523762582358	Lower in TB	FALSE
GO:0034121	regulation of toll-like receptor signaling pathway	33	2	0.53842940481357	0.444853563462978	0.664523762582358	Higher in TB	FALSE
GO:0099638	endosome to plasma membrane protein transport	16	0	0.555148043944266	0.444996767033295	0.664523762582358	Higher in TB	FALSE
GO:1901874	negative regulation of post-translational protein modification	76	3	0.525343095642332	0.445013397812173	0.664523762582358	Higher in TB	FALSE
GO:0051899	membrane depolarization	66	1	0.527187240486542	0.445027117724653	0.664523762582358	Higher in TB	FALSE
GO:0022038	corpus callosum development	13	0	0.438827956590374	0.445030282616995	0.664523762582358	Lower in TB	FALSE
GO:0045618	positive regulation of keratinocyte differentiation	11	0	0.433563061636997	0.445446048624097	0.664820711246545	Lower in TB	FALSE
GO:0035640	exploration behavior	13	0	0.561106096389813	0.445521206302869	0.664820711246545	Higher in TB	FALSE
GO:0060390	regulation of SMAD protein signal transduction	51	0	0.469128043163574	0.445670301664917	0.664820711246545	Lower in TB	FALSE
GO:1904896	ESCRT complex disassembly	10	0	0.569618557805636	0.445833750885051	0.664820711246545	Higher in TB	FALSE
GO:1904903	ESCRT III complex disassembly	10	0	0.569618557805636	0.445833750885051	0.664820711246545	Higher in TB	FALSE
GO:0032926	negative regulation of activin receptor signaling pathway	15	0	0.556822606862798	0.446057197928361	0.664973555913809	Higher in TB	FALSE
GO:0045058	T cell selection	57	5	0.470912094135118	0.447521816011895	0.666937986564591	Lower in TB	FALSE
GO:0045777	positive regulation of blood pressure	11	0	0.566120351654774	0.447617528269069	0.666937986564591	Higher in TB	FALSE
GO:0034767	positive regulation of monoatomic ion transmembrane transport	83	2	0.52407143768966	0.448474154485433	0.668033297578139	Higher in TB	FALSE
GO:1902644	tertiary alcohol metabolic process	15	0	0.443495346801708	0.448606208685062	0.668049007408037	Lower in TB	FALSE
GO:0072273	metanephric nephron morphogenesis	11	1	0.434064729805421	0.44888979061798	0.668290297540659	Lower in TB	FALSE
GO:1903332	regulation of protein folding	12	0	0.436941884554936	0.449405085157857	0.668876328694613	Lower in TB	FALSE
GO:0014037	Schwann cell differentiation	29	0	0.459450813017902	0.449762951030292	0.669066516805496	Lower in TB	FALSE
GO:0030219	megakaryocyte differentiation	50	1	0.530897669923763	0.449776254294855	0.669066516805496	Higher in TB	FALSE
GO:0000097	sulfur amino acid biosynthetic process	12	0	0.437022253179026	0.449983146250704	0.669193221013354	Lower in TB	FALSE
GO:0007610	behavior	258	2	0.48633414733312	0.45019203860523	0.669322830787332	Lower in TB	FALSE
GO:0031345	negative regulation of cell projection organization	128	3	0.480688197514557	0.450706055060798	0.669778199420709	Lower in TB	FALSE
GO:0002371	dendritic cell cytokine production	13	0	0.560351827350702	0.451158051770916	0.669778199420709	Higher in TB	FALSE
GO:0002730	regulation of dendritic cell cytokine production	13	0	0.560351827350702	0.451158051770916	0.669778199420709	Higher in TB	FALSE
GO:0055022	negative regulation of cardiac muscle tissue growth	13	0	0.439689389536681	0.45146723473001	0.669778199420709	Lower in TB	FALSE
GO:0061117	negative regulation of heart growth	13	0	0.439689389536681	0.45146723473001	0.669778199420709	Lower in TB	FALSE
GO:1900746	regulation of vascular endothelial growth factor signaling pathway	20	0	0.548630467409949	0.451488642728827	0.669778199420709	Higher in TB	FALSE
GO:0007094	mitotic spindle assembly checkpoint signaling	54	2	0.529608547436922	0.451697922396799	0.669778199420709	Higher in TB	FALSE
GO:0071173	spindle assembly checkpoint signaling	54	2	0.529608547436922	0.451697922396799	0.669778199420709	Higher in TB	FALSE
GO:0071174	mitotic spindle checkpoint signaling	54	2	0.529608547436922	0.451697922396799	0.669778199420709	Higher in TB	FALSE
GO:1903019	negative regulation of glycoprotein metabolic process	16	0	0.554337486602358	0.451716544825753	0.669778199420709	Higher in TB	FALSE
GO:0060966	regulation of gene silencing by regulatory ncRNA	31	0	0.461021289111497	0.452572518079632	0.670866461149047	Lower in TB	FALSE
GO:0032880	regulation of protein localization	682	15	0.491546302335383	0.452863073096513	0.671116219914994	Lower in TB	FALSE
GO:0070232	regulation of T cell apoptotic process	21	1	0.547298694337022	0.45302533123783	0.671175766948421	Higher in TB	FALSE
GO:0033147	negative regulation of intracellular estrogen receptor signaling pathway	12	1	0.437535719388484	0.453686245373161	0.671894387836252	Lower in TB	FALSE
GO:0070875	positive regulation of glycogen metabolic process	16	0	0.445907020364416	0.453754794841033	0.671894387836252	Lower in TB	FALSE
GO:2000628	regulation of miRNA metabolic process	69	2	0.473923246900224	0.453893587636232	0.671918940448035	Lower in TB	FALSE
GO:0006743	ubiquinone metabolic process	21	0	0.547158300468405	0.454367557540445	0.67232203308871	Higher in TB	FALSE
GO:0051781	positive regulation of cell division	71	4	0.474329557025031	0.454557353503785	0.67232203308871	Lower in TB	FALSE
GO:0097178	ruffle assembly	31	1	0.461197761226308	0.454621577366153	0.67232203308871	Lower in TB	FALSE
GO:0002098	tRNA wobble uridine modification	19	0	0.450467300265457	0.454758474111221	0.67232203308871	Lower in TB	FALSE
GO:0035556	intracellular signal transduction	2466	67	0.495335851979268	0.454777308304277	0.67232203308871	Lower in TB	FALSE
GO:0090092	regulation of transmembrane receptor protein serine/threonine kinase signaling pathway	188	4	0.484194175405323	0.455111778529151	0.672635633965933	Lower in TB	FALSE
GO:0007519	skeletal muscle tissue development	57	0	0.471403951632128	0.455239080858238	0.672642963332059	Lower in TB	FALSE
GO:0038095	Fc-epsilon receptor signaling pathway	25	1	0.456869872929065	0.455367240960292	0.672651555830115	Lower in TB	FALSE
GO:0034086	maintenance of sister chromatid cohesion	13	0	0.440348859734811	0.456430434148156	0.673771134299503	Lower in TB	FALSE
GO:0034088	maintenance of mitotic sister chromatid cohesion	13	0	0.440348859734811	0.456430434148156	0.673771134299503	Lower in TB	FALSE
GO:0050913	sensory perception of bitter taste	10	0	0.432010071788278	0.456547641674701	0.673771134299503	Lower in TB	FALSE
GO:0045682	regulation of epidermis development	31	0	0.461369042984801	0.456615359476164	0.673771134299503	Lower in TB	FALSE
GO:0060560	developmental growth involved in morphogenesis	124	2	0.480652898913603	0.456999426477851	0.674156921592493	Lower in TB	FALSE
GO:0042267	natural killer cell mediated cytotoxicity	65	2	0.526667851518746	0.457200861181555	0.674273158470008	Higher in TB	FALSE
GO:0072540	T-helper 17 cell lineage commitment	22	1	0.454238428024211	0.457445480897005	0.674344229642834	Lower in TB	FALSE
GO:0010906	regulation of glucose metabolic process	73	2	0.474846817312571	0.457494357324076	0.674344229642834	Lower in TB	FALSE
GO:0001706	endoderm formation	38	1	0.534791681962713	0.457992901487269	0.674898143226215	Higher in TB	FALSE
GO:0030097	hemopoiesis	675	47	0.491612852783899	0.458661169425891	0.675701797830533	Lower in TB	FALSE
GO:0010225	response to UV-C	10	0	0.432401157184185	0.459141767887971	0.676228620371836	Lower in TB	FALSE
GO:0045332	phospholipid translocation	48	2	0.530860800944814	0.459498068245769	0.676572142264391	Higher in TB	FALSE
GO:0045338	farnesyl diphosphate metabolic process	11	0	0.564371818912403	0.459718599275944	0.676715624851175	Higher in TB	FALSE
GO:0042327	positive regulation of phosphorylation	205	6	0.514978654740259	0.460027115659545	0.676988512284845	Higher in TB	FALSE
GO:0016185	synaptic vesicle budding from presynaptic endocytic zone membrane	11	0	0.564308501570757	0.460160208947938	0.677003165318642	Higher in TB	FALSE
GO:0003091	renal water homeostasis	21	1	0.546479304667458	0.460890592282465	0.67743684235342	Higher in TB	FALSE
GO:0009170	purine deoxyribonucleoside monophosphate metabolic process	12	0	0.56144627803972	0.461078628823696	0.67743684235342	Higher in TB	FALSE
GO:0036260	RNA capping	17	0	0.448372178068934	0.461113306625039	0.67743684235342	Lower in TB	FALSE
GO:0006479	protein methylation	39	0	0.465906667602219	0.461276545797389	0.67743684235342	Lower in TB	FALSE
GO:0008213	protein alkylation	39	0	0.465906667602219	0.461276545797389	0.67743684235342	Lower in TB	FALSE
GO:0045655	regulation of monocyte differentiation	13	1	0.440991843177987	0.461298946926378	0.67743684235342	Lower in TB	FALSE
GO:0048813	dendrite morphogenesis	100	0	0.478680017226529	0.461403997437999	0.67743684235342	Lower in TB	FALSE
GO:0097435	supramolecular fiber organization	632	11	0.491397961102116	0.461541544371716	0.67743684235342	Lower in TB	FALSE
GO:0035967	cellular response to topologically incorrect protein	110	0	0.52032601137955	0.461563916234251	0.67743684235342	Higher in TB	FALSE
GO:0086012	membrane depolarization during cardiac muscle cell action potential	14	0	0.556769294364407	0.462038800877187	0.677826136135456	Higher in TB	FALSE
GO:0070588	calcium ion transmembrane transport	218	6	0.514464029917661	0.462075729035229	0.677826136135456	Higher in TB	FALSE
GO:0010832	negative regulation of myotube differentiation	10	0	0.567105968070288	0.462422807557115	0.677875184842522	Higher in TB	FALSE
GO:0043161	proteasome-mediated ubiquitin-dependent protein catabolic process	459	7	0.489975905337768	0.462507417674342	0.677875184842522	Lower in TB	FALSE
GO:0007019	microtubule depolymerization	36	0	0.535383881735813	0.462524737298331	0.677875184842522	Higher in TB	FALSE
GO:1902074	response to salt	20	1	0.452556818181818	0.46261204712656	0.677875184842522	Lower in TB	FALSE
GO:0043476	pigment accumulation	11	0	0.563923726956141	0.462848934867011	0.677875184842522	Higher in TB	FALSE
GO:0043482	cellular pigment accumulation	11	0	0.563923726956141	0.462848934867011	0.677875184842522	Higher in TB	FALSE
GO:2001135	regulation of endocytic recycling	20	0	0.547365458833619	0.463345508312243	0.678020837832215	Higher in TB	FALSE
GO:0048066	developmental pigmentation	25	0	0.542364484478044	0.463409063311521	0.678020837832215	Higher in TB	FALSE
GO:0061620	glycolytic process through glucose-6-phosphate	19	1	0.548582019448041	0.46346191780248	0.678020837832215	Higher in TB	FALSE
GO:0046685	response to arsenic-containing substance	25	0	0.457654817436062	0.463612815814391	0.678020837832215	Lower in TB	FALSE
GO:1902850	microtubule cytoskeleton organization involved in mitosis	150	2	0.51734499262298	0.463621053974259	0.678020837832215	Higher in TB	FALSE
GO:0002021	response to dietary excess	12	1	0.561089084154879	0.463688313977652	0.678020837832215	Higher in TB	FALSE
GO:0021510	spinal cord development	35	0	0.464219424157196	0.463826308718708	0.678042288044525	Lower in TB	FALSE
GO:0032535	regulation of cellular component size	257	4	0.486733902544805	0.464409994011628	0.678715084283873	Lower in TB	FALSE
GO:0048565	digestive tract development	46	0	0.468853415482275	0.464874428802549	0.679213289810368	Lower in TB	FALSE
GO:0048548	regulation of pinocytosis	13	0	0.558488824040986	0.46525229617563	0.679584071281783	Higher in TB	FALSE
GO:0070671	response to interleukin-12	11	0	0.563563305165234	0.465375414400857	0.679584071281783	Higher in TB	FALSE
GO:0006858	extracellular transport	21	0	0.45402356064377	0.465755110740577	0.679922142127746	Lower in TB	FALSE
GO:0006241	CTP biosynthetic process	11	0	0.563495117258846	0.465854257801968	0.679922142127746	Higher in TB	FALSE
GO:0006308	DNA catabolic process	25	0	0.542117848908906	0.466016319178463	0.679978164236515	Higher in TB	FALSE
GO:0072010	glomerular epithelium development	16	0	0.44738411039657	0.466177801886152	0.68003331248874	Lower in TB	FALSE
GO:0010976	positive regulation of neuron projection development	114	1	0.519747475033884	0.466534703308458	0.680373421429683	Higher in TB	FALSE
GO:0010591	regulation of lamellipodium assembly	31	0	0.462239292727446	0.466820948741653	0.680610335768127	Lower in TB	FALSE
GO:0051125	regulation of actin nucleation	33	0	0.536543897376381	0.467510247642709	0.681434608043376	Higher in TB	FALSE
GO:0060546	negative regulation of necroptotic process	13	0	0.441906858077892	0.468276969489733	0.682214193333721	Lower in TB	FALSE
GO:0097581	lamellipodium organization	68	2	0.47456343887512	0.468293264030822	0.682214193333721	Lower in TB	FALSE
GO:0071869	response to catecholamine	36	0	0.534892107773009	0.468768236728205	0.682725235902429	Higher in TB	FALSE
GO:0040019	positive regulation of embryonic development	17	0	0.4492801139964	0.469033073856725	0.682930042389903	Lower in TB	FALSE
GO:0008347	glial cell migration	38	3	0.533861211672813	0.470105615318428	0.684310477368472	Higher in TB	FALSE
GO:0010807	regulation of synaptic vesicle priming	11	0	0.562818108759711	0.470623307348814	0.684870712930095	Higher in TB	FALSE
GO:0045064	T-helper 2 cell differentiation	14	0	0.555670805456466	0.470748641195746	0.684870712930095	Higher in TB	FALSE
GO:0009143	nucleoside triphosphate catabolic process	11	0	0.562784014806517	0.470864186045064	0.684870712930095	Higher in TB	FALSE
GO:0043255	regulation of carbohydrate biosynthetic process	72	1	0.524553411452734	0.471342038770011	0.685309965301216	Higher in TB	FALSE
GO:0032011	ARF protein signal transduction	19	0	0.452295314584903	0.471575553360953	0.685309965301216	Lower in TB	FALSE
GO:0032012	regulation of ARF protein signal transduction	19	0	0.452295314584903	0.471575553360953	0.685309965301216	Lower in TB	FALSE
GO:0033627	cell adhesion mediated by integrin	66	3	0.525622425219416	0.471664770589269	0.685309965301216	Higher in TB	FALSE
GO:0098696	regulation of neurotransmitter receptor localization to postsynaptic specialization membrane	17	1	0.550388867696712	0.471939098304072	0.685527387708266	Higher in TB	FALSE
GO:1905508	protein localization to microtubule organizing center	36	0	0.465389544587506	0.472364958118693	0.685964749005962	Lower in TB	FALSE
GO:1901096	regulation of autophagosome maturation	18	0	0.548835173473398	0.473164019062163	0.68694369601367	Higher in TB	FALSE
GO:0120192	tight junction assembly	47	0	0.469792579174771	0.473713212422068	0.687394848257998	Lower in TB	FALSE
GO:0043086	negative regulation of catalytic activity	123	3	0.518710405128091	0.473724823581221	0.687394848257998	Higher in TB	FALSE
GO:0048013	ephrin receptor signaling pathway	40	1	0.467315947628246	0.4744418304817	0.688253610551025	Lower in TB	FALSE
GO:0098880	maintenance of postsynaptic specialization structure	10	0	0.434704810886103	0.474588676839874	0.688285029086159	Lower in TB	FALSE
GO:0050869	negative regulation of B cell activation	22	2	0.543999824556274	0.474947470005712	0.688623731564189	Higher in TB	FALSE
GO:0006986	response to unfolded protein	133	1	0.517941837282091	0.475108556282354	0.688675676889107	Higher in TB	FALSE
GO:1901077	regulation of relaxation of muscle	11	0	0.437849158609941	0.47534999091856	0.688759511202015	Lower in TB	FALSE
GO:0015012	heparan sulfate proteoglycan biosynthetic process	24	0	0.542071002216027	0.475553955559377	0.688759511202015	Higher in TB	FALSE
GO:0007031	peroxisome organization	35	0	0.465154383195261	0.475586903019463	0.688759511202015	Lower in TB	FALSE
GO:0032495	response to muramyl dipeptide	17	0	0.549956967620104	0.475745641616345	0.688759511202015	Higher in TB	FALSE
GO:0001890	placenta development	46	0	0.469618894256575	0.47591878472695	0.688759511202015	Lower in TB	FALSE
GO:1901028	regulation of mitochondrial outer membrane permeabilization involved in apoptotic signaling pathway	18	0	0.548513595597956	0.476082974278102	0.688759511202015	Higher in TB	FALSE
GO:1903350	response to dopamine	33	0	0.535836832087435	0.476168588955776	0.688759511202015	Higher in TB	FALSE
GO:1903351	cellular response to dopamine	33	0	0.535836832087435	0.476168588955776	0.688759511202015	Higher in TB	FALSE
GO:1904948	midbrain dopaminergic neuron differentiation	11	0	0.438087816282298	0.47704685883113	0.689848403433339	Lower in TB	FALSE
GO:0007565	female pregnancy	89	3	0.47821571558713	0.477586892807053	0.690447735117849	Lower in TB	FALSE
GO:0003209	cardiac atrium morphogenesis	13	0	0.443163973143076	0.477958478829154	0.690803290379256	Lower in TB	FALSE
GO:0006536	glutamate metabolic process	14	0	0.445297548877015	0.478501210518166	0.691405954120598	Lower in TB	FALSE
GO:0040007	growth	469	8	0.490445988169924	0.479155263163136	0.69216911110639	Lower in TB	FALSE
GO:0090091	positive regulation of extracellular matrix disassembly	11	1	0.561478703455666	0.480137387973898	0.693362923719127	Higher in TB	FALSE
GO:0001666	response to hypoxia	214	4	0.48598864857039	0.48023390569706	0.693362923719127	Lower in TB	FALSE
GO:1900037	regulation of cellular response to hypoxia	17	0	0.549427338329083	0.480436410269011	0.693473190774225	Higher in TB	FALSE
GO:0006513	protein monoubiquitination	47	1	0.470260849304961	0.480596174985486	0.693521724427874	Lower in TB	FALSE
GO:1902745	positive regulation of lamellipodium organization	32	0	0.464013221411714	0.481087659182189	0.693688486705461	Lower in TB	FALSE
GO:0006882	intracellular zinc ion homeostasis	21	2	0.455590866740693	0.481098065783096	0.693688486705461	Lower in TB	FALSE
GO:0006388	tRNA splicing, via endonucleolytic cleavage and ligation	14	0	0.445634367775617	0.48121401780033	0.693688486705461	Lower in TB	FALSE
GO:0070341	fat cell proliferation	11	0	0.561327715948664	0.481216422025214	0.693688486705461	Higher in TB	FALSE
GO:0045003	double-strand break repair via synthesis-dependent strand annealing	10	0	0.564196935604843	0.482052172821406	0.694711099914047	Higher in TB	FALSE
GO:0006493	protein O-linked glycosylation	117	3	0.481202245736973	0.482607774284089	0.695007272062469	Lower in TB	FALSE
GO:0035883	enteroendocrine cell differentiation	14	0	0.445814259687371	0.482666326446067	0.695007272062469	Lower in TB	FALSE
GO:1902950	regulation of dendritic spine maintenance	12	0	0.441478246892413	0.482685516730885	0.695007272062469	Lower in TB	FALSE
GO:0071229	cellular response to acid chemical	59	1	0.473579369320732	0.482763327029205	0.695007272062469	Lower in TB	FALSE
GO:0030902	hindbrain development	65	2	0.474844074844075	0.483107838125549	0.695146793741805	Lower in TB	FALSE
GO:0035519	protein K29-linked ubiquitination	10	0	0.435958427086682	0.483113113657228	0.695146793741805	Lower in TB	FALSE
GO:1901186	positive regulation of ERBB signaling pathway	28	1	0.538274882024882	0.483285702545508	0.695213184875772	Higher in TB	FALSE
GO:0034644	cellular response to UV	74	2	0.476435983343843	0.483446695257489	0.695262864380245	Lower in TB	FALSE
GO:0007548	sex differentiation	97	2	0.520586095708324	0.483621053303467	0.695331734064451	Higher in TB	FALSE
GO:0035335	peptidyl-tyrosine dephosphorylation	17	1	0.54903326891612	0.483942853492059	0.695612498954075	Higher in TB	FALSE
GO:2000042	negative regulation of double-strand break repair via homologous recombination	25	0	0.459576430218219	0.484145473342281	0.695721853746958	Lower in TB	FALSE
GO:0034762	regulation of transmembrane transport	260	6	0.51260693042839	0.484401165825365	0.69590739736291	Higher in TB	FALSE
GO:1990314	cellular response to insulin-like growth factor stimulus	10	0	0.563784420872174	0.484871936287588	0.696351415785005	Higher in TB	FALSE
GO:0048704	embryonic skeletal system morphogenesis	20	0	0.45489922813036	0.484999294216546	0.696351415785005	Lower in TB	FALSE
GO:0050996	positive regulation of lipid catabolic process	18	1	0.547528018961184	0.485090200519565	0.696351415785005	Higher in TB	FALSE
GO:0001894	tissue homeostasis	141	2	0.517013432513148	0.485705166818431	0.696870304584482	Higher in TB	FALSE
GO:0060249	anatomical structure homeostasis	141	2	0.517013432513148	0.485705166818431	0.696870304584482	Higher in TB	FALSE
GO:0030850	prostate gland development	11	0	0.439402868762633	0.486456153851853	0.697765701507302	Lower in TB	FALSE
GO:0046457	prostanoid biosynthetic process	25	1	0.540125462441692	0.487374391914019	0.698900471242378	Higher in TB	FALSE
GO:0030330	DNA damage response, signal transduction by p53 class mediator	66	2	0.475285363033885	0.487511998307211	0.698915506308487	Lower in TB	FALSE
GO:0045787	positive regulation of cell cycle	255	6	0.487377045166908	0.48802121447867	0.699463148384704	Lower in TB	FALSE
GO:1902946	protein localization to early endosome	13	1	0.555500599705711	0.488361839990829	0.699768933090847	Higher in TB	FALSE
GO:0010596	negative regulation of endothelial cell migration	39	0	0.532040619501048	0.488694282683144	0.700062836423118	Higher in TB	FALSE
GO:1904177	regulation of adipose tissue development	22	0	0.457381794789321	0.488926285511424	0.700212742313574	Lower in TB	FALSE
GO:0070142	synaptic vesicle budding	12	0	0.557664487783969	0.489121846718875	0.700310394078222	Higher in TB	FALSE
GO:0071870	cellular response to catecholamine stimulus	35	0	0.53376045123269	0.489439520226901	0.700582786307603	Higher in TB	FALSE
GO:0034315	regulation of Arp2/3 complex-mediated actin nucleation	27	0	0.53835276640789	0.490310996944342	0.701412458393555	Higher in TB	FALSE
GO:0009128	purine nucleoside monophosphate catabolic process	10	0	0.562970106075217	0.490464353567699	0.701412458393555	Higher in TB	FALSE
GO:0072089	stem cell proliferation	42	0	0.469251036252217	0.490506730770383	0.701412458393555	Lower in TB	FALSE
GO:0030335	positive regulation of cell migration	426	15	0.509755354042061	0.490529447530597	0.701412458393555	Higher in TB	FALSE
GO:0071763	nuclear membrane organization	45	0	0.529676345875154	0.490979120106799	0.701770031074572	Higher in TB	FALSE
GO:0072344	rescue of stalled cytosolic ribosome	38	0	0.467715928408853	0.491034796206599	0.701770031074572	Lower in TB	FALSE
GO:0031281	positive regulation of cyclase activity	15	1	0.448700498365575	0.491492949038176	0.70224226450413	Lower in TB	FALSE
GO:0034067	protein localization to Golgi apparatus	23	1	0.458583419382358	0.491703234174951	0.70236019264585	Lower in TB	FALSE
GO:0048285	organelle fission	390	4	0.489854926144984	0.492257954826818	0.702934263895162	Lower in TB	FALSE
GO:0075509	endocytosis involved in viral entry into host cell	11	0	0.559725300148552	0.492749045928594	0.702934263895162	Higher in TB	FALSE
GO:0032970	regulation of actin filament-based process	306	4	0.488588420307335	0.492841968543408	0.702934263895162	Lower in TB	FALSE
GO:0046907	intracellular transport	1220	13	0.494140302174272	0.493072899834817	0.702934263895162	Lower in TB	FALSE
GO:0001843	neural tube closure	27	0	0.461891512403604	0.493078584301843	0.702934263895162	Lower in TB	FALSE
GO:0014020	primary neural tube formation	27	0	0.461891512403604	0.493078584301843	0.702934263895162	Lower in TB	FALSE
GO:0060606	tube closure	27	0	0.461891512403604	0.493078584301843	0.702934263895162	Lower in TB	FALSE
GO:0001501	skeletal system development	217	6	0.486492046266193	0.493178688706569	0.702934263895162	Lower in TB	FALSE
GO:1903975	regulation of glial cell migration	12	1	0.557092977568224	0.493438281007506	0.702934263895162	Higher in TB	FALSE
GO:0045623	negative regulation of T-helper cell differentiation	15	0	0.551067288283943	0.493456199419514	0.702934263895162	Higher in TB	FALSE
GO:0001921	positive regulation of receptor recycling	13	0	0.55484525119632	0.49351150575397	0.702934263895162	Higher in TB	FALSE
GO:0050770	regulation of axonogenesis	82	1	0.478162376009046	0.494300149630678	0.703875219546612	Lower in TB	FALSE
GO:0043491	phosphatidylinositol 3-kinase/protein kinase B signal transduction	230	5	0.513087319508412	0.494429761280691	0.703877479938177	Higher in TB	FALSE
GO:0031509	subtelomeric heterochromatin formation	10	0	0.437640630022501	0.494681317270803	0.70393558175671	Lower in TB	FALSE
GO:0062014	negative regulation of small molecule metabolic process	75	1	0.522801999892479	0.494824196416827	0.70393558175671	Higher in TB	FALSE
GO:0033489	cholesterol biosynthetic process via desmosterol	19	0	0.545219375823382	0.494979333021821	0.70393558175671	Higher in TB	FALSE
GO:0002250	adaptive immune response	637	40	0.492061722538547	0.495186789692155	0.70393558175671	Lower in TB	FALSE
GO:0086003	cardiac muscle cell contraction	62	0	0.525035786452791	0.495415571031701	0.70393558175671	Higher in TB	FALSE
GO:0045907	positive regulation of vasoconstriction	13	0	0.554597949872022	0.495462304761725	0.70393558175671	Higher in TB	FALSE
GO:0039535	regulation of RIG-I signaling pathway	19	2	0.45483422336191	0.495490815531928	0.70393558175671	Lower in TB	FALSE
GO:0003016	respiratory system process	13	0	0.445406171816717	0.495494852928059	0.70393558175671	Lower in TB	FALSE
GO:0030216	keratinocyte differentiation	67	0	0.4759332468722	0.495773120503266	0.704148958028147	Lower in TB	FALSE
GO:0051610	serotonin uptake	10	0	0.562150433944069	0.496128399521422	0.704471575560118	Higher in TB	FALSE
GO:0034311	diol metabolic process	31	0	0.535264145883615	0.496789038407297	0.705227506626213	Higher in TB	FALSE
GO:0061099	negative regulation of protein tyrosine kinase activity	12	0	0.556624160594371	0.496994277468642	0.705297837352986	Higher in TB	FALSE
GO:0051127	positive regulation of actin nucleation	11	0	0.559092126732095	0.497346509739222	0.705297837352986	Higher in TB	FALSE
GO:0006582	melanin metabolic process	16	0	0.451008172561629	0.497443023002476	0.705297837352986	Lower in TB	FALSE
GO:0042438	melanin biosynthetic process	16	0	0.451008172561629	0.497443023002476	0.705297837352986	Lower in TB	FALSE
GO:0033198	response to ATP	26	0	0.461565271189936	0.497528519585563	0.705297837352986	Lower in TB	FALSE
GO:0022898	regulation of transmembrane transporter activity	51	0	0.527455717857613	0.497608277754134	0.705297837352986	Higher in TB	FALSE
GO:0071375	cellular response to peptide hormone stimulus	254	4	0.512366461873299	0.497737713890712	0.705299471899777	Higher in TB	FALSE
GO:0070314	G1 to G0 transition	13	0	0.445760637048211	0.498298261260178	0.705911837260618	Lower in TB	FALSE
GO:0051341	regulation of oxidoreductase activity	11	1	0.558897304142415	0.49876569635613	0.706392014056158	Higher in TB	FALSE
GO:0055002	striated muscle cell development	81	1	0.52166618532129	0.50031766062419	0.708174106648948	Higher in TB	FALSE
GO:0160240	RNA polymerase II transcription initiation surveillance	19	0	0.455373036224586	0.500648201264759	0.708174106648948	Lower in TB	FALSE
GO:0061621	canonical glycolysis	18	1	0.545836757542192	0.50075938321762	0.708174106648948	Higher in TB	FALSE
GO:0061718	glucose catabolic process to pyruvate	18	1	0.545836757542192	0.50075938321762	0.708174106648948	Higher in TB	FALSE
GO:0000388	spliceosome conformational change to release U4 (or U4atac) and U1 (or U11)	35	0	0.46712546077387	0.500907682713897	0.708174106648948	Lower in TB	FALSE
GO:0010657	muscle cell apoptotic process	57	0	0.474231661112069	0.501030014393694	0.708174106648948	Lower in TB	FALSE
GO:0032616	interleukin-13 production	19	1	0.54458464862913	0.501054433405676	0.708174106648948	Higher in TB	FALSE
GO:0032656	regulation of interleukin-13 production	19	1	0.54458464862913	0.501054433405676	0.708174106648948	Higher in TB	FALSE
GO:0031054	pre-miRNA processing	14	0	0.448191129415007	0.502077073962764	0.709253963333197	Lower in TB	FALSE
GO:0001783	B cell apoptotic process	16	0	0.548462620578778	0.502100203281539	0.709253963333197	Higher in TB	FALSE
GO:1902235	regulation of endoplasmic reticulum stress-induced intrinsic apoptotic signaling pathway	30	0	0.535396331652901	0.502205470945096	0.709253963333197	Higher in TB	FALSE
GO:0051649	establishment of localization in cell	1597	21	0.505067339102611	0.502341960345132	0.709264534662952	Higher in TB	FALSE
GO:0050790	regulation of catalytic activity	449	10	0.509244160777172	0.502653551282854	0.709522265713256	Higher in TB	FALSE
GO:0071168	protein localization to chromatin	53	0	0.473395142342751	0.502879732971503	0.709598340325531	Lower in TB	FALSE
GO:0002223	stimulatory C-type lectin receptor signaling pathway	21	0	0.457803984633253	0.503223704788877	0.709598340325531	Lower in TB	FALSE
GO:1990840	response to lectin	21	0	0.457803984633253	0.503223704788877	0.709598340325531	Lower in TB	FALSE
GO:1990858	cellular response to lectin	21	0	0.457803984633253	0.503223704788877	0.709598340325531	Lower in TB	FALSE
GO:0090277	positive regulation of peptide hormone secretion	67	1	0.523642467976096	0.503401818656939	0.709667486916885	Higher in TB	FALSE
GO:0045859	regulation of protein kinase activity	201	3	0.513688930179953	0.503724954847145	0.709856661152808	Higher in TB	FALSE
GO:0050671	positive regulation of lymphocyte proliferation	98	9	0.480453070451994	0.503794232778875	0.709856661152808	Lower in TB	FALSE
GO:1901223	negative regulation of non-canonical NF-kappaB signal transduction	27	1	0.537095624231664	0.504642683388074	0.710869964967367	Higher in TB	FALSE
GO:0072311	glomerular epithelial cell differentiation	14	0	0.448535603288577	0.504924100609086	0.710943772725757	Lower in TB	FALSE
GO:0035264	multicellular organism growth	25	1	0.461485175057638	0.50501918008513	0.710943772725757	Lower in TB	FALSE
GO:0090190	positive regulation of branching involved in ureteric bud morphogenesis	10	0	0.439135326261652	0.50508300768767	0.710943772725757	Lower in TB	FALSE
GO:0032925	regulation of activin receptor signaling pathway	19	0	0.544059940815215	0.506106187587875	0.712030094230835	Higher in TB	FALSE
GO:1900029	positive regulation of ruffle assembly	13	0	0.446753964034144	0.506199055470823	0.712030094230835	Lower in TB	FALSE
GO:0000165	MAPK cascade	540	16	0.508379588785963	0.506243295443495	0.712030094230835	Higher in TB	FALSE
GO:0120009	intermembrane lipid transfer	43	1	0.470730224819931	0.506636751835319	0.712284918109543	Lower in TB	FALSE
GO:0070534	protein K63-linked ubiquitination	71	2	0.522792979321779	0.506683578524268	0.712284918109543	Higher in TB	FALSE
GO:0070201	regulation of establishment of protein localization	351	5	0.489684433095074	0.507243616806862	0.712889929755656	Lower in TB	FALSE
GO:0030218	erythrocyte differentiation	102	5	0.481000745296503	0.507421600615443	0.712957822689421	Lower in TB	FALSE
GO:0021544	subpallium development	10	0	0.439515696989178	0.507748307671873	0.713004953727161	Lower in TB	FALSE
GO:0021756	striatum development	10	0	0.439515696989178	0.507748307671873	0.713004953727161	Lower in TB	FALSE
GO:1902743	regulation of lamellipodium organization	44	0	0.471151781880635	0.507927297546685	0.713004953727161	Lower in TB	FALSE
GO:0072109	glomerular mesangium development	10	0	0.560452159005679	0.507973882093359	0.713004953727161	Higher in TB	FALSE
GO:0072594	establishment of protein localization to organelle	329	1	0.489387215023849	0.508668865902632	0.713798219686746	Lower in TB	FALSE
GO:0036444	calcium import into the mitochondrion	16	0	0.452297695605573	0.508831382757366	0.71384407818321	Lower in TB	FALSE
GO:0014015	positive regulation of gliogenesis	37	1	0.468699022537748	0.509981846718746	0.7149805297298	Lower in TB	FALSE
GO:0000070	mitotic sister chromatid segregation	194	2	0.486277537241585	0.510134805508213	0.7149805297298	Lower in TB	FALSE
GO:0051081	nuclear membrane disassembly	12	0	0.445094834976425	0.510148897667147	0.7149805297298	Lower in TB	FALSE
GO:0031334	positive regulation of protein-containing complex assembly	165	8	0.514866999638217	0.510161625705712	0.7149805297298	Higher in TB	FALSE
GO:0031032	actomyosin structure organization	148	4	0.48434363767913	0.511081080945097	0.716086590987804	Lower in TB	FALSE
GO:0051130	positive regulation of cellular component organization	866	24	0.493405305943024	0.511516316458926	0.716351635405869	Lower in TB	FALSE
GO:0097320	plasma membrane tubulation	18	1	0.544690391967699	0.511530833139949	0.716351635405869	Higher in TB	FALSE
GO:0032328	alanine transport	13	1	0.552495888615483	0.512209015136082	0.716670891182722	Higher in TB	FALSE
GO:0030150	protein import into mitochondrial matrix	24	0	0.538641968689685	0.512263051971328	0.716670891182722	Higher in TB	FALSE
GO:1905668	positive regulation of protein localization to endosome	13	1	0.447512354761993	0.512275264757651	0.716670891182722	Lower in TB	FALSE
GO:0014014	negative regulation of gliogenesis	19	0	0.543422392611211	0.512280211412895	0.716670891182722	Higher in TB	FALSE
GO:0070293	renal absorption	19	0	0.45661710152532	0.512663960858925	0.717025300636573	Lower in TB	FALSE
GO:0006023	aminoglycan biosynthetic process	31	1	0.4660888069966	0.513448048624739	0.71776405856135	Lower in TB	FALSE
GO:0033314	mitotic DNA replication checkpoint signaling	12	0	0.445527932561795	0.513491671465691	0.71776405856135	Lower in TB	FALSE
GO:2000209	regulation of anoikis	21	1	0.458822478334673	0.513583813455866	0.71776405856135	Lower in TB	FALSE
GO:1901524	regulation of mitophagy	45	1	0.528095945228681	0.514354454386674	0.718644666073474	Higher in TB	FALSE
GO:0009148	pyrimidine nucleoside triphosphate biosynthetic process	15	0	0.548577246664166	0.514769608212843	0.718644666073474	Higher in TB	FALSE
GO:0006862	nucleotide transport	41	2	0.529401140000131	0.514787885113697	0.718644666073474	Higher in TB	FALSE
GO:0003230	cardiac atrium development	18	0	0.455655006491109	0.514799808856691	0.718644666073474	Lower in TB	FALSE
GO:0051149	positive regulation of muscle cell differentiation	40	2	0.529758263575875	0.514891437918027	0.718644666073474	Higher in TB	FALSE
GO:0000096	sulfur amino acid metabolic process	24	0	0.538391772106655	0.514998178306564	0.718644666073474	Higher in TB	FALSE
GO:0010587	miRNA catabolic process	14	0	0.449894361345438	0.516236473504762	0.720189832867085	Lower in TB	FALSE
GO:0007188	adenylate cyclase-modulating G protein-coupled receptor signaling pathway	157	6	0.515004558926054	0.516657815383942	0.720594791725244	Higher in TB	FALSE
GO:0034405	response to fluid shear stress	47	2	0.472678722147921	0.516987180988364	0.720871296239925	Lower in TB	FALSE
GO:0001678	intracellular glucose homeostasis	104	2	0.481613139714044	0.517168743308678	0.720941620362857	Lower in TB	FALSE
GO:0001974	blood vessel remodeling	19	1	0.542869474699774	0.517666304654278	0.721175747355933	Higher in TB	FALSE
GO:0071364	cellular response to epidermal growth factor stimulus	40	2	0.470451008800172	0.517851811639059	0.721175747355933	Lower in TB	FALSE
GO:0031641	regulation of myelination	30	0	0.534110980013586	0.517854571350164	0.721175747355933	Higher in TB	FALSE
GO:0043408	regulation of MAPK cascade	457	14	0.508839510727914	0.517941931816473	0.721175747355933	Higher in TB	FALSE
GO:0021915	neural tube development	49	0	0.473314466711149	0.51814350163868	0.721175747355933	Lower in TB	FALSE
GO:0000079	regulation of cyclin-dependent protein serine/threonine kinase activity	29	0	0.534661210178951	0.518240661333123	0.721175747355933	Higher in TB	FALSE
GO:0030200	heparan sulfate proteoglycan catabolic process	10	1	0.558994964105861	0.518254888651017	0.721175747355933	Higher in TB	FALSE
GO:0090087	regulation of peptide transport	125	3	0.516728154816452	0.518485806927389	0.721305239093402	Higher in TB	FALSE
GO:1903358	regulation of Golgi organization	16	0	0.5466070471597	0.518610332873084	0.721305239093402	Higher in TB	FALSE
GO:0070663	regulation of leukocyte proliferation	184	14	0.513793273707079	0.518984034964496	0.721642444166616	Higher in TB	FALSE
GO:0006525	arginine metabolic process	17	0	0.545139863116049	0.519320656624056	0.721866482303361	Higher in TB	FALSE
GO:0001578	microtubule bundle formation	86	1	0.479897919611694	0.519407748998199	0.721866482303361	Lower in TB	FALSE
GO:0071895	odontoblast differentiation	11	0	0.443937364537418	0.519656028413641	0.722029023052362	Lower in TB	FALSE
GO:0048732	gland development	157	2	0.485110317068062	0.519873246235086	0.722148334461977	Lower in TB	FALSE
GO:0061008	hepaticobiliary system development	68	0	0.477439336654696	0.520056290167915	0.722153144170659	Lower in TB	FALSE
GO:0030510	regulation of BMP signaling pathway	61	1	0.523810781891917	0.52013940540484	0.722153144170659	Higher in TB	FALSE
GO:0038092	nodal signaling pathway	10	0	0.441294331940426	0.520308694705884	0.722205807496327	Lower in TB	FALSE
GO:1900181	negative regulation of protein localization to nucleus	29	1	0.534448547700194	0.520811002589538	0.722720568459686	Higher in TB	FALSE
GO:0046037	GMP metabolic process	25	0	0.462922095330009	0.521040437076059	0.722856503417656	Lower in TB	FALSE
GO:0031145	anaphase-promoting complex-dependent catabolic process	24	0	0.462173404103224	0.521204440208298	0.72290161762493	Lower in TB	FALSE
GO:0033623	regulation of integrin activation	12	0	0.553293327618231	0.522646946198512	0.724719523379425	Higher in TB	FALSE
GO:0043455	regulation of secondary metabolic process	14	0	0.450763201004333	0.523538297798646	0.725321458928361	Lower in TB	FALSE
GO:0048021	regulation of melanin biosynthetic process	14	0	0.450763201004333	0.523538297798646	0.725321458928361	Lower in TB	FALSE
GO:1900376	regulation of secondary metabolite biosynthetic process	14	0	0.450763201004333	0.523538297798646	0.725321458928361	Lower in TB	FALSE
GO:0046473	phosphatidic acid metabolic process	31	0	0.466920994126247	0.523837435922662	0.725321458928361	Lower in TB	FALSE
GO:2001222	regulation of neuron migration	30	0	0.466384211090851	0.523950119475887	0.725321458928361	Lower in TB	FALSE
GO:0010665	regulation of cardiac muscle cell apoptotic process	25	0	0.536818401158115	0.523961477462941	0.725321458928361	Higher in TB	FALSE
GO:0009226	nucleotide-sugar biosynthetic process	28	0	0.534789253539254	0.52400451707229	0.725321458928361	Higher in TB	FALSE
GO:0015807	L-amino acid transport	64	1	0.523013546367935	0.524354323538605	0.725622972770011	Higher in TB	FALSE
GO:0036120	cellular response to platelet-derived growth factor stimulus	18	0	0.456720977596741	0.524956563887668	0.72627357530307	Lower in TB	FALSE
GO:0032506	cytokinetic process	51	0	0.525695486248191	0.525576675102731	0.726812807667539	Higher in TB	FALSE
GO:0016079	synaptic vesicle exocytosis	73	1	0.521469876341936	0.525963796187902	0.726812807667539	Higher in TB	FALSE
GO:0006577	amino-acid betaine metabolic process	15	0	0.547287569440723	0.525993664229441	0.726812807667539	Higher in TB	FALSE
GO:0090559	regulation of membrane permeability	53	0	0.525174287425065	0.526119873316496	0.726812807667539	Higher in TB	FALSE
GO:0003338	metanephros morphogenesis	13	1	0.44922697727713	0.526151698954979	0.726812807667539	Lower in TB	FALSE
GO:0031445	regulation of heterochromatin formation	12	0	0.447179954279183	0.526346379032025	0.726812807667539	Lower in TB	FALSE
GO:0071498	cellular response to fluid shear stress	36	2	0.469499582737244	0.526540656175869	0.726812807667539	Lower in TB	FALSE
GO:0045834	positive regulation of lipid metabolic process	98	2	0.518514327897162	0.526593351038536	0.726812807667539	Higher in TB	FALSE
GO:0010715	regulation of extracellular matrix disassembly	19	1	0.541947004510795	0.526717072865405	0.726812807667539	Higher in TB	FALSE
GO:0019985	translesion synthesis	26	0	0.535858939987626	0.526786557338174	0.726812807667539	Higher in TB	FALSE
GO:0033490	cholesterol biosynthetic process via lathosterol	19	0	0.541938541481538	0.526800479911812	0.726812807667539	Higher in TB	FALSE
GO:0034587	piRNA processing	12	0	0.552726282326047	0.527080869990954	0.726862325683373	Higher in TB	FALSE
GO:0032946	positive regulation of mononuclear cell proliferation	99	9	0.481607266071927	0.527229729117127	0.726862325683373	Lower in TB	FALSE
GO:0001932	regulation of protein phosphorylation	318	9	0.510319563181202	0.527383132563096	0.726862325683373	Higher in TB	FALSE
GO:0035051	cardiocyte differentiation	81	0	0.479688884905341	0.527494078963017	0.726862325683373	Lower in TB	FALSE
GO:0070229	negative regulation of lymphocyte apoptotic process	18	0	0.456985981586689	0.527497395321327	0.726862325683373	Lower in TB	FALSE
GO:0030832	regulation of actin filament length	120	2	0.483336027879572	0.528502842281769	0.727945688653013	Lower in TB	FALSE
GO:0021587	cerebellum morphogenesis	18	0	0.457099129357678	0.528584152147796	0.727945688653013	Lower in TB	FALSE
GO:0110025	DNA strand resection involved in replication fork processing	10	0	0.557532411871853	0.528680817532099	0.727945688653013	Higher in TB	FALSE
GO:0055123	digestive system development	49	0	0.474097836912185	0.53050224564562	0.730163395707244	Lower in TB	FALSE
GO:0090066	regulation of anatomical structure size	332	6	0.489977025415224	0.530679432757525	0.730163395707244	Lower in TB	FALSE
GO:0070213	protein auto-ADP-ribosylation	12	0	0.447738069724246	0.530726042182398	0.730163395707244	Lower in TB	FALSE
GO:0006517	protein deglycosylation	17	0	0.456095938563002	0.530822679636569	0.730163395707244	Lower in TB	FALSE
GO:0006054	N-acetylneuraminate metabolic process	13	1	0.550171256167077	0.531066934574146	0.730316659902115	Higher in TB	FALSE
GO:0045923	positive regulation of fatty acid metabolic process	28	1	0.534174480603052	0.531364452647682	0.730543075933222	Higher in TB	FALSE
GO:0060544	regulation of necroptotic process	28	1	0.465873398909113	0.531939848677117	0.731151322006698	Lower in TB	FALSE
GO:0009895	negative regulation of catabolic process	304	9	0.489574022826498	0.532268425495051	0.731420095818993	Lower in TB	FALSE
GO:0035871	protein K11-linked deubiquitination	10	0	0.443110468231008	0.533297193543983	0.732650667192609	Lower in TB	FALSE
GO:0031440	regulation of mRNA 3'-end processing	15	0	0.453605558830359	0.533839217425913	0.732901499849235	Lower in TB	FALSE
GO:0010830	regulation of myotube differentiation	22	1	0.538307650321159	0.533927075565713	0.732901499849235	Higher in TB	FALSE
GO:0003158	endothelium development	92	7	0.481240875741638	0.534115145579162	0.732901499849235	Lower in TB	FALSE
GO:1905332	positive regulation of morphogenesis of an epithelium	25	1	0.535919789823602	0.534140956335253	0.732901499849235	Higher in TB	FALSE
GO:0070266	necroptotic process	37	1	0.470465153709963	0.534146291359746	0.732901499849235	Lower in TB	FALSE
GO:0033539	fatty acid beta-oxidation using acyl-CoA dehydrogenase	12	0	0.551730604372053	0.534912598745161	0.733769827320582	Higher in TB	FALSE
GO:1902430	negative regulation of amyloid-beta formation	17	1	0.543453246028568	0.535050521270958	0.73377594560931	Higher in TB	FALSE
GO:0048706	embryonic skeletal system development	33	0	0.468818420757486	0.535307569799078	0.733839231442954	Lower in TB	FALSE
GO:1902003	regulation of amyloid-beta formation	35	1	0.530273513836627	0.535383872434931	0.733839231442954	Higher in TB	FALSE
GO:1904666	regulation of ubiquitin protein ligase activity	10	0	0.556584163720133	0.535497089223196	0.733839231442954	Higher in TB	FALSE
GO:0070863	positive regulation of protein exit from endoplasmic reticulum	14	0	0.45224826614817	0.536140482140919	0.734376775519337	Lower in TB	FALSE
GO:1905606	regulation of presynapse assembly	19	0	0.459006496785459	0.536156489075049	0.734376775519337	Lower in TB	FALSE
GO:0015804	neutral amino acid transport	42	1	0.52752137669493	0.537150698842696	0.735496748461882	Higher in TB	FALSE
GO:1904152	regulation of retrograde protein transport, ER to cytosol	12	0	0.55143591941706	0.537241713681869	0.735496748461882	Higher in TB	FALSE
GO:0050901	leukocyte tethering or rolling	23	1	0.53713471897515	0.537556369809444	0.735719940038175	Higher in TB	FALSE
GO:0031112	positive regulation of microtubule polymerization or depolymerization	31	1	0.531983840690663	0.537672375240704	0.735719940038175	Higher in TB	FALSE
GO:0055057	neuroblast division	11	0	0.553646835350559	0.537809247387072	0.735724120958976	Higher in TB	FALSE
GO:0071625	vocalization behavior	11	0	0.553588388573655	0.538252351132307	0.736147121026225	Higher in TB	FALSE
GO:0090209	negative regulation of triglyceride metabolic process	11	0	0.553568906314687	0.538400093076964	0.736166056139555	Higher in TB	FALSE
GO:0021955	central nervous system neuron axonogenesis	17	0	0.456953433605609	0.538878961045161	0.736551942437012	Lower in TB	FALSE
GO:0000290	deadenylation-dependent decapping of nuclear-transcribed mRNA	20	0	0.460326436535163	0.539047610743257	0.736551942437012	Lower in TB	FALSE
GO:0055006	cardiac cell development	48	0	0.474384439195476	0.539246330929924	0.736551942437012	Lower in TB	FALSE
GO:0030502	negative regulation of bone mineralization	11	0	0.553456883325622	0.539250003849483	0.736551942437012	Higher in TB	FALSE
GO:0043933	protein-containing complex organization	1572	32	0.495330058352792	0.539352149918409	0.736551942437012	Lower in TB	FALSE
GO:0021885	forebrain cell migration	29	1	0.467090019102638	0.539600490728221	0.736708094865596	Lower in TB	FALSE
GO:0031099	regeneration	100	2	0.517685185185185	0.541222905209768	0.738739705273909	Higher in TB	FALSE
GO:0060541	respiratory system development	53	2	0.47581252235266	0.542464938084257	0.740014200538828	Lower in TB	FALSE
GO:0043524	negative regulation of neuron apoptotic process	84	5	0.480781544545529	0.542678977042933	0.740014200538828	Lower in TB	FALSE
GO:0072657	protein localization to membrane	349	6	0.490504169478917	0.542703287517083	0.740014200538828	Lower in TB	FALSE
GO:0043269	regulation of monoatomic ion transport	256	5	0.511058801574376	0.542721022094801	0.740014200538828	Higher in TB	FALSE
GO:1904375	regulation of protein localization to cell periphery	127	3	0.515642119213507	0.542829623640068	0.740014200538828	Higher in TB	FALSE
GO:0043367	CD4-positive, alpha-beta T cell differentiation	99	8	0.517691312652824	0.543101807386004	0.740201719635164	Higher in TB	FALSE
GO:0046697	decidualization	11	0	0.447151937267126	0.543880805381318	0.741051960468271	Lower in TB	FALSE
GO:1904380	endoplasmic reticulum mannose trimming	14	0	0.453174518119326	0.544077204565987	0.741051960468271	Lower in TB	FALSE
GO:0090101	negative regulation of transmembrane receptor protein serine/threonine kinase signaling pathway	106	3	0.482943172696884	0.544130004439871	0.741051960468271	Lower in TB	FALSE
GO:0030029	actin filament-based process	628	9	0.507103580120387	0.544391145655664	0.741224001687678	Higher in TB	FALSE
GO:0051782	negative regulation of cell division	10	0	0.444701596485589	0.544809684911013	0.741610212339873	Lower in TB	FALSE
GO:1901532	regulation of hematopoietic progenitor cell differentiation	30	0	0.468132575351282	0.545761918609394	0.742722531810507	Lower in TB	FALSE
GO:2001242	regulation of intrinsic apoptotic signaling pathway	142	7	0.514683710333654	0.545973942276794	0.74282720481015	Higher in TB	FALSE
GO:0034643	establishment of mitochondrion localization, microtubule-mediated	25	0	0.465148249423623	0.546368228376536	0.742995923723521	Lower in TB	FALSE
GO:0047497	mitochondrion transport along microtubule	25	0	0.465148249423623	0.546368228376536	0.742995923723521	Lower in TB	FALSE
GO:0060688	regulation of morphogenesis of a branching structure	26	0	0.53415343369767	0.546631428768145	0.74302740804279	Higher in TB	FALSE
GO:0032024	positive regulation of insulin secretion	54	1	0.52371448346639	0.546661670704454	0.74302740804279	Higher in TB	FALSE
GO:1903564	regulation of protein localization to cilium	12	0	0.44978746963852	0.546965245273779	0.743226860101114	Lower in TB	FALSE
GO:0051402	neuron apoptotic process	167	8	0.513511957122009	0.547078774614261	0.743226860101114	Higher in TB	FALSE
GO:0036293	response to decreased oxygen levels	223	4	0.48829859594816	0.547395580701425	0.743473543156234	Lower in TB	FALSE
GO:0090520	sphingolipid mediated signaling pathway	15	2	0.544840397977958	0.547629952070687	0.743608169050293	Higher in TB	FALSE
GO:0051094	positive regulation of developmental process	879	31	0.49401194599977	0.548287945725606	0.744317808789971	Lower in TB	FALSE
GO:0042476	odontogenesis	50	2	0.524378825297971	0.550956244674102	0.747670689235245	Higher in TB	FALSE
GO:0022029	telencephalon cell migration	28	1	0.467447677269106	0.551032965012769	0.747670689235245	Lower in TB	FALSE
GO:0036465	synaptic vesicle recycling	76	0	0.519777164685908	0.551165751813468	0.747670689235245	Higher in TB	FALSE
GO:0010894	negative regulation of steroid biosynthetic process	16	0	0.543006430868167	0.55142902838779	0.747728689693346	Higher in TB	FALSE
GO:0043653	mitochondrial fragmentation involved in apoptotic process	11	0	0.55185446752551	0.551480508677068	0.747728689693346	Higher in TB	FALSE
GO:0001889	liver development	67	0	0.478975427553511	0.551808755863944	0.74798928494575	Lower in TB	FALSE
GO:0006820	monoatomic anion transport	100	2	0.517164621016365	0.553194054953159	0.749682256379707	Higher in TB	FALSE
GO:0018200	peptidyl-glutamic acid modification	14	0	0.545734647947701	0.553498480161131	0.74972136464946	Higher in TB	FALSE
GO:0045880	positive regulation of smoothened signaling pathway	27	0	0.532942884436262	0.553509521638537	0.74972136464946	Higher in TB	FALSE
GO:1902969	mitotic DNA replication	16	0	0.542768622722401	0.553632000814261	0.74972136464946	Higher in TB	FALSE
GO:0048384	retinoic acid receptor signaling pathway	24	1	0.465122149546072	0.554197824140015	0.75030279170692	Lower in TB	FALSE
GO:0090276	regulation of peptide hormone secretion	121	3	0.515550151325855	0.554792852857828	0.750923462583047	Higher in TB	FALSE
GO:0007008	outer mitochondrial membrane organization	14	0	0.454449071451536	0.555093050130571	0.750972800342686	Lower in TB	FALSE
GO:0016601	Rac protein signal transduction	54	1	0.476782738059722	0.555102484647631	0.750972800342686	Lower in TB	FALSE
GO:0009988	cell-cell recognition	27	1	0.467204080051954	0.555280468421975	0.751028786072329	Lower in TB	FALSE
GO:0001895	retina homeostasis	31	0	0.469422745871504	0.555706585591518	0.751356436234366	Lower in TB	FALSE
GO:0051100	negative regulation of binding	31	1	0.469429666346595	0.555796039680823	0.751356436234366	Lower in TB	FALSE
GO:0008064	regulation of actin polymerization or depolymerization	118	2	0.484323540854965	0.556525044541722	0.751736827230809	Lower in TB	FALSE
GO:0046530	photoreceptor cell differentiation	29	0	0.468462154400357	0.556639053516792	0.751736827230809	Lower in TB	FALSE
GO:0036196	zymosterol metabolic process	14	0	0.54537103663671	0.556656571891859	0.751736827230809	Higher in TB	FALSE
GO:0036197	zymosterol biosynthetic process	14	0	0.54537103663671	0.556656571891859	0.751736827230809	Higher in TB	FALSE
GO:0010762	regulation of fibroblast migration	33	0	0.529552890921769	0.556838803649628	0.751736827230809	Higher in TB	FALSE
GO:0032413	negative regulation of ion transmembrane transporter activity	16	0	0.457583065380493	0.556897798710638	0.751736827230809	Lower in TB	FALSE
GO:0035767	endothelial cell chemotaxis	20	0	0.537928816466552	0.557042853778515	0.751748063346656	Higher in TB	FALSE
GO:1990116	ribosome-associated ubiquitin-dependent protein catabolic process	18	0	0.539947118304927	0.557351627221117	0.751980183180785	Higher in TB	FALSE
GO:0046931	pore complex assembly	19	0	0.46114482217765	0.557630381304962	0.752126412838843	Lower in TB	FALSE
GO:0043268	positive regulation of potassium ion transport	23	0	0.535309624981644	0.557733609520546	0.752126412838843	Higher in TB	FALSE
GO:0035774	positive regulation of insulin secretion involved in cellular response to glucose stimulus	24	0	0.534533830152263	0.558112606037379	0.752452944579085	Higher in TB	FALSE
GO:0045742	positive regulation of epidermal growth factor receptor signaling pathway	26	1	0.533155289750464	0.558414912742778	0.752675947599852	Higher in TB	FALSE
GO:0046426	negative regulation of receptor signaling pathway via JAK-STAT	24	3	0.53438639288012	0.559794476579498	0.754350498096588	Higher in TB	FALSE
GO:0048008	platelet-derived growth factor receptor signaling pathway	37	1	0.527690413735802	0.559984792758029	0.754422051110914	Higher in TB	FALSE
GO:0032733	positive regulation of interleukin-10 production	32	3	0.529676102231281	0.561240398430788	0.755708085619145	Higher in TB	FALSE
GO:0150079	negative regulation of neuroinflammatory response	11	0	0.449431361566374	0.561392255130166	0.755708085619145	Lower in TB	FALSE
GO:0032272	negative regulation of protein polymerization	62	1	0.478671967336413	0.561403982562025	0.755708085619145	Lower in TB	FALSE
GO:0010718	positive regulation of epithelial to mesenchymal transition	44	3	0.525299826300792	0.56148918329469	0.755708085619145	Higher in TB	FALSE
GO:0048011	neurotrophin TRK receptor signaling pathway	12	0	0.54836405200743	0.561820327308473	0.755968712565341	Higher in TB	FALSE
GO:0070897	transcription preinitiation complex assembly	69	0	0.479809297264626	0.561991297559161	0.756013739657516	Lower in TB	FALSE
GO:0015816	glycine transport	11	1	0.550432262620851	0.562448533942277	0.75644374745955	Higher in TB	FALSE
GO:0050000	chromosome localization	111	1	0.515898608007415	0.562930966668885	0.756789183666613	Higher in TB	FALSE
GO:0110156	mRNA methylguanosine-cap decapping	23	0	0.465175202030679	0.563154882730343	0.756789183666613	Lower in TB	FALSE
GO:2000008	regulation of protein localization to cell surface	31	0	0.529995934220884	0.563245129479014	0.756789183666613	Higher in TB	FALSE
GO:0002097	tRNA wobble base modification	29	0	0.469002132172504	0.563415434604037	0.756789183666613	Lower in TB	FALSE
GO:1902305	regulation of sodium ion transmembrane transport	30	0	0.469523400908148	0.563429017015511	0.756789183666613	Lower in TB	FALSE
GO:0048265	response to pain	17	0	0.459538528954644	0.563531269176267	0.756789183666613	Lower in TB	FALSE
GO:0021697	cerebellar cortex formation	11	0	0.449811265616248	0.564337129572451	0.757484502168569	Lower in TB	FALSE
GO:0002840	regulation of T cell mediated immune response to tumor cell	18	1	0.460767499196055	0.564424302852281	0.757484502168569	Lower in TB	FALSE
GO:0021799	cerebral cortex radially oriented cell migration	20	1	0.462813572041166	0.56478758501573	0.757484502168569	Lower in TB	FALSE
GO:0006511	ubiquitin-dependent protein catabolic process	632	8	0.506725209684344	0.56484595187462	0.757484502168569	Higher in TB	FALSE
GO:0051641	cellular localization	1920	28	0.504002515268163	0.564990069517094	0.757484502168569	Higher in TB	FALSE
GO:0042373	vitamin K metabolic process	11	0	0.550081581959428	0.565169077625203	0.757484502168569	Higher in TB	FALSE
GO:0098704	carbohydrate import across plasma membrane	53	0	0.522833906946067	0.565288998253481	0.757484502168569	Higher in TB	FALSE
GO:0098708	D-glucose import across plasma membrane	53	0	0.522833906946067	0.565288998253481	0.757484502168569	Higher in TB	FALSE
GO:0140271	hexose import across plasma membrane	53	0	0.522833906946067	0.565288998253481	0.757484502168569	Higher in TB	FALSE
GO:0051155	positive regulation of striated muscle cell differentiation	18	1	0.539092554876669	0.565814409905246	0.758003807421794	Higher in TB	FALSE
GO:1901607	alpha-amino acid biosynthetic process	45	0	0.475270009959506	0.566000911123829	0.758068942596544	Lower in TB	FALSE
GO:0090657	telomeric loop disassembly	11	0	0.450054793853347	0.566228772523169	0.758189427991325	Lower in TB	FALSE
GO:0071624	positive regulation of granulocyte chemotaxis	22	1	0.464745557862316	0.567021017487414	0.758404066302082	Lower in TB	FALSE
GO:0090023	positive regulation of neutrophil chemotaxis	22	1	0.464745557862316	0.567021017487414	0.758404066302082	Lower in TB	FALSE
GO:0016558	protein import into peroxisome matrix	15	0	0.457320972438062	0.567098449678373	0.758404066302082	Lower in TB	FALSE
GO:0044743	protein transmembrane import into intracellular organelle	15	0	0.457320972438062	0.567098449678373	0.758404066302082	Lower in TB	FALSE
GO:0007140	male meiotic nuclear division	22	0	0.464767488328119	0.567262235119929	0.758404066302082	Lower in TB	FALSE
GO:0051788	response to misfolded protein	19	1	0.537896034506591	0.567396615580545	0.758404066302082	Higher in TB	FALSE
GO:0051656	establishment of organelle localization	338	5	0.509060953392606	0.567459906437944	0.758404066302082	Higher in TB	FALSE
GO:0002835	negative regulation of response to tumor cell	11	2	0.549764995251199	0.567630544349412	0.758404066302082	Higher in TB	FALSE
GO:0002838	negative regulation of immune response to tumor cell	11	2	0.549764995251199	0.567630544349412	0.758404066302082	Higher in TB	FALSE
GO:0008286	insulin receptor signaling pathway	102	2	0.483653620810874	0.568473300712396	0.759143254627501	Lower in TB	FALSE
GO:0071318	cellular response to ATP	16	0	0.458845793140407	0.568700324402649	0.759143254627501	Lower in TB	FALSE
GO:0036159	inner dynein arm assembly	10	0	0.447953498339226	0.56871594815008	0.759143254627501	Lower in TB	FALSE
GO:0032892	positive regulation of organic acid transport	25	2	0.532927993137097	0.56873609781933	0.759143254627501	Higher in TB	FALSE
GO:0006874	intracellular calcium ion homeostasis	114	2	0.515450826722015	0.568880536572472	0.759151745163944	Higher in TB	FALSE
GO:0048333	mesodermal cell differentiation	12	0	0.547466602371767	0.569102234734788	0.759263306617779	Higher in TB	FALSE
GO:0032781	positive regulation of ATP-dependent activity	16	1	0.541057073954984	0.56961313949961	0.759263530627883	Higher in TB	FALSE
GO:0046474	glycerophospholipid biosynthetic process	188	2	0.487969482217332	0.569686964614456	0.759263530627883	Lower in TB	FALSE
GO:0016339	calcium-dependent cell-cell adhesion	18	0	0.461300484748871	0.569727308834586	0.759263530627883	Lower in TB	FALSE
GO:0003254	regulation of membrane depolarization	34	1	0.471839363360407	0.569853114435719	0.759263530627883	Lower in TB	FALSE
GO:0048679	regulation of axon regeneration	17	2	0.460200565568421	0.56993099143348	0.759263530627883	Lower in TB	FALSE
GO:0070570	regulation of neuron projection regeneration	17	2	0.460200565568421	0.56993099143348	0.759263530627883	Lower in TB	FALSE
GO:0051281	positive regulation of release of sequestered calcium ion into cytosol	18	0	0.538657829230238	0.570143069296866	0.759362062740836	Higher in TB	FALSE
GO:0036480	neuron intrinsic apoptotic signaling pathway in response to oxidative stress	21	1	0.464244234279077	0.570543975024792	0.759711982244201	Lower in TB	FALSE
GO:0048144	fibroblast proliferation	54	1	0.47772944784544	0.571347743233316	0.760598036875731	Lower in TB	FALSE
GO:0150116	regulation of cell-substrate junction organization	61	1	0.520922224717419	0.571999627689134	0.761281518526957	Higher in TB	FALSE
GO:0009173	pyrimidine ribonucleoside monophosphate metabolic process	15	0	0.542100280442277	0.572367235354458	0.761475524574216	Higher in TB	FALSE
GO:0009896	positive regulation of catabolic process	485	10	0.492503090063229	0.572456980344999	0.761475524574216	Lower in TB	FALSE
GO:0070849	response to epidermal growth factor	43	2	0.475131019109632	0.572594430755325	0.761475524574216	Lower in TB	FALSE
GO:1903241	U2-type prespliceosome assembly	25	0	0.467417296659697	0.572796689745632	0.761475524574216	Lower in TB	FALSE
GO:0001919	regulation of receptor recycling	20	0	0.536419918524871	0.572837899170418	0.761475524574216	Higher in TB	FALSE
GO:0097700	vascular endothelial cell response to laminar fluid shear stress	18	1	0.461654815926442	0.573265874290458	0.761860231290534	Lower in TB	FALSE
GO:0045839	negative regulation of mitotic nuclear division	60	2	0.521002542615671	0.573690735849177	0.762205618854625	Higher in TB	FALSE
GO:0090235	regulation of metaphase plate congression	15	0	0.458074772698855	0.573965447923426	0.762205618854625	Lower in TB	FALSE
GO:0003376	sphingosine-1-phosphate receptor signaling pathway	14	2	0.543388398119938	0.574029327258296	0.762205618854625	Higher in TB	FALSE
GO:0014829	vascular associated smooth muscle contraction	13	0	0.454980854755811	0.574080296048927	0.762205618854625	Lower in TB	FALSE
GO:0035930	corticosteroid hormone secretion	10	0	0.551210757527055	0.5749398975634	0.763162616321481	Higher in TB	FALSE
GO:0034766	negative regulation of monoatomic ion transmembrane transport	51	1	0.477313330701408	0.575177742561163	0.763205852984463	Lower in TB	FALSE
GO:0007159	leukocyte cell-cell adhesion	342	24	0.491173367220458	0.57531948401425	0.763205852984463	Lower in TB	FALSE
GO:0071635	negative regulation of transforming growth factor beta production	11	0	0.548771400043835	0.575388916082321	0.763205852984463	Higher in TB	FALSE
GO:0010632	regulation of epithelial cell migration	52	2	0.522441060335712	0.57563722641773	0.763351054231712	Higher in TB	FALSE
GO:0007265	Ras protein signal transduction	97	0	0.4835578135829	0.575832619945367	0.763426029529691	Lower in TB	FALSE
GO:0008284	positive regulation of cell population proliferation	578	22	0.493178240268955	0.575987899361163	0.763447799105032	Lower in TB	FALSE
GO:1905671	regulation of lysosome organization	11	0	0.548639894795802	0.576419502590525	0.763506715981143	Higher in TB	FALSE
GO:0045017	glycerolipid biosynthetic process	218	4	0.510982284601491	0.576571271185105	0.763506715981143	Higher in TB	FALSE
GO:0033013	tetrapyrrole metabolic process	51	0	0.522601394920384	0.576615150340515	0.763506715981143	Higher in TB	FALSE
GO:0009209	pyrimidine ribonucleoside triphosphate biosynthetic process	12	0	0.546537898271182	0.576684872320099	0.763506715981143	Higher in TB	FALSE
GO:0045446	endothelial cell differentiation	76	6	0.481478494623656	0.576726699066877	0.763506715981143	Lower in TB	FALSE
GO:0045010	actin nucleation	48	0	0.523251288383079	0.577332704091144	0.763684359494783	Higher in TB	FALSE
GO:0051289	protein homotetramerization	52	2	0.522338834919376	0.577378001081261	0.763684359494783	Higher in TB	FALSE
GO:0051784	negative regulation of nuclear division	62	2	0.520463265596135	0.577384302349566	0.763684359494783	Higher in TB	FALSE
GO:0045744	negative regulation of G protein-coupled receptor signaling pathway	48	1	0.476755421945458	0.5774425807445	0.763684359494783	Lower in TB	FALSE
GO:0071277	cellular response to calcium ion	55	0	0.478293812948235	0.577668941668655	0.763684359494783	Lower in TB	FALSE
GO:1903376	regulation of oxidative stress-induced neuron intrinsic apoptotic signaling pathway	19	1	0.46311670799446	0.577796693344109	0.763684359494783	Lower in TB	FALSE
GO:0000338	protein deneddylation	11	0	0.548459683900348	0.57783320034527	0.763684359494783	Higher in TB	FALSE
GO:0043371	negative regulation of CD4-positive, alpha-beta T cell differentiation	19	1	0.463150560111486	0.578145872226745	0.763913964312099	Lower in TB	FALSE
GO:0043523	regulation of neuron apoptotic process	146	8	0.513318276914888	0.578719609501085	0.764488326054052	Higher in TB	FALSE
GO:0030810	positive regulation of nucleotide biosynthetic process	12	0	0.546238748392628	0.579137460461595	0.764489257531297	Higher in TB	FALSE
GO:1900373	positive regulation of purine nucleotide biosynthetic process	12	0	0.546238748392628	0.579137460461595	0.764489257531297	Higher in TB	FALSE
GO:2001171	positive regulation of ATP biosynthetic process	12	0	0.546238748392628	0.579137460461595	0.764489257531297	Higher in TB	FALSE
GO:0048668	collateral sprouting	13	0	0.45559086468908	0.579280311720564	0.76449427600568	Lower in TB	FALSE
GO:0051299	centrosome separation	14	0	0.542772172634995	0.57948080800915	0.764575349756253	Higher in TB	FALSE
GO:0051952	regulation of amine transport	36	0	0.473327968526466	0.579713739278648	0.764687262566298	Lower in TB	FALSE
GO:0071397	cellular response to cholesterol	13	0	0.544343188291107	0.579843797315186	0.764687262566298	Higher in TB	FALSE
GO:0031111	negative regulation of microtubule polymerization or depolymerization	30	0	0.47084450641782	0.580461750122059	0.765318633614168	Lower in TB	FALSE
GO:1901888	regulation of cell junction assembly	195	4	0.488535557655194	0.581187163880118	0.766091351477557	Lower in TB	FALSE
GO:0003085	negative regulation of systemic arterial blood pressure	10	0	0.550342869388192	0.581437123078577	0.766237129119371	Higher in TB	FALSE
GO:1903599	positive regulation of autophagy of mitochondrion	25	1	0.468206530480939	0.582129359239399	0.766887471914456	Lower in TB	FALSE
GO:0006111	regulation of gluconeogenesis	37	1	0.526122936069822	0.582409290837153	0.766887471914456	Higher in TB	FALSE
GO:0034314	Arp2/3 complex-mediated actin nucleation	40	0	0.525126100021464	0.582411256325057	0.766887471914456	Higher in TB	FALSE
GO:0072350	tricarboxylic acid metabolic process	13	0	0.455965938364267	0.582488556332261	0.766887471914456	Lower in TB	FALSE
GO:0042158	lipoprotein biosynthetic process	42	0	0.524467563133443	0.583246750809403	0.767446899572492	Higher in TB	FALSE
GO:0090075	relaxation of muscle	26	0	0.531080635182512	0.583294873709262	0.767446899572492	Higher in TB	FALSE
GO:0030834	regulation of actin filament depolymerization	50	1	0.47757543219156	0.583332228685603	0.767446899572492	Lower in TB	FALSE
GO:0045604	regulation of epidermal cell differentiation	26	0	0.468964734996907	0.583844694520591	0.767937351788088	Lower in TB	FALSE
GO:0001558	regulation of cell growth	290	4	0.490659497293668	0.584587875523212	0.76873095901139	Lower in TB	FALSE
GO:0016049	cell growth	331	4	0.491252174872513	0.584795132165775	0.768819616606272	Lower in TB	FALSE
GO:0051987	positive regulation of attachment of spindle microtubules to kinetochore	11	0	0.547534276599372	0.585118305727376	0.769060589263474	Higher in TB	FALSE
GO:1903321	negative regulation of protein modification by small protein conjugation or removal	73	3	0.518463291014338	0.585499762671407	0.769378034217829	Higher in TB	FALSE
GO:0044058	regulation of digestive system process	19	0	0.536107514323677	0.585823514319731	0.769540792279792	Higher in TB	FALSE
GO:0006044	N-acetylglucosamine metabolic process	15	0	0.459375167461551	0.585903557017681	0.769540792279792	Lower in TB	FALSE
GO:0034101	erythrocyte homeostasis	105	5	0.484627593970117	0.586368147477748	0.769943232048703	Lower in TB	FALSE
GO:0046632	alpha-beta T cell differentiation	114	10	0.514751888880698	0.586490042891955	0.769943232048703	Higher in TB	FALSE
GO:0007213	G protein-coupled acetylcholine receptor signaling pathway	15	0	0.459589518246611	0.58788238596714	0.771560843842415	Lower in TB	FALSE
GO:0065004	protein-DNA complex assembly	153	2	0.487304425270261	0.588002898453932	0.771560843842415	Lower in TB	FALSE
GO:0050909	sensory perception of taste	18	0	0.463161467824347	0.588427415460074	0.771933650727628	Lower in TB	FALSE
GO:0035821	modulation of process of another organism	102	4	0.515457512821	0.589687022097726	0.7731409387947	Higher in TB	FALSE
GO:0015865	purine nucleotide transport	33	2	0.527117985627882	0.589794720032479	0.7731409387947	Higher in TB	FALSE
GO:0051503	adenine nucleotide transport	33	2	0.527117985627882	0.589794720032479	0.7731409387947	Higher in TB	FALSE
GO:0021533	cell differentiation in hindbrain	10	0	0.450782170791814	0.58991019247795	0.7731409387947	Lower in TB	FALSE
GO:0048286	lung alveolus development	10	0	0.450803600128576	0.590072135049358	0.773168874762004	Lower in TB	FALSE
GO:0006040	amino sugar metabolic process	38	1	0.474781290063876	0.590613866375246	0.773228717459657	Lower in TB	FALSE
GO:0035855	megakaryocyte development	12	1	0.544845692241749	0.590622471672217	0.773228717459657	Higher in TB	FALSE
GO:1990573	potassium ion import across plasma membrane	29	1	0.47114724934953	0.590721070042461	0.773228717459657	Lower in TB	FALSE
GO:0051775	response to redox state	11	0	0.546823174147042	0.590745169045711	0.773228717459657	Higher in TB	FALSE
GO:2000147	positive regulation of cell motility	438	16	0.50750477827167	0.590820997098585	0.773228717459657	Higher in TB	FALSE
GO:0060236	regulation of mitotic spindle organization	41	0	0.524253470063544	0.591027067803687	0.773314330981598	Higher in TB	FALSE
GO:0006835	dicarboxylic acid transport	59	1	0.520123306291043	0.592944807013339	0.775638960018876	Higher in TB	FALSE
GO:0045580	regulation of T cell differentiation	149	10	0.487316352734609	0.593231403186783	0.775829270866064	Lower in TB	FALSE
GO:0009266	response to temperature stimulus	105	1	0.484941960199082	0.594047857466283	0.776437057472735	Lower in TB	FALSE
GO:0010660	regulation of muscle cell apoptotic process	53	0	0.478839819699519	0.594134177219658	0.776437057472735	Lower in TB	FALSE
GO:0042733	embryonic digit morphogenesis	14	0	0.458881301958143	0.59422715297084	0.776437057472735	Lower in TB	FALSE
GO:0098719	sodium ion import across plasma membrane	20	0	0.465595518867925	0.594261029073348	0.776437057472735	Lower in TB	FALSE
GO:0042461	photoreceptor cell development	22	0	0.46722857393491	0.594639490369713	0.776590169935309	Lower in TB	FALSE
GO:0042098	T cell proliferation	138	8	0.513124627674295	0.594660715792589	0.776590169935309	Higher in TB	FALSE
GO:0002793	positive regulation of peptide secretion	68	1	0.518642361286733	0.595047062542147	0.776910175696206	Higher in TB	FALSE
GO:0031204	post-translational protein targeting to membrane, translocation	11	0	0.546194871295327	0.5957374679352	0.777626922770116	Higher in TB	FALSE
GO:1902904	negative regulation of supramolecular fiber organization	126	3	0.486358618919266	0.597067197017225	0.778930690757814	Lower in TB	FALSE
GO:0006612	protein targeting to membrane	106	0	0.485136302211926	0.597092896751185	0.778930690757814	Lower in TB	FALSE
GO:2000317	negative regulation of T-helper 17 type immune response	13	0	0.542298830676905	0.597437946288676	0.778930690757814	Higher in TB	FALSE
GO:0001824	blastocyst development	18	0	0.535951215445266	0.597442348707616	0.778930690757814	Higher in TB	FALSE
GO:2001026	regulation of endothelial cell chemotaxis	11	0	0.545980566446679	0.597444656770772	0.778930690757814	Higher in TB	FALSE
GO:0007169	cell surface receptor protein tyrosine kinase signaling pathway	439	11	0.492655860079692	0.598385127819521	0.779834164765832	Lower in TB	FALSE
GO:0050709	negative regulation of protein secretion	42	3	0.523487531751995	0.598421306138059	0.779834164765832	Higher in TB	FALSE
GO:0090161	Golgi ribbon formation	11	0	0.45416555049558	0.59860992270365	0.77989510782575	Lower in TB	FALSE
GO:0042996	regulation of Golgi to plasma membrane protein transport	11	0	0.545805226115968	0.598843099550224	0.779954007838767	Higher in TB	FALSE
GO:0045721	negative regulation of gluconeogenesis	13	0	0.457874280250104	0.598938854327987	0.779954007838767	Lower in TB	FALSE
GO:0031340	positive regulation of vesicle fusion	15	0	0.53918153725238	0.59928686308903	0.779955112282208	Higher in TB	FALSE
GO:0015867	ATP transport	20	2	0.533935463121784	0.599298519296023	0.779955112282208	Higher in TB	FALSE
GO:0006654	phosphatidic acid biosynthetic process	29	0	0.471816673847878	0.599365287266702	0.779955112282208	Lower in TB	FALSE
GO:2000774	positive regulation of cellular senescence	13	0	0.45795671402487	0.599654172742677	0.780088022633451	Lower in TB	FALSE
GO:0001731	formation of translation preinitiation complex	12	0	0.456252678954136	0.59975119528403	0.780088022633451	Lower in TB	FALSE
GO:0009437	carnitine metabolic process	13	0	0.542002069087747	0.600011976937425	0.78024263226158	Higher in TB	FALSE
GO:0031102	neuron projection regeneration	28	2	0.528607050928479	0.600312548043134	0.780448897881567	Higher in TB	FALSE
GO:0031048	regulatory ncRNA-mediated heterochromatin formation	19	0	0.465305811562191	0.600578413424027	0.780530721560565	Lower in TB	FALSE
GO:0046827	positive regulation of protein export from nucleus	17	1	0.463340510650908	0.600746461842731	0.780530721560565	Lower in TB	FALSE
GO:0045740	positive regulation of DNA replication	38	0	0.475470318138946	0.60080138480253	0.780530721560565	Lower in TB	FALSE
GO:0010560	positive regulation of glycoprotein biosynthetic process	10	0	0.547739204971606	0.601131930779057	0.780775656844616	Higher in TB	FALSE
GO:0015749	monosaccharide transmembrane transport	77	2	0.517205575219447	0.601739698530243	0.780848424025867	Higher in TB	FALSE
GO:0003012	muscle system process	329	4	0.49162257546723	0.601876768354592	0.780848424025867	Lower in TB	FALSE
GO:1900024	regulation of substrate adhesion-dependent cell spreading	47	2	0.521986424734714	0.60204377379076	0.780848424025867	Higher in TB	FALSE
GO:1902229	regulation of intrinsic apoptotic signaling pathway in response to DNA damage	30	1	0.472499910615324	0.602138742713569	0.780848424025867	Lower in TB	FALSE
GO:0043270	positive regulation of monoatomic ion transport	121	3	0.513725778398373	0.602155761326978	0.780848424025867	Higher in TB	FALSE
GO:2000810	regulation of bicellular tight junction assembly	18	0	0.535462893486262	0.602430220279857	0.780848424025867	Higher in TB	FALSE
GO:0040017	positive regulation of locomotion	448	16	0.50718821514781	0.602596347845243	0.780848424025867	Higher in TB	FALSE
GO:0050482	arachidonate secretion	14	0	0.540188618583217	0.602596663179501	0.780848424025867	Higher in TB	FALSE
GO:1903963	arachidonate transport	14	0	0.540188618583217	0.602596663179501	0.780848424025867	Higher in TB	FALSE
GO:0007214	gamma-aminobutyric acid signaling pathway	12	0	0.543399057008144	0.60265894815469	0.780848424025867	Higher in TB	FALSE
GO:0010659	cardiac muscle cell apoptotic process	27	0	0.528931151109284	0.602818009034724	0.780848424025867	Higher in TB	FALSE
GO:0039532	negative regulation of cytoplasmic pattern recognition receptor signaling pathway	57	1	0.480076473475972	0.602892244450674	0.780848424025867	Lower in TB	FALSE
GO:0031338	regulation of vesicle fusion	21	0	0.532779415706245	0.603042467758352	0.780859040917433	Higher in TB	FALSE
GO:0032482	Rab protein signal transduction	23	0	0.468690197870024	0.60320030252095	0.780879506300961	Lower in TB	FALSE
GO:0033762	response to glucagon	20	0	0.533530767581475	0.603660637517386	0.781291474828293	Higher in TB	FALSE
GO:0008645	hexose transmembrane transport	75	2	0.517275415300253	0.605019202097066	0.782175266396609	Higher in TB	FALSE
GO:0051132	NK T cell activation	22	2	0.468152090217063	0.605066262973298	0.782175266396609	Lower in TB	FALSE
GO:0030166	proteoglycan biosynthetic process	59	1	0.519465988348539	0.6050783047879	0.782175266396609	Higher in TB	FALSE
GO:0010984	regulation of lipoprotein particle clearance	13	0	0.54140854590943	0.605175030508233	0.782175266396609	Higher in TB	FALSE
GO:0048864	stem cell development	38	1	0.475783769435392	0.605461995791876	0.782175266396609	Lower in TB	FALSE
GO:0006884	cell volume homeostasis	23	0	0.53111167570667	0.60549516160431	0.782175266396609	Higher in TB	FALSE
GO:0050954	sensory perception of mechanical stimulus	88	0	0.51592975428918	0.605567392579956	0.782175266396609	Higher in TB	FALSE
GO:0036507	protein demannosylation	15	0	0.461504385259811	0.605695425677117	0.782175266396609	Lower in TB	FALSE
GO:0036508	protein alpha-1,2-demannosylation	15	0	0.461504385259811	0.605695425677117	0.782175266396609	Lower in TB	FALSE
GO:1990822	basic amino acid transmembrane transport	14	0	0.460163510265321	0.60577916186781	0.782175266396609	Lower in TB	FALSE
GO:0141086	negative regulation of inflammasome-mediated signaling pathway	16	1	0.462747856377278	0.605908413892899	0.782175266396609	Lower in TB	FALSE
GO:0042093	T-helper cell differentiation	87	6	0.515972553289765	0.606649619244944	0.782651373546849	Higher in TB	FALSE
GO:1902100	negative regulation of metaphase/anaphase transition of cell cycle	57	2	0.519714345749437	0.606704284113618	0.782651373546849	Higher in TB	FALSE
GO:1905819	negative regulation of chromosome separation	57	2	0.519714345749437	0.606704284113618	0.782651373546849	Higher in TB	FALSE
GO:2000178	negative regulation of neural precursor cell proliferation	12	0	0.542805222174596	0.607631620044336	0.783663768942942	Higher in TB	FALSE
GO:0006309	apoptotic DNA fragmentation	12	0	0.542787362480354	0.60778145726565	0.783673182937745	Higher in TB	FALSE
GO:0005979	regulation of glycogen biosynthetic process	23	0	0.46919367207513	0.609039579534149	0.784792204708507	Lower in TB	FALSE
GO:0010962	regulation of glucan biosynthetic process	23	0	0.46919367207513	0.609039579534149	0.784792204708507	Lower in TB	FALSE
GO:1903911	positive regulation of receptor clustering	10	1	0.453305475195543	0.609117968611454	0.784792204708507	Lower in TB	FALSE
GO:1900226	negative regulation of NLRP3 inflammasome complex assembly	13	0	0.459077813361691	0.60942064848633	0.784792204708507	Lower in TB	FALSE
GO:0045910	negative regulation of DNA recombination	37	0	0.475728746612378	0.609427211502848	0.784792204708507	Lower in TB	FALSE
GO:0070230	positive regulation of lymphocyte apoptotic process	12	1	0.542581975996571	0.609505768298531	0.784792204708507	Higher in TB	FALSE
GO:0099150	regulation of postsynaptic specialization assembly	13	0	0.459106665182859	0.609672922817897	0.784823631386748	Lower in TB	FALSE
GO:0071467	cellular response to pH	17	0	0.464279972131411	0.610110566190193	0.785203158453577	Lower in TB	FALSE
GO:0048675	axon extension	73	1	0.48275245044436	0.610431451925742	0.785432277717699	Lower in TB	FALSE
GO:0086002	cardiac muscle cell action potential involved in contraction	43	0	0.522398994532082	0.611317647765016	0.786388494949007	Higher in TB	FALSE
GO:0009174	pyrimidine ribonucleoside monophosphate biosynthetic process	11	0	0.455826413072596	0.611926913308532	0.786988109794224	Lower in TB	FALSE
GO:1901163	regulation of trophoblast cell migration	12	0	0.542175667952565	0.612923294352914	0.788085189979495	Higher in TB	FALSE
GO:0060996	dendritic spine development	75	0	0.483138899342329	0.613704880074129	0.788821997849893	Lower in TB	FALSE
GO:0001954	positive regulation of cell-matrix adhesion	44	2	0.521990514852258	0.613783286067996	0.788821997849893	Higher in TB	FALSE
GO:0045672	positive regulation of osteoclast differentiation	19	1	0.466589370999456	0.614122271799682	0.789073206439507	Lower in TB	FALSE
GO:0031018	endocrine pancreas development	18	0	0.465698359952835	0.61436627267125	0.789178676719935	Lower in TB	FALSE
GO:0090189	regulation of branching involved in ureteric bud morphogenesis	11	0	0.456152740910309	0.614558783735208	0.789178676719935	Lower in TB	FALSE
GO:0006220	pyrimidine nucleotide metabolic process	49	1	0.479208916615446	0.614634975211852	0.789178676719935	Lower in TB	FALSE
GO:0014074	response to purine-containing compound	104	0	0.514259990225153	0.615431099235557	0.790016386550803	Higher in TB	FALSE
GO:0036376	sodium ion export across plasma membrane	14	0	0.461273481635715	0.615859818419007	0.790382185263235	Lower in TB	FALSE
GO:0046128	purine ribonucleoside metabolic process	17	0	0.535067448920723	0.616653057968621	0.790756390285301	Higher in TB	FALSE
GO:0008344	adult locomotory behavior	12	0	0.458270824403486	0.61668854538083	0.790756390285301	Lower in TB	FALSE
GO:0001574	ganglioside biosynthetic process	12	0	0.541720245749393	0.616763953773249	0.790756390285301	Higher in TB	FALSE
GO:0043535	regulation of blood vessel endothelial cell migration	79	1	0.4837148771103	0.616844781635627	0.790756390285301	Lower in TB	FALSE
GO:0051261	protein depolymerization	101	1	0.485589861812561	0.616870527088697	0.790756390285301	Lower in TB	FALSE
GO:0070228	regulation of lymphocyte apoptotic process	35	2	0.524403197253366	0.617343510634089	0.79117823344201	Higher in TB	FALSE
GO:0046631	alpha-beta T cell activation	168	19	0.511162483147571	0.617839712774743	0.791629629651722	Higher in TB	FALSE
GO:0045039	protein insertion into mitochondrial inner membrane	18	0	0.533875847119496	0.618768777358833	0.792635307064041	Higher in TB	FALSE
GO:0099637	neurotransmitter receptor transport	17	0	0.465206823390699	0.619411953587241	0.792822618899336	Lower in TB	FALSE
GO:0006730	one-carbon metabolic process	21	0	0.531298898546285	0.619512310280242	0.792822618899336	Higher in TB	FALSE
GO:0045061	thymic T cell selection	24	4	0.529266298520266	0.61967282184902	0.792822618899336	Higher in TB	FALSE
GO:0035994	response to muscle stretch	14	0	0.538278702328643	0.619947596588101	0.792822618899336	Higher in TB	FALSE
GO:0034122	negative regulation of toll-like receptor signaling pathway	17	0	0.534730125503227	0.620046942847331	0.792822618899336	Higher in TB	FALSE
GO:0051055	negative regulation of lipid biosynthetic process	44	1	0.521601399352043	0.620070772892177	0.792822618899336	Higher in TB	FALSE
GO:0055090	acylglycerol homeostasis	30	1	0.52614144231113	0.620197647280969	0.792822618899336	Higher in TB	FALSE
GO:0070328	triglyceride homeostasis	30	1	0.52614144231113	0.620197647280969	0.792822618899336	Higher in TB	FALSE
GO:0032924	activin receptor signaling pathway	32	0	0.474688572731174	0.620214856288964	0.792822618899336	Lower in TB	FALSE
GO:0002763	positive regulation of myeloid leukocyte differentiation	43	1	0.47817388254647	0.620462074933181	0.792822618899336	Lower in TB	FALSE
GO:0070206	protein trimerization	16	0	0.535751607717042	0.620501223922125	0.792822618899336	Higher in TB	FALSE
GO:0030202	heparin proteoglycan metabolic process	13	1	0.539570272732144	0.621290961408391	0.793647236483117	Higher in TB	FALSE
GO:0099175	regulation of postsynapse organization	115	0	0.486714780641036	0.622733247472519	0.795274797678957	Lower in TB	FALSE
GO:0098937	anterograde dendritic transport	10	0	0.455094824815172	0.622905042139729	0.795274797678957	Lower in TB	FALSE
GO:0001773	myeloid dendritic cell activation	12	2	0.540983533361909	0.622999009385826	0.795274797678957	Higher in TB	FALSE
GO:0002418	immune response to tumor cell	33	2	0.524592055837027	0.624902628797887	0.797205218027898	Higher in TB	FALSE
GO:0031630	regulation of synaptic vesicle fusion to presynaptic active zone membrane	11	0	0.542556559433066	0.625016876320642	0.797205218027898	Higher in TB	FALSE
GO:1901632	regulation of synaptic vesicle membrane organization	11	0	0.542556559433066	0.625016876320642	0.797205218027898	Higher in TB	FALSE
GO:0034446	substrate adhesion-dependent cell spreading	82	2	0.515607578631449	0.625201905477786	0.797205218027898	Higher in TB	FALSE
GO:0008037	cell recognition	77	4	0.48390047502903	0.6253022098632	0.797205218027898	Lower in TB	FALSE
GO:0033262	regulation of nuclear cell cycle DNA replication	12	0	0.459311151593085	0.625500653604376	0.797205218027898	Lower in TB	FALSE
GO:0090130	tissue migration	69	3	0.5169925920041	0.625526247830548	0.797205218027898	Higher in TB	FALSE
GO:0048247	lymphocyte chemotaxis	34	3	0.524143774020712	0.626111468711515	0.797747692892572	Higher in TB	FALSE
GO:0045040	protein insertion into mitochondrial outer membrane	13	0	0.460990276936266	0.626242095766522	0.797747692892572	Lower in TB	FALSE
GO:0008277	regulation of G protein-coupled receptor signaling pathway	105	1	0.513739547835719	0.626746998546632	0.798205929582901	Higher in TB	FALSE
GO:0022602	ovulation cycle process	19	1	0.53215245865105	0.627527260298212	0.798919323134688	Higher in TB	FALSE
GO:0051384	response to glucocorticoid	79	2	0.515784838033629	0.627707173789588	0.798919323134688	Higher in TB	FALSE
GO:0048167	regulation of synaptic plasticity	129	1	0.512365191637587	0.627818495819645	0.798919323134688	Higher in TB	FALSE
GO:0051310	metaphase chromosome alignment	100	1	0.514025624461671	0.628004740489615	0.798919323134688	Higher in TB	FALSE
GO:0090110	COPII-coated vesicle cargo loading	19	0	0.532104501485262	0.628040690982268	0.798919323134688	Higher in TB	FALSE
GO:1903053	regulation of extracellular matrix organization	51	1	0.5196041584419	0.628179016717217	0.798919323134688	Higher in TB	FALSE
GO:0040008	regulation of growth	371	6	0.492674810102258	0.628482314643564	0.799120204882126	Lower in TB	FALSE
GO:0009130	pyrimidine nucleoside monophosphate biosynthetic process	16	0	0.465122588424437	0.629072727641468	0.799685978398333	Lower in TB	FALSE
GO:0006851	mitochondrial calcium ion transmembrane transport	23	0	0.471009442472245	0.630304420751514	0.801066506077629	Lower in TB	FALSE
GO:0035728	response to hepatocyte growth factor	10	0	0.543908711025394	0.630641000779854	0.801309041434628	Higher in TB	FALSE
GO:0071214	cellular response to abiotic stimulus	262	8	0.491380396760845	0.631303936671439	0.801596757318228	Lower in TB	FALSE
GO:0104004	cellular response to environmental stimulus	262	8	0.491380396760845	0.631303936671439	0.801596757318228	Lower in TB	FALSE
GO:0048814	regulation of dendrite morphogenesis	50	0	0.480381187587244	0.631304830699878	0.801596757318228	Lower in TB	FALSE
GO:0051345	positive regulation of hydrolase activity	89	1	0.514709144907973	0.631562074001989	0.801691119948992	Higher in TB	FALSE
GO:0043406	positive regulation of MAP kinase activity	25	1	0.472302825585759	0.63167077694053	0.801691119948992	Lower in TB	FALSE
GO:0061003	positive regulation of dendritic spine morphogenesis	18	0	0.46739855409059	0.632026988781102	0.801867268954227	Lower in TB	FALSE
GO:0031128	developmental induction	10	0	0.456278795671274	0.632101262940636	0.801867268954227	Lower in TB	FALSE
GO:0042219	modified amino acid catabolic process	20	0	0.530864065180103	0.632753831388285	0.802509934249779	Higher in TB	FALSE
GO:0098739	import across plasma membrane	190	6	0.510042307977018	0.633327442238046	0.803052185752947	Higher in TB	FALSE
GO:0060295	regulation of cilium movement involved in cell motility	15	0	0.464487433685226	0.633915518874501	0.803427275881052	Lower in TB	FALSE
GO:1902019	regulation of cilium-dependent cell motility	15	0	0.464487433685226	0.633915518874501	0.803427275881052	Lower in TB	FALSE
GO:0061050	regulation of cell growth involved in cardiac muscle cell development	12	0	0.46032022431776	0.634099465421288	0.803475192644905	Lower in TB	FALSE
GO:0072528	pyrimidine-containing compound biosynthetic process	40	0	0.478340309079202	0.635496891802394	0.805060348186535	Lower in TB	FALSE
GO:0065003	protein-containing complex assembly	1408	30	0.496221087481837	0.636708060021862	0.80640887214932	Lower in TB	FALSE
GO:0097345	mitochondrial outer membrane permeabilization	24	0	0.527836603760097	0.636878526392487	0.806439000024388	Higher in TB	FALSE
GO:0031103	axon regeneration	26	2	0.526720973396577	0.637193042631169	0.806589844120505	Higher in TB	FALSE
GO:0007612	learning	64	0	0.517040417472598	0.637352382928238	0.806589844120505	Higher in TB	FALSE
GO:1904292	regulation of ERAD pathway	25	0	0.472770360838561	0.637437772408802	0.806589844120505	Lower in TB	FALSE
GO:0070979	protein K11-linked ubiquitination	37	0	0.52236881980967	0.637751224200099	0.806800789381533	Higher in TB	FALSE
GO:0051016	barbed-end actin filament capping	26	0	0.52656836461126	0.639117275450429	0.80834294465757	Higher in TB	FALSE
GO:0033002	muscle cell proliferation	127	2	0.487975029322208	0.639915820310173	0.80903042301996	Lower in TB	FALSE
GO:0030308	negative regulation of cell growth	120	1	0.487637870949199	0.640085488865506	0.80903042301996	Lower in TB	FALSE
GO:0030889	negative regulation of B cell proliferation	12	1	0.538978782683241	0.640102280854279	0.80903042301996	Higher in TB	FALSE
GO:0045600	positive regulation of fat cell differentiation	40	0	0.478658242112041	0.640466742470545	0.809305021857747	Lower in TB	FALSE
GO:0070486	leukocyte aggregation	11	3	0.459445242675888	0.64138657610732	0.810095975575887	Lower in TB	FALSE
GO:1902230	negative regulation of intrinsic apoptotic signaling pathway in response to DNA damage	26	1	0.47362548979171	0.641565076722905	0.810095975575887	Lower in TB	FALSE
GO:0050768	negative regulation of neurogenesis	64	1	0.483172818611648	0.641570037473938	0.810095975575887	Lower in TB	FALSE
GO:0002040	sprouting angiogenesis	104	2	0.513210022531851	0.641682061410147	0.810095975575887	Higher in TB	FALSE
GO:1905314	semi-lunar valve development	29	0	0.475080580587059	0.642307459401568	0.810699359915018	Lower in TB	FALSE
GO:1902547	regulation of cellular response to vascular endothelial growth factor stimulus	21	0	0.529170016974895	0.643531666262164	0.811924209119522	Higher in TB	FALSE
GO:0043087	regulation of GTPase activity	107	0	0.487049312918778	0.643573245424314	0.811924209119522	Lower in TB	FALSE
GO:0007339	binding of sperm to zona pellucida	12	0	0.461490034290613	0.644130119242396	0.812440329340375	Lower in TB	FALSE
GO:0001768	establishment of T cell polarity	10	0	0.457918139933569	0.644928773701601	0.813170551666675	Lower in TB	FALSE
GO:0061318	renal filtration cell differentiation	13	0	0.463117068325234	0.645179437238603	0.813170551666675	Lower in TB	FALSE
GO:0072112	podocyte differentiation	13	0	0.463117068325234	0.645179437238603	0.813170551666675	Lower in TB	FALSE
GO:0032091	negative regulation of protein binding	18	1	0.468669977727755	0.645373194307193	0.813170551666675	Lower in TB	FALSE
GO:0010656	negative regulation of muscle cell apoptotic process	35	0	0.522471970387855	0.645459804783731	0.813170551666675	Higher in TB	FALSE
GO:0021795	cerebral cortex cell migration	25	1	0.473428770575304	0.645596481998006	0.813170551666675	Lower in TB	FALSE
GO:0031960	response to corticosteroid	95	2	0.513649766739652	0.645750473579353	0.813178218905012	Higher in TB	FALSE
GO:0046546	development of primary male sexual characteristics	52	1	0.518378890761301	0.646636504139635	0.814107510822009	Higher in TB	FALSE
GO:0007100	mitotic centrosome separation	12	0	0.53809472781826	0.647706385998635	0.815267790801396	Higher in TB	FALSE
GO:1902514	regulation of calcium ion transmembrane transport via high voltage-gated calcium channel	12	0	0.461976710958708	0.648322481273938	0.815627501952379	Lower in TB	FALSE
GO:0071349	cellular response to interleukin-12	10	0	0.541642558662809	0.648384450605742	0.815627501952379	Higher in TB	FALSE
GO:1903432	regulation of TORC1 signaling	95	3	0.486461269151567	0.648437215539078	0.815627501952379	Lower in TB	FALSE
GO:0016266	protein O-linked glycosylation via N-acetyl-galactosamine	29	2	0.524429371092327	0.648864205736938	0.815669827437669	Higher in TB	FALSE
GO:0046339	diacylglycerol metabolic process	20	0	0.470607311320755	0.649056892742555	0.815669827437669	Lower in TB	FALSE
GO:0002399	MHC class II protein complex assembly	14	0	0.535124852641732	0.649064295205494	0.815669827437669	Higher in TB	FALSE
GO:0002503	peptide antigen assembly with MHC class II protein complex	14	0	0.535124852641732	0.649064295205494	0.815669827437669	Higher in TB	FALSE
GO:1900076	regulation of cellular response to insulin stimulus	58	1	0.517233970832824	0.649877425289031	0.816505046672553	Higher in TB	FALSE
GO:2000318	positive regulation of T-helper 17 type immune response	16	0	0.467262861736334	0.650268362233098	0.81671387214455	Lower in TB	FALSE
GO:0019941	modification-dependent protein catabolic process	642	9	0.505255217127081	0.650368812720107	0.81671387214455	Higher in TB	FALSE
GO:0019896	axonal transport of mitochondrion	15	0	0.466212957504957	0.650489277213712	0.81671387214455	Lower in TB	FALSE
GO:0031529	ruffle organization	41	1	0.479564417860438	0.65072251169547	0.816820175639656	Lower in TB	FALSE
GO:0070131	positive regulation of mitochondrial translation	13	0	0.536244069920328	0.650913962379966	0.816867897065768	Higher in TB	FALSE
GO:1902473	regulation of protein localization to synapse	26	1	0.474384409156527	0.651185287211012	0.816867897065768	Lower in TB	FALSE
GO:1902916	positive regulation of protein polyubiquitination	14	0	0.534895203392685	0.651206255518236	0.816867897065768	Higher in TB	FALSE
GO:2000434	regulation of protein neddylation	17	0	0.531646926416207	0.651436015043752	0.816969710472297	Higher in TB	FALSE
GO:0032966	negative regulation of collagen biosynthetic process	10	0	0.45877531340405	0.651678601951143	0.81708756066759	Lower in TB	FALSE
GO:0003356	regulation of cilium beat frequency	11	0	0.539254316538003	0.652115765115921	0.817353505949374	Higher in TB	FALSE
GO:0051235	maintenance of location	50	2	0.48158273381295	0.652350272372268	0.817353505949374	Lower in TB	FALSE
GO:0051651	maintenance of location in cell	50	2	0.48158273381295	0.652350272372268	0.817353505949374	Lower in TB	FALSE
GO:0051547	regulation of keratinocyte migration	11	1	0.460799259674159	0.652559359470924	0.817353505949374	Lower in TB	FALSE
GO:0043500	muscle adaptation	71	1	0.484549435824839	0.652634028941024	0.817353505949374	Lower in TB	FALSE
GO:0071679	commissural neuron axon guidance	10	0	0.541074681238616	0.652862782315152	0.817453786647394	Higher in TB	FALSE
GO:1901659	glycosyl compound biosynthetic process	25	0	0.474031419226851	0.653101825217624	0.817566902332991	Lower in TB	FALSE
GO:2000058	regulation of ubiquitin-dependent protein catabolic process	150	4	0.489379250782684	0.653599443832925	0.81800358347221	Lower in TB	FALSE
GO:0001516	prostaglandin biosynthetic process	23	1	0.526990646101921	0.654084817707445	0.818424744596161	Higher in TB	FALSE
GO:0045217	cell-cell junction maintenance	18	1	0.469548361739379	0.654661150277696	0.818959500392895	Lower in TB	FALSE
GO:1903939	regulation of TORC2 signaling	12	0	0.462820581511645	0.655618234789874	0.81997021266486	Lower in TB	FALSE
GO:0051123	RNA polymerase II preinitiation complex assembly	57	0	0.517060953581655	0.65596122613164	0.820212604337448	Higher in TB	FALSE
GO:1902953	positive regulation of ER to Golgi vesicle-mediated transport	13	0	0.464390670145372	0.656632025653773	0.820580934333216	Lower in TB	FALSE
GO:1903859	regulation of dendrite extension	15	0	0.533143990139864	0.656710891304736	0.820580934333216	Higher in TB	FALSE
GO:0046349	amino sugar biosynthetic process	13	0	0.464407156900325	0.656780816926789	0.820580934333216	Lower in TB	FALSE
GO:0071539	protein localization to centrosome	35	0	0.47830052035835	0.656852799563565	0.820580934333216	Lower in TB	FALSE
GO:1905666	regulation of protein localization to endosome	14	1	0.465793744354456	0.657649374884553	0.821389428240634	Lower in TB	FALSE
GO:0010508	positive regulation of autophagy	150	5	0.510466371585879	0.658312460151818	0.822030866662433	Higher in TB	FALSE
GO:1901550	regulation of endothelial cell development	17	1	0.530921838696355	0.658911267549534	0.822342271242943	Higher in TB	FALSE
GO:1903140	regulation of establishment of endothelial barrier	17	1	0.530921838696355	0.658911267549534	0.822342271242943	Higher in TB	FALSE
GO:1905710	positive regulation of membrane permeability	33	0	0.52219616104184	0.659010557856749	0.822342271242943	Higher in TB	FALSE
GO:0002834	regulation of response to tumor cell	29	2	0.523612007478322	0.65986095015092	0.823216588139269	Higher in TB	FALSE
GO:0046322	negative regulation of fatty acid oxidation	10	0	0.540088931747562	0.66066619596337	0.824034198141245	Higher in TB	FALSE
GO:0046710	GDP metabolic process	10	0	0.460082502946534	0.662027115942421	0.825544360047955	Lower in TB	FALSE
GO:0032048	cardiolipin metabolic process	11	0	0.461968195212235	0.662268144129137	0.82565765451746	Lower in TB	FALSE
GO:0002791	regulation of peptide secretion	123	3	0.511369537238735	0.663313808516386	0.826740851455523	Higher in TB	FALSE
GO:0015871	choline transport	10	1	0.539724633022608	0.663559486245376	0.826740851455523	Higher in TB	FALSE
GO:0060986	endocrine hormone secretion	32	2	0.522207211435314	0.663729623788638	0.826740851455523	Higher in TB	FALSE
GO:0017158	regulation of calcium ion-dependent exocytosis	25	0	0.525119296552464	0.663738471866984	0.826740851455523	Higher in TB	FALSE
GO:0043549	regulation of kinase activity	222	3	0.508427821991277	0.665463604595085	0.828541380035009	Higher in TB	FALSE
GO:0099565	chemical synaptic transmission, postsynaptic	71	0	0.514841156587469	0.665485400915715	0.828541380035009	Higher in TB	FALSE
GO:0048745	smooth muscle tissue development	10	0	0.539456766313083	0.66569011384352	0.828608613518604	Higher in TB	FALSE
GO:0014819	regulation of skeletal muscle contraction	13	0	0.534545934160144	0.666256718075636	0.829126173829753	Higher in TB	FALSE
GO:1901976	regulation of cell cycle checkpoint	54	1	0.516956248483474	0.666477843906848	0.829213393939838	Higher in TB	FALSE
GO:1900272	negative regulation of long-term synaptic potentiation	10	0	0.460661095039109	0.666628446928716	0.829213393939838	Lower in TB	FALSE
GO:0032365	intracellular lipid transport	46	1	0.518338817708698	0.666971245936148	0.829452139822878	Higher in TB	FALSE
GO:0035282	segmentation	29	0	0.476944613444337	0.667392154862057	0.829787894036994	Lower in TB	FALSE
GO:0051480	regulation of cytosolic calcium ion concentration	33	0	0.478397123625896	0.667570901717732	0.829822477423489	Lower in TB	FALSE
GO:0016242	negative regulation of macroautophagy	32	0	0.521910534220124	0.667951502182572	0.830107902124725	Higher in TB	FALSE
GO:0042325	regulation of phosphorylation	357	9	0.506613344611823	0.668152551064151	0.830170107514283	Higher in TB	FALSE
GO:0072359	circulatory system development	660	19	0.504899516927714	0.668476021740668	0.830384357779076	Higher in TB	FALSE
GO:0061035	regulation of cartilage development	31	0	0.477820742393965	0.669091839777779	0.830961584616722	Lower in TB	FALSE
GO:0035988	chondrocyte proliferation	10	1	0.461084324440159	0.670002208355306	0.831904277673322	Lower in TB	FALSE
GO:0044090	positive regulation of vacuole organization	26	1	0.524042070530006	0.67131614466266	0.833347519384806	Higher in TB	FALSE
GO:0034284	response to monosaccharide	121	2	0.511139320002405	0.672245614527459	0.834065793267941	Higher in TB	FALSE
GO:0006700	C21-steroid hormone biosynthetic process	15	1	0.531543504278084	0.672298723853043	0.834065793267941	Higher in TB	FALSE
GO:0007026	negative regulation of microtubule depolymerization	19	0	0.528025321383536	0.672349871910424	0.834065793267941	Higher in TB	FALSE
GO:0007187	G protein-coupled receptor signaling pathway, coupled to cyclic nucleotide second messenger	23	0	0.47455473999986	0.672705807831125	0.834245676164112	Lower in TB	FALSE
GO:0033036	macromolecule localization	2344	47	0.497307234734214	0.672798349965747	0.834245676164112	Lower in TB	FALSE
GO:0042455	ribonucleoside biosynthetic process	11	0	0.536682658354236	0.673544591541136	0.834982675150658	Higher in TB	FALSE
GO:0030036	actin cytoskeleton organization	561	8	0.505202403145284	0.674211047907157	0.835620315892202	Higher in TB	FALSE
GO:0140627	ubiquitin-dependent protein catabolic process via the C-end degron rule pathway	15	0	0.468710144150903	0.674782319927224	0.835620315892202	Lower in TB	FALSE
GO:0006595	polyamine metabolic process	18	0	0.528557901883017	0.674866598447308	0.835620315892202	Higher in TB	FALSE
GO:0046626	regulation of insulin receptor signaling pathway	56	2	0.51620377474298	0.674926763585978	0.835620315892202	Higher in TB	FALSE
GO:0006007	glucose catabolic process	22	1	0.525824341842354	0.674983985620867	0.835620315892202	Higher in TB	FALSE
GO:0033046	negative regulation of sister chromatid segregation	56	2	0.516165413533835	0.675652449921508	0.835620315892202	Higher in TB	FALSE
GO:0033048	negative regulation of mitotic sister chromatid segregation	56	2	0.516165413533835	0.675652449921508	0.835620315892202	Higher in TB	FALSE
GO:0045841	negative regulation of mitotic metaphase/anaphase transition	56	2	0.516165413533835	0.675652449921508	0.835620315892202	Higher in TB	FALSE
GO:2000816	negative regulation of mitotic sister chromatid separation	56	2	0.516165413533835	0.675652449921508	0.835620315892202	Higher in TB	FALSE
GO:0045686	negative regulation of glial cell differentiation	10	0	0.461791492553305	0.675654233327252	0.835620315892202	Lower in TB	FALSE
GO:1901185	negative regulation of ERBB signaling pathway	30	1	0.522056562622904	0.675852470599486	0.835620315892202	Higher in TB	FALSE
GO:0042797	tRNA transcription by RNA polymerase III	11	0	0.536390424469717	0.675996951341177	0.835620315892202	Higher in TB	FALSE
GO:0051450	myoblast proliferation	13	0	0.466529826600555	0.676049557768883	0.835620315892202	Lower in TB	FALSE
GO:0048844	artery morphogenesis	32	0	0.521333941214332	0.67618675616668	0.835620315892202	Higher in TB	FALSE
GO:2000648	positive regulation of stem cell proliferation	14	0	0.467784037846196	0.676404806442957	0.835701938387276	Lower in TB	FALSE
GO:0090335	regulation of brown fat cell differentiation	18	0	0.471614797346387	0.676721228443659	0.835905035718543	Lower in TB	FALSE
GO:0050654	chondroitin sulfate proteoglycan metabolic process	28	0	0.52272170129313	0.677296841626918	0.83601322691418	Higher in TB	FALSE
GO:0055119	relaxation of cardiac muscle	14	0	0.532104965016764	0.677456852888513	0.83601322691418	Higher in TB	FALSE
GO:2000146	negative regulation of cell motility	228	5	0.492000036137612	0.677502952598188	0.83601322691418	Lower in TB	FALSE
GO:0051961	negative regulation of nervous system development	69	1	0.48552243467668	0.677556952035387	0.83601322691418	Lower in TB	FALSE
GO:2000177	regulation of neural precursor cell proliferation	38	1	0.480508129966509	0.677569104970824	0.83601322691418	Lower in TB	FALSE
GO:0030199	collagen fibril organization	46	0	0.517692361548694	0.678039901912294	0.836158453697485	Higher in TB	FALSE
GO:0021801	cerebral cortex radial glia-guided migration	17	1	0.470928711266917	0.678143060210456	0.836158453697485	Lower in TB	FALSE
GO:0022030	telencephalon glial cell migration	17	1	0.470928711266917	0.678143060210456	0.836158453697485	Lower in TB	FALSE
GO:0071472	cellular response to salt stress	13	0	0.533020909326969	0.680155686852353	0.838352748003083	Higher in TB	FALSE
GO:0006766	vitamin metabolic process	27	0	0.522915537125414	0.680227648025056	0.838352748003083	Higher in TB	FALSE
GO:0050865	regulation of cell activation	500	31	0.505382592429578	0.680852867863383	0.838935245968821	Higher in TB	FALSE
GO:0086065	cell communication involved in cardiac conduction	36	0	0.519790176442537	0.681140005917812	0.839100997655417	Higher in TB	FALSE
GO:0051496	positive regulation of stress fiber assembly	40	2	0.48126207340631	0.681760556158035	0.839130483480693	Lower in TB	FALSE
GO:0008298	intracellular mRNA localization	18	0	0.472091209013709	0.68184759439678	0.839130483480693	Lower in TB	FALSE
GO:1902914	regulation of protein polyubiquitination	23	0	0.524685386894287	0.681936878121167	0.839130483480693	Higher in TB	FALSE
GO:0021575	hindbrain morphogenesis	19	0	0.47285483365916	0.682068421850144	0.839130483480693	Lower in TB	FALSE
GO:0045494	photoreceptor cell maintenance	26	0	0.476819962878944	0.68244658600609	0.839130483480693	Lower in TB	FALSE
GO:0048663	neuron fate commitment	10	0	0.462643308689596	0.682486684296343	0.839130483480693	Lower in TB	FALSE
GO:0045927	positive regulation of growth	162	3	0.490683726829346	0.682570182862589	0.839130483480693	Lower in TB	FALSE
GO:0010971	positive regulation of G2/M transition of mitotic cell cycle	22	2	0.474821388539626	0.682662768297972	0.839130483480693	Lower in TB	FALSE
GO:0007189	adenylate cyclase-activating G protein-coupled receptor signaling pathway	103	3	0.488338589423315	0.682667668873472	0.839130483480693	Lower in TB	FALSE
GO:0033628	regulation of cell adhesion mediated by integrin	38	1	0.480835700690722	0.682690187815413	0.839130483480693	Lower in TB	FALSE
GO:0035022	positive regulation of Rac protein signal transduction	22	0	0.47486281275281	0.683156502924973	0.839378776306791	Lower in TB	FALSE
GO:0010248	establishment or maintenance of transmembrane electrochemical gradient	12	0	0.465977282468924	0.683197530733519	0.839378776306791	Lower in TB	FALSE
GO:0031424	keratinization	19	0	0.526964621716697	0.68406857143026	0.840261171966838	Higher in TB	FALSE
GO:0061001	regulation of dendritic spine morphogenesis	37	0	0.480679133986715	0.684238418457807	0.840282069394912	Lower in TB	FALSE
GO:2000319	regulation of T-helper 17 cell differentiation	24	0	0.523940685538637	0.684745571821876	0.840662828855524	Higher in TB	FALSE
GO:0030949	positive regulation of vascular endothelial growth factor receptor signaling pathway	10	1	0.537045965927355	0.684985553484168	0.840662828855524	Higher in TB	FALSE
GO:0021602	cranial nerve morphogenesis	12	0	0.533817331047292	0.685007179569434	0.840662828855524	Higher in TB	FALSE
GO:0071384	cellular response to corticosteroid stimulus	40	1	0.481523663876368	0.685964911453718	0.841650319833194	Lower in TB	FALSE
GO:0015868	purine ribonucleotide transport	30	2	0.521305731345418	0.686289741753259	0.841687856169938	Higher in TB	FALSE
GO:0060348	bone development	89	3	0.48761215855228	0.686321883454613	0.841687856169938	Lower in TB	FALSE
GO:0014046	dopamine secretion	10	0	0.463141540769313	0.686495163347022	0.841687856169938	Lower in TB	FALSE
GO:0019229	regulation of vasoconstriction	32	1	0.520608171529715	0.686607863754487	0.841687856169938	Higher in TB	FALSE
GO:0043534	blood vessel endothelial cell migration	96	1	0.488109974883387	0.687314599525449	0.842366399507561	Lower in TB	FALSE
GO:0045913	positive regulation of carbohydrate metabolic process	60	0	0.515005013608366	0.687715866584909	0.842670344213022	Higher in TB	FALSE
GO:0009651	response to salt stress	15	0	0.529935873390136	0.688099250044903	0.842952245264455	Higher in TB	FALSE
GO:0070723	response to cholesterol	21	0	0.525254304348381	0.688682819642904	0.843365430421853	Higher in TB	FALSE
GO:0043243	positive regulation of protein-containing complex disassembly	33	0	0.520148109860066	0.688743321679541	0.843365430421853	Higher in TB	FALSE
GO:0043434	response to peptide hormone	322	9	0.50649138373885	0.689155163498652	0.84348179251066	Higher in TB	FALSE
GO:0043547	positive regulation of GTPase activity	72	0	0.486368672209083	0.68924282678184	0.84348179251066	Lower in TB	FALSE
GO:0050912	detection of chemical stimulus involved in sensory perception of taste	11	0	0.465187638506685	0.689298598354019	0.84348179251066	Lower in TB	FALSE
GO:0035150	regulation of tube size	79	2	0.512977797562285	0.690103831992239	0.84390366287663	Higher in TB	FALSE
GO:0035296	regulation of tube diameter	79	2	0.512977797562285	0.690103831992239	0.84390366287663	Higher in TB	FALSE
GO:0097746	blood vessel diameter maintenance	79	2	0.512977797562285	0.690103831992239	0.84390366287663	Higher in TB	FALSE
GO:0008334	histone mRNA metabolic process	28	1	0.478264616657474	0.690564445758304	0.8442791467154	Lower in TB	FALSE
GO:0009566	fertilization	79	1	0.487050790143776	0.690751193496986	0.844319711393159	Lower in TB	FALSE
GO:1903008	organelle disassembly	75	1	0.513261294195653	0.691354310629757	0.844578866623433	Higher in TB	FALSE
GO:0009410	response to xenobiotic stimulus	240	7	0.507441057351559	0.691560479032018	0.844578866623433	Higher in TB	FALSE
GO:0032400	melanosome localization	21	0	0.474993299383543	0.691577675070697	0.844578866623433	Lower in TB	FALSE
GO:0051875	pigment granule localization	21	0	0.474993299383543	0.691577675070697	0.844578866623433	Lower in TB	FALSE
GO:0099177	regulation of trans-synaptic signaling	330	3	0.506352140174227	0.691981256692503	0.844884066021626	Higher in TB	FALSE
GO:0020027	hemoglobin metabolic process	11	0	0.534476292526118	0.692143975822299	0.844895110806172	Higher in TB	FALSE
GO:0061577	calcium ion transmembrane transport via high voltage-gated calcium channel	14	0	0.469491097264112	0.692653264184406	0.84521407952654	Lower in TB	FALSE
GO:0070207	protein homotrimerization	14	0	0.53050124776092	0.69272645355799	0.84521407952654	Higher in TB	FALSE
GO:0050687	negative regulation of defense response to virus	15	0	0.470546415876248	0.692866470794128	0.84521407952654	Lower in TB	FALSE
GO:0030397	membrane disassembly	13	0	0.468392829910271	0.693138326306085	0.845358145082266	Lower in TB	FALSE
GO:0007006	mitochondrial membrane organization	58	0	0.51495586399517	0.693635011999324	0.845775286535567	Higher in TB	FALSE
GO:0046184	aldehyde biosynthetic process	14	0	0.53039025062388	0.693788021512442	0.845775286535567	Higher in TB	FALSE
GO:1900271	regulation of long-term synaptic potentiation	31	0	0.520411076220383	0.694082765861074	0.845947028752868	Higher in TB	FALSE
GO:0007585	respiratory gaseous exchange by respiratory system	24	0	0.523143183930231	0.694710259925776	0.846213242458251	Higher in TB	FALSE
GO:0033077	T cell differentiation in thymus	48	7	0.483635745472765	0.694900707666133	0.846213242458251	Lower in TB	FALSE
GO:0050680	negative regulation of epithelial cell proliferation	73	4	0.486722939811593	0.694928940029989	0.846213242458251	Lower in TB	FALSE
GO:0010917	negative regulation of mitochondrial membrane potential	11	0	0.534106129605728	0.695283049974454	0.846213242458251	Higher in TB	FALSE
GO:0045837	negative regulation of membrane potential	11	0	0.534106129605728	0.695283049974454	0.846213242458251	Higher in TB	FALSE
GO:0099640	axo-dendritic protein transport	11	0	0.465893870394272	0.695283049974454	0.846213242458251	Lower in TB	FALSE
GO:2001224	positive regulation of neuron migration	15	0	0.470800064305236	0.695378579379116	0.846213242458251	Lower in TB	FALSE
GO:0050873	brown fat cell differentiation	25	0	0.477394241595625	0.695610949372508	0.846299759431166	Lower in TB	FALSE
GO:0071322	cellular response to carbohydrate stimulus	99	1	0.511369821376819	0.695924351267233	0.846299759431166	Higher in TB	FALSE
GO:2001138	regulation of phospholipid transport	13	0	0.531289800056879	0.696065389623087	0.846299759431166	Higher in TB	FALSE
GO:2001140	positive regulation of phospholipid transport	13	0	0.531289800056879	0.696065389623087	0.846299759431166	Higher in TB	FALSE
GO:0000425	pexophagy	16	1	0.471851554126474	0.696658143571463	0.846645993226327	Lower in TB	FALSE
GO:0030242	autophagy of peroxisome	16	1	0.471851554126474	0.696658143571463	0.846645993226327	Lower in TB	FALSE
GO:0070059	intrinsic apoptotic signaling pathway in response to endoplasmic reticulum stress	56	1	0.515052938468621	0.696826103054544	0.846662964551135	Higher in TB	FALSE
GO:0036261	7-methylguanosine cap hypermethylation	10	0	0.535497696346298	0.697487785265949	0.8472518008296	Higher in TB	FALSE
GO:0061450	trophoblast cell migration	16	0	0.471945337620579	0.697618934586322	0.8472518008296	Lower in TB	FALSE
GO:0097421	liver regeneration	20	0	0.525050921955403	0.698128354206816	0.84757996316516	Higher in TB	FALSE
GO:0110154	RNA decapping	27	0	0.478440905380688	0.698197463291198	0.84757996316516	Lower in TB	FALSE
GO:0042059	negative regulation of epidermal growth factor receptor signaling pathway	27	1	0.521541220559935	0.698435414613737	0.847681657736496	Higher in TB	FALSE
GO:0048194	Golgi vesicle budding	10	0	0.464673738347798	0.698877254938704	0.84803071014191	Lower in TB	FALSE
GO:0021952	central nervous system projection neuron axonogenesis	11	0	0.466337091785793	0.699048556666064	0.848051404357904	Lower in TB	FALSE
GO:0098734	macromolecule depalmitoylation	15	0	0.528792669203151	0.699419099401665	0.848313745535044	Higher in TB	FALSE
GO:0051693	actin filament capping	39	1	0.517842230027668	0.699824016970878	0.848537370556893	Higher in TB	FALSE
GO:0071468	cellular response to acidic pH	12	0	0.467883804829261	0.700064490133562	0.848537370556893	Lower in TB	FALSE
GO:1901623	regulation of lymphocyte chemotaxis	18	0	0.526226462286061	0.700066481056032	0.848537370556893	Higher in TB	FALSE
GO:0007212	G protein-coupled dopamine receptor signaling pathway	17	0	0.526959076679603	0.700352599186798	0.848697066415917	Higher in TB	FALSE
GO:0060260	regulation of transcription initiation by RNA polymerase II	77	0	0.487335235870103	0.700859722869811	0.849124450493217	Lower in TB	FALSE
GO:0055078	sodium ion homeostasis	28	0	0.520938668260097	0.701351665496952	0.84953325774449	Higher in TB	FALSE
GO:0038179	neurotrophin signaling pathway	20	1	0.524705188679245	0.702094117288294	0.850245254813004	Higher in TB	FALSE
GO:0014745	negative regulation of muscle adaptation	11	0	0.466794924871539	0.702945988814676	0.851089417860182	Lower in TB	FALSE
GO:0170038	proteinogenic amino acid biosynthetic process	39	0	0.482383403293421	0.703439174415937	0.851381370051406	Lower in TB	FALSE
GO:0042755	eating behavior	12	0	0.468285647949707	0.703638885434118	0.851381370051406	Lower in TB	FALSE
GO:0098911	regulation of ventricular cardiac muscle cell action potential	11	0	0.466877724472153	0.703651681613967	0.851381370051406	Lower in TB	FALSE
GO:1901569	fatty acid derivative catabolic process	19	0	0.52518456456304	0.703905600912522	0.851501208760626	Higher in TB	FALSE
GO:0014003	oligodendrocyte development	25	1	0.521880864296821	0.704906759734265	0.852524717338097	Higher in TB	FALSE
GO:0003352	regulation of cilium movement	23	0	0.477209634072151	0.705163697143224	0.85264790123014	Lower in TB	FALSE
GO:0071287	cellular response to manganese ion	10	0	0.534528018857816	0.705360199277901	0.852657120772558	Higher in TB	FALSE
GO:0036010	protein localization to endosome	27	1	0.521012942804996	0.705481491886935	0.852657120772558	Higher in TB	FALSE
GO:0048145	regulation of fibroblast proliferation	53	1	0.485002821627547	0.705687244689262	0.852718345341003	Lower in TB	FALSE
GO:0099518	vesicle cytoskeletal trafficking	52	0	0.515120068398097	0.706062115405956	0.852983852010974	Higher in TB	FALSE
GO:0140238	presynaptic endocytosis	70	0	0.48697501573993	0.706344096520785	0.853137048038506	Lower in TB	FALSE
GO:0060252	positive regulation of glial cell proliferation	13	1	0.530119240455199	0.706900211198101	0.853621208251078	Higher in TB	FALSE
GO:2000050	regulation of non-canonical Wnt signaling pathway	15	0	0.471996856188486	0.707276241015215	0.853887741129041	Lower in TB	FALSE
GO:0045747	positive regulation of Notch signaling pathway	35	1	0.481672503774322	0.707493844904108	0.853962932883158	Lower in TB	FALSE
GO:0048639	positive regulation of developmental growth	87	2	0.488367548970687	0.707690566407929	0.854012891595873	Lower in TB	FALSE
GO:0010458	exit from mitosis	25	0	0.521629939413436	0.708134919428968	0.85436159469398	Higher in TB	FALSE
GO:0030336	negative regulation of cell migration	216	5	0.49260814172786	0.708305345675191	0.854379725871479	Lower in TB	FALSE
GO:0045956	positive regulation of calcium ion-dependent exocytosis	10	0	0.534061930783242	0.709155494572563	0.855217571651667	Higher in TB	FALSE
GO:0061097	regulation of protein tyrosine kinase activity	21	1	0.523457262830085	0.709793918664314	0.855228436764389	Higher in TB	FALSE
GO:1900006	positive regulation of dendrite development	10	0	0.466023786563806	0.709854269801682	0.855228436764389	Lower in TB	FALSE
GO:0060079	excitatory postsynaptic potential	63	0	0.513547878722757	0.710001108857412	0.855228436764389	Higher in TB	FALSE
GO:0072497	mesenchymal stem cell differentiation	11	0	0.467627791442418	0.710055994220956	0.855228436764389	Lower in TB	FALSE
GO:0006084	acetyl-CoA metabolic process	38	0	0.51741631415162	0.710259841438952	0.855228436764389	Higher in TB	FALSE
GO:0012501	programmed cell death	1458	47	0.502924572029686	0.710323931401323	0.855228436764389	Higher in TB	FALSE
GO:0010770	positive regulation of cell morphogenesis	34	0	0.481606997481967	0.710521157327655	0.855228436764389	Lower in TB	FALSE
GO:0140374	antiviral innate immune response	70	6	0.512830730486325	0.710524847329292	0.855228436764389	Higher in TB	FALSE
GO:0042276	error-prone translesion synthesis	12	0	0.469120588655522	0.711086579858831	0.855228436764389	Lower in TB	FALSE
GO:0070227	lymphocyte apoptotic process	48	2	0.515442702741393	0.711289379721785	0.855228436764389	Higher in TB	FALSE
GO:2000786	positive regulation of autophagosome assembly	21	1	0.523316868961468	0.711452898117993	0.855228436764389	Higher in TB	FALSE
GO:0070935	3'-UTR-mediated mRNA stabilization	21	1	0.523309211114089	0.711543427298348	0.855228436764389	Higher in TB	FALSE
GO:2000142	regulation of DNA-templated transcription initiation	85	0	0.488399510199432	0.711661258102259	0.855228436764389	Lower in TB	FALSE
GO:2000516	positive regulation of CD4-positive, alpha-beta T cell activation	35	0	0.518051606673462	0.711698846707789	0.855228436764389	Higher in TB	FALSE
GO:0007052	mitotic spindle organization	127	1	0.490505887152267	0.711863215822181	0.855228436764389	Lower in TB	FALSE
GO:1904738	vascular associated smooth muscle cell migration	20	0	0.523855596054889	0.711873769791115	0.855228436764389	Higher in TB	FALSE
GO:0044703	multi-organism reproductive process	97	3	0.489147762993691	0.71192760064353	0.855228436764389	Lower in TB	FALSE
GO:0071542	dopaminergic neuron differentiation	16	0	0.473358788853162	0.71215738004573	0.855228436764389	Lower in TB	FALSE
GO:0051954	positive regulation of amine transport	17	0	0.474169538119122	0.712327148495485	0.855228436764389	Lower in TB	FALSE
GO:1905564	positive regulation of vascular endothelial cell proliferation	13	0	0.529517473899406	0.712493587425748	0.855228436764389	Higher in TB	FALSE
GO:0032943	mononuclear cell proliferation	195	16	0.492355697258029	0.713000028667583	0.855228436764389	Lower in TB	FALSE
GO:0032790	ribosome disassembly	46	0	0.484332189782725	0.713146874520733	0.855228436764389	Lower in TB	FALSE
GO:0010988	regulation of low-density lipoprotein particle clearance	10	0	0.533563698703525	0.713220530055999	0.855228436764389	Higher in TB	FALSE
GO:1903320	regulation of protein modification by small protein conjugation or removal	196	5	0.492385314515417	0.713370493983593	0.855228436764389	Lower in TB	FALSE
GO:0035795	negative regulation of mitochondrial membrane permeability	13	0	0.529422675058425	0.713376156664574	0.855228436764389	Higher in TB	FALSE
GO:0045947	negative regulation of translational initiation	29	1	0.480295434413967	0.713416633844965	0.855228436764389	Lower in TB	FALSE
GO:0071230	cellular response to amino acid stimulus	52	0	0.485279540047581	0.713483276491743	0.855228436764389	Lower in TB	FALSE
GO:0045746	negative regulation of Notch signaling pathway	26	0	0.479214270983708	0.713719347420886	0.855228436764389	Lower in TB	FALSE
GO:0086001	cardiac muscle cell action potential	62	0	0.486539787950103	0.713981493851514	0.855228436764389	Lower in TB	FALSE
GO:0034698	response to gonadotropin	18	0	0.524946105930134	0.714049474243451	0.855228436764389	Higher in TB	FALSE
GO:0071470	cellular response to osmotic stress	50	1	0.514976913991195	0.714108684638253	0.855228436764389	Higher in TB	FALSE
GO:0051133	regulation of NK T cell activation	11	0	0.531894893212868	0.714142188647746	0.855228436764389	Higher in TB	FALSE
GO:0008219	cell death	1462	47	0.502878467038489	0.714346947121649	0.855287350887375	Higher in TB	FALSE
GO:0045132	meiotic chromosome segregation	44	0	0.484071880245131	0.714704512763257	0.855529155491485	Lower in TB	FALSE
GO:0071385	cellular response to glucocorticoid stimulus	33	1	0.481625242393359	0.714884546183284	0.855558388096582	Lower in TB	FALSE
GO:0043200	response to amino acid	76	1	0.512100311262026	0.715367696143262	0.855950292360316	Higher in TB	FALSE
GO:1902895	positive regulation of miRNA transcription	45	1	0.484317058188563	0.715876136891976	0.85637228038122	Lower in TB	FALSE
GO:0050804	modulation of chemical synaptic transmission	328	3	0.505845656069379	0.716237024339326	0.856583655534655	Higher in TB	FALSE
GO:0034764	positive regulation of transmembrane transport	126	3	0.49062422453258	0.716364432184129	0.856583655534655	Lower in TB	FALSE
GO:0046651	lymphocyte proliferation	193	16	0.492416080986337	0.716554314898808	0.856624401677245	Lower in TB	FALSE
GO:1904019	epithelial cell apoptotic process	29	0	0.519430878222068	0.717225097185429	0.857069342772121	Higher in TB	FALSE
GO:0030155	regulation of cell adhesion	594	26	0.504359116736066	0.717265555911911	0.857069342772121	Higher in TB	FALSE
GO:0021536	diencephalon development	21	0	0.522811451034448	0.71743649529089	0.857069342772121	Higher in TB	FALSE
GO:0009746	response to hexose	116	2	0.509725215517241	0.717579091064936	0.857069342772121	Higher in TB	FALSE
GO:0031110	regulation of microtubule polymerization or depolymerization	82	1	0.488448935796231	0.71770593927298	0.857069342772121	Lower in TB	FALSE
GO:0051955	regulation of amino acid transport	23	0	0.478281847657097	0.718430040270811	0.857618504588695	Lower in TB	FALSE
GO:0035457	cellular response to interferon-alpha	10	1	0.467079181399336	0.718477779580853	0.857618504588695	Lower in TB	FALSE
GO:0010507	negative regulation of autophagy	79	1	0.511721980474597	0.718749213317861	0.857756278450532	Higher in TB	FALSE
GO:0061082	myeloid leukocyte cytokine production	24	0	0.478811476874687	0.719354606880127	0.85829245412911	Lower in TB	FALSE
GO:0051953	negative regulation of amine transport	12	0	0.529928382626089	0.719603467267645	0.858403094605665	Higher in TB	FALSE
GO:0006497	protein lipidation	40	0	0.516380929383988	0.719984605429908	0.858531554874757	Higher in TB	FALSE
GO:0002424	T cell mediated immune response to tumor cell	19	1	0.47625697142035	0.720119882380767	0.858531554874757	Lower in TB	FALSE
GO:1902176	negative regulation of oxidative stress-induced intrinsic apoptotic signaling pathway	25	1	0.479313709720658	0.720321596010584	0.858531554874757	Lower in TB	FALSE
GO:0043124	negative regulation of canonical NF-kappaB signal transduction	81	5	0.511508801981151	0.720335769850355	0.858531554874757	Higher in TB	FALSE
GO:2000279	negative regulation of DNA biosynthetic process	26	1	0.479738090327903	0.720627937269684	0.858631220779768	Lower in TB	FALSE
GO:0046618	xenobiotic export from cell	17	0	0.525042323054952	0.720731735885527	0.858631220779768	Higher in TB	FALSE
GO:0140896	cGAS/STING signaling pathway	27	0	0.480150857061147	0.72109270661822	0.858875151860262	Lower in TB	FALSE
GO:0043249	erythrocyte maturation	14	0	0.472491847451659	0.72155719739742	0.859186881767294	Lower in TB	FALSE
GO:0051894	positive regulation of focal adhesion assembly	18	0	0.524252331439597	0.721666973445137	0.859186881767294	Higher in TB	FALSE
GO:0060998	regulation of dendritic spine development	44	0	0.515507289511691	0.721925296496126	0.859204231257873	Higher in TB	FALSE
GO:0000302	response to reactive oxygen species	146	6	0.508534106114483	0.721994097564818	0.859204231257873	Higher in TB	FALSE
GO:0060261	positive regulation of transcription initiation by RNA polymerase II	60	0	0.513264575275748	0.722340734427942	0.85939146978931	Higher in TB	FALSE
GO:0030865	cortical cytoskeleton organization	50	1	0.5145173413508	0.722513316852204	0.85939146978931	Higher in TB	FALSE
GO:0046148	pigment biosynthetic process	42	0	0.515829998415595	0.722620364648233	0.85939146978931	Higher in TB	FALSE
GO:0097484	dendrite extension	22	0	0.521845180658304	0.722811523782684	0.859432906089359	Higher in TB	FALSE
GO:0034393	positive regulation of smooth muscle cell apoptotic process	11	0	0.469220466113046	0.723722376949173	0.860329865614389	Lower in TB	FALSE
GO:0010965	regulation of mitotic sister chromatid separation	67	2	0.512457060177109	0.72441557434305	0.860778763168417	Higher in TB	FALSE
GO:0008211	glucocorticoid metabolic process	14	0	0.527213436012064	0.724418345268934	0.860778763168417	Higher in TB	FALSE
GO:0090630	activation of GTPase activity	20	0	0.477253966552316	0.724717428203884	0.860778763168417	Lower in TB	FALSE
GO:0021591	ventricular system development	10	0	0.532144005143041	0.724848092949359	0.860778763168417	Higher in TB	FALSE
GO:1903573	negative regulation of response to endoplasmic reticulum stress	47	1	0.51483902357683	0.724882807106179	0.860778763168417	Higher in TB	FALSE
GO:1903322	positive regulation of protein modification by small protein conjugation or removal	107	2	0.490163235580555	0.725250277541427	0.861029156968855	Lower in TB	FALSE
GO:0141124	intracellular signaling cassette	1516	38	0.497286750189125	0.725755107184712	0.861266322414252	Lower in TB	FALSE
GO:0032688	negative regulation of interferon-beta production	12	0	0.52922738962709	0.72590360343822	0.861266322414252	Higher in TB	FALSE
GO:0046058	cAMP metabolic process	17	0	0.475455780683033	0.726060962505014	0.861266322414252	Lower in TB	FALSE
GO:0022010	central nervous system myelination	11	1	0.530482429437693	0.726281695343362	0.861266322414252	Higher in TB	FALSE
GO:0032291	axon ensheathment in central nervous system	11	1	0.530482429437693	0.726281695343362	0.861266322414252	Higher in TB	FALSE
GO:0010561	negative regulation of glycoprotein biosynthetic process	14	0	0.527010579175406	0.726389948533083	0.861266322414252	Higher in TB	FALSE
GO:0048015	phosphatidylinositol-mediated signaling	22	0	0.478513016949813	0.727173893098202	0.861469794972707	Lower in TB	FALSE
GO:0010662	regulation of striated muscle cell apoptotic process	27	0	0.519392361421425	0.727252305991072	0.861469794972707	Higher in TB	FALSE
GO:0008206	bile acid metabolic process	30	0	0.51839715399192	0.727273472167532	0.861469794972707	Higher in TB	FALSE
GO:0043650	dicarboxylic acid biosynthetic process	10	0	0.531801135754848	0.727665918253553	0.861469794972707	Higher in TB	FALSE
GO:1901857	positive regulation of cellular respiration	14	1	0.526857479676041	0.727879152894122	0.861469794972707	Higher in TB	FALSE
GO:0010765	positive regulation of sodium ion transport	24	0	0.479490581885767	0.727987083537696	0.861469794972707	Lower in TB	FALSE
GO:0060563	neuroepithelial cell differentiation	14	0	0.473161657761379	0.728065375839372	0.861469794972707	Lower in TB	FALSE
GO:0032874	positive regulation of stress-activated MAPK cascade	16	0	0.474896168274384	0.728090014117583	0.861469794972707	Lower in TB	FALSE
GO:0070304	positive regulation of stress-activated protein kinase signaling cascade	16	0	0.474896168274384	0.728090014117583	0.861469794972707	Lower in TB	FALSE
GO:0044320	cellular response to leptin stimulus	13	0	0.527844068271652	0.728128435292501	0.861469794972707	Higher in TB	FALSE
GO:1903727	positive regulation of phospholipid metabolic process	11	0	0.46981954557631	0.728886104426267	0.86213299742438	Lower in TB	FALSE
GO:0090100	positive regulation of transmembrane receptor protein serine/threonine kinase signaling pathway	72	1	0.4881939965121	0.729091405473281	0.86213299742438	Lower in TB	FALSE
GO:0070922	RISC complex assembly	10	0	0.531597557055609	0.729340748689311	0.86213299742438	Higher in TB	FALSE
GO:0000271	polysaccharide biosynthetic process	43	1	0.515249887983186	0.72935141673046	0.86213299742438	Higher in TB	FALSE
GO:0046716	muscle cell cellular homeostasis	10	0	0.468418514946962	0.729473027285962	0.86213299742438	Lower in TB	FALSE
GO:0002902	regulation of B cell apoptotic process	13	0	0.527600888636092	0.730410121099456	0.862872939804753	Higher in TB	FALSE
GO:1904659	D-glucose transmembrane transport	71	2	0.511828184911674	0.730412997790346	0.862872939804753	Higher in TB	FALSE
GO:1904705	regulation of vascular associated smooth muscle cell proliferation	45	1	0.485194926019358	0.731146329938603	0.86309946069435	Lower in TB	FALSE
GO:0035493	SNARE complex assembly	22	0	0.52115802606314	0.731187959637552	0.86309946069435	Higher in TB	FALSE
GO:0006470	protein dephosphorylation	72	1	0.488291048520032	0.731231920797425	0.86309946069435	Lower in TB	FALSE
GO:0042542	response to hydrogen peroxide	73	5	0.511619498696263	0.731438292430764	0.86309946069435	Higher in TB	FALSE
GO:0060135	maternal process involved in female pregnancy	18	1	0.523359059563369	0.731515614328776	0.86309946069435	Higher in TB	FALSE
GO:2000026	regulation of multicellular organismal development	961	38	0.496719682638422	0.731546650934098	0.86309946069435	Lower in TB	FALSE
GO:0003283	atrial septum development	12	0	0.471428954136305	0.731819325466751	0.863192040884365	Lower in TB	FALSE
GO:0051865	protein autoubiquitination	71	1	0.511758538330223	0.731939122335924	0.863192040884365	Higher in TB	FALSE
GO:0046330	positive regulation of JNK cascade	82	3	0.489067414875504	0.732223960403986	0.863214686868306	Lower in TB	FALSE
GO:0007632	visual behavior	18	0	0.52328462024035	0.73233836104884	0.863214686868306	Higher in TB	FALSE
GO:1905091	positive regulation of type 2 mitophagy	10	0	0.468777456337726	0.73242934053122	0.863214686868306	Lower in TB	FALSE
GO:0070884	regulation of calcineurin-NFAT signaling cascade	29	0	0.481715649924274	0.733255020500125	0.863817463618961	Lower in TB	FALSE
GO:0106056	regulation of calcineurin-mediated signaling	29	0	0.481715649924274	0.733255020500125	0.863817463618961	Lower in TB	FALSE
GO:0051668	localization within membrane	603	10	0.504052341989861	0.734543675792437	0.86515019912314	Higher in TB	FALSE
GO:0044321	response to leptin	16	0	0.475579448017149	0.735209563166602	0.865749020837434	Lower in TB	FALSE
GO:0045722	positive regulation of gluconeogenesis	15	0	0.474844149116696	0.735866182283705	0.866097684118385	Lower in TB	FALSE
GO:0035773	insulin secretion involved in cellular response to glucose stimulus	42	0	0.515042906719412	0.735883892193314	0.866097684118385	Higher in TB	FALSE
GO:0043588	skin development	127	3	0.491332809502645	0.73597824303403	0.866097684118385	Lower in TB	FALSE
GO:0097107	postsynaptic density assembly	18	0	0.5229332666357	0.736225865427872	0.866203682457188	Higher in TB	FALSE
GO:0060384	innervation	10	0	0.469281045751634	0.736583696603158	0.866439273411246	Lower in TB	FALSE
GO:0006623	protein targeting to vacuole	41	1	0.515116454089145	0.737694896476591	0.867560757396427	Higher in TB	FALSE
GO:0018146	keratan sulfate proteoglycan biosynthetic process	13	1	0.526689995424925	0.73897785169236	0.868778866926546	Higher in TB	FALSE
GO:0007175	negative regulation of epidermal growth factor-activated receptor activity	10	0	0.530402871531126	0.739195165425679	0.868778866926546	Higher in TB	FALSE
GO:0060628	regulation of ER to Golgi vesicle-mediated transport	20	0	0.478497534305317	0.739204717985155	0.868778866926546	Lower in TB	FALSE
GO:0042698	ovulation cycle	30	1	0.517547999570954	0.739393583337285	0.868815114594655	Higher in TB	FALSE
GO:0051403	stress-activated MAPK cascade	41	1	0.515002584960113	0.739598896246987	0.86887066913802	Higher in TB	FALSE
GO:0000281	mitotic cytokinesis	98	0	0.509704807749346	0.73995497417259	0.868916396508062	Higher in TB	FALSE
GO:0050775	positive regulation of dendrite morphogenesis	32	0	0.483049171315168	0.739997195397466	0.868916396508062	Lower in TB	FALSE
GO:0010812	negative regulation of cell-substrate adhesion	47	1	0.513985858242068	0.74011194704388	0.868916396508062	Higher in TB	FALSE
GO:0072111	cell proliferation involved in kidney development	11	1	0.528836178554903	0.740517552345884	0.869105185910226	Higher in TB	FALSE
GO:0014047	glutamate secretion	13	0	0.526512762809178	0.740648687285597	0.869105185910226	Higher in TB	FALSE
GO:0043279	response to alkaloid	52	0	0.4867354777954	0.740746980934034	0.869105185910226	Lower in TB	FALSE
GO:0098609	cell-cell adhesion	670	30	0.503753392318647	0.741061980448481	0.869289261469117	Higher in TB	FALSE
GO:0098656	monoatomic anion transmembrane transport	88	2	0.510175186337226	0.741508961954829	0.869407628777458	Higher in TB	FALSE
GO:0044790	suppression of viral release by host	16	2	0.523814308681672	0.741545544155841	0.869407628777458	Higher in TB	FALSE
GO:0039692	single stranded viral RNA replication via double stranded DNA intermediate	14	0	0.47456634566805	0.74177731227512	0.869407628777458	Lower in TB	FALSE
GO:2000144	positive regulation of DNA-templated transcription initiation	68	0	0.5115557508472	0.741795414076947	0.869407628777458	Higher in TB	FALSE
GO:0021696	cerebellar cortex morphogenesis	16	0	0.476242631296892	0.742141545089232	0.869453867926447	Lower in TB	FALSE
GO:1900078	positive regulation of cellular response to insulin stimulus	20	0	0.521250536020583	0.742151146267518	0.869453867926447	Higher in TB	FALSE
GO:0010719	negative regulation of epithelial to mesenchymal transition	30	0	0.482684400586363	0.742722127395234	0.869704205757833	Lower in TB	FALSE
GO:0006555	methionine metabolic process	11	0	0.471421961376422	0.742758027914684	0.869704205757833	Lower in TB	FALSE
GO:0035794	positive regulation of mitochondrial membrane permeability	30	0	0.517303085559012	0.742901493886058	0.869704205757833	Higher in TB	FALSE
GO:0046341	CDP-diacylglycerol metabolic process	14	0	0.52530351975749	0.743051864243226	0.869704205757833	Higher in TB	FALSE
GO:0045785	positive regulation of cell adhesion	359	19	0.494958714547866	0.743155758212132	0.869704205757833	Lower in TB	FALSE
GO:0003309	type B pancreatic cell differentiation	13	0	0.473874675932223	0.74430546478103	0.870679030928958	Lower in TB	FALSE
GO:0003323	type B pancreatic cell development	13	0	0.473874675932223	0.74430546478103	0.870679030928958	Lower in TB	FALSE
GO:0002837	regulation of immune response to tumor cell	28	2	0.517763299013299	0.744926617082716	0.871220280944644	Higher in TB	FALSE
GO:1990138	neuron projection extension	102	1	0.490691711162768	0.745371281007202	0.871510786420608	Lower in TB	FALSE
GO:0048308	organelle inheritance	16	0	0.523422427652733	0.745650552805118	0.871510786420608	Higher in TB	FALSE
GO:0048313	Golgi inheritance	16	0	0.523422427652733	0.745650552805118	0.871510786420608	Higher in TB	FALSE
GO:0031929	TOR signaling	162	3	0.492628201281113	0.746240981076078	0.872015497121419	Lower in TB	FALSE
GO:1904036	negative regulation of epithelial cell apoptotic process	10	0	0.470481088610308	0.746514322781562	0.872149542425207	Lower in TB	FALSE
GO:0032897	negative regulation of viral transcription	15	2	0.475940910633585	0.746979780164379	0.872187417868199	Lower in TB	FALSE
GO:0051988	regulation of attachment of spindle microtubules to kinetochore	23	0	0.519431540328051	0.747002614030353	0.872187417868199	Higher in TB	FALSE
GO:0050667	homocysteine metabolic process	12	0	0.473107765395056	0.747022653827091	0.872187417868199	Lower in TB	FALSE
GO:0090307	mitotic spindle assembly	70	0	0.511125443405353	0.747587992947331	0.872571873306498	Higher in TB	FALSE
GO:0007096	regulation of exit from mitosis	15	0	0.476008788382187	0.747669351609114	0.872571873306498	Lower in TB	FALSE
GO:0007369	gastrulation	79	1	0.510459356790227	0.747953805350093	0.872718595461548	Higher in TB	FALSE
GO:0035313	wound healing, spreading of epidermal cells	20	1	0.479301565180103	0.748621388687556	0.873312199237043	Lower in TB	FALSE
GO:1902001	fatty acid transmembrane transport	17	1	0.522337430604376	0.749828093432111	0.874189249131431	Higher in TB	FALSE
GO:0051222	positive regulation of protein transport	193	3	0.493341451702292	0.749903756876117	0.874189249131431	Lower in TB	FALSE
GO:1901655	cellular response to ketone	75	0	0.510646381018942	0.749931105768255	0.874189249131431	Higher in TB	FALSE
GO:0051985	negative regulation of chromosome segregation	58	2	0.512097117731821	0.750009219380313	0.874189249131431	Higher in TB	FALSE
GO:2000010	positive regulation of protein localization to cell surface	14	0	0.524541849748151	0.750525768596381	0.874605908381285	Higher in TB	FALSE
GO:0008608	attachment of spindle microtubules to kinetochore	55	1	0.487616620531072	0.750754266532172	0.874686789021801	Lower in TB	FALSE
GO:0033629	negative regulation of cell adhesion mediated by integrin	13	0	0.474633066660072	0.751480054052382	0.875346893470338	Lower in TB	FALSE
GO:0010464	regulation of mesenchymal cell proliferation	10	1	0.528790313939784	0.752564354962449	0.8755630896597	Higher in TB	FALSE
GO:0040014	regulation of multicellular organism growth	17	1	0.522082073624777	0.75259418410686	0.8755630896597	Higher in TB	FALSE
GO:0010001	glial cell differentiation	127	2	0.49189866550524	0.752632863902824	0.8755630896597	Lower in TB	FALSE
GO:0031272	regulation of pseudopodium assembly	11	0	0.472561673526045	0.752675773135124	0.8755630896597	Lower in TB	FALSE
GO:0031274	positive regulation of pseudopodium assembly	11	0	0.472561673526045	0.752675773135124	0.8755630896597	Lower in TB	FALSE
GO:0097193	intrinsic apoptotic signaling pathway	261	11	0.505668687965728	0.752757684997378	0.8755630896597	Higher in TB	FALSE
GO:0046940	nucleoside monophosphate phosphorylation	10	0	0.471257902067931	0.752965266109378	0.8755630896597	Lower in TB	FALSE
GO:0051101	regulation of DNA binding	33	1	0.51582769712899	0.753016612846139	0.8755630896597	Higher in TB	FALSE
GO:0045348	positive regulation of MHC class II biosynthetic process	10	0	0.471273974070503	0.753098917970302	0.8755630896597	Lower in TB	FALSE
GO:0010975	regulation of neuron projection development	297	4	0.494702360309847	0.75372881015398	0.876110147616613	Lower in TB	FALSE
GO:0006936	muscle contraction	261	3	0.494368554703551	0.754329560528229	0.876623107965377	Lower in TB	FALSE
GO:0000393	spliceosomal conformational changes to generate catalytic conformation	39	0	0.485542269788661	0.754722449506415	0.87689434222026	Lower in TB	FALSE
GO:0051223	regulation of protein transport	313	5	0.505137692668912	0.754883659779968	0.876896336672356	Higher in TB	FALSE
GO:0001764	neuron migration	86	1	0.490268586511878	0.75513148944669	0.876998928808176	Lower in TB	FALSE
GO:0045669	positive regulation of osteoblast differentiation	37	2	0.514798236188869	0.755431525132016	0.877033001246686	Higher in TB	FALSE
GO:0086010	membrane depolarization during action potential	22	0	0.519176973985594	0.755513847847224	0.877033001246686	Higher in TB	FALSE
GO:0044092	negative regulation of molecular function	184	4	0.506656227369767	0.755639382849318	0.877033001246686	Higher in TB	FALSE
GO:0010631	epithelial cell migration	67	3	0.510959630350585	0.756422880590037	0.877571850070484	Higher in TB	FALSE
GO:0090132	epithelium migration	67	3	0.510959630350585	0.756422880590037	0.877571850070484	Higher in TB	FALSE
GO:0042407	cristae formation	18	0	0.52109312657067	0.75669419837902	0.877701414069167	Higher in TB	FALSE
GO:0010810	regulation of cell-substrate adhesion	155	5	0.507203157357559	0.757056703973545	0.87793667126061	Higher in TB	FALSE
GO:0006099	tricarboxylic acid cycle	29	0	0.516570105573051	0.757438887663449	0.878194644532611	Higher in TB	FALSE
GO:2000328	regulation of T-helper 17 cell lineage commitment	13	0	0.475304901924416	0.757853820661799	0.878476733081801	Lower in TB	FALSE
GO:0046638	positive regulation of alpha-beta T cell differentiation	38	2	0.514444174606491	0.758001750043664	0.878476733081801	Higher in TB	FALSE
GO:0034497	protein localization to phagophore assembly site	16	0	0.47783025187567	0.758820530523306	0.878824057493033	Lower in TB	FALSE
GO:0001707	mesoderm formation	21	0	0.519337340940128	0.759018691586299	0.878824057493033	Higher in TB	FALSE
GO:0048332	mesoderm morphogenesis	21	0	0.519337340940128	0.759018691586299	0.878824057493033	Higher in TB	FALSE
GO:0006883	intracellular sodium ion homeostasis	20	0	0.480185999142367	0.759023151316036	0.878824057493033	Lower in TB	FALSE
GO:0048708	astrocyte differentiation	40	1	0.485986799742434	0.759100663702148	0.878824057493033	Lower in TB	FALSE
GO:0008630	intrinsic apoptotic signaling pathway in response to DNA damage	88	3	0.490547420623276	0.75927740961977	0.87884362065042	Lower in TB	FALSE
GO:0046856	phosphatidylinositol dephosphorylation	23	0	0.481610371568625	0.760140913602782	0.879580220532374	Lower in TB	FALSE
GO:0015802	basic amino acid transport	16	0	0.477984324758842	0.760445297870718	0.879580220532374	Lower in TB	FALSE
GO:0010498	proteasomal protein catabolic process	570	9	0.49625722596561	0.760540518902019	0.879580220532374	Lower in TB	FALSE
GO:0001934	positive regulation of protein phosphorylation	186	6	0.506479526858459	0.760689174819428	0.879580220532374	Higher in TB	FALSE
GO:2000369	regulation of clathrin-dependent endocytosis	13	0	0.475605785202313	0.76071370473471	0.879580220532374	Lower in TB	FALSE
GO:0006334	nucleosome assembly	70	2	0.489487262173492	0.761053762777063	0.879658579474475	Lower in TB	FALSE
GO:0099084	postsynaptic specialization organization	42	0	0.486453334151091	0.7613128178746	0.879658579474475	Lower in TB	FALSE
GO:0032944	regulation of mononuclear cell proliferation	166	14	0.506829587393334	0.761551581364933	0.879658579474475	Higher in TB	FALSE
GO:0048172	regulation of short-term neuronal synaptic plasticity	11	0	0.52642037844288	0.761568634237699	0.879658579474475	Higher in TB	FALSE
GO:1900101	regulation of endoplasmic reticulum unfolded protein response	36	0	0.51460121602289	0.761764615130874	0.879658579474475	Higher in TB	FALSE
GO:0030879	mammary gland development	52	2	0.487871315754692	0.762247020408018	0.879658579474475	Lower in TB	FALSE
GO:1903076	regulation of protein localization to plasma membrane	91	2	0.509171108686847	0.7624187434854	0.879658579474475	Higher in TB	FALSE
GO:2000107	negative regulation of leukocyte apoptotic process	28	1	0.516482043267758	0.762752187740895	0.879658579474475	Higher in TB	FALSE
GO:0050433	regulation of catecholamine secretion	17	0	0.47886054041103	0.76283209529154	0.879658579474475	Lower in TB	FALSE
GO:0061178	regulation of insulin secretion involved in cellular response to glucose stimulus	36	0	0.514520743919886	0.763038261254344	0.879658579474475	Higher in TB	FALSE
GO:0106300	protein-DNA covalent cross-linking repair	10	0	0.472468659594986	0.763054168613334	0.879658579474475	Lower in TB	FALSE
GO:0051445	regulation of meiotic cell cycle	40	1	0.513765024683408	0.76323857546721	0.879658579474475	Higher in TB	FALSE
GO:0007084	mitotic nuclear membrane reassembly	10	0	0.472495446265938	0.763277837263012	0.879658579474475	Lower in TB	FALSE
GO:0101024	mitotic nuclear membrane organization	10	0	0.472495446265938	0.763277837263012	0.879658579474475	Lower in TB	FALSE
GO:0021872	forebrain generation of neurons	32	0	0.484616364514053	0.763282109179657	0.879658579474475	Lower in TB	FALSE
GO:2000677	regulation of transcription regulatory region DNA binding	13	0	0.52411806165222	0.763341411908461	0.879658579474475	Higher in TB	FALSE
GO:0042761	very long-chain fatty acid biosynthetic process	11	0	0.473803667535251	0.763530196571653	0.879691747852253	Lower in TB	FALSE
GO:0071392	cellular response to estradiol stimulus	24	0	0.517723747229966	0.763748779202814	0.879759226494254	Higher in TB	FALSE
GO:1901142	insulin metabolic process	10	1	0.472640094289082	0.764485989014762	0.880423956347541	Lower in TB	FALSE
GO:0021766	hippocampus development	41	0	0.513497418311988	0.764912647816449	0.880730835119337	Higher in TB	FALSE
GO:0055093	response to hyperoxia	15	0	0.522279977850419	0.765119166117314	0.8807841656853	Higher in TB	FALSE
GO:0001956	positive regulation of neurotransmitter secretion	15	0	0.522229962667238	0.765631028069101	0.881188903563725	Higher in TB	FALSE
GO:0060291	long-term synaptic potentiation	54	0	0.511697633623313	0.766220889097804	0.881683224834602	Higher in TB	FALSE
GO:0042063	gliogenesis	182	6	0.50636796965336	0.767132558130625	0.882547563214517	Higher in TB	FALSE
GO:0007498	mesoderm development	47	2	0.512432571956558	0.768097750882616	0.88347310342105	Higher in TB	FALSE
GO:0035162	embryonic hemopoiesis	14	0	0.477268551831836	0.768383419721627	0.883499624460419	Lower in TB	FALSE
GO:0031401	positive regulation of protein modification process	301	8	0.504938911112618	0.768442197921012	0.883499624460419	Higher in TB	FALSE
GO:0050795	regulation of behavior	47	1	0.487616539300998	0.768987764280486	0.88394202969143	Lower in TB	FALSE
GO:0051446	positive regulation of meiotic cell cycle	10	1	0.526738454944819	0.769683057206703	0.884556322851683	Higher in TB	FALSE
GO:0072210	metanephric nephron development	19	1	0.480629536536308	0.770049879408611	0.884766174300948	Lower in TB	FALSE
GO:0046888	negative regulation of hormone secretion	40	1	0.486650837089504	0.770187506403117	0.884766174300948	Lower in TB	FALSE
GO:0010447	response to acidic pH	15	0	0.478234464033725	0.770388892086329	0.884812644389103	Lower in TB	FALSE
GO:1990778	protein localization to cell periphery	289	4	0.495022340705211	0.771171517350653	0.885526525144923	Lower in TB	FALSE
GO:0003176	aortic valve development	27	0	0.483872633424888	0.771772587628403	0.886031673998947	Lower in TB	FALSE
GO:0071320	cellular response to cAMP	40	0	0.486814498819489	0.772927349045317	0.88702134953971	Lower in TB	FALSE
GO:0009112	nucleobase metabolic process	29	1	0.484520945404919	0.772957309138732	0.88702134953971	Lower in TB	FALSE
GO:0042326	negative regulation of phosphorylation	103	3	0.49178549716443	0.773361112480927	0.887188227235143	Lower in TB	FALSE
GO:0014013	regulation of gliogenesis	53	1	0.488567089387337	0.77342545891925	0.887188227235143	Lower in TB	FALSE
GO:0033673	negative regulation of kinase activity	65	1	0.510295400156235	0.774100937266785	0.88739682417805	Higher in TB	FALSE
GO:1903897	regulation of PERK-mediated unfolded protein response	15	0	0.478613150420663	0.774274795959309	0.88739682417805	Lower in TB	FALSE
GO:0032507	maintenance of protein location in cell	41	2	0.487057530086972	0.774311097257787	0.88739682417805	Lower in TB	FALSE
GO:0045185	maintenance of protein location	41	2	0.487057530086972	0.774311097257787	0.88739682417805	Lower in TB	FALSE
GO:0006839	mitochondrial transport	31	0	0.485137414683518	0.774574212437808	0.88739682417805	Lower in TB	FALSE
GO:0001325	formation of extrachromosomal circular DNA	15	0	0.478673883143097	0.774898536354823	0.88739682417805	Lower in TB	FALSE
GO:0090656	t-circle formation	15	0	0.478673883143097	0.774898536354823	0.88739682417805	Lower in TB	FALSE
GO:0090737	telomere maintenance via telomere trimming	15	0	0.478673883143097	0.774898536354823	0.88739682417805	Lower in TB	FALSE
GO:0045596	negative regulation of cell differentiation	403	15	0.504138433102902	0.775906204153114	0.888359605580097	Higher in TB	FALSE
GO:0071499	cellular response to laminar fluid shear stress	26	2	0.483883274902042	0.776062420080249	0.888359605580097	Lower in TB	FALSE
GO:2000191	regulation of fatty acid transport	22	2	0.517346998450247	0.778202710909241	0.890547361447766	Higher in TB	FALSE
GO:0045619	regulation of lymphocyte differentiation	171	12	0.493755915502527	0.778297575801476	0.890547361447766	Lower in TB	FALSE
GO:0031098	stress-activated protein kinase signaling cascade	43	1	0.512390494983269	0.778624457389729	0.890566400018623	Higher in TB	FALSE
GO:0009220	pyrimidine ribonucleotide biosynthetic process	21	0	0.482281017472655	0.778638174770739	0.890566400018623	Lower in TB	FALSE
GO:0045668	negative regulation of osteoblast differentiation	32	1	0.485672334263034	0.779094534267914	0.890903026082569	Lower in TB	FALSE
GO:0007566	embryo implantation	34	1	0.486111374063626	0.779279883774943	0.890929673735628	Lower in TB	FALSE
GO:0006611	protein export from nucleus	52	1	0.511224144197727	0.77950201506777	0.890998353189729	Higher in TB	FALSE
GO:0033631	cell-cell adhesion mediated by integrin	26	3	0.515842441740565	0.779774606455589	0.891037286515413	Higher in TB	FALSE
GO:0044706	multi-multicellular organism process	98	3	0.491827617041003	0.779860207841427	0.891037286515413	Lower in TB	FALSE
GO:0050670	regulation of lymphocyte proliferation	165	14	0.506293882589058	0.780394103122112	0.891462035937122	Higher in TB	FALSE
GO:1902624	positive regulation of neutrophil migration	28	1	0.515196957161243	0.780758329437978	0.891692832415871	Higher in TB	FALSE
GO:0009225	nucleotide-sugar metabolic process	41	0	0.51252364093268	0.781426316772242	0.892163017028245	Higher in TB	FALSE
GO:0055081	monoatomic anion homeostasis	10	0	0.525313404050145	0.781639251716183	0.892163017028245	Higher in TB	FALSE
GO:0021675	nerve development	32	0	0.485853357648573	0.781814642752942	0.892163017028245	Lower in TB	FALSE
GO:0072677	eosinophil migration	12	0	0.476925275039291	0.781954002472896	0.892163017028245	Lower in TB	FALSE
GO:0021854	hypothalamus development	11	0	0.524097119060955	0.781981371236652	0.892163017028245	Higher in TB	FALSE
GO:0035435	phosphate ion transmembrane transport	11	0	0.524043542848793	0.78245394156206	0.892516964877221	Higher in TB	FALSE
GO:0048701	embryonic cranial skeleton morphogenesis	10	0	0.52515804135862	0.782945928358562	0.892799866172462	Higher in TB	FALSE
GO:0003298	physiological muscle hypertrophy	15	0	0.479495561152493	0.783351501348847	0.892799866172462	Lower in TB	FALSE
GO:0003301	physiological cardiac muscle hypertrophy	15	0	0.479495561152493	0.783351501348847	0.892799866172462	Lower in TB	FALSE
GO:0061049	cell growth involved in cardiac muscle cell development	15	0	0.479495561152493	0.783351501348847	0.892799866172462	Lower in TB	FALSE
GO:0051560	mitochondrial calcium ion homeostasis	21	1	0.517279932610943	0.783985817297529	0.893294297150251	Higher in TB	FALSE
GO:0034198	cellular response to amino acid starvation	52	1	0.489016446933651	0.784110272471283	0.893294297150251	Lower in TB	FALSE
GO:0097306	cellular response to alcohol	73	0	0.490751602149896	0.784719542958093	0.893571430528004	Lower in TB	FALSE
GO:0009408	response to heat	74	1	0.490819063338147	0.784833932168699	0.893571430528004	Lower in TB	FALSE
GO:0071248	cellular response to metal ion	120	1	0.50721824028167	0.784841112771869	0.893571430528004	Higher in TB	FALSE
GO:0098840	protein transport along microtubule	21	0	0.482850250794502	0.785573430928445	0.893940167871387	Lower in TB	FALSE
GO:0099118	microtubule-based protein transport	21	0	0.482850250794502	0.785573430928445	0.893940167871387	Lower in TB	FALSE
GO:0035929	steroid hormone secretion	15	0	0.520268652983942	0.785781912656713	0.893940167871387	Higher in TB	FALSE
GO:0006893	Golgi to plasma membrane transport	65	2	0.490253489458261	0.785843225096849	0.893940167871387	Lower in TB	FALSE
GO:0007288	sperm axoneme assembly	19	0	0.482014652324653	0.786078738787206	0.893940167871387	Lower in TB	FALSE
GO:0045761	regulation of adenylate cyclase activity	20	0	0.48247480703259	0.786140544135714	0.893940167871387	Lower in TB	FALSE
GO:0006458	'de novo' protein folding	11	0	0.476394807977985	0.786323427451749	0.893963234931703	Lower in TB	FALSE
GO:0015701	bicarbonate transport	24	0	0.48404326613768	0.786702915221123	0.894201987471657	Lower in TB	FALSE
GO:0150052	regulation of postsynapse assembly	36	0	0.486994814020029	0.787141509621478	0.894201987471657	Lower in TB	FALSE
GO:0002689	negative regulation of leukocyte chemotaxis	16	1	0.480519828510182	0.787330197301436	0.894201987471657	Lower in TB	FALSE
GO:0034144	negative regulation of toll-like receptor 4 signaling pathway	12	0	0.5224764252036	0.787470740590935	0.894201987471657	Higher in TB	FALSE
GO:0050982	detection of mechanical stimulus	31	0	0.513988875336292	0.787498968151423	0.894201987471657	Higher in TB	FALSE
GO:0042634	regulation of hair cycle	14	1	0.520806221963654	0.787509280345173	0.894201987471657	Higher in TB	FALSE
GO:0043616	keratinocyte proliferation	25	1	0.484488767358319	0.788347720192588	0.894969185550041	Lower in TB	FALSE
GO:0032872	regulation of stress-activated MAPK cascade	29	0	0.4856286395334	0.788805838587977	0.89498970520428	Lower in TB	FALSE
GO:0006367	transcription initiation at RNA polymerase II promoter	187	0	0.494317621432949	0.788842297863688	0.89498970520428	Lower in TB	FALSE
GO:0001933	negative regulation of protein phosphorylation	92	3	0.491919767354807	0.78885414903964	0.89498970520428	Lower in TB	FALSE
GO:0046676	negative regulation of insulin secretion	21	0	0.483182090847596	0.789624310878784	0.895532009575039	Lower in TB	FALSE
GO:0006968	cellular defense response	43	3	0.488242290809379	0.789657908770423	0.895532009575039	Lower in TB	FALSE
GO:0009101	glycoprotein biosynthetic process	246	3	0.495063942229222	0.789929467071423	0.895655229935797	Lower in TB	FALSE
GO:0070482	response to oxygen levels	246	4	0.504918853583544	0.790644595743972	0.896281234515538	Higher in TB	FALSE
GO:0002637	regulation of immunoglobulin production	46	3	0.48871385563257	0.791150583386803	0.896669945879333	Lower in TB	FALSE
GO:0010669	epithelial structure maintenance	19	0	0.48249140297278	0.791617225771054	0.897013913291272	Lower in TB	FALSE
GO:0043174	nucleoside salvage	12	0	0.521962958994142	0.792213784243247	0.897209184666831	Higher in TB	FALSE
GO:0051900	regulation of mitochondrial depolarization	13	1	0.521096863807039	0.792261374294484	0.897209184666831	Higher in TB	FALSE
GO:1903055	positive regulation of extracellular matrix organization	26	1	0.514897917096308	0.79259589649075	0.897209184666831	Higher in TB	FALSE
GO:0043393	regulation of protein binding	29	2	0.485893080702637	0.792602609326413	0.897209184666831	Lower in TB	FALSE
GO:2000622	regulation of nuclear-transcribed mRNA catabolic process, nonsense-mediated decay	15	0	0.480392261936659	0.79260549471204	0.897209184666831	Lower in TB	FALSE
GO:0046686	response to cadmium ion	28	1	0.514308313415456	0.793279440765987	0.897787230409921	Higher in TB	FALSE
GO:0007289	spermatid nucleus differentiation	12	0	0.521797756822403	0.79374145278911	0.897977874640098	Higher in TB	FALSE
GO:0032332	positive regulation of chondrocyte differentiation	11	0	0.47724228624309	0.793819338446107	0.897977874640098	Lower in TB	FALSE
GO:0048483	autonomic nervous system development	20	0	0.516871247855918	0.793937877159971	0.897977874640098	Higher in TB	FALSE
GO:0038093	Fc receptor signaling pathway	54	6	0.510262652298953	0.794210575948715	0.898101552152619	Higher in TB	FALSE
GO:0099054	presynapse assembly	25	0	0.484952013296874	0.794525366684868	0.898272767023114	Lower in TB	FALSE
GO:0035973	aggrephagy	17	0	0.518185515269402	0.795177416031063	0.898704793035212	Higher in TB	FALSE
GO:0051315	attachment of mitotic spindle microtubules to kinetochore	26	0	0.485295937306661	0.795234415808713	0.898704793035212	Lower in TB	FALSE
GO:0042177	negative regulation of protein catabolic process	108	4	0.507205746246031	0.795913132463102	0.89917771725375	Higher in TB	FALSE
GO:1903169	regulation of calcium ion transmembrane transport	90	2	0.507887059554982	0.795979983607494	0.89917771725375	Higher in TB	FALSE
GO:0032885	regulation of polysaccharide biosynthetic process	29	0	0.486176014261331	0.796670338715324	0.899772703832549	Lower in TB	FALSE
GO:0043297	apical junction assembly	49	0	0.489375199266371	0.796963117671661	0.89991850913099	Lower in TB	FALSE
GO:0014856	skeletal muscle cell proliferation	11	0	0.522372939142294	0.797228996479484	0.900000655365753	Higher in TB	FALSE
GO:0090224	regulation of spindle organization	44	0	0.511178227097076	0.797539698358127	0.900000655365753	Higher in TB	FALSE
GO:0032869	cellular response to insulin stimulus	165	3	0.494221126504634	0.797957712164534	0.900000655365753	Lower in TB	FALSE
GO:0061351	neural precursor cell proliferation	73	2	0.491334068227322	0.797975034574124	0.900000655365753	Lower in TB	FALSE
GO:0060284	regulation of cell development	564	24	0.503152762636894	0.798403515818793	0.900000655365753	Higher in TB	FALSE
GO:0033630	positive regulation of cell adhesion mediated by integrin	17	1	0.482107672373843	0.798408087848478	0.900000655365753	Lower in TB	FALSE
GO:0045869	negative regulation of single stranded viral RNA replication via double stranded DNA intermediate	10	0	0.523309761062895	0.798536889625097	0.900000655365753	Higher in TB	FALSE
GO:1902307	positive regulation of sodium ion transmembrane transport	16	0	0.51842845659164	0.798558782774249	0.900000655365753	Higher in TB	FALSE
GO:1900025	negative regulation of substrate adhesion-dependent cell spreading	12	1	0.478729104157737	0.798618738406353	0.900000655365753	Lower in TB	FALSE
GO:0010819	regulation of T cell chemotaxis	10	0	0.523293689060324	0.798672826033014	0.900000655365753	Higher in TB	FALSE
GO:0070168	negative regulation of biomineral tissue development	20	0	0.516453151801029	0.798933925364833	0.900021676982494	Higher in TB	FALSE
GO:0007044	cell-substrate junction assembly	77	1	0.508394181226054	0.799018880565943	0.900021676982494	Higher in TB	FALSE
GO:0071526	semaphorin-plexin signaling pathway	36	1	0.51219450405341	0.800120346528954	0.901077768376934	Higher in TB	FALSE
GO:0072537	fibroblast activation	15	0	0.481249665076898	0.801481358684564	0.902425662512335	Lower in TB	FALSE
GO:0045542	positive regulation of cholesterol biosynthetic process	12	0	0.520900307186741	0.802054097552074	0.902516051645784	Higher in TB	FALSE
GO:0106120	positive regulation of sterol biosynthetic process	12	0	0.520900307186741	0.802054097552074	0.902516051645784	Higher in TB	FALSE
GO:1905089	regulation of type 2 mitophagy	12	0	0.479099692813259	0.802054097552074	0.902516051645784	Lower in TB	FALSE
GO:0046661	male sex differentiation	53	1	0.509910143573731	0.802935373102469	0.903310365811903	Higher in TB	FALSE
GO:0051924	regulation of calcium ion transport	147	3	0.49404335105514	0.803222808881974	0.903310365811903	Lower in TB	FALSE
GO:0099151	regulation of postsynaptic density assembly	10	0	0.522752598307082	0.803252888041905	0.903310365811903	Higher in TB	FALSE
GO:1904321	response to forskolin	11	0	0.521622872172028	0.803886750844417	0.903735504076904	Higher in TB	FALSE
GO:0060976	coronary vasculature development	12	0	0.479305079297042	0.803959685420178	0.903735504076904	Lower in TB	FALSE
GO:0019082	viral protein processing	31	3	0.487177224716477	0.804840040324275	0.904343387031964	Lower in TB	FALSE
GO:0010658	striated muscle cell apoptotic process	29	0	0.513248872426553	0.804955665755633	0.904343387031964	Higher in TB	FALSE
GO:0006670	sphingosine metabolic process	21	0	0.515559469566438	0.80503734797194	0.904343387031964	Higher in TB	FALSE
GO:0032410	negative regulation of transporter activity	17	0	0.482719268102761	0.805158399330932	0.904343387031964	Lower in TB	FALSE
GO:0022407	regulation of cell-cell adhesion	387	21	0.496349947293264	0.805575588305607	0.904627161867693	Lower in TB	FALSE
GO:0071218	cellular response to misfolded protein	16	0	0.517708333333333	0.806271401283323	0.905178200989323	Higher in TB	FALSE
GO:0098885	modification of postsynaptic actin cytoskeleton	15	0	0.518271618169801	0.806448299200545	0.905178200989323	Higher in TB	FALSE
GO:0000038	very long-chain fatty acid metabolic process	28	1	0.513369874977018	0.80656020491937	0.905178200989323	Higher in TB	FALSE
GO:1900449	regulation of glutamate receptor signaling pathway	10	0	0.522297224900889	0.807112645403318	0.905613331515804	Higher in TB	FALSE
GO:1905562	regulation of vascular endothelial cell proliferation	19	0	0.516140407297388	0.80756929123536	0.905940820896145	Higher in TB	FALSE
GO:1905475	regulation of protein localization to membrane	137	4	0.493995101272008	0.808340747619424	0.906621262833862	Lower in TB	FALSE
GO:0051154	negative regulation of striated muscle cell differentiation	26	0	0.486269333883275	0.808518000165659	0.906635114197592	Lower in TB	FALSE
GO:0006103	2-oxoglutarate metabolic process	14	0	0.481321861077514	0.808800062761295	0.906766465143067	Lower in TB	FALSE
GO:1903490	positive regulation of mitotic cytokinesis	13	0	0.480691949105387	0.809523070725237	0.907078508482001	Lower in TB	FALSE
GO:1902018	negative regulation of cilium assembly	25	1	0.486075813629296	0.809564807607282	0.907078508482001	Lower in TB	FALSE
GO:1901879	regulation of protein depolymerization	77	1	0.507944499180587	0.809573343237756	0.907078508482001	Higher in TB	FALSE
GO:0050798	activated T cell proliferation	35	3	0.511726072329044	0.810279427101722	0.907235514437432	Higher in TB	FALSE
GO:0030511	positive regulation of transforming growth factor beta receptor signaling pathway	25	1	0.513864135971262	0.810370478334029	0.907235514437432	Higher in TB	FALSE
GO:1903846	positive regulation of cellular response to transforming growth factor beta stimulus	25	1	0.513864135971262	0.810370478334029	0.907235514437432	Higher in TB	FALSE
GO:0044029	positive regulation of gene expression via chromosomal CpG island demethylation	10	0	0.478093860495018	0.810431252659866	0.907235514437432	Lower in TB	FALSE
GO:0010713	negative regulation of collagen metabolic process	11	0	0.479132065362979	0.810602133223237	0.907235514437432	Lower in TB	FALSE
GO:0043555	regulation of translation in response to stress	19	1	0.484127588629074	0.810703543548764	0.907235514437432	Lower in TB	FALSE
GO:0034755	iron ion transmembrane transport	21	1	0.515025972865694	0.811594792822804	0.907724866926685	Higher in TB	FALSE
GO:0090278	negative regulation of peptide hormone secretion	24	0	0.514051218814783	0.811665094253791	0.907724866926685	Higher in TB	FALSE
GO:0035630	bone mineralization involved in bone maturation	10	2	0.478259937854923	0.811841559393711	0.907724866926685	Lower in TB	FALSE
GO:0001709	cell fate determination	12	0	0.519819795685098	0.812092080032922	0.907724866926685	Higher in TB	FALSE
GO:0051882	mitochondrial depolarization	16	1	0.517165728831726	0.812095286411085	0.907724866926685	Higher in TB	FALSE
GO:0015936	coenzyme A metabolic process	18	1	0.516177153678494	0.812182198620589	0.907724866926685	Higher in TB	FALSE
GO:0046189	phenol-containing compound biosynthetic process	28	0	0.512965771894343	0.812296534245051	0.907724866926685	Higher in TB	FALSE
GO:0039529	RIG-I signaling pathway	25	3	0.513686129430057	0.812759894152241	0.908058097551111	Higher in TB	FALSE
GO:0006469	negative regulation of protein kinase activity	58	1	0.50895870144206	0.813462949301975	0.908562101422322	Higher in TB	FALSE
GO:0062099	negative regulation of programmed necrotic cell death	15	0	0.482410731829305	0.813541510604236	0.908562101422322	Lower in TB	FALSE
GO:0071549	cellular response to dexamethasone stimulus	15	0	0.517546398013683	0.813987674933482	0.908875758892016	Higher in TB	FALSE
GO:0009123	nucleoside monophosphate metabolic process	70	1	0.491898926613535	0.814725997669266	0.909172264977863	Lower in TB	FALSE
GO:0032330	regulation of chondrocyte differentiation	23	0	0.485887571412921	0.81476509823574	0.909172264977863	Lower in TB	FALSE
GO:1901875	positive regulation of post-translational protein modification	108	2	0.493481417652034	0.815004975418555	0.909172264977863	Lower in TB	FALSE
GO:1900242	regulation of synaptic vesicle endocytosis	18	0	0.515921082407308	0.815101237351862	0.909172264977863	Higher in TB	FALSE
GO:0043632	modification-dependent macromolecule catabolic process	648	9	0.502694625233176	0.815413686841236	0.909172264977863	Higher in TB	FALSE
GO:0014009	glial cell proliferation	30	2	0.512311845257249	0.815458617632355	0.909172264977863	Higher in TB	FALSE
GO:0032941	secretion by tissue	15	0	0.51740349749031	0.815475324488799	0.909172264977863	Higher in TB	FALSE
GO:0000729	DNA double-strand break processing	19	1	0.484545098072404	0.815592413319701	0.909172264977863	Lower in TB	FALSE
GO:0009208	pyrimidine ribonucleoside triphosphate metabolic process	15	0	0.517364199846382	0.81588454499937	0.909172264977863	Higher in TB	FALSE
GO:0038203	TORC2 signaling	23	0	0.485976145578634	0.815906867115456	0.909172264977863	Lower in TB	FALSE
GO:0001101	response to acid chemical	87	2	0.492809058378982	0.816702327177275	0.909874244137924	Lower in TB	FALSE
GO:0002725	negative regulation of T cell cytokine production	11	1	0.520083773713562	0.817592249549721	0.910615228961797	Higher in TB	FALSE
GO:0045773	positive regulation of axon extension	30	1	0.512154528227681	0.817775098108423	0.910615228961797	Higher in TB	FALSE
GO:0051383	kinetochore organization	31	0	0.488061315409303	0.818052144898149	0.910615228961797	Lower in TB	FALSE
GO:0006002	fructose 6-phosphate metabolic process	12	1	0.480858872696099	0.818412868718064	0.910615228961797	Lower in TB	FALSE
GO:0072599	establishment of protein localization to endoplasmic reticulum	44	0	0.510002342011788	0.818445135409718	0.910615228961797	Higher in TB	FALSE
GO:0002712	regulation of B cell mediated immunity	37	2	0.489099432604985	0.818526820940197	0.910615228961797	Lower in TB	FALSE
GO:0002889	regulation of immunoglobulin mediated immune response	37	2	0.489099432604985	0.818526820940197	0.910615228961797	Lower in TB	FALSE
GO:0090336	positive regulation of brown fat cell differentiation	11	0	0.480076954922923	0.819026818883647	0.910942881882673	Lower in TB	FALSE
GO:0035272	exocrine system development	10	0	0.520834672666881	0.819540630946653	0.910942881882673	Higher in TB	FALSE
GO:0060080	inhibitory postsynaptic potential	12	0	0.519016109444206	0.819578526114386	0.910942881882673	Higher in TB	FALSE
GO:0045471	response to ethanol	81	1	0.492678570835782	0.819842453690407	0.910942881882673	Lower in TB	FALSE
GO:0110076	negative regulation of ferroptosis	18	0	0.515501244625481	0.819892643581748	0.910942881882673	Higher in TB	FALSE
GO:0060795	cell fate commitment involved in formation of primary germ layer	12	0	0.518966995285041	0.820036572194957	0.910942881882673	Higher in TB	FALSE
GO:0001755	neural crest cell migration	23	1	0.513695197648589	0.820146828904917	0.910942881882673	Higher in TB	FALSE
GO:0090497	mesenchymal cell migration	23	1	0.513695197648589	0.820146828904917	0.910942881882673	Higher in TB	FALSE
GO:0051152	positive regulation of smooth muscle cell differentiation	12	1	0.518882161737391	0.820827887226201	0.911515193692113	Higher in TB	FALSE
GO:1904892	regulation of receptor signaling pathway via STAT	73	3	0.507659318463144	0.821018875795979	0.911543170259752	Higher in TB	FALSE
GO:0010633	negative regulation of epithelial cell migration	13	1	0.481932577415619	0.821550100315289	0.911948809112348	Lower in TB	FALSE
GO:0033687	osteoblast proliferation	19	2	0.485069805886319	0.821746706286524	0.911982921106845	Lower in TB	FALSE
GO:0030534	adult behavior	37	0	0.510687413632851	0.822015597568425	0.912097226121332	Higher in TB	FALSE
GO:0071548	response to dexamethasone	25	0	0.512976247922363	0.822305906305064	0.912235244726642	Higher in TB	FALSE
GO:0033555	multicellular organismal response to stress	33	0	0.511252090718915	0.82299563404211	0.912430609560271	Higher in TB	FALSE
GO:1903909	regulation of receptor clustering	12	1	0.518623196170882	0.823244605446506	0.912430609560271	Higher in TB	FALSE
GO:0035036	sperm-egg recognition	17	0	0.515644555694618	0.823287438431185	0.912430609560271	Higher in TB	FALSE
GO:0042983	amyloid precursor protein biosynthetic process	13	0	0.517886068279896	0.823311795930975	0.912430609560271	Higher in TB	FALSE
GO:0042984	regulation of amyloid precursor protein biosynthetic process	13	0	0.517886068279896	0.823311795930975	0.912430609560271	Higher in TB	FALSE
GO:0035542	regulation of SNARE complex assembly	14	0	0.482783961296447	0.823511422103623	0.91246791590603	Lower in TB	FALSE
GO:0042246	tissue regeneration	37	0	0.510584461815751	0.823701918824925	0.912471026429927	Higher in TB	FALSE
GO:0008584	male gonad development	51	0	0.509011185682327	0.823846157729749	0.912471026429927	Higher in TB	FALSE
GO:0046641	positive regulation of alpha-beta T cell proliferation	17	0	0.515553131590811	0.82430331336102	0.912793477715788	Higher in TB	FALSE
GO:0010310	regulation of hydrogen peroxide metabolic process	13	1	0.517762417617746	0.824513463353362	0.912842332162059	Higher in TB	FALSE
GO:0000266	mitochondrial fission	36	0	0.510649141630901	0.825011898442214	0.912945186682122	Higher in TB	FALSE
GO:0007272	ensheathment of neurons	95	1	0.493437835479933	0.825104516664872	0.912945186682122	Lower in TB	FALSE
GO:0008366	axon ensheathment	95	1	0.493437835479933	0.825104516664872	0.912945186682122	Lower in TB	FALSE
GO:0010526	transposable element silencing	32	0	0.48873297039262	0.825422402751125	0.913113152983035	Lower in TB	FALSE
GO:0140014	mitotic nuclear division	260	3	0.496034802512865	0.825929496723809	0.913326219186406	Lower in TB	FALSE
GO:0014048	regulation of glutamate secretion	11	0	0.519148625283102	0.825947246597819	0.913326219186406	Higher in TB	FALSE
GO:0071453	cellular response to oxygen levels	135	3	0.494525645865919	0.826239698190359	0.913465887924913	Lower in TB	FALSE
GO:0097120	receptor localization to synapse	60	1	0.508183820369575	0.826475518171044	0.913542902875835	Higher in TB	FALSE
GO:0016239	positive regulation of macroautophagy	84	2	0.49309034607819	0.826755361458012	0.91366853814998	Lower in TB	FALSE
GO:1903826	L-arginine transmembrane transport	10	0	0.480038572806172	0.826982888085097	0.9137230421795	Lower in TB	FALSE
GO:0046883	regulation of hormone secretion	155	4	0.505084899268659	0.827137064555724	0.9137230421795	Higher in TB	FALSE
GO:2000831	regulation of steroid hormone secretion	13	0	0.482530222282674	0.827359043767951	0.91374564931598	Lower in TB	FALSE
GO:0007200	phospholipase C-activating G protein-coupled receptor signaling pathway	84	3	0.506873155888862	0.827656107554408	0.91374564931598	Higher in TB	FALSE
GO:0030279	negative regulation of ossification	29	1	0.511680717800589	0.82765611742335	0.91374564931598	Higher in TB	FALSE
GO:0042149	cellular response to glucose starvation	46	1	0.509246423487129	0.828243757354828	0.914210836767084	Higher in TB	FALSE
GO:0044351	macropinocytosis	10	0	0.519634629808207	0.829772066346075	0.91558361325522	Higher in TB	FALSE
GO:0006488	dolichol-linked oligosaccharide biosynthetic process	20	0	0.513882933104631	0.829820506520691	0.91558361325522	Higher in TB	FALSE
GO:0014033	neural crest cell differentiation	41	1	0.490308690046922	0.829995516779403	0.915592967747423	Lower in TB	FALSE
GO:0010837	regulation of keratinocyte proliferation	21	1	0.486546438462815	0.830997354903727	0.916514234154602	Lower in TB	FALSE
GO:0050919	negative chemotaxis	30	1	0.488771497014552	0.831442371853004	0.916629694007979	Lower in TB	FALSE
GO:0071786	endoplasmic reticulum tubular network organization	22	0	0.513097361521292	0.831595226142563	0.916629694007979	Higher in TB	FALSE
GO:0006828	manganese ion transport	10	0	0.519420336440587	0.831602203294252	0.916629694007979	Higher in TB	FALSE
GO:1901654	response to ketone	142	0	0.494848827506965	0.832251678349546	0.917031715807729	Lower in TB	FALSE
GO:0090140	regulation of mitochondrial fission	28	0	0.511558114236686	0.832355405910591	0.917031715807729	Higher in TB	FALSE
GO:0007165	signal transduction	4267	131	0.49893566865734	0.832467314222694	0.917031715807729	Lower in TB	FALSE
GO:0050872	white fat cell differentiation	11	0	0.481635535640357	0.832968527238404	0.917359448350723	Lower in TB	FALSE
GO:0030509	BMP signaling pathway	95	1	0.493744317200083	0.833150173583754	0.917359448350723	Lower in TB	FALSE
GO:0030835	negative regulation of actin filament depolymerization	43	1	0.490721013855138	0.833265384696892	0.917359448350723	Lower in TB	FALSE
GO:0007018	microtubule-based movement	375	2	0.496835072764694	0.833545146688272	0.917387931270025	Lower in TB	FALSE
GO:0048709	oligodendrocyte differentiation	53	1	0.508341784707285	0.833624973558575	0.917387931270025	Higher in TB	FALSE
GO:0071705	nitrogen compound transport	572	9	0.502560381509785	0.834571208608001	0.918240505458647	Higher in TB	FALSE
GO:0062098	regulation of programmed necrotic cell death	33	1	0.489505363130853	0.834733729771247	0.918240505458647	Lower in TB	FALSE
GO:0071772	response to BMP	97	1	0.493888177706456	0.835258221052179	0.918449939868976	Lower in TB	FALSE
GO:0071773	cellular response to BMP stimulus	97	1	0.493888177706456	0.835258221052179	0.918449939868976	Lower in TB	FALSE
GO:0048645	animal organ formation	14	0	0.516010380146057	0.835689594698459	0.918740530224381	Higher in TB	FALSE
GO:0036490	regulation of translation in response to endoplasmic reticulum stress	10	0	0.51892210436087	0.8358607863292	0.918745022638533	Higher in TB	FALSE
GO:0045624	positive regulation of T-helper cell differentiation	20	0	0.513354952830189	0.836199682394186	0.918933810474362	Higher in TB	FALSE
GO:1902903	regulation of supramolecular fiber organization	303	6	0.496552822974019	0.836667310974777	0.918984154247809	Lower in TB	FALSE
GO:0006301	DNA damage tolerance	37	0	0.490214502285965	0.836815826361737	0.918984154247809	Lower in TB	FALSE
GO:1904179	positive regulation of adipose tissue development	12	0	0.517172096013716	0.836816966618865	0.918984154247809	Higher in TB	FALSE
GO:0090399	replicative senescence	13	1	0.483511184202391	0.83691408881753	0.918984154247809	Lower in TB	FALSE
GO:0007601	visual perception	100	1	0.505934539190353	0.837562311931676	0.919512298522435	Higher in TB	FALSE
GO:0051248	negative regulation of protein metabolic process	459	12	0.502789118306621	0.838019389394474	0.919735257109247	Higher in TB	FALSE
GO:1901800	positive regulation of proteasomal protein catabolic process	100	2	0.494085378983635	0.83809997055608	0.919735257109247	Lower in TB	FALSE
GO:1903115	regulation of actin filament-based movement	31	0	0.510584001591709	0.838396317297891	0.91981630418183	Higher in TB	FALSE
GO:0016237	microautophagy	22	0	0.512536916284102	0.838700846209068	0.91981630418183	Higher in TB	FALSE
GO:0014850	response to muscle activity	15	0	0.515177821838772	0.838728105319648	0.91981630418183	Higher in TB	FALSE
GO:0090102	cochlea development	19	0	0.486522625908718	0.838843024584884	0.91981630418183	Lower in TB	FALSE
GO:0140131	positive regulation of lymphocyte chemotaxis	13	0	0.516258001228263	0.839165890843414	0.919960173324951	Higher in TB	FALSE
GO:0090267	positive regulation of mitotic cell cycle spindle assembly checkpoint	19	0	0.513437879954751	0.83930888130192	0.919960173324951	Higher in TB	FALSE
GO:0009953	dorsal/ventral pattern formation	22	0	0.487555679015956	0.839876101537459	0.920398406667919	Lower in TB	FALSE
GO:1900026	positive regulation of substrate adhesion-dependent cell spreading	31	1	0.510445592089897	0.840481243745389	0.920538147205881	Higher in TB	FALSE
GO:1904888	cranial skeletal system development	21	0	0.487322433663897	0.840611534995865	0.920538147205881	Lower in TB	FALSE
GO:0050896	response to stimulus	6465	175	0.499108084244152	0.840799279920673	0.920538147205881	Lower in TB	FALSE
GO:0034616	response to laminar fluid shear stress	30	2	0.489418642068004	0.841024245351488	0.920538147205881	Lower in TB	FALSE
GO:0090136	epithelial cell-cell adhesion	13	0	0.483948083208652	0.841177542179268	0.920538147205881	Lower in TB	FALSE
GO:0120261	regulation of heterochromatin organization	14	0	0.48454460553914	0.841308875292597	0.920538147205881	Lower in TB	FALSE
GO:0071425	hematopoietic stem cell proliferation	18	0	0.513625373685402	0.841380846248232	0.920538147205881	Higher in TB	FALSE
GO:0072348	sulfur compound transport	51	1	0.508093170153968	0.84154153811576	0.920538147205881	Higher in TB	FALSE
GO:0050432	catecholamine secretion	18	0	0.486398446897965	0.841654509537515	0.920538147205881	Lower in TB	FALSE
GO:0042795	snRNA transcription by RNA polymerase II	15	0	0.485107979207974	0.841724699820542	0.920538147205881	Lower in TB	FALSE
GO:0045646	regulation of erythrocyte differentiation	40	4	0.509118104743507	0.841845362704833	0.920538147205881	Higher in TB	FALSE
GO:0071333	cellular response to glucose stimulus	87	1	0.493823748193685	0.842200049161743	0.9206135740122	Lower in TB	FALSE
GO:0090287	regulation of cellular response to growth factor stimulus	205	5	0.495970083624825	0.842446185756029	0.9206135740122	Lower in TB	FALSE
GO:0043409	negative regulation of MAPK cascade	124	5	0.494833180319659	0.842550944089621	0.9206135740122	Lower in TB	FALSE
GO:0042147	retrograde transport, endosome to Golgi	96	0	0.505866523143165	0.842584122304364	0.9206135740122	Higher in TB	FALSE
GO:0019083	viral transcription	24	2	0.488314479233684	0.842921327205765	0.920799017877468	Lower in TB	FALSE
GO:0001656	metanephros development	35	1	0.490356893790186	0.843499955548858	0.921248064284391	Lower in TB	FALSE
GO:0034763	negative regulation of transmembrane transport	78	2	0.506444034511569	0.844045382478031	0.921660677828047	Higher in TB	FALSE
GO:0008544	epidermis development	151	2	0.495368528299863	0.844344723067543	0.921763608161256	Lower in TB	FALSE
GO:0001655	urogenital system development	16	0	0.514164657020364	0.844485948088139	0.921763608161256	Higher in TB	FALSE
GO:0009083	branched-chain amino acid catabolic process	22	0	0.487930933653031	0.844642607842198	0.921763608161256	Lower in TB	FALSE
GO:0003159	morphogenesis of an endothelium	14	1	0.515068818224964	0.845227795123231	0.922036193965778	Higher in TB	FALSE
GO:0061154	endothelial tube morphogenesis	14	1	0.515068818224964	0.845227795123231	0.922036193965778	Higher in TB	FALSE
GO:1904889	regulation of excitatory synapse assembly	14	1	0.484992421574781	0.845848968288881	0.922415236215329	Lower in TB	FALSE
GO:2000404	regulation of T cell migration	37	0	0.490772762139252	0.846006119568337	0.922415236215329	Lower in TB	FALSE
GO:0006520	amino acid metabolic process	223	2	0.503773129601589	0.846172736326628	0.922415236215329	Higher in TB	FALSE
GO:0072091	regulation of stem cell proliferation	23	0	0.488325691869125	0.846329220556086	0.922415236215329	Lower in TB	FALSE
GO:1901978	positive regulation of cell cycle checkpoint	25	0	0.511191893196075	0.84641412635619	0.922415236215329	Higher in TB	FALSE
GO:0007631	feeding behavior	34	0	0.490456401421206	0.847292127076259	0.923189083366086	Lower in TB	FALSE
GO:0072384	organelle transport along microtubule	88	1	0.494133556351116	0.849174203413571	0.925056423690868	Lower in TB	FALSE
GO:0040020	regulation of meiotic nuclear division	11	0	0.516538002581399	0.849373258911267	0.925089971769839	Higher in TB	FALSE
GO:0008053	mitochondrial fusion	32	0	0.509647875992276	0.850190410238783	0.92579656872506	Higher in TB	FALSE
GO:0031100	animal organ regeneration	37	0	0.508948832946902	0.850597254401605	0.926056179148519	Higher in TB	FALSE
GO:0008089	anterograde axonal transport	40	0	0.508573459969951	0.851179144581948	0.926506223898545	Higher in TB	FALSE
GO:0006704	glucocorticoid biosynthetic process	10	0	0.482915461266474	0.851607874391333	0.92678940882889	Lower in TB	FALSE
GO:0035589	G protein-coupled purinergic nucleotide receptor signaling pathway	12	1	0.515573653379054	0.851823712233506	0.926840841056761	Higher in TB	FALSE
GO:0006563	L-serine metabolic process	11	0	0.516216545308429	0.852267466919831	0.926880178904269	Higher in TB	FALSE
GO:0042026	protein refolding	24	0	0.510970673386232	0.852417382843632	0.926880178904269	Higher in TB	FALSE
GO:0090504	epiboly	33	2	0.490646420217841	0.852485358726716	0.926880178904269	Lower in TB	FALSE
GO:0035791	platelet-derived growth factor receptor-beta signaling pathway	11	0	0.516177580790493	0.852618416037692	0.926880178904269	Higher in TB	FALSE
GO:0071044	histone mRNA catabolic process	22	1	0.511435519557102	0.852702790996324	0.926880178904269	Higher in TB	FALSE
GO:0015671	oxygen transport	11	1	0.516119134013589	0.853144894404416	0.927177432187286	Higher in TB	FALSE
GO:0032026	response to magnesium ion	13	0	0.485291753737341	0.854318364668261	0.928269242874723	Lower in TB	FALSE
GO:0030866	cortical actin cytoskeleton organization	34	1	0.490948648529254	0.855079687345477	0.928912886983883	Lower in TB	FALSE
GO:0007166	cell surface receptor signaling pathway	2063	90	0.498777230885098	0.856016665777046	0.929747062118174	Lower in TB	FALSE
GO:0031579	membrane raft organization	26	1	0.489764899979377	0.856650951324464	0.929994768623639	Lower in TB	FALSE
GO:0002323	natural killer cell activation involved in immune response	10	0	0.516473802635808	0.856855054048788	0.929994768623639	Higher in TB	FALSE
GO:0010649	regulation of cell communication by electrical coupling	11	0	0.48429486398948	0.856875975855495	0.929994768623639	Lower in TB	FALSE
GO:0170041	non-proteinogenic amino acid metabolic process	42	1	0.508040857214411	0.856921334639388	0.929994768623639	Higher in TB	FALSE
GO:0060391	positive regulation of SMAD protein signal transduction	33	0	0.49094875158277	0.857201720037925	0.930115464134303	Lower in TB	FALSE
GO:0099560	synaptic membrane adhesion	20	1	0.488392474271012	0.857387195184045	0.930133148998003	Lower in TB	FALSE
GO:1905874	regulation of postsynaptic density organization	15	0	0.513348695139596	0.857944881531677	0.930554539092752	Higher in TB	FALSE
GO:0006699	bile acid biosynthetic process	26	0	0.510080428954424	0.858794499446509	0.931227448556767	Higher in TB	FALSE
GO:0006596	polyamine biosynthetic process	13	0	0.514201278547847	0.859287131435501	0.931227448556767	Higher in TB	FALSE
GO:0046425	regulation of receptor signaling pathway via JAK-STAT	66	3	0.506309738980346	0.859318643252536	0.931227448556767	Higher in TB	FALSE
GO:0008652	amino acid biosynthetic process	54	1	0.493030943090013	0.859406916575113	0.931227448556767	Lower in TB	FALSE
GO:0006921	cellular component disassembly involved in execution phase of apoptosis	21	0	0.488843792676545	0.859528248993588	0.931227448556767	Lower in TB	FALSE
GO:0021695	cerebellar cortex development	24	0	0.510425602258918	0.859672604327845	0.931227448556767	Higher in TB	FALSE
GO:0003333	amino acid transmembrane transport	74	1	0.505941674391303	0.859750914673363	0.931227448556767	Higher in TB	FALSE
GO:0045091	regulation of single stranded viral RNA replication via double stranded DNA intermediate	13	0	0.485901763670611	0.860297731821835	0.931389045793826	Lower in TB	FALSE
GO:0101023	vascular endothelial cell proliferation	20	0	0.511358276157804	0.860418105625959	0.931389045793826	Higher in TB	FALSE
GO:0046677	response to antibiotic	25	2	0.510158168462817	0.860448264223519	0.931389045793826	Higher in TB	FALSE
GO:0008154	actin polymerization or depolymerization	153	3	0.50411623916424	0.860577728743658	0.931389045793826	Higher in TB	FALSE
GO:0002768	immune response-regulating cell surface receptor signaling pathway	334	38	0.497221781494257	0.861632886042673	0.93206035535588	Lower in TB	FALSE
GO:0031399	regulation of protein modification process	533	13	0.502211066781424	0.861645614727647	0.93206035535588	Higher in TB	FALSE
GO:0002836	positive regulation of response to tumor cell	14	0	0.513430653581763	0.861876108881283	0.93206035535588	Higher in TB	FALSE
GO:0002839	positive regulation of immune response to tumor cell	14	0	0.513430653581763	0.861876108881283	0.93206035535588	Higher in TB	FALSE
GO:0090030	regulation of steroid hormone biosynthetic process	11	0	0.515130409370967	0.862060883651889	0.932076841360489	Higher in TB	FALSE
GO:0021761	limbic system development	50	0	0.492919574787931	0.862506641024359	0.93237544481949	Lower in TB	FALSE
GO:0006304	DNA modification	27	0	0.509593404869291	0.863017781840473	0.932603257581879	Higher in TB	FALSE
GO:0060259	regulation of feeding behavior	18	0	0.488256452400519	0.863056634153619	0.932603257581879	Lower in TB	FALSE
GO:0051131	chaperone-mediated protein complex assembly	20	1	0.511109026586621	0.863451073560033	0.932768992486008	Higher in TB	FALSE
GO:0002347	response to tumor cell	46	2	0.50732455833275	0.863549321890465	0.932768992486008	Higher in TB	FALSE
GO:0090085	regulation of protein deubiquitination	11	2	0.514945327910771	0.863731876871501	0.932782922616286	Higher in TB	FALSE
GO:0050796	regulation of insulin secretion	101	2	0.504904121636928	0.864809624623928	0.933763416375168	Higher in TB	FALSE
GO:0048608	reproductive structure development	98	1	0.504946601312503	0.865660160210358	0.934480891311436	Higher in TB	FALSE
GO:1905709	negative regulation of membrane permeability	14	0	0.513044077345867	0.865814052444608	0.934480891311436	Higher in TB	FALSE
GO:1990961	xenobiotic detoxification by transmembrane export across the plasma membrane	14	0	0.513005802471026	0.866204130820135	0.934718412413955	Higher in TB	FALSE
GO:0098930	axonal transport	61	0	0.506212599569358	0.866745448063348	0.934957174186835	Higher in TB	FALSE
GO:0006915	apoptotic process	1390	47	0.501350283882578	0.866765499605365	0.934957174186835	Higher in TB	FALSE
GO:0048041	focal adhesion assembly	70	1	0.505784616329602	0.867115093856255	0.935150801495036	Higher in TB	FALSE
GO:0043649	dicarboxylic acid catabolic process	13	0	0.51333984560154	0.867742685217699	0.935644103417711	Higher in TB	FALSE
GO:0010761	fibroblast migration	40	1	0.492470218931101	0.869122351146454	0.936947977765334	Lower in TB	FALSE
GO:0071900	regulation of protein serine/threonine kinase activity	97	1	0.495195495634968	0.870142598946959	0.937863950011837	Lower in TB	FALSE
GO:0002517	T cell tolerance induction	13	1	0.512993623747522	0.871145413367306	0.93876077669413	Higher in TB	FALSE
GO:0010566	regulation of ketone biosynthetic process	18	1	0.510984266504687	0.871832641659899	0.939317237673158	Higher in TB	FALSE
GO:0072659	protein localization to plasma membrane	230	3	0.496925220031207	0.872465549475172	0.939814966891555	Lower in TB	FALSE
GO:0060914	heart formation	12	0	0.513117945420774	0.874981805997835	0.942033061399829	Higher in TB	FALSE
GO:1903729	regulation of plasma membrane organization	16	2	0.511351152197213	0.875094017079751	0.942033061399829	Higher in TB	FALSE
GO:0021545	cranial nerve development	23	0	0.509464615786247	0.875152167766362	0.942033061399829	Higher in TB	FALSE
GO:1990928	response to amino acid starvation	55	1	0.493877391605763	0.87521005413429	0.942033061399829	Lower in TB	FALSE
GO:0043085	positive regulation of catalytic activity	251	5	0.502867552855065	0.875792655376176	0.942475635008459	Higher in TB	FALSE
GO:0040013	negative regulation of locomotion	234	5	0.497051045690022	0.876604962383575	0.943003459600512	Lower in TB	FALSE
GO:0010595	positive regulation of endothelial cell migration	92	4	0.504684370847293	0.87662616988327	0.943003459600512	Higher in TB	FALSE
GO:0060350	endochondral bone morphogenesis	14	0	0.488035274124654	0.876826449776971	0.943034393754653	Lower in TB	FALSE
GO:0002639	positive regulation of immunoglobulin production	38	1	0.492831566522272	0.87847643715479	0.944409960058667	Lower in TB	FALSE
GO:0043254	regulation of protein-containing complex assembly	357	12	0.497642847739019	0.878563697423384	0.944409960058667	Lower in TB	FALSE
GO:2000630	positive regulation of miRNA metabolic process	51	1	0.493817607579945	0.878620761313219	0.944409960058667	Lower in TB	FALSE
GO:0060231	mesenchymal to epithelial transition	10	1	0.513918354226937	0.878876432468796	0.944500122305207	Higher in TB	FALSE
GO:0034614	cellular response to reactive oxygen species	112	4	0.504148293932958	0.879494999733043	0.944980165826123	Higher in TB	FALSE
GO:0051851	host-mediated perturbation of symbiont process	96	4	0.504450910477216	0.880238707111672	0.945594453243449	Higher in TB	FALSE
GO:0009218	pyrimidine ribonucleotide metabolic process	29	0	0.508043264794374	0.880837696451971	0.945699914929502	Higher in TB	FALSE
GO:0006970	response to osmotic stress	67	1	0.494709268424924	0.880974927258379	0.945699914929502	Lower in TB	FALSE
GO:0097699	vascular endothelial cell response to fluid shear stress	23	1	0.490980585941415	0.880980710629233	0.945699914929502	Lower in TB	FALSE
GO:0071243	cellular response to arsenic-containing substance	15	0	0.511162317131986	0.88102491165313	0.945699914929502	Higher in TB	FALSE
GO:0034394	protein localization to cell surface	51	1	0.493955520463219	0.881308350408699	0.945819502351558	Lower in TB	FALSE
GO:0050772	positive regulation of axonogenesis	47	1	0.49372689343885	0.881732818219919	0.94605062834837	Lower in TB	FALSE
GO:0032436	positive regulation of proteasomal ubiquitin-dependent protein catabolic process	71	2	0.505101233577223	0.881867855635758	0.94605062834837	Higher in TB	FALSE
GO:0051984	positive regulation of chromosome segregation	27	0	0.491757079617018	0.882150645105493	0.946169380957862	Lower in TB	FALSE
GO:1902047	polyamine transmembrane transport	12	0	0.487672346049436	0.882458327397708	0.946314781359976	Lower in TB	FALSE
GO:0051382	kinetochore assembly	30	0	0.492225320890986	0.882836237320568	0.946342808032099	Lower in TB	FALSE
GO:0001945	lymph vessel development	14	0	0.48863618965966	0.882967954874846	0.946342808032099	Lower in TB	FALSE
GO:0032891	negative regulation of organic acid transport	17	0	0.510297821899541	0.883140765335494	0.946342808032099	Higher in TB	FALSE
GO:1902423	regulation of attachment of mitotic spindle microtubules to kinetochore	10	0	0.513398692810457	0.883366638085912	0.946342808032099	Higher in TB	FALSE
GO:0010959	regulation of metal ion transport	222	4	0.502856872261879	0.883475166681692	0.946342808032099	Higher in TB	FALSE
GO:0090329	regulation of DNA-templated DNA replication	44	0	0.493615578281744	0.883517212373365	0.946342808032099	Lower in TB	FALSE
GO:0002028	regulation of sodium ion transport	45	0	0.493705234406217	0.883855829586456	0.946427070921322	Lower in TB	FALSE
GO:0031397	negative regulation of protein ubiquitination	65	2	0.505228090913976	0.884124357566209	0.946427070921322	Higher in TB	FALSE
GO:0007605	sensory perception of sound	79	0	0.495256823102678	0.884144802418938	0.946427070921322	Lower in TB	FALSE
GO:0070670	response to interleukin-4	21	2	0.509160061773302	0.88446962734241	0.946427070921322	Higher in TB	FALSE
GO:0071353	cellular response to interleukin-4	21	2	0.509160061773302	0.88446962734241	0.946427070921322	Higher in TB	FALSE
GO:0045639	positive regulation of myeloid cell differentiation	79	5	0.504720715128274	0.884689640045337	0.946427070921322	Higher in TB	FALSE
GO:0045780	positive regulation of bone resorption	11	0	0.487382802035896	0.884800862956638	0.946427070921322	Lower in TB	FALSE
GO:0008542	visual learning	14	0	0.48889645880858	0.885630176990015	0.947051329896649	Lower in TB	FALSE
GO:1990034	calcium ion export across plasma membrane	10	0	0.486874531233258	0.885728981143792	0.947051329896649	Lower in TB	FALSE
GO:0043244	regulation of protein-containing complex disassembly	114	1	0.503879837509948	0.886250407075451	0.947424603947274	Higher in TB	FALSE
GO:0046324	regulation of D-glucose import across plasma membrane	38	0	0.49333704203636	0.886986675469924	0.947988902940001	Lower in TB	FALSE
GO:0070665	positive regulation of leukocyte proliferation	112	9	0.496117196878751	0.88715436655908	0.947988902940001	Lower in TB	FALSE
GO:0062237	protein localization to postsynapse	40	1	0.506476711740717	0.887295542839077	0.947988902940001	Higher in TB	FALSE
GO:0002710	negative regulation of T cell mediated immunity	28	3	0.507708601458601	0.88773270892276	0.948117071832906	Higher in TB	FALSE
GO:1902475	L-alpha-amino acid transmembrane transport	49	1	0.505818304129511	0.887961476191694	0.948117071832906	Higher in TB	FALSE
GO:0001866	NK T cell proliferation	10	0	0.512852244723026	0.888092340231609	0.948117071832906	Higher in TB	FALSE
GO:0070830	bicellular tight junction assembly	41	0	0.506349839994241	0.888128029657087	0.948117071832906	Higher in TB	FALSE
GO:1904580	regulation of intracellular mRNA localization	10	0	0.512830815386264	0.888277744090814	0.948117071832906	Higher in TB	FALSE
GO:0009084	L-glutamine family amino acid biosynthetic process	16	0	0.489894828510182	0.888711797929419	0.948214771777802	Lower in TB	FALSE
GO:0030323	respiratory tube development	46	2	0.494036033513034	0.888714208616045	0.948214771777802	Lower in TB	FALSE
GO:0043576	regulation of respiratory gaseous exchange	10	0	0.487244187292403	0.888926705668805	0.948257475313755	Lower in TB	FALSE
GO:0009187	cyclic nucleotide metabolic process	29	0	0.507442262137017	0.889683409560226	0.948880579197307	Higher in TB	FALSE
GO:1901873	regulation of post-translational protein modification	201	5	0.497175825877379	0.890285864639488	0.949203681261537	Lower in TB	FALSE
GO:0032881	regulation of polysaccharide metabolic process	33	0	0.506933303425284	0.890375407833963	0.949203681261537	Higher in TB	FALSE
GO:0043271	negative regulation of monoatomic ion transport	63	1	0.50501399005133	0.890545630193947	0.949203681261537	Higher in TB	FALSE
GO:0006386	termination of RNA polymerase III transcription	17	0	0.509629480175156	0.890676935545338	0.949203681261537	Higher in TB	FALSE
GO:0045931	positive regulation of mitotic cell cycle	97	3	0.504029879650176	0.890937074785528	0.949296906428456	Higher in TB	FALSE
GO:0009147	pyrimidine nucleoside triphosphate metabolic process	20	0	0.50881217838765	0.891489135747546	0.949701078926566	Higher in TB	FALSE
GO:0120033	negative regulation of plasma membrane bounded cell projection assembly	40	2	0.493794269156471	0.891981953910555	0.950041995854365	Lower in TB	FALSE
GO:2000766	negative regulation of cytoplasmic translation	10	0	0.487645987356691	0.892404542662749	0.95023162778164	Lower in TB	FALSE
GO:0048585	negative regulation of response to stimulus	1332	45	0.501109201336946	0.892505661306728	0.95023162778164	Higher in TB	FALSE
GO:0051898	negative regulation of phosphatidylinositol 3-kinase/protein kinase B signal transduction	47	2	0.505679202981396	0.892859645377995	0.950424458913497	Higher in TB	FALSE
GO:0099633	protein localization to postsynaptic specialization membrane	25	1	0.507738995228138	0.89345679144916	0.950551820809822	Higher in TB	FALSE
GO:0099645	neurotransmitter receptor localization to postsynaptic specialization membrane	25	1	0.507738995228138	0.89345679144916	0.950551820809822	Higher in TB	FALSE
GO:0090022	regulation of neutrophil chemotaxis	28	2	0.507310243917387	0.893499542300063	0.950551820809822	Higher in TB	FALSE
GO:0086004	regulation of cardiac muscle cell contraction	28	0	0.50729683765398	0.893693718139104	0.950551820809822	Higher in TB	FALSE
GO:0170043	non-proteinogenic amino acid biosynthetic process	11	1	0.488395879502228	0.89399536254443	0.950551820809822	Lower in TB	FALSE
GO:0031268	pseudopodium organization	14	0	0.489715541130181	0.894016636123607	0.950551820809822	Lower in TB	FALSE
GO:0032816	positive regulation of natural killer cell activation	14	0	0.510265321432399	0.894212726892899	0.950576483460394	Higher in TB	FALSE
GO:2000241	regulation of reproductive process	88	2	0.50404525402508	0.895671119680551	0.951942744249694	Higher in TB	FALSE
GO:0032817	regulation of natural killer cell proliferation	11	0	0.511389815649125	0.895942222227227	0.952046837612156	Higher in TB	FALSE
GO:1990874	vascular associated smooth muscle cell proliferation	46	1	0.494436276225816	0.896139491545943	0.95207244918253	Lower in TB	FALSE
GO:0001787	natural killer cell proliferation	14	0	0.510054809620773	0.896370149469976	0.952114538824167	Higher in TB	FALSE
GO:0009749	response to glucose	109	1	0.496393176608593	0.896525457892454	0.952114538824167	Lower in TB	FALSE
GO:0048854	brain morphogenesis	15	0	0.490356000928853	0.897113595732288	0.952552266644583	Lower in TB	FALSE
GO:0017156	calcium-ion regulated exocytosis	42	0	0.494242475352275	0.897284137677754	0.952552266644583	Lower in TB	FALSE
GO:2000105	positive regulation of DNA-templated DNA replication	11	0	0.488795265811071	0.897624105917191	0.952729215122146	Lower in TB	FALSE
GO:0045838	positive regulation of membrane potential	10	0	0.511684345869495	0.898205506210108	0.95297836224299	Higher in TB	FALSE
GO:0048846	axon extension involved in axon guidance	10	0	0.511684345869495	0.898205506210108	0.95297836224299	Higher in TB	FALSE
GO:0099505	regulation of presynaptic membrane potential	12	0	0.510555079297042	0.899264846471219	0.953746254516035	Higher in TB	FALSE
GO:0033688	regulation of osteoblast proliferation	17	2	0.508857104125749	0.899398463679286	0.953746254516035	Higher in TB	FALSE
GO:0090435	protein localization to nuclear envelope	11	1	0.510995299905024	0.899527844548149	0.953746254516035	Higher in TB	FALSE
GO:0005978	glycogen biosynthetic process	34	1	0.506238285465457	0.899832337762793	0.953746254516035	Higher in TB	FALSE
GO:0009250	glucan biosynthetic process	34	1	0.506238285465457	0.899832337762793	0.953746254516035	Higher in TB	FALSE
GO:0002052	positive regulation of neuroblast proliferation	10	1	0.488519232829744	0.899970092475298	0.953746254516035	Lower in TB	FALSE
GO:0060251	regulation of glial cell proliferation	22	1	0.507709777088999	0.900387295942	0.95388893377453	Higher in TB	FALSE
GO:0021884	forebrain neuron development	14	0	0.490343249077576	0.9004517217697	0.95388893377453	Lower in TB	FALSE
GO:0045667	regulation of osteoblast differentiation	76	3	0.49587507074137	0.901075828738414	0.954366192718898	Lower in TB	FALSE
GO:0180064	protein O-linked glycosylation via xylose	42	0	0.494472469679081	0.901366352369704	0.954490024138797	Lower in TB	FALSE
GO:2000739	regulation of mesenchymal stem cell differentiation	10	0	0.488722811528983	0.90173517331401	0.954696703809056	Lower in TB	FALSE
GO:0046902	regulation of mitochondrial membrane permeability	43	0	0.505432347460557	0.901917356950761	0.954705742879339	Higher in TB	FALSE
GO:1904063	negative regulation of cation transmembrane transport	47	1	0.494858736607189	0.902956279032033	0.955621486451996	Lower in TB	FALSE
GO:0072530	purine-containing compound transmembrane transport	32	0	0.493836824179361	0.90396831410312	0.95650842781735	Lower in TB	FALSE
GO:0048524	positive regulation of viral process	57	1	0.495434299805047	0.905108429059631	0.957359870034963	Lower in TB	FALSE
GO:0002792	negative regulation of peptide secretion	25	0	0.50688756635033	0.905121244896642	0.957359870034963	Higher in TB	FALSE
GO:1903427	negative regulation of reactive oxygen species biosynthetic process	17	0	0.491685135386488	0.905528662966977	0.957606576070868	Lower in TB	FALSE
GO:0007218	neuropeptide signaling pathway	36	0	0.494301382927992	0.905821494715786	0.957732034220652	Lower in TB	FALSE
GO:0048048	embryonic eye morphogenesis	12	0	0.49017270324332	0.906178799710381	0.957925599078576	Lower in TB	FALSE
GO:1903539	protein localization to postsynaptic membrane	39	1	0.505413135986726	0.906888816010124	0.958180921357516	Higher in TB	FALSE
GO:2000242	negative regulation of reproductive process	27	0	0.493508737436026	0.907068271563997	0.958180921357516	Lower in TB	FALSE
GO:0071732	cellular response to nitric oxide	12	0	0.490275396485212	0.907154973222612	0.958180921357516	Lower in TB	FALSE
GO:1902170	cellular response to reactive nitrogen species	12	0	0.490275396485212	0.907154973222612	0.958180921357516	Lower in TB	FALSE
GO:0007250	activation of NF-kappaB-inducing kinase activity	13	0	0.490670557540836	0.907291720004952	0.958180921357516	Lower in TB	FALSE
GO:0031400	negative regulation of protein modification process	171	6	0.497442606787165	0.908202912900034	0.9587543933643	Lower in TB	FALSE
GO:1902965	regulation of protein localization to early endosome	10	1	0.510500375013393	0.908474740419748	0.9587543933643	Higher in TB	FALSE
GO:1902966	positive regulation of protein localization to early endosome	10	1	0.510500375013393	0.908474740419748	0.9587543933643	Higher in TB	FALSE
GO:0034605	cellular response to heat	52	1	0.495393660785091	0.908532264355766	0.9587543933643	Lower in TB	FALSE
GO:0003177	pulmonary valve development	16	0	0.491730305466238	0.90883122700948	0.958830065738963	Lower in TB	FALSE
GO:0098877	neurotransmitter receptor transport to plasma membrane	13	0	0.49085603353406	0.909127161276321	0.958830065738963	Lower in TB	FALSE
GO:0098969	neurotransmitter receptor transport to postsynaptic membrane	13	0	0.49085603353406	0.909127161276321	0.958830065738963	Lower in TB	FALSE
GO:0051932	synaptic transmission, GABAergic	28	1	0.493817797389226	0.909859236296647	0.959418120667235	Lower in TB	FALSE
GO:0044060	regulation of endocrine process	24	0	0.506639145042533	0.910366988578653	0.959769454114177	Higher in TB	FALSE
GO:1904779	regulation of protein localization to centrosome	12	0	0.509358479782826	0.910636375263882	0.95981839058703	Higher in TB	FALSE
GO:0097106	postsynaptic density organization	34	0	0.505551979401352	0.910804820326124	0.95981839058703	Higher in TB	FALSE
GO:1901992	positive regulation of mitotic cell cycle phase transition	74	2	0.496238416677079	0.910937133881979	0.95981839058703	Lower in TB	FALSE
GO:0032868	response to insulin	194	6	0.497692656103403	0.911823744448456	0.960568489553096	Lower in TB	FALSE
GO:0009163	nucleoside biosynthetic process	19	0	0.50729089970464	0.912401504059584	0.960808938770273	Higher in TB	FALSE
GO:0034404	nucleobase-containing small molecule biosynthetic process	19	0	0.50729089970464	0.912401504059584	0.960808938770273	Higher in TB	FALSE
GO:0010563	negative regulation of phosphorus metabolic process	134	3	0.497259951992813	0.912829933579764	0.960892011262023	Lower in TB	FALSE
GO:0045936	negative regulation of phosphate metabolic process	134	3	0.497259951992813	0.912829933579764	0.960892011262023	Lower in TB	FALSE
GO:0021680	cerebellar Purkinje cell layer development	12	0	0.509099514216317	0.913099870724702	0.960964282842152	Higher in TB	FALSE
GO:0071604	transforming growth factor beta production	30	0	0.505747434659802	0.913248158939659	0.960964282842152	Higher in TB	FALSE
GO:1902905	positive regulation of supramolecular fiber organization	132	4	0.497275930138312	0.913978398843389	0.96127170620482	Lower in TB	FALSE
GO:0042541	hemoglobin biosynthetic process	10	0	0.509857494910533	0.914057321134088	0.96127170620482	Higher in TB	FALSE
GO:0051957	positive regulation of amino acid transport	13	0	0.491354757871395	0.914064838130011	0.96127170620482	Lower in TB	FALSE
GO:0001941	postsynaptic membrane organization	27	0	0.49404893123055	0.914772278511158	0.961831705346022	Lower in TB	FALSE
GO:0060368	regulation of Fc receptor mediated stimulatory signaling pathway	10	1	0.509734276224151	0.915127808779448	0.962021547355527	Higher in TB	FALSE
GO:0032006	regulation of TOR signaling	139	3	0.497389432684311	0.915415466750933	0.962116997264751	Lower in TB	FALSE
GO:0042220	response to cocaine	26	0	0.506007424211178	0.915568593977661	0.962116997264751	Higher in TB	FALSE
GO:0018342	protein prenylation	10	0	0.509552126861674	0.9167105502257	0.962692079899664	Higher in TB	FALSE
GO:0097354	prenylation	10	0	0.509552126861674	0.9167105502257	0.962692079899664	Higher in TB	FALSE
GO:0032480	negative regulation of type I interferon production	47	1	0.504404594529463	0.916808057189078	0.962692079899664	Higher in TB	FALSE
GO:0030901	midbrain development	59	1	0.503921602544785	0.917036645875863	0.962692079899664	Higher in TB	FALSE
GO:0006622	protein targeting to lysosome	28	1	0.505680425323283	0.917149105782863	0.962692079899664	Higher in TB	FALSE
GO:0002708	positive regulation of lymphocyte mediated immunity	93	4	0.503121421532803	0.917166444982619	0.962692079899664	Higher in TB	FALSE
GO:1902931	negative regulation of alcohol biosynthetic process	11	0	0.491021113898157	0.917884849685147	0.96308712639514	Lower in TB	FALSE
GO:0030856	regulation of epithelial cell differentiation	88	4	0.496819795762662	0.9178931506567	0.96308712639514	Lower in TB	FALSE
GO:0043405	regulation of MAP kinase activity	51	1	0.495850506645611	0.918362359631224	0.963395583524608	Lower in TB	FALSE
GO:0051098	regulation of binding	74	4	0.503429593446796	0.918769870083655	0.963639211316279	Higher in TB	FALSE
GO:0006814	sodium ion transport	153	1	0.502363251622519	0.919680579633978	0.964165942491136	Higher in TB	FALSE
GO:0001503	ossification	244	12	0.498125364654485	0.919737095494948	0.964165942491136	Lower in TB	FALSE
GO:0046580	negative regulation of Ras protein signal transduction	21	0	0.493668236525379	0.919999647654135	0.964165942491136	Lower in TB	FALSE
GO:0017062	respiratory chain complex III assembly	14	0	0.507739179692882	0.920148908739722	0.964165942491136	Higher in TB	FALSE
GO:0034551	mitochondrial respiratory chain complex III assembly	14	0	0.507739179692882	0.920148908739722	0.964165942491136	Higher in TB	FALSE
GO:0033047	regulation of mitotic sister chromatid segregation	63	2	0.496367532847412	0.920587770978662	0.964441990251655	Lower in TB	FALSE
GO:0051258	protein polymerization	240	4	0.498142221740074	0.921100560547664	0.964795367096791	Lower in TB	FALSE
GO:1904294	positive regulation of ERAD pathway	18	0	0.493312371219971	0.921760942347765	0.965303173529145	Lower in TB	FALSE
GO:0046825	regulation of protein export from nucleus	29	1	0.494743538296814	0.921962466050096	0.965330344380771	Lower in TB	FALSE
GO:0007219	Notch signaling pathway	109	1	0.50270703225561	0.922245435041412	0.965397937722663	Higher in TB	FALSE
GO:0046471	phosphatidylglycerol metabolic process	25	0	0.505620073990671	0.922522939665009	0.965397937722663	Higher in TB	FALSE
GO:0010288	response to lead ion	16	1	0.492979635584137	0.922559986818751	0.965397937722663	Lower in TB	FALSE
GO:0046006	regulation of activated T cell proliferation	34	3	0.50480729787892	0.922729799649252	0.965397937722663	Higher in TB	FALSE
GO:0070234	positive regulation of T cell apoptotic process	10	1	0.508839601414336	0.922904976476958	0.965397937722663	Higher in TB	FALSE
GO:0030262	apoptotic nuclear changes	19	0	0.506359966486404	0.923551809584723	0.965745550751291	Higher in TB	FALSE
GO:0061640	cytoskeleton-dependent cytokinesis	120	3	0.497463982898613	0.923588596917113	0.965745550751291	Lower in TB	FALSE
GO:0010463	mesenchymal cell proliferation	12	1	0.492039041291613	0.923940349204814	0.965929652011422	Lower in TB	FALSE
GO:0007143	female meiotic nuclear division	18	0	0.506476221102655	0.924227194828488	0.966045839765594	Higher in TB	FALSE
GO:0032354	response to follicle-stimulating hormone	10	0	0.508486017357763	0.925980662807627	0.967403380625318	Higher in TB	FALSE
GO:0033572	transferrin transport	10	0	0.508469945355191	0.926120493371467	0.967403380625318	Higher in TB	FALSE
GO:0097300	programmed necrotic cell death	47	1	0.496094512901984	0.926207540464887	0.967403380625318	Lower in TB	FALSE
GO:0032890	regulation of organic acid transport	46	2	0.496053583514201	0.926229791853706	0.967403380625318	Lower in TB	FALSE
GO:1901989	positive regulation of cell cycle phase transition	89	2	0.497185721807497	0.926904891164877	0.967924613793826	Lower in TB	FALSE
GO:1902116	negative regulation of organelle assembly	46	2	0.503875236294896	0.927556860653409	0.968421500165675	Higher in TB	FALSE
GO:0055089	fatty acid homeostasis	11	0	0.492102379270876	0.927747156947031	0.968436276608083	Lower in TB	FALSE
GO:0006650	glycerophospholipid metabolic process	262	2	0.50161219848489	0.928482940456568	0.969020350537246	Higher in TB	FALSE
GO:0050847	progesterone receptor signaling pathway	10	0	0.508153862637951	0.928870952812233	0.969241316864994	Higher in TB	FALSE
GO:0030258	lipid modification	137	0	0.497801242045276	0.92923012016095	0.969432106384232	Lower in TB	FALSE
GO:0051438	regulation of ubiquitin-protein transferase activity	16	0	0.493652867095391	0.929967900983704	0.970017742289585	Lower in TB	FALSE
GO:0055007	cardiac muscle cell differentiation	64	0	0.496877014829142	0.931160879722522	0.970917385601462	Lower in TB	FALSE
GO:2001244	positive regulation of intrinsic apoptotic signaling pathway	48	5	0.496396553575263	0.931183589355494	0.970917385601462	Lower in TB	FALSE
GO:2000300	regulation of synaptic vesicle exocytosis	33	0	0.495673898237863	0.931471357195022	0.971033280595039	Lower in TB	FALSE
GO:0033674	positive regulation of kinase activity	116	2	0.502305198424495	0.931683128020799	0.971069921868882	Higher in TB	FALSE
GO:0052652	cyclic purine nucleotide metabolic process	28	0	0.504657718943433	0.932028019036126	0.971075812002733	Higher in TB	FALSE
GO:1904627	response to phorbol 13-acetate 12-myristate	10	0	0.507789563912997	0.932042026180142	0.971075812002733	Higher in TB	FALSE
GO:0016358	dendrite development	156	2	0.498063770282993	0.933522514514664	0.972222345764126	Lower in TB	FALSE
GO:0016553	base conversion or substitution editing	12	0	0.506951885983712	0.933559875495087	0.972222345764126	Higher in TB	FALSE
GO:0009268	response to pH	25	0	0.495190606401802	0.933672969376971	0.972222345764126	Lower in TB	FALSE
GO:0098900	regulation of action potential	41	0	0.503740011910449	0.933971089952545	0.972241026606618	Higher in TB	FALSE
GO:0006613	cotranslational protein targeting to membrane	26	0	0.50468962672716	0.934044580308504	0.972241026606618	Higher in TB	FALSE
GO:0050953	sensory perception of light stimulus	101	1	0.50234345641832	0.935161810194168	0.973219691926469	Higher in TB	FALSE
GO:0042552	myelination	94	1	0.497584026637538	0.935500828622872	0.973255996905589	Lower in TB	FALSE
GO:0040012	regulation of locomotion	771	24	0.499141346586738	0.935550735475816	0.973255996905589	Lower in TB	FALSE
GO:0006617	SRP-dependent cotranslational protein targeting to membrane, signal sequence recognition	12	0	0.493378518359766	0.936711810802201	0.974014197353916	Lower in TB	FALSE
GO:1902110	positive regulation of mitochondrial membrane permeability involved in apoptotic process	26	0	0.504485460919777	0.936910492369044	0.974014197353916	Higher in TB	FALSE
GO:0007141	male meiosis I	11	0	0.493130068431435	0.937131114549904	0.974014197353916	Lower in TB	FALSE
GO:0072170	metanephric tubule development	11	1	0.506792002532694	0.937843067131994	0.974014197353916	Higher in TB	FALSE
GO:0072207	metanephric epithelium development	11	1	0.506792002532694	0.937843067131994	0.974014197353916	Higher in TB	FALSE
GO:0072234	metanephric nephron tubule development	11	1	0.506792002532694	0.937843067131994	0.974014197353916	Higher in TB	FALSE
GO:0072243	metanephric nephron epithelium development	11	1	0.506792002532694	0.937843067131994	0.974014197353916	Higher in TB	FALSE
GO:0065002	intracellular protein transmembrane transport	33	0	0.503922993275565	0.937844492843554	0.974014197353916	Higher in TB	FALSE
GO:0043392	negative regulation of DNA binding	10	0	0.492880102860816	0.937873983410628	0.974014197353916	Lower in TB	FALSE
GO:0035331	negative regulation of hippo signaling	24	1	0.49548975981128	0.939044283669586	0.975045414847098	Lower in TB	FALSE
GO:0032984	protein-containing complex disassembly	228	3	0.50146333553963	0.939366981078996	0.975196310795378	Higher in TB	FALSE
GO:1902692	regulation of neuroblast proliferation	14	1	0.494193701486596	0.940053031848818	0.975516518291615	Lower in TB	FALSE
GO:0042311	vasodilation	30	1	0.49603310808395	0.94006588999923	0.975516518291615	Lower in TB	FALSE
GO:0098712	L-glutamate import across plasma membrane	10	0	0.506852030429658	0.940207717429478	0.975516518291615	Higher in TB	FALSE
GO:0016482	cytosolic transport	128	1	0.498113846506362	0.941282626097154	0.975952491837074	Lower in TB	FALSE
GO:0021772	olfactory bulb development	10	0	0.506707382406514	0.941468148611933	0.975952491837074	Higher in TB	FALSE
GO:0021988	olfactory lobe development	10	0	0.506707382406514	0.941468148611933	0.975952491837074	Higher in TB	FALSE
GO:0036500	ATF6-mediated unfolded protein response	10	0	0.493297974927676	0.941514834083256	0.975952491837074	Lower in TB	FALSE
GO:0170044	non-proteinogenic amino acid catabolic process	16	0	0.505298767416935	0.9415154632055	0.975952491837074	Higher in TB	FALSE
GO:0061734	type 2 mitophagy	15	0	0.505403426040048	0.942252107778848	0.976531967684846	Higher in TB	FALSE
GO:0009304	tRNA transcription	12	0	0.506018716959566	0.94246448411618	0.976567985991474	Higher in TB	FALSE
GO:0002732	positive regulation of dendritic cell cytokine production	11	0	0.494016511214475	0.945232402902226	0.97848120612002	Lower in TB	FALSE
GO:0070661	leukocyte proliferation	218	17	0.501349455893419	0.945301452848396	0.97848120612002	Higher in TB	FALSE
GO:0048646	anatomical structure formation involved in morphogenesis	716	25	0.500754547660226	0.945322234945307	0.97848120612002	Higher in TB	FALSE
GO:0016081	synaptic vesicle docking	10	0	0.506262723668703	0.945343711877292	0.97848120612002	Higher in TB	FALSE
GO:0046337	phosphatidylethanolamine metabolic process	25	0	0.503955820063267	0.945426986473247	0.97848120612002	Higher in TB	FALSE
GO:2000027	regulation of animal organ morphogenesis	26	0	0.496122911940606	0.945455034458336	0.97848120612002	Lower in TB	FALSE
GO:0008088	axo-dendritic transport	77	0	0.49774844758446	0.945556683906087	0.97848120612002	Lower in TB	FALSE
GO:0006817	phosphate ion transport	14	0	0.505251312828207	0.945775555826288	0.978523523886513	Higher in TB	FALSE
GO:0090150	establishment of protein localization to membrane	245	1	0.501249337019817	0.946352670163316	0.978701743805899	Higher in TB	FALSE
GO:0065008	regulation of biological quality	2096	41	0.500449215692594	0.946484446237048	0.978701743805899	Higher in TB	FALSE
GO:0010717	regulation of epithelial to mesenchymal transition	78	3	0.502191440491258	0.946667108569192	0.978701743805899	Higher in TB	FALSE
GO:0097553	calcium ion transmembrane import into cytosol	120	5	0.501763580513042	0.946822487331168	0.978701743805899	Higher in TB	FALSE
GO:0070861	regulation of protein exit from endoplasmic reticulum	23	0	0.495982695405099	0.946837863823859	0.978701743805899	Lower in TB	FALSE
GO:0031016	pancreas development	32	0	0.496607487663592	0.947056003689402	0.97874321584292	Lower in TB	FALSE
GO:0030307	positive regulation of cell growth	122	2	0.498270444974969	0.947417648710273	0.978932951063537	Lower in TB	FALSE
GO:0010811	positive regulation of cell-substrate adhesion	82	2	0.502096139064004	0.947698849815583	0.978936420216381	Higher in TB	FALSE
GO:0000966	RNA 5'-end processing	39	0	0.496968396201105	0.947777112552164	0.978936420216381	Lower in TB	FALSE
GO:0050848	regulation of calcium-mediated signaling	62	2	0.502380275685661	0.948330157106642	0.978953630511603	Higher in TB	FALSE
GO:0120180	cell-substrate junction disassembly	11	1	0.494362321311156	0.948394378558293	0.978953630511603	Lower in TB	FALSE
GO:0120181	focal adhesion disassembly	11	1	0.494362321311156	0.948394378558293	0.978953630511603	Lower in TB	FALSE
GO:0051546	keratinocyte migration	13	2	0.494825219789052	0.948506000315626	0.978953630511603	Lower in TB	FALSE
GO:0043647	inositol phosphate metabolic process	29	0	0.50342201666904	0.949154665039074	0.979439254576732	Higher in TB	FALSE
GO:0048660	regulation of smooth muscle cell proliferation	96	2	0.501866366164334	0.949629248312635	0.97974509424336	Higher in TB	FALSE
GO:0045651	positive regulation of macrophage differentiation	13	0	0.504989304217724	0.950349969286415	0.980158798742963	Higher in TB	FALSE
GO:0019722	calcium-mediated signaling	165	4	0.498595266041649	0.950386787213302	0.980158798742963	Lower in TB	FALSE
GO:2000811	negative regulation of anoikis	16	0	0.495585476956056	0.951264926667449	0.980431824696658	Lower in TB	FALSE
GO:0045860	positive regulation of protein kinase activity	109	2	0.498306406305357	0.951310277299397	0.980431824696658	Lower in TB	FALSE
GO:0007616	long-term memory	18	1	0.495846285775539	0.951364024389348	0.980431824696658	Lower in TB	FALSE
GO:0086064	cell communication by electrical coupling involved in cardiac conduction	18	0	0.495873083931825	0.951677532077487	0.980431824696658	Lower in TB	FALSE
GO:0071371	cellular response to gonadotropin stimulus	13	0	0.504832680045668	0.951907306117552	0.980431824696658	Higher in TB	FALSE
GO:0072583	clathrin-dependent endocytosis	47	0	0.497484475703062	0.952434369840056	0.980431824696658	Lower in TB	FALSE
GO:0030210	heparin proteoglycan biosynthetic process	10	0	0.494562305796636	0.952537874704167	0.980431824696658	Lower in TB	FALSE
GO:0097009	energy homeostasis	45	1	0.497434979931894	0.952539217367357	0.980431824696658	Lower in TB	FALSE
GO:2000351	regulation of endothelial cell apoptotic process	40	1	0.502716516419833	0.952604957147219	0.980431824696658	Higher in TB	FALSE
GO:0001570	vasculogenesis	40	2	0.502715174930243	0.952628340353374	0.980431824696658	Higher in TB	FALSE
GO:1902686	mitochondrial outer membrane permeabilization involved in programmed cell death	28	0	0.496772920880064	0.952880538112379	0.980431824696658	Lower in TB	FALSE
GO:1901880	negative regulation of protein depolymerization	62	1	0.502166250168968	0.952971311489745	0.980431824696658	Higher in TB	FALSE
GO:0015810	aspartate transmembrane transport	15	0	0.504385259811014	0.953123138511743	0.980431824696658	Higher in TB	FALSE
GO:0036119	response to platelet-derived growth factor	21	0	0.503694911360417	0.953270634949368	0.980431824696658	Higher in TB	FALSE
GO:2001279	regulation of unsaturated fatty acid biosynthetic process	11	1	0.505092175437742	0.953383917024867	0.980431824696658	Higher in TB	FALSE
GO:1905818	regulation of chromosome separation	78	3	0.501910186096658	0.95350472292707	0.980431824696658	Higher in TB	FALSE
GO:1904427	positive regulation of calcium ion transmembrane transport	35	1	0.497177496608858	0.95392973050089	0.980685426008581	Lower in TB	FALSE
GO:0060999	positive regulation of dendritic spine development	34	0	0.497150646547644	0.95415945450963	0.980738209178154	Lower in TB	FALSE
GO:0046823	negative regulation of nucleocytoplasmic transport	22	0	0.503508874528495	0.954578999316422	0.980899941264329	Higher in TB	FALSE
GO:0021879	forebrain neuron differentiation	29	0	0.496955228075885	0.954755007609819	0.980899941264329	Lower in TB	FALSE
GO:1902108	regulation of mitochondrial membrane permeability involved in apoptotic process	30	0	0.502987235868283	0.95485203449376	0.980899941264329	Higher in TB	FALSE
GO:0035094	response to nicotine	26	0	0.496822025159827	0.955281710807861	0.981014785775371	Lower in TB	FALSE
GO:0051928	positive regulation of calcium ion transport	62	2	0.497942062339481	0.955320691713593	0.981014785775371	Lower in TB	FALSE
GO:0061951	establishment of protein localization to plasma membrane	61	1	0.502055014684967	0.955743959630655	0.981099871497589	Higher in TB	FALSE
GO:0031269	pseudopodium assembly	13	0	0.495554758695733	0.955760442295578	0.981099871497589	Lower in TB	FALSE
GO:0007154	cell communication	4582	137	0.500268230823076	0.956428559014318	0.981602429990801	Higher in TB	FALSE
GO:0030048	actin filament-based movement	100	1	0.498431309216193	0.956788078828397	0.981655712085616	Lower in TB	FALSE
GO:0043335	protein unfolding	10	0	0.504944819457838	0.956837570219501	0.981655712085616	Higher in TB	FALSE
GO:1904752	regulation of vascular associated smooth muscle cell migration	19	0	0.503544598753678	0.957355587512172	0.982003921668269	Higher in TB	FALSE
GO:0016525	negative regulation of angiogenesis	78	6	0.498256636362884	0.957562016730189	0.982032450658941	Lower in TB	FALSE
GO:0046639	negative regulation of alpha-beta T cell differentiation	23	1	0.496821819080274	0.957933791276428	0.982094479070001	Lower in TB	FALSE
GO:0070873	regulation of glycogen metabolic process	27	0	0.497069647265368	0.95797975468396	0.982094479070001	Lower in TB	FALSE
GO:0072577	endothelial cell apoptotic process	45	1	0.497753445571598	0.958427469421491	0.982243610371629	Lower in TB	FALSE
GO:0006144	purine nucleobase metabolic process	16	0	0.496262057877814	0.95872975033986	0.982243610371629	Lower in TB	FALSE
GO:0008045	motor neuron axon guidance	11	0	0.495497162896038	0.958776448673562	0.982243610371629	Lower in TB	FALSE
GO:0170034	L-amino acid biosynthetic process	38	0	0.502420069919406	0.958839843009192	0.982243610371629	Higher in TB	FALSE
GO:2000145	regulation of cell motility	746	23	0.499453639339164	0.959607497621613	0.982846874426906	Lower in TB	FALSE
GO:0070302	regulation of stress-activated protein kinase signaling cascade	30	0	0.502651149486932	0.959928493598869	0.982992523338905	Higher in TB	FALSE
GO:0030836	positive regulation of actin filament depolymerization	12	0	0.495843156165166	0.960251498443341	0.98314017475633	Lower in TB	FALSE
GO:0090141	positive regulation of mitochondrial fission	20	0	0.503205403087479	0.960433800914219	0.983143741840696	Higher in TB	FALSE
GO:0071326	cellular response to monosaccharide stimulus	92	1	0.501487371090606	0.960690386893142	0.983223333421164	Higher in TB	FALSE
GO:0046621	negative regulation of organ growth	18	0	0.50324853205655	0.961957473602957	0.984336904870475	Higher in TB	FALSE
GO:0010827	regulation of D-glucose transmembrane transport	51	1	0.498078168180024	0.962143215531503	0.984343766094567	Lower in TB	FALSE
GO:0099068	postsynapse assembly	64	0	0.501678184773265	0.962979791824496	0.985016352642061	Higher in TB	FALSE
GO:0071731	response to nitric oxide	16	0	0.503305868167203	0.963498825825981	0.985224102819214	Higher in TB	FALSE
GO:0051204	protein insertion into mitochondrial membrane	31	0	0.502372857896695	0.96354128789722	0.985224102819214	Higher in TB	FALSE
GO:0006362	transcription elongation by RNA polymerase I	13	0	0.503604416801652	0.964126004305704	0.985638670820521	Higher in TB	FALSE
GO:0099170	postsynaptic modulation of chemical synaptic transmission	25	0	0.497433917752399	0.964588478280126	0.985928137866543	Lower in TB	FALSE
GO:0048659	smooth muscle cell proliferation	99	2	0.501271529962923	0.965143960662189	0.986312545672995	Higher in TB	FALSE
GO:0036499	PERK-mediated unfolded protein response	22	0	0.502641402770062	0.965803969632274	0.986664659012306	Higher in TB	FALSE
GO:0043217	myelin maintenance	13	1	0.503418940808428	0.965971912928157	0.986664659012306	Higher in TB	FALSE
GO:0062125	regulation of mitochondrial gene expression	28	0	0.49767880125023	0.966101952269166	0.986664659012306	Lower in TB	FALSE
GO:0030837	negative regulation of actin filament polymerization	51	1	0.501715488880116	0.966206352150283	0.986664659012306	Higher in TB	FALSE
GO:0043462	regulation of ATP-dependent activity	27	1	0.502334550755378	0.966520587028808	0.986802263228298	Higher in TB	FALSE
GO:0030833	regulation of actin filament polymerization	102	2	0.498814492955576	0.967015217961688	0.987013809401888	Lower in TB	FALSE
GO:0002357	defense response to tumor cell	11	0	0.503592041497212	0.967113984720126	0.987013809401888	Higher in TB	FALSE
GO:0090169	regulation of spindle assembly	32	0	0.502096854215833	0.967266352320366	0.987013809401888	Higher in TB	FALSE
GO:0090232	positive regulation of spindle checkpoint	20	0	0.502621140651801	0.967644318980789	0.987216267536904	Higher in TB	FALSE
GO:0048713	regulation of oligodendrocyte differentiation	20	0	0.502572898799314	0.968239809183588	0.987619656002133	Higher in TB	FALSE
GO:0002285	lymphocyte activation involved in immune response	163	10	0.500899881661668	0.968398975174154	0.987619656002133	Higher in TB	FALSE
GO:0051306	mitotic sister chromatid separation	69	2	0.501370451980438	0.968611672467894	0.987653370776796	Higher in TB	FALSE
GO:0090049	regulation of cell migration involved in sprouting angiogenesis	32	0	0.498017123471358	0.969045431764798	0.987912439058569	Lower in TB	FALSE
GO:0014032	neural crest cell development	34	1	0.501882214102249	0.969713752150579	0.988395839996164	Higher in TB	FALSE
GO:0061036	positive regulation of cartilage development	17	0	0.502646570177457	0.969879148195581	0.988395839996164	Higher in TB	FALSE
GO:1903779	regulation of cardiac conduction	15	0	0.502727613739885	0.970839708394715	0.989064934880729	Higher in TB	FALSE
GO:0016024	CDP-diacylglycerol biosynthetic process	13	0	0.502911973093616	0.971018297841137	0.989064934880729	Higher in TB	FALSE
GO:0071634	regulation of transforming growth factor beta production	26	0	0.502047844916478	0.971180457523874	0.989064934880729	Higher in TB	FALSE
GO:0071331	cellular response to hexose stimulus	90	1	0.498917345194113	0.971694534092271	0.989064934880729	Lower in TB	FALSE
GO:0061458	reproductive system development	99	1	0.501028479334987	0.971804951204826	0.989064934880729	Higher in TB	FALSE
GO:0048714	positive regulation of oligodendrocyte differentiation	12	0	0.502928989855694	0.971992933559859	0.989064934880729	Higher in TB	FALSE
GO:0010644	cell communication by electrical coupling	22	0	0.497845940914452	0.972113249964134	0.989064934880729	Lower in TB	FALSE
GO:0072527	pyrimidine-containing compound metabolic process	64	1	0.501263465774769	0.972126311476722	0.989064934880729	Higher in TB	FALSE
GO:0061437	renal system vasculature development	21	0	0.497839210731197	0.972669016683508	0.989064934880729	Lower in TB	FALSE
GO:0061440	kidney vasculature development	21	0	0.497839210731197	0.972669016683508	0.989064934880729	Lower in TB	FALSE
GO:1901343	negative regulation of vasculature development	79	6	0.501107773609872	0.972857746680844	0.989064934880729	Higher in TB	FALSE
GO:2000181	negative regulation of blood vessel morphogenesis	79	6	0.501107773609872	0.972857746680844	0.989064934880729	Higher in TB	FALSE
GO:0014823	response to activity	48	0	0.50141923448572	0.972874348460346	0.989064934880729	Higher in TB	FALSE
GO:0150117	positive regulation of cell-substrate junction organization	25	1	0.501926974424964	0.973407940586899	0.989424451349006	Higher in TB	FALSE
GO:0009081	branched-chain amino acid metabolic process	24	0	0.501936789620416	0.973812178552488	0.989569205266342	Higher in TB	FALSE
GO:0097400	interleukin-17-mediated signaling pathway	13	0	0.502619333193196	0.97393179302268	0.989569205266342	Higher in TB	FALSE
GO:0045047	protein targeting to ER	41	0	0.498533444148501	0.974090312641223	0.989569205266342	Lower in TB	FALSE
GO:0070301	cellular response to hydrogen peroxide	54	3	0.501256976018011	0.974521813957442	0.989570403026854	Higher in TB	FALSE
GO:0051590	positive regulation of neurotransmitter transport	19	0	0.502108704789792	0.974629628973668	0.989570403026854	Higher in TB	FALSE
GO:0090205	positive regulation of cholesterol metabolic process	16	0	0.502297695605573	0.974631453690508	0.989570403026854	Higher in TB	FALSE
GO:0120182	regulation of focal adhesion disassembly	10	1	0.497187399549984	0.975451302702124	0.990219952410686	Lower in TB	FALSE
GO:1990839	response to endothelin	10	1	0.497294546233794	0.976387103927905	0.990884857661428	Lower in TB	FALSE
GO:0032197	retrotransposition	33	0	0.498516788330659	0.976487748208142	0.990884857661428	Lower in TB	FALSE
GO:0071391	cellular response to estrogen stimulus	15	0	0.502184591751067	0.976646970474223	0.990884857661428	Higher in TB	FALSE
GO:0006363	termination of RNA polymerase I transcription	15	0	0.497872568458282	0.97725833857986	0.991223996084444	Lower in TB	FALSE
GO:1902775	mitochondrial large ribosomal subunit assembly	15	0	0.502116714002465	0.977372971597785	0.991223996084444	Higher in TB	FALSE
GO:0098698	postsynaptic specialization assembly	24	0	0.501653084566445	0.977649349407625	0.991223996084444	Higher in TB	FALSE
GO:1905039	carboxylic acid transmembrane transport	108	2	0.499227065281568	0.977873201201003	0.991223996084444	Lower in TB	FALSE
GO:0051262	protein tetramerization	83	3	0.499137193100914	0.978333537208655	0.991223996084444	Lower in TB	FALSE
GO:0072012	glomerulus vasculature development	19	0	0.501798393717047	0.978364565591644	0.991223996084444	Higher in TB	FALSE
GO:0006222	UMP biosynthetic process	10	0	0.497524911603986	0.978399184950838	0.991223996084444	Lower in TB	FALSE
GO:0007338	single fertilization	66	1	0.499036848875645	0.978423540696667	0.991223996084444	Lower in TB	FALSE
GO:0002042	cell migration involved in sprouting angiogenesis	48	0	0.498884967074655	0.978689234549597	0.991310503233914	Lower in TB	FALSE
GO:0031116	positive regulation of microtubule polymerization	27	1	0.498535320134333	0.978996832726643	0.991439415422929	Lower in TB	FALSE
GO:0008285	negative regulation of cell population proliferation	453	16	0.500344699388336	0.979975819087235	0.992248076121845	Higher in TB	FALSE
GO:0051338	regulation of transferase activity	257	3	0.500449438629498	0.980230277006463	0.992322972377376	Higher in TB	FALSE
GO:0046628	positive regulation of insulin receptor signaling pathway	19	0	0.5016122070734	0.980605760501075	0.992494269342064	Higher in TB	FALSE
GO:1903377	negative regulation of oxidative stress-induced neuron intrinsic apoptotic signaling pathway	14	1	0.498147496057688	0.980871149050228	0.992494269342064	Lower in TB	FALSE
GO:0048488	synaptic vesicle endocytosis	66	0	0.499149202937489	0.98094104394412	0.992494269342064	Lower in TB	FALSE
GO:0044342	type B pancreatic cell proliferation	12	0	0.501942241748821	0.981433300003608	0.99276107542054	Higher in TB	FALSE
GO:1904044	response to aldosterone	13	0	0.49814730091213	0.981565879590042	0.99276107542054	Lower in TB	FALSE
GO:0002262	myeloid cell homeostasis	120	6	0.500585165624776	0.982348296609764	0.993369677167644	Higher in TB	FALSE
GO:0008156	negative regulation of DNA replication	25	0	0.501264275373975	0.982556374503805	0.993397379003663	Higher in TB	FALSE
GO:0044794	host-mediated activation of viral process	37	0	0.498972656867394	0.982758922060527	0.993419480325203	Lower in TB	FALSE
GO:0034309	primary alcohol biosynthetic process	12	0	0.501718995570796	0.983569537598324	0.993933174113777	Higher in TB	FALSE
GO:0051153	regulation of striated muscle cell differentiation	50	1	0.500832170084828	0.983769802966131	0.993933174113777	Higher in TB	FALSE
GO:0051304	chromosome separation	84	3	0.500640956683878	0.983809445894357	0.993933174113777	Higher in TB	FALSE
GO:0006206	pyrimidine nucleobase metabolic process	15	1	0.501455799081864	0.984442818169722	0.994276438556309	Higher in TB	FALSE
GO:0030324	lung development	44	2	0.499159559311449	0.984622062070341	0.994276438556309	Lower in TB	FALSE
GO:0042102	positive regulation of T cell proliferation	71	6	0.499341007074427	0.984691743895799	0.994276438556309	Lower in TB	FALSE
GO:0036314	response to sterol	26	1	0.498937925345432	0.985057921114219	0.994463542101722	Lower in TB	FALSE
GO:0046519	sphingoid metabolic process	22	0	0.501116017037535	0.985557340298599	0.994704153016258	Higher in TB	FALSE
GO:0030007	intracellular potassium ion homeostasis	16	0	0.501286173633441	0.98580603356694	0.994704153016258	Higher in TB	FALSE
GO:0030334	regulation of cell migration	708	22	0.499803637099979	0.985839019604509	0.994704153016258	Lower in TB	FALSE
GO:0050926	regulation of positive chemotaxis	15	1	0.498783559294786	0.987003579622025	0.995513792104548	Lower in TB	FALSE
GO:0050927	positive regulation of positive chemotaxis	15	1	0.498783559294786	0.987003579622025	0.995513792104548	Lower in TB	FALSE
GO:0099022	vesicle tethering	31	0	0.499173868286058	0.987311357640463	0.995563361567147	Lower in TB	FALSE
GO:0032355	response to estradiol	74	0	0.49948494349634	0.987787506621307	0.995563361567147	Lower in TB	FALSE
GO:0036315	cellular response to sterol	18	1	0.501042150522266	0.987803405253467	0.995563361567147	Higher in TB	FALSE
GO:0030497	fatty acid elongation	13	0	0.498802649421521	0.988093157784527	0.995563361567147	Lower in TB	FALSE
GO:2000048	negative regulation of cell-cell adhesion mediated by cadherin	10	0	0.501360762884389	0.988133751266765	0.995563361567147	Higher in TB	FALSE
GO:0015740	C4-dicarboxylate transport	21	0	0.499115518627714	0.988820259103719	0.995563361567147	Lower in TB	FALSE
GO:0061684	chaperone-mediated autophagy	15	2	0.501012807459407	0.989182244319827	0.995563361567147	Higher in TB	FALSE
GO:0006614	SRP-dependent cotranslational protein targeting to membrane	21	0	0.499158913096195	0.989369519388744	0.995563361567147	Lower in TB	FALSE
GO:0032401	establishment of melanosome localization	17	0	0.50092842753694	0.989442936347876	0.995563361567147	Higher in TB	FALSE
GO:0032402	melanosome transport	17	0	0.50092842753694	0.989442936347876	0.995563361567147	Higher in TB	FALSE
GO:0051904	pigment granule transport	17	0	0.50092842753694	0.989442936347876	0.995563361567147	Higher in TB	FALSE
GO:0051905	establishment of pigment granule localization	17	0	0.50092842753694	0.989442936347876	0.995563361567147	Higher in TB	FALSE
GO:0043001	Golgi to plasma membrane protein transport	40	1	0.499407061601202	0.989658362133702	0.995563361567147	Lower in TB	FALSE
GO:0015846	polyamine transport	14	0	0.49900485325413	0.989732625798837	0.995563361567147	Lower in TB	FALSE
GO:1903540	establishment of protein localization to postsynaptic membrane	14	0	0.500991319258386	0.989772189616653	0.995563361567147	Higher in TB	FALSE
GO:0043242	negative regulation of protein-containing complex disassembly	71	1	0.500426585311385	0.990093269487562	0.995563361567147	Higher in TB	FALSE
GO:0098815	modulation of excitatory postsynaptic potential	34	0	0.49938626883003	0.990131040569145	0.995563361567147	Lower in TB	FALSE
GO:0008212	mineralocorticoid metabolic process	10	0	0.501050037501339	0.990848574812609	0.996048107632387	Higher in TB	FALSE
GO:0042451	purine nucleoside biosynthetic process	10	0	0.498992821172185	0.991223042257187	0.996048107632387	Lower in TB	FALSE
GO:0046129	purine ribonucleoside biosynthetic process	10	0	0.498992821172185	0.991223042257187	0.996048107632387	Lower in TB	FALSE
GO:0046635	positive regulation of alpha-beta T cell activation	52	2	0.499564251255617	0.991337803740346	0.996048107632387	Lower in TB	FALSE
GO:0007158	neuron cell-cell adhesion	11	0	0.500879136935928	0.991965997701429	0.99649717803078	Higher in TB	FALSE
GO:0032196	transposition	35	0	0.500465180439431	0.992413445464382	0.99676454570025	Higher in TB	FALSE
GO:0002065	columnar/cuboidal epithelial cell differentiation	29	0	0.499505328582022	0.992656911350295	0.996826976913958	Lower in TB	FALSE
GO:0007157	heterophilic cell-cell adhesion	30	3	0.500466588008152	0.992955896253255	0.996945127392329	Higher in TB	FALSE
GO:0150115	cell-substrate junction organization	86	1	0.500237687178653	0.993929900703593	0.997697444944896	Higher in TB	FALSE
GO:0015800	acidic amino acid transport	47	0	0.499689913804032	0.994142681839949	0.997697444944896	Lower in TB	FALSE
GO:0051014	actin filament severing	16	0	0.500515809217578	0.994318460587663	0.997697444944896	Higher in TB	FALSE
GO:0023052	signaling	4574	137	0.500034293218928	0.994431065532563	0.997697444944896	Higher in TB	FALSE
GO:0055075	potassium ion homeostasis	23	0	0.499630552493013	0.995121422114006	0.998156401881619	Lower in TB	FALSE
GO:0009057	macromolecule catabolic process	1350	21	0.500048567556359	0.995251617881964	0.998156401881619	Higher in TB	FALSE
GO:0072595	maintenance of protein localization in organelle	33	2	0.500243002898155	0.99615809301967	0.998726103004375	Higher in TB	FALSE
GO:0006998	nuclear envelope organization	55	1	0.499813016584404	0.996182966328846	0.998726103004375	Lower in TB	FALSE
GO:0045926	negative regulation of growth	141	2	0.500108095284558	0.996472078063356	0.998833816808083	Higher in TB	FALSE
GO:0008631	intrinsic apoptotic signaling pathway in response to oxidative stress	50	2	0.499833565983034	0.99676212845301	0.998867796851173	Lower in TB	FALSE
GO:0070231	T cell apoptotic process	30	1	0.499796202938968	0.99693084764026	0.998867796851173	Lower in TB	FALSE
GO:0000712	resolution of meiotic recombination intermediates	12	0	0.500308079725675	0.997072656162878	0.998867796851173	Higher in TB	FALSE
GO:0071578	zinc ion import across plasma membrane	11	0	0.499695589703626	0.997232691327045	0.998867796851173	Lower in TB	FALSE
GO:0046777	protein autophosphorylation	98	1	0.500076895867616	0.997909075658328	0.99936322367386	Higher in TB	FALSE
GO:0010818	T cell chemotaxis	21	3	0.50013911756072	0.998255129240861	0.999527718187262	Higher in TB	FALSE
GO:0055013	cardiac muscle cell development	41	0	0.500075258332406	0.998681150751765	0.999772208090532	Higher in TB	FALSE
GO:0044319	wound healing, spreading of cells	32	2	0.499946363441322	0.999175210610618	0.999786757016649	Lower in TB	FALSE
GO:0090505	epiboly involved in wound healing	32	2	0.499946363441322	0.999175210610618	0.999786757016649	Lower in TB	FALSE
GO:0090069	regulation of ribosome biogenesis	11	0	0.499914765117015	0.999241220408601	0.999786757016649	Lower in TB	FALSE
GO:0001767	establishment of lymphocyte polarity	11	0	0.499973211893919	0.999776829501213	0.999955365899684	Lower in TB	FALSE
GO:0098773	skin epidermis development	44	2	0.499992681213162	0.99987714757404	0.999955365899684	Lower in TB	FALSE
GO:0030325	adrenal gland development	11	0	0.500007305847113	0.999955365899684	0.999955365899684	Higher in TB	FALSE
